match_id,Date,Home_Team,Away_Team,U_forecast_w,U_forecast_d,U_forecast_l,U_Home_roster_total_goals,U_Home_roster_total_assists,U_Home_roster_total_shots,U_Home_roster_total_key_passes,U_Home_roster_total_xG,U_Home_roster_total_xA,U_Home_roster_total_yellow_card,U_Home_roster_total_red_card,U_Home_shots_DirectFreekick,U_Home_shots_FromCorner,U_Home_shots_OpenPlay,U_Home_shots_Penalty,U_Home_shots_SetPiece,U_Away_roster_total_goals,U_Away_roster_total_assists,U_Away_roster_total_shots,U_Away_roster_total_key_passes,U_Away_roster_total_xG,U_Away_roster_total_xA,U_Away_roster_total_yellow_card,U_Away_roster_total_red_card,U_Away_shots_DirectFreekick,U_Away_shots_FromCorner,U_Away_shots_OpenPlay,U_Away_shots_Penalty,U_Away_shots_SetPiece
81,2015-08-08,Manchester United,Tottenham Hotspur,0.2859,0.3905,0.3236,0,0,9,5,0.6275387704372405,0.2849787548184394,2,0,2.0,0.0,6.0,0.0,1.0,0,0,9,7,0.6757232770323753,0.5863653812557458,3,0,0.0,2.0,6.0,0.0,2.0
82,2015-08-08,Bournemouth,Aston Villa,0.3435,0.3607,0.2958,0,0,11,9,0.876105513423681,0.4199746074154971,3,0,0.0,0.0,9.0,0.0,2.0,1,1,7,4,0.7862298190593717,0.5606952011585236,4,0,1.0,1.0,5.0,0.0,0.0
83,2015-08-08,Everton,Watford,0.2988,0.4337,0.2675,2,2,10,8,0.6042255880311129,0.5491390004754064,1,0,0.0,2.0,8.0,0.0,0.0,2,1,11,8,0.5584564059972761,0.4183850949630138,2,0,0.0,0.0,11.0,0.0,0.0
84,2015-08-08,Leicester City,Sunderland,0.6422,0.2057,0.1521,4,2,19,18,2.568030048161745,1.7275427877902985,2,0,0.0,2.0,14.0,1.0,2.0,2,2,11,9,1.460834289900958,1.2888862015679476,4,0,0.0,3.0,8.0,0.0,0.0
85,2015-08-08,Norwich City,Crystal Palace,0.1461,0.2159,0.638,1,1,17,12,1.130754495039582,0.4166377987712619,1,0,1.0,1.0,14.0,0.0,1.0,3,3,11,10,2.1097500715404744,2.050685163587332,0,0,0.0,1.0,10.0,0.0,0.0
86,2015-08-08,Chelsea,Swansea City,0.0304,0.0924,0.8772,1,0,11,8,0.6511875018477438,0.4236161001026628,1,1,1.0,0.0,9.0,0.0,1.0,2,0,17,12,3.1203898116946216,1.1860179062932728,3,0,1.0,4.0,12.0,1.0,0.0
87,2015-08-09,Newcastle United,Southampton,0.4386,0.3165,0.2449,2,1,9,8,1.5461357031017535,0.5705249048769471,2,0,0.0,4.0,4.0,0.0,1.0,2,2,14,12,1.25290011242032,1.1367864785715938,4,0,0.0,1.0,12.0,0.0,1.0
88,2015-08-09,Arsenal,West Ham United,0.5751,0.2826,0.1423,0,0,22,17,1.3341025095432992,1.112353904172778,1,0,1.0,2.0,18.0,0.0,1.0,2,1,8,7,0.5359611939638851,0.5144913867115972,3,0,0.0,1.0,6.0,0.0,1.0
89,2015-08-09,Stoke City,Liverpool,0.2482,0.5454,0.2064,0,0,7,4,0.388441704213619,0.1360288001596927,2,0,0.0,0.0,7.0,0.0,0.0,1,1,8,5,0.3298733960837124,0.278121095150709,4,0,0.0,1.0,6.0,0.0,1.0
90,2015-08-10,West Bromwich Albion,Manchester City,0.0615,0.1698,0.7687,0,0,9,6,0.4352381005883215,0.3343567019328472,4,0,2.0,1.0,6.0,0.0,0.0,3,3,20,15,1.9825525861233468,1.241608606651425,1,0,2.0,1.0,17.0,0.0,0.0
91,2015-08-14,Aston Villa,Manchester United,0.1056,0.4653,0.4291,0,0,5,4,0.2191182002425192,0.1875009983777999,2,0,0.0,2.0,3.0,0.0,0.0,1,1,9,8,0.6604038812220097,0.6279154941439626,2,0,1.0,1.0,6.0,0.0,1.0
92,2015-08-15,Southampton,Everton,0.2536,0.2845,0.4619,0,0,17,13,1.0642455983906982,0.8129047080874439,4,0,0.0,4.0,13.0,0.0,0.0,3,3,10,7,1.5011172210797668,1.106224494986236,2,0,1.0,2.0,7.0,0.0,0.0
93,2015-08-15,Sunderland,Norwich City,0.051,0.1845,0.7645,1,0,6,4,0.3291282998397944,0.2425534017384052,1,0,0.0,1.0,4.0,0.0,1.0,3,2,18,12,1.7309304103255267,0.8312246873974798,2,0,2.0,2.0,14.0,0.0,0.0
94,2015-08-15,Swansea City,Newcastle United,0.9165,0.0772,0.0063,2,2,19,18,1.9742356464266773,1.9550301842391489,2,0,0.0,3.0,15.0,0.0,1.0,0,0,4,2,0.1131085008382796,0.0514463987201451,1,1,1.0,0.0,3.0,0.0,0.0
95,2015-08-15,Tottenham Hotspur,Stoke City,0.1614,0.1925,0.6461,2,2,13,9,1.7073743045330043,1.4342842120677228,2,0,1.0,1.0,11.0,0.0,0.0,2,1,15,11,2.8125162962824106,1.8952296040952203,2,0,1.0,1.0,12.0,1.0,0.0
96,2015-08-15,Watford,West Bromwich Albion,0.3286,0.3819,0.2895,0,0,16,15,0.7608471922576425,0.6929297000169752,1,0,1.0,0.0,15.0,0.0,0.0,0,0,6,5,0.6840359978377817,0.6401648940518496,2,0,1.0,3.0,2.0,0.0,0.0
97,2015-08-15,West Ham United,Leicester City,0.0482,0.171,0.7808,1,1,10,8,0.5134906992316243,0.4207795020192858,1,1,0.0,1.0,8.0,0.0,1.0,2,1,10,7,2.0835983734577894,1.071820395067334,3,0,1.0,2.0,7.0,0.0,0.0
98,2015-08-16,Crystal Palace,Arsenal,0.1303,0.2113,0.6584,1,1,11,7,0.9917704984545704,0.7347533050924538,1,0,0.0,3.0,8.0,0.0,1.0,1,1,20,17,2.284593547694385,1.6320341341197488,1,0,0.0,0.0,19.0,0.0,1.0
99,2015-08-16,Manchester City,Chelsea,0.8142,0.1391,0.0467,3,3,18,17,2.196428535506129,2.1634284555912013,4,0,0.0,1.0,16.0,0.0,1.0,0,0,10,7,0.4867484979331489,0.3866461925208566,2,0,0.0,0.0,8.0,0.0,2.0
100,2015-08-17,Liverpool,Bournemouth,0.8133,0.1411,0.0456,1,1,18,11,2.195561045780778,1.4996389895677564,1,0,1.0,2.0,13.0,0.0,2.0,0,0,13,13,0.4608045984059568,0.4608051963150498,4,0,0.0,3.0,10.0,0.0,0.0
101,2015-08-22,Manchester United,Newcastle United,0.5889,0.292,0.1191,0,0,20,15,1.2654911186546085,0.6726792939007278,2,0,2.0,1.0,17.0,0.0,0.0,0,0,7,6,0.4384013116359709,0.4102226998656987,2,0,0.0,2.0,4.0,0.0,1.0
102,2015-08-22,Norwich City,Stoke City,0.9013,0.074,0.0247,1,1,20,14,3.1488750865682955,2.020585392601788,4,0,1.0,3.0,13.0,0.0,3.0,1,1,6,5,0.6982276029884814,0.6270109098404645,1,0,0.0,0.0,4.0,0.0,2.0
103,2015-08-22,Sunderland,Swansea City,0.1219,0.2431,0.635,1,1,10,7,0.5710461959242817,0.3806974925100802,4,0,2.0,1.0,4.0,0.0,3.0,1,1,20,19,1.5689202547073364,1.4928570035845037,2,0,0.0,1.0,17.0,0.0,2.0
104,2015-08-22,Crystal Palace,Aston Villa,0.4747,0.3079,0.2174,2,2,16,14,1.238067794591188,1.089530408382415,3,0,1.0,1.0,13.0,0.0,2.0,0,0,11,9,0.7652782965451476,0.720893396064639,3,0,0.0,1.0,8.0,0.0,2.0
105,2015-08-22,Leicester City,Tottenham Hotspur,0.1213,0.2191,0.6596,1,1,13,9,0.837880106642842,0.6317207999527454,1,0,1.0,2.0,9.0,0.0,1.0,1,1,19,16,1.894370900467038,1.732643738389015,4,0,0.0,4.0,15.0,0.0,0.0
106,2015-08-22,West Ham United,Bournemouth,0.1041,0.1757,0.7202,3,1,10,7,1.5224506938830016,0.418233894743025,0,1,0.0,2.0,7.0,1.0,0.0,4,2,15,11,2.8553975820541377,1.5571446344256397,1,0,0.0,1.0,13.0,1.0,0.0
107,2015-08-23,West Bromwich Albion,Chelsea,0.2216,0.2612,0.5172,2,2,15,12,1.4262172058224674,0.4745290046557781,2,0,1.0,4.0,8.0,1.0,1.0,3,2,15,13,2.0695115327835083,1.3468073606491089,1,1,1.0,0.0,13.0,0.0,1.0
108,2015-08-23,Everton,Manchester City,0.1063,0.2405,0.6532,0,0,10,8,0.5793375056236979,0.3765326049178836,0,0,2.0,1.0,7.0,0.0,0.0,2,2,16,13,1.5871854871511455,0.9708587955683468,3,0,0.0,2.0,14.0,0.0,0.0
109,2015-08-23,Watford,Southampton,0.5229,0.3118,0.1653,0,0,13,10,1.2736469693481918,0.456527981907129,0,0,0.0,3.0,9.0,0.0,1.0,0,0,14,12,0.6835897006094452,0.6607155958190556,2,0,0.0,2.0,10.0,0.0,2.0
110,2015-08-24,Arsenal,Liverpool,0.5114,0.2628,0.2258,0,0,19,15,1.8416087226942175,1.7258486114442346,1,0,0.0,3.0,15.0,0.0,1.0,0,0,15,12,1.2920612916350362,1.1796624120324848,4,0,0.0,3.0,12.0,0.0,0.0
111,2015-08-29,Newcastle United,Arsenal,0.002,0.0632,0.9348,0,0,1,1,0.0319693982601165,0.0319693982601165,6,1,0.0,0.0,2.0,0.0,0.0,0,0,22,16,2.360024567693472,1.594287700951099,1,0,2.0,3.0,17.0,0.0,0.0
112,2015-08-29,Stoke City,West Bromwich Albion,0.4729,0.3248,0.2023,0,0,13,8,1.2184889148920772,0.2173410020768641,1,2,2.0,2.0,8.0,0.0,1.0,1,1,15,10,0.8811939852312205,0.6040474027395247,4,0,0.0,0.0,13.0,0.0,2.0
113,2015-08-29,Aston Villa,Sunderland,0.8747,0.1005,0.0248,2,1,21,18,2.274055616930127,1.3854963108897207,2,0,0.0,1.0,18.0,1.0,1.0,2,1,7,6,0.3688475042581556,0.281565599143505,1,0,1.0,2.0,4.0,0.0,0.0
114,2015-08-29,Bournemouth,Leicester City,0.0747,0.3278,0.5975,1,0,5,2,0.3283821009099483,0.0386248007416725,2,0,1.0,0.0,3.0,0.0,1.0,1,0,4,3,0.9190969839692116,0.157928206026554,4,0,0.0,0.0,3.0,1.0,0.0
115,2015-08-29,Chelsea,Crystal Palace,0.1779,0.217,0.6051,1,1,26,19,1.2867486011236902,0.8835851904004809,1,0,0.0,3.0,19.0,0.0,4.0,2,1,13,10,2.215868256986141,1.656935965642333,1,0,0.0,1.0,12.0,0.0,0.0
116,2015-08-29,Liverpool,West Ham United,0.1978,0.3352,0.467,0,0,13,12,0.5617364011704918,0.5492894933558998,3,1,0.0,2.0,11.0,0.0,0.0,3,1,12,6,0.9761225059628484,0.6728599965572357,2,1,0.0,2.0,9.0,0.0,1.0
117,2015-08-29,Manchester City,Watford,0.7074,0.2257,0.0669,2,2,18,15,1.528952024877071,1.3574130982160566,1,0,3.0,1.0,13.0,0.0,1.0,0,0,7,4,0.3731136461719869,0.1164296418428419,2,0,1.0,2.0,4.0,0.0,0.0
118,2015-08-29,Tottenham Hotspur,Everton,0.7143,0.1943,0.0914,0,0,20,18,1.9991701021790504,1.8538742288947103,4,0,0.0,1.0,19.0,0.0,0.0,0,0,8,6,0.6946916058659552,0.5922791119664906,1,0,1.0,0.0,6.0,0.0,1.0
119,2015-08-30,Southampton,Norwich City,0.9129,0.0777,0.0094,3,2,23,18,3.2902922369539733,2.0793407894670963,0,0,2.0,4.0,17.0,0.0,0.0,0,0,6,5,0.6402470953762528,0.582291696220636,0,1,0.0,1.0,5.0,0.0,0.0
120,2015-08-30,Swansea City,Manchester United,0.2526,0.3113,0.4361,2,2,9,7,0.9711844027042388,0.9294199794530866,2,0,1.0,0.0,7.0,0.0,1.0,1,1,11,10,1.280893199145794,1.2330987975001335,2,0,1.0,0.0,10.0,0.0,0.0
121,2015-09-12,Everton,Chelsea,0.5186,0.2999,0.1815,3,3,14,11,1.1802562866359947,1.0918782986700533,2,0,1.0,2.0,11.0,0.0,0.0,1,1,15,13,0.6577790938317772,0.5839570974931119,2,0,0.0,4.0,11.0,0.0,0.0
122,2015-09-12,Arsenal,Stoke City,0.9918,0.0075,0.0007,2,2,29,24,4.655998026952148,3.3897647745907307,1,0,1.0,5.0,21.0,0.0,2.0,0,0,8,6,0.1938229957595464,0.1213597897440193,1,0,0.0,0.0,8.0,0.0,0.0
123,2015-09-12,Crystal Palace,Manchester City,0.0179,0.0647,0.9174,0,0,10,7,0.743480047676712,0.6977160945534704,2,0,0.0,0.0,9.0,0.0,1.0,1,0,21,17,3.1670991526916623,1.7224150151014326,3,0,0.0,3.0,17.0,0.0,1.0
124,2015-09-12,Watford,Swansea City,0.684,0.2293,0.0867,1,1,17,11,1.6236344687640665,1.3304921016097064,1,1,0.0,0.0,14.0,0.0,3.0,0,0,8,7,0.5030073896050451,0.4932212941348551,1,0,0.0,0.0,8.0,0.0,0.0
125,2015-09-12,West Bromwich Albion,Southampton,0.1387,0.3427,0.5186,0,0,8,7,0.4091429002583024,0.3586549013853071,1,0,0.0,2.0,6.0,0.0,0.0,0,0,15,14,1.0086594093590973,0.9645455013960598,0,0,0.0,2.0,13.0,0.0,0.0
126,2015-09-12,Norwich City,Bournemouth,0.6567,0.2549,0.0884,3,2,12,9,1.3328881245106454,1.2052885200828312,2,0,0.0,3.0,9.0,0.0,0.0,1,1,7,7,0.3894952069967983,0.3894946034997699,3,0,0.0,1.0,4.0,0.0,2.0
127,2015-09-12,Manchester United,Liverpool,0.4919,0.318,0.1901,3,2,9,6,1.4620634121820328,0.6078365938737988,1,0,1.0,0.0,5.0,1.0,2.0,1,0,8,6,1.0257161110639572,0.9117753189057112,2,0,1.0,3.0,4.0,0.0,0.0
128,2015-09-13,Sunderland,Tottenham Hotspur,0.2401,0.2976,0.4623,0,0,12,10,1.040695804171264,0.9808865999802944,2,0,0.0,0.0,12.0,0.0,0.0,1,1,15,13,1.456152576953173,1.3768168985843658,1,0,0.0,2.0,13.0,0.0,0.0
129,2015-09-13,Leicester City,Aston Villa,0.455,0.3004,0.2446,3,3,21,17,1.3505249693989752,1.1781277302652595,2,0,1.0,1.0,18.0,0.0,1.0,2,2,11,10,0.9531800886616107,0.8944224957376716,1,0,0.0,4.0,6.0,0.0,1.0
130,2015-09-14,West Ham United,Newcastle United,0.6555,0.233,0.1115,2,1,17,13,1.9405045248568051,1.2074752096086736,0,0,1.0,2.0,13.0,0.0,1.0,0,0,14,8,0.7177251079119739,0.5544006144627928,2,0,0.0,3.0,11.0,0.0,0.0
131,2015-09-19,Chelsea,Arsenal,0.7235,0.1909,0.0856,1,1,22,20,2.0686996150761843,1.9281443953514092,3,0,1.0,0.0,20.0,0.0,1.0,0,0,9,5,0.7753120139241219,0.1864452958106993,2,2,1.0,1.0,8.0,0.0,0.0
132,2015-09-19,Newcastle United,Watford,0.2928,0.3012,0.406,1,1,15,12,1.151138264685869,1.0137034989893434,1,0,0.0,2.0,13.0,0.0,0.0,2,2,13,12,1.3396078813821073,1.31865587644279,2,0,0.0,2.0,11.0,0.0,0.0
133,2015-09-19,Aston Villa,West Bromwich Albion,0.3959,0.3707,0.2334,0,0,13,7,0.8767183851450677,0.5633507156744597,2,0,3.0,0.0,9.0,0.0,1.0,1,1,11,11,0.6350824944674966,0.6350830029696223,3,0,0.0,1.0,10.0,0.0,0.0
134,2015-09-19,Bournemouth,Sunderland,0.2375,0.3629,0.3996,2,1,15,13,0.6443349020555611,0.4427599944174286,2,0,3.0,3.0,7.0,0.0,2.0,0,0,9,5,0.8557487810030576,0.4539635768160222,4,1,2.0,0.0,6.0,0.0,1.0
135,2015-09-19,Stoke City,Leicester City,0.3009,0.3324,0.3667,2,1,11,8,1.1471706908196209,0.6856708023697136,1,0,1.0,0.0,8.0,0.0,2.0,2,1,12,10,1.225820275954902,0.4337974023073909,4,0,0.0,2.0,9.0,1.0,0.0
136,2015-09-19,Swansea City,Everton,0.1553,0.2346,0.6101,0,0,12,10,0.8648674134165046,0.4883931018412111,2,0,1.0,1.0,9.0,0.0,1.0,0,0,17,14,1.7891209889203306,1.3233898952603338,2,1,1.0,2.0,12.0,0.0,2.0
137,2015-09-19,Manchester City,West Ham United,0.8408,0.1177,0.0415,1,1,27,22,3.2294710371643305,1.9617394916713236,1,0,0.0,5.0,21.0,0.0,1.0,2,2,6,5,0.9952725749462842,0.98379048705101,2,0,0.0,2.0,4.0,0.0,0.0
138,2015-09-20,Tottenham Hotspur,Crystal Palace,0.4732,0.3412,0.1856,1,1,21,17,1.0157281896099444,0.8023408986628053,1,0,3.0,2.0,16.0,0.0,0.0,0,0,12,9,0.5461339009925719,0.3110296977683898,2,0,1.0,3.0,8.0,0.0,0.0
139,2015-09-20,Southampton,Manchester United,0.4195,0.2506,0.3299,2,1,15,12,2.037916673347354,1.5128630958497522,2,0,0.0,4.0,10.0,0.0,1.0,3,0,10,4,1.688402235507965,0.5087952092289924,0,0,2.0,1.0,7.0,0.0,0.0
140,2015-09-20,Liverpool,Norwich City,0.7195,0.1996,0.0809,1,1,23,20,1.9058716110885137,1.8590715602040289,1,0,0.0,2.0,21.0,0.0,0.0,1,0,7,6,0.5562704792246219,0.4630746860057114,2,0,0.0,1.0,6.0,0.0,0.0
141,2015-09-26,Tottenham Hotspur,Manchester City,0.5584,0.2208,0.2208,4,2,15,10,2.3395589906722303,1.883138671517372,5,0,1.0,1.0,11.0,0.0,2.0,1,1,22,14,1.5825718333944674,1.219355092383921,1,0,2.0,3.0,16.0,0.0,1.0
142,2015-09-26,Southampton,Swansea City,0.3655,0.3128,0.3217,2,1,17,10,1.561509698629379,1.2020920794457195,3,0,1.0,3.0,12.0,0.0,1.0,1,0,11,7,1.4255179297178984,0.2411310998722906,1,0,1.0,0.0,10.0,1.0,0.0
143,2015-09-26,Stoke City,Bournemouth,0.6734,0.2181,0.1085,2,2,8,6,1.9448336306959388,1.9182816967368128,1,0,0.0,0.0,5.0,0.0,3.0,1,0,12,10,0.8784731999039648,0.6649432368576522,0,0,2.0,0.0,8.0,0.0,2.0
144,2015-09-26,Leicester City,Arsenal,0.0518,0.0888,0.8594,2,2,16,14,1.3851649491116402,1.29311188776046,1,0,0.0,3.0,13.0,0.0,0.0,5,4,27,23,3.91082401573658,2.972216002643108,1,0,0.0,1.0,26.0,0.0,0.0
145,2015-09-26,Liverpool,Aston Villa,0.5951,0.2444,0.1605,3,3,21,15,1.7901998944580553,1.3663182221353052,0,0,2.0,1.0,17.0,0.0,1.0,2,2,10,7,0.8920543175190685,0.7927378751337526,0,0,0.0,1.0,8.0,0.0,1.0
146,2015-09-26,Manchester United,Sunderland,0.8918,0.0905,0.0177,3,2,12,8,2.8970977403223515,2.189511187374592,0,0,2.0,0.0,9.0,0.0,1.0,0,0,9,9,0.896498988382518,0.8964991951361297,3,0,0.0,0.0,6.0,0.0,3.0
147,2015-09-26,West Ham United,Norwich City,0.6699,0.1845,0.1456,2,2,19,16,2.668652434833348,2.4384429370984435,0,0,1.0,2.0,13.0,0.0,3.0,2,1,16,12,1.386030673980713,0.9743931982666252,0,0,1.0,2.0,13.0,0.0,0.0
148,2015-09-26,Newcastle United,Chelsea,0.1859,0.291,0.5231,2,2,11,10,0.7021091813221572,0.6406900789588689,1,0,0.0,1.0,10.0,0.0,0.0,2,1,16,11,1.305924393236637,1.1352176852524278,2,0,2.0,1.0,12.0,0.0,1.0
149,2015-09-27,Watford,Crystal Palace,0.0569,0.1435,0.7996,0,0,15,10,0.687431185506284,0.4840875938534736,4,0,2.0,1.0,8.0,0.0,4.0,1,0,16,8,2.3365480229258537,1.2710963329300282,4,0,3.0,2.0,8.0,1.0,2.0
150,2015-09-28,West Bromwich Albion,Everton,0.1438,0.2157,0.6405,2,2,9,7,1.2775716381147502,1.176982616074383,0,0,0.0,2.0,7.0,0.0,0.0,3,3,12,9,2.301592144183814,2.202361945062876,3,0,1.0,2.0,9.0,0.0,0.0
151,2015-10-03,Crystal Palace,West Bromwich Albion,0.8739,0.1063,0.0198,2,1,21,12,1.992581808939576,1.0055582802742715,3,0,0.0,4.0,12.0,1.0,4.0,0,0,7,4,0.2555277980864047,0.1237670984119174,3,0,0.0,0.0,5.0,0.0,2.0
152,2015-10-03,Aston Villa,Stoke City,0.2754,0.3399,0.3847,0,0,13,8,0.847075397148728,0.6221478022634982,1,0,2.0,0.0,8.0,0.0,3.0,1,1,12,12,1.034995161928236,1.0349956592544909,0,0,0.0,2.0,9.0,0.0,1.0
153,2015-10-03,Bournemouth,Watford,0.5344,0.2944,0.1712,1,1,12,10,1.5026720231398936,0.7208481095731256,1,0,0.0,1.0,9.0,1.0,1.0,1,0,11,6,0.9132906869053836,0.4872467890381811,1,0,1.0,1.0,7.0,0.0,2.0
154,2015-10-03,Manchester City,Newcastle United,0.8752,0.0868,0.038,6,6,23,15,3.498590942472219,2.973386988043785,3,0,1.0,2.0,17.0,0.0,3.0,1,1,6,6,0.9802797809243204,0.9802800267934798,2,0,0.0,0.0,6.0,0.0,0.0
155,2015-10-03,Norwich City,Leicester City,0.0678,0.1304,0.8018,1,1,17,15,1.1807392835617063,1.1545796077698465,0,0,0.0,7.0,10.0,0.0,0.0,2,1,16,14,3.023865438997745,1.7118254303932188,1,0,0.0,2.0,13.0,1.0,0.0
156,2015-10-03,Sunderland,West Ham United,0.1641,0.2374,0.5985,2,2,12,9,1.0840114690363405,0.9958822075277568,2,1,0.0,1.0,10.0,0.0,1.0,2,1,20,16,1.9442285271361468,1.3443198548629878,4,0,1.0,3.0,15.0,0.0,1.0
157,2015-10-03,Chelsea,Southampton,0.1026,0.2361,0.6613,1,0,10,7,0.5201739557087419,0.3024033438414333,2,0,3.0,0.0,7.0,0.0,0.0,3,3,13,9,1.5850181058049198,1.4412683770060537,5,0,1.0,0.0,9.0,0.0,3.0
158,2015-10-04,Everton,Liverpool,0.326,0.2934,0.3806,1,0,14,9,1.200628953054547,0.5681175049394367,3,0,1.0,2.0,10.0,0.0,1.0,1,1,13,13,1.3084429167211054,1.308442177250981,3,0,0.0,5.0,7.0,0.0,1.0
159,2015-10-04,Swansea City,Tottenham Hotspur,0.2346,0.3024,0.463,1,1,11,9,0.7779763024300335,0.7383113019168372,1,0,0.0,2.0,8.0,0.0,1.0,2,0,19,15,1.1814240012317894,0.983394530601799,4,0,3.0,2.0,15.0,0.0,0.0
160,2015-10-04,Arsenal,Manchester United,0.6748,0.2088,0.1164,3,3,12,10,2.1708233673125505,2.0825586123391986,1,0,1.0,0.0,10.0,0.0,1.0,0,0,9,8,1.0395307019352913,1.0309833018109198,3,0,0.0,1.0,8.0,0.0,0.0
161,2015-10-17,Tottenham Hotspur,Liverpool,0.2472,0.4004,0.3524,0,0,13,9,0.590555706992745,0.412505406886339,1,0,0.0,3.0,10.0,0.0,0.0,0,0,12,10,0.7158920979127286,0.642849588766694,2,0,1.0,2.0,9.0,0.0,0.0
162,2015-10-17,Southampton,Leicester City,0.1307,0.1851,0.6842,2,1,13,11,1.554439906030893,0.8061068793758747,2,0,0.0,4.0,9.0,0.0,0.0,2,2,27,15,2.7873279377818103,2.355260181240737,0,0,1.0,5.0,18.0,0.0,3.0
163,2015-10-17,West Bromwich Albion,Sunderland,0.8061,0.1513,0.0426,1,0,9,6,2.077815253287554,0.4584175962954757,2,0,0.0,0.0,9.0,0.0,0.0,0,0,9,8,0.6584736015647648,0.6447402164340018,2,0,0.0,2.0,5.0,0.0,2.0
164,2015-10-17,Chelsea,Aston Villa,0.4675,0.3206,0.2119,1,1,9,8,1.2287463862448926,1.170422416180372,1,0,1.0,0.0,5.0,0.0,3.0,0,0,10,6,0.7958456147462127,0.5739610092714427,3,0,1.0,1.0,6.0,0.0,3.0
165,2015-10-17,Crystal Palace,West Ham United,0.0623,0.1503,0.7874,1,0,6,5,1.0839066244661808,0.3227377049624917,1,1,0.0,1.0,3.0,1.0,1.0,3,3,24,19,2.763874370604753,2.6339363548904657,3,0,1.0,5.0,18.0,0.0,0.0
166,2015-10-17,Everton,Manchester United,0.1498,0.2575,0.5927,0,0,12,7,0.6534569915384052,0.3843429964035748,2,0,2.0,2.0,7.0,0.0,1.0,3,3,10,9,1.4785314984619615,1.4285529814660547,2,0,0.0,2.0,8.0,0.0,0.0
167,2015-10-17,Manchester City,Bournemouth,0.9979,0.0021,0.0,5,3,16,12,4.920361213386059,3.8745009750127792,2,0,0.0,0.0,16.0,0.0,0.0,1,1,5,5,0.1730248015373943,0.1730249021202324,1,0,0.0,0.0,5.0,0.0,0.0
168,2015-10-17,Watford,Arsenal,0.0097,0.0629,0.9274,0,0,8,7,0.2547911070287225,0.2300284057855603,2,0,0.0,0.0,7.0,0.0,1.0,3,3,17,16,2.690454140305519,2.602900475263595,1,0,0.0,2.0,15.0,0.0,0.0
169,2015-10-18,Newcastle United,Norwich City,0.602,0.2198,0.1782,6,5,11,9,2.260944962501526,2.047268331050873,1,0,0.0,0.0,10.0,0.0,1.0,2,2,18,14,1.3528588265180586,1.1491465903818605,1,0,1.0,5.0,12.0,0.0,0.0
170,2015-10-19,Swansea City,Stoke City,0.0635,0.2,0.7365,0,0,14,11,0.4854881837964055,0.3692774046212432,2,0,2.0,0.0,12.0,0.0,0.0,1,0,9,7,1.6489390246570108,0.8215116187930105,2,0,0.0,0.0,8.0,1.0,0.0
171,2015-10-24,Aston Villa,Swansea City,0.1816,0.2666,0.5518,1,1,9,8,1.0951605066657064,1.038943514227867,2,0,1.0,2.0,6.0,0.0,0.0,2,1,10,8,1.7435260964557526,1.6706914035603402,3,0,1.0,1.0,7.0,0.0,1.0
172,2015-10-24,Leicester City,Crystal Palace,0.8261,0.1547,0.0192,1,1,12,6,1.336658641695976,1.093643322587013,3,0,1.0,0.0,9.0,0.0,2.0,0,0,9,7,0.2400081986561415,0.2003900986164807,1,0,0.0,2.0,7.0,0.0,0.0
173,2015-10-24,West Ham United,Chelsea,0.225,0.3316,0.4434,2,1,12,9,0.7728401925414796,0.6682047024369236,1,0,1.0,1.0,9.0,0.0,1.0,1,1,9,8,1.1356012001633642,1.0621613152325151,5,1,1.0,4.0,4.0,0.0,0.0
174,2015-10-24,Norwich City,West Bromwich Albion,0.222,0.2908,0.4872,0,0,16,10,1.0341986157000065,0.8178224842995402,1,0,1.0,3.0,12.0,0.0,0.0,1,1,7,5,1.454364076256752,1.4205983486026523,2,0,0.0,1.0,6.0,0.0,0.0
175,2015-10-24,Stoke City,Watford,0.2846,0.3308,0.3846,0,0,11,8,0.8484319359995421,0.7708332422189413,3,0,1.0,1.0,9.0,0.0,0.0,2,2,13,9,1.0487421993166206,0.8864285070449112,1,0,1.0,1.0,11.0,0.0,0.0
176,2015-10-24,Arsenal,Everton,0.9041,0.0765,0.0194,2,2,20,16,2.5581063283607364,2.4582764618098736,2,0,0.0,4.0,14.0,0.0,2.0,1,1,10,6,0.3730251044034955,0.2025170996785162,0,1,0.0,2.0,7.0,0.0,1.0
177,2015-10-25,Sunderland,Newcastle United,0.6564,0.2071,0.1365,3,2,9,8,2.415579048916697,1.6544100716710088,0,0,0.0,2.0,6.0,1.0,0.0,0,0,21,16,1.4174426747485993,0.9067502832040188,2,1,1.0,3.0,16.0,0.0,1.0
178,2015-10-25,Bournemouth,Tottenham Hotspur,0.0068,0.0322,0.961,1,1,11,9,0.492304492741823,0.4426890052855011,0,0,0.0,1.0,8.0,0.0,2.0,5,1,14,8,3.4409096743911505,0.853965176269412,1,0,0.0,3.0,8.0,1.0,2.0
179,2015-10-25,Manchester United,Manchester City,0.2594,0.5534,0.1872,0,0,6,5,0.3917535953223704,0.3751755971461533,2,0,0.0,2.0,3.0,0.0,1.0,0,0,6,4,0.3107180958613751,0.2195463953539728,2,0,2.0,1.0,3.0,0.0,0.0
180,2015-10-25,Liverpool,Southampton,0.0977,0.2344,0.6679,1,1,15,13,0.6828217953443525,0.6543953027576206,1,0,0.0,3.0,12.0,0.0,0.0,1,1,8,8,1.5638366695493455,1.4832648150622842,0,1,0.0,1.0,5.0,0.0,2.0
181,2015-10-31,Chelsea,Liverpool,0.2926,0.3688,0.3386,1,0,8,4,0.7357617840170859,0.2608834952116011,1,0,0.0,0.0,8.0,0.0,0.0,3,3,16,12,0.8413769900798793,0.7285028044134375,4,0,0.0,2.0,14.0,0.0,0.0
182,2015-10-31,Crystal Palace,Manchester United,0.5081,0.3484,0.1435,0,0,10,5,0.9391189105808732,0.6264666095376014,3,0,0.0,4.0,5.0,0.0,1.0,0,0,5,3,0.3944050073623656,0.2596034016460179,3,0,1.0,0.0,3.0,0.0,1.0
183,2015-10-31,Manchester City,Norwich City,0.8173,0.1426,0.0401,2,1,21,16,2.8355705216526985,1.1502595897763963,2,0,1.0,6.0,12.0,2.0,0.0,1,0,5,3,1.174973323009908,0.2021820992231368,2,1,0.0,3.0,1.0,0.0,1.0
184,2015-10-31,Newcastle United,Stoke City,0.3105,0.2908,0.3987,0,0,15,14,1.260744705796241,1.19142060726881,1,0,1.0,4.0,9.0,0.0,1.0,0,0,9,7,1.3869700357317924,1.2797426190227268,3,0,0.0,0.0,9.0,0.0,0.0
185,2015-10-31,Swansea City,Arsenal,0.0193,0.1095,0.8712,0,0,7,5,0.2644417993724345,0.128437703475356,2,0,1.0,1.0,4.0,0.0,1.0,3,2,14,11,2.180511198937893,1.4627082906663416,0,0,1.0,3.0,9.0,0.0,1.0
186,2015-10-31,Watford,West Ham United,0.6357,0.2435,0.1208,2,0,20,13,1.6517801098525522,0.9863329902291296,3,0,0.0,6.0,13.0,0.0,1.0,0,0,8,6,0.6056257076561449,0.2827107980847356,1,1,0.0,1.0,6.0,0.0,1.0
187,2015-10-31,West Bromwich Albion,Leicester City,0.195,0.2452,0.5598,2,1,14,10,1.5044713877141471,0.6364227114245292,0,0,3.0,1.0,9.0,1.0,0.0,3,2,13,10,2.225453918799758,1.573354583233595,2,0,0.0,2.0,11.0,0.0,0.0
188,2015-11-01,Everton,Sunderland,0.6652,0.1906,0.1442,5,5,15,14,2.348514944314956,2.328953860327601,3,0,0.0,1.0,14.0,0.0,0.0,2,2,17,12,1.23342740163207,0.7591528147459028,2,0,0.0,1.0,17.0,0.0,0.0
189,2015-11-01,Southampton,Bournemouth,0.4914,0.3147,0.1939,2,2,11,8,1.1596607118844984,1.1135240197181702,0,1,0.0,4.0,7.0,0.0,0.0,0,0,16,11,0.7160581704229113,0.5148538686335083,2,0,2.0,4.0,10.0,0.0,0.0
190,2015-11-03,Tottenham Hotspur,Aston Villa,0.5938,0.3045,0.1017,3,2,17,12,1.1450499873608349,0.944980317726731,0,0,2.0,3.0,11.0,0.0,1.0,1,0,13,8,0.3272733455523845,0.2355507984757421,3,0,0.0,1.0,10.0,0.0,2.0
191,2015-11-07,Bournemouth,Newcastle United,0.4623,0.354,0.1837,0,0,20,16,1.0042722895741458,0.8741063103079794,2,0,0.0,3.0,15.0,0.0,2.0,1,1,2,1,0.5044096857309341,0.0922916978597641,2,0,0.0,0.0,1.0,0.0,1.0
192,2015-11-07,Leicester City,Watford,0.4997,0.3379,0.1624,2,0,12,8,1.563889183104038,0.6559559926390645,0,0,0.0,2.0,8.0,1.0,1.0,1,0,8,5,1.0094506926834583,0.1564747029915449,1,0,0.0,1.0,6.0,1.0,0.0
193,2015-11-07,Manchester United,West Bromwich Albion,0.5652,0.3248,0.11,2,0,13,9,1.2779023721814151,0.4389260020107027,1,0,0.0,2.0,9.0,1.0,1.0,0,0,4,3,0.5940306168049572,0.5544980149716137,3,1,1.0,0.0,2.0,0.0,1.0
194,2015-11-07,Norwich City,Swansea City,0.6144,0.2848,0.1008,1,1,9,6,1.1951703317463396,1.131297191604972,1,0,0.0,2.0,6.0,0.0,1.0,0,0,8,8,0.4022845067083834,0.402283802628517,0,0,0.0,0.0,8.0,0.0,0.0
195,2015-11-07,West Ham United,Everton,0.1745,0.3264,0.4991,1,0,16,14,0.5910577941685912,0.4965324904769657,1,0,0.0,2.0,14.0,0.0,0.0,1,1,13,10,1.0891158916056154,0.9549731966108082,2,0,2.0,1.0,8.0,0.0,2.0
196,2015-11-07,Sunderland,Southampton,0.0343,0.1484,0.8173,0,0,9,4,0.2991031985729931,0.1106349993497131,1,0,1.0,2.0,5.0,0.0,1.0,1,0,14,9,1.8057731501758096,0.6634813994169232,3,0,0.0,1.0,12.0,1.0,0.0
197,2015-11-07,Stoke City,Chelsea,0.2791,0.3323,0.3886,1,1,8,8,0.8254175838083027,0.8254179060459134,3,0,0.0,0.0,8.0,0.0,0.0,0,0,19,12,1.0264224931597707,0.8358759805560111,1,0,0.0,1.0,18.0,0.0,0.0
198,2015-11-08,Aston Villa,Manchester City,0.0255,0.168,0.8065,0,0,3,2,0.1827407982200382,0.1082186978310345,1,0,1.0,1.0,1.0,0.0,0.0,0,0,13,9,1.5779785029590123,1.3176815062761305,1,0,1.0,6.0,6.0,0.0,0.0
199,2015-11-08,Arsenal,Tottenham Hotspur,0.6761,0.1989,0.125,1,1,10,10,2.017669921740889,2.0176710672676563,0,0,0.0,3.0,4.0,0.0,3.0,1,1,14,10,0.9091285057365892,0.7533691916614769,1,0,0.0,2.0,11.0,0.0,1.0
200,2015-11-08,Liverpool,Crystal Palace,0.7015,0.1917,0.1068,1,1,22,18,2.160180993378162,1.9766838159412143,1,0,0.0,5.0,16.0,0.0,1.0,2,0,9,5,0.8691117949783801,0.4258678089827297,2,0,0.0,2.0,6.0,0.0,1.0
201,2015-11-21,Watford,Manchester United,0.4077,0.2975,0.2948,1,0,10,7,1.4707703217864034,0.6267060041427611,1,0,0.0,2.0,8.0,1.0,0.0,1,1,13,10,1.3026419989764688,1.135219413787126,2,0,0.0,3.0,9.0,0.0,1.0
202,2015-11-21,Swansea City,Bournemouth,0.4528,0.2667,0.2805,2,1,11,10,1.888806391507387,1.1276377122849224,3,0,0.0,2.0,8.0,1.0,0.0,2,2,16,13,1.5850931070744991,1.2995895929634569,2,0,0.0,2.0,13.0,0.0,1.0
203,2015-11-21,Southampton,Stoke City,0.2046,0.3092,0.4862,0,0,15,12,0.7094844952225682,0.5657407008111474,2,0,0.0,2.0,10.0,0.0,3.0,1,1,16,14,1.194945637136697,1.1400347873568533,0,0,0.0,0.0,16.0,0.0,0.0
204,2015-11-21,West Bromwich Albion,Arsenal,0.0257,0.1089,0.8654,1,1,4,2,0.3328880071640013,0.1898200064897537,3,0,1.0,1.0,1.0,0.0,1.0,1,1,11,6,2.0895573124289517,1.1398120075464249,2,0,1.0,1.0,8.0,1.0,1.0
205,2015-11-21,Newcastle United,Leicester City,0.0047,0.0279,0.9674,0,0,9,5,0.372387299314141,0.1656576003879307,4,0,1.0,2.0,4.0,0.0,2.0,3,2,18,15,3.3813442662358284,2.295831998810172,1,0,1.0,5.0,12.0,0.0,0.0
206,2015-11-21,Everton,Aston Villa,0.9355,0.0534,0.0111,4,3,16,10,2.9000088945031166,2.1203483790159225,0,0,1.0,0.0,15.0,0.0,0.0,0,0,10,10,0.3220607005059716,0.3220608960837124,0,0,0.0,2.0,8.0,0.0,0.0
207,2015-11-21,Chelsea,Norwich City,0.8702,0.1111,0.0187,1,1,21,18,2.1648669876158237,2.0288946963846684,1,0,1.0,3.0,15.0,0.0,2.0,0,0,4,3,0.2027982026338575,0.186090502887964,4,0,0.0,1.0,3.0,0.0,0.0
208,2015-11-21,Manchester City,Liverpool,0.0916,0.1649,0.7435,1,1,11,9,1.0861241798847912,1.0220495238900182,0,0,0.0,2.0,9.0,0.0,1.0,3,2,14,12,2.6169697484001517,2.471574465744197,3,0,0.0,4.0,10.0,0.0,0.0
209,2015-11-22,Tottenham Hotspur,West Ham United,0.8979,0.0791,0.023,4,4,22,16,3.468973973765969,2.204743415117264,2,0,0.0,2.0,19.0,0.0,1.0,1,1,10,9,0.8286076132208106,0.3418777007609601,2,0,0.0,2.0,7.0,0.0,1.0
210,2015-11-24,Crystal Palace,Sunderland,0.1696,0.283,0.5474,0,0,19,14,0.6961820041760798,0.5396134071052072,1,0,1.0,3.0,15.0,0.0,0.0,1,1,12,8,1.3153476156294344,1.14662492275238,3,0,1.0,1.0,8.0,0.0,2.0
211,2015-11-28,Sunderland,Stoke City,0.3156,0.367,0.3174,2,1,18,13,0.863465895876288,0.6076453942805524,0,0,2.0,2.0,12.0,0.0,2.0,0,0,7,5,0.7946398127824067,0.7437728773802516,2,1,1.0,1.0,5.0,0.0,0.0
212,2015-11-28,Aston Villa,Watford,0.3732,0.2821,0.3447,2,2,12,10,1.500977216288447,1.4732048902660604,2,0,0.0,5.0,7.0,0.0,1.0,2,0,14,8,1.4613291621208189,0.8206843752413986,3,0,0.0,2.0,12.0,0.0,0.0
213,2015-11-28,Bournemouth,Everton,0.6317,0.2298,0.1385,3,2,19,15,1.702752901241183,1.570615081116557,2,0,0.0,5.0,13.0,0.0,1.0,3,3,11,11,0.7290045022964475,0.6813350059092041,0,0,0.0,2.0,9.0,0.0,0.0
214,2015-11-28,Crystal Palace,Newcastle United,0.5981,0.2543,0.1476,5,3,19,15,1.6783561874181028,1.4460298940539356,1,0,0.0,2.0,16.0,0.0,1.0,1,1,7,4,0.7973380042240021,0.6803015191107986,1,0,0.0,2.0,5.0,0.0,0.0
215,2015-11-28,Manchester City,Southampton,0.6125,0.2333,0.1542,3,3,16,12,2.1233096309006214,1.8960464168339968,2,0,3.0,3.0,10.0,0.0,0.0,1,1,12,9,1.260343190282583,1.076671599410474,1,0,1.0,0.0,8.0,0.0,3.0
216,2015-11-28,Leicester City,Manchester United,0.2717,0.3525,0.3758,1,1,7,5,0.8762564128264781,0.8279322963207958,0,0,0.0,0.0,7.0,0.0,0.0,1,1,10,7,1.056127183139324,0.9986880123615264,1,0,0.0,3.0,6.0,0.0,1.0
217,2015-11-29,Tottenham Hotspur,Chelsea,0.2151,0.5885,0.1964,0,0,9,8,0.3334941975772379,0.3033379018306729,4,0,0.0,0.0,9.0,0.0,0.0,0,0,5,5,0.2833749055862424,0.2833754047751424,2,0,0.0,0.0,5.0,0.0,0.0
218,2015-11-29,West Ham United,West Bromwich Albion,0.4799,0.3079,0.2122,1,0,17,10,1.419327266514301,0.9872810151427984,0,0,3.0,2.0,12.0,0.0,1.0,0,0,7,5,0.9156440831720828,0.7866352014243603,2,0,1.0,0.0,6.0,0.0,0.0
219,2015-11-29,Liverpool,Swansea City,0.6697,0.2541,0.0762,1,0,10,8,1.1935805249959228,0.3296897020190952,3,0,1.0,2.0,6.0,1.0,0.0,0,0,9,7,0.3682826999574897,0.3102194052189587,1,0,0.0,3.0,6.0,0.0,0.0
220,2015-11-29,Norwich City,Arsenal,0.1807,0.2772,0.5421,1,1,7,6,1.0102460887283085,0.9778013881295916,1,0,0.0,2.0,5.0,0.0,0.0,1,1,12,10,1.6569914519786837,0.916588800027966,1,0,1.0,0.0,11.0,0.0,0.0
221,2015-12-05,Stoke City,Manchester City,0.8008,0.1534,0.0458,2,2,7,7,2.0769046247005463,1.6433878801763058,0,0,0.0,0.0,7.0,0.0,0.0,0,0,11,9,0.4837525095790622,0.4539826009422538,1,0,0.0,2.0,9.0,0.0,0.0
222,2015-12-05,Swansea City,Leicester City,0.0979,0.1674,0.7347,0,0,10,9,0.7806021962314841,0.524981793016195,2,0,0.0,1.0,8.0,0.0,1.0,3,3,16,14,2.2096218708902597,1.8676635064184663,3,0,0.0,2.0,13.0,0.0,1.0
223,2015-12-05,Watford,Norwich City,0.8662,0.1112,0.0226,2,1,14,10,2.071993319317698,1.1648586951196194,3,0,0.0,1.0,11.0,1.0,1.0,0,0,7,6,0.3105236999690531,0.3005728404968973,3,0,0.0,0.0,6.0,0.0,1.0
224,2015-12-05,West Bromwich Albion,Tottenham Hotspur,0.4505,0.317,0.2325,1,1,11,7,1.4869486279785633,1.33787589892745,3,0,2.0,0.0,8.0,0.0,1.0,1,1,9,8,1.1287586987018583,1.1128004807978868,2,0,0.0,2.0,7.0,0.0,0.0
225,2015-12-05,Arsenal,Sunderland,0.5667,0.2329,0.2004,3,2,16,14,2.3573209214955564,1.6966893840581176,1,0,0.0,1.0,15.0,0.0,1.0,0,0,11,8,1.5228056013584137,1.472248403355479,1,0,0.0,1.0,9.0,0.0,1.0
226,2015-12-05,Manchester United,West Ham United,0.5319,0.2566,0.2115,0,0,21,14,1.7648680908605452,1.4446424953639505,1,0,0.0,5.0,13.0,0.0,3.0,0,0,9,7,1.1020570993423455,1.0535210035741327,0,0,0.0,2.0,7.0,0.0,0.0
227,2015-12-05,Southampton,Aston Villa,0.7861,0.143,0.0709,1,1,23,20,2.8605076503008604,2.3014765577390786,1,0,1.0,6.0,14.0,0.0,2.0,1,1,9,7,1.058003938756883,1.0345269963145254,2,0,0.0,3.0,6.0,0.0,0.0
228,2015-12-05,Chelsea,Bournemouth,0.4674,0.2706,0.262,0,0,19,17,1.670811085030436,1.073576584458351,2,0,0.0,3.0,16.0,0.0,0.0,1,0,15,8,1.3017832972109316,0.3852035999298093,1,0,0.0,2.0,12.0,0.0,1.0
229,2015-12-06,Newcastle United,Liverpool,0.1975,0.3505,0.452,1,1,6,5,0.6463460922241211,0.6133150123059748,3,0,1.0,1.0,4.0,0.0,0.0,0,0,10,9,0.999042375013232,0.9626367846503848,1,0,0.0,4.0,7.0,0.0,0.0
230,2015-12-08,Everton,Crystal Palace,0.5012,0.2789,0.2199,1,1,19,13,1.6977371871471405,1.4530716761946678,1,0,0.0,2.0,17.0,0.0,0.0,1,1,14,11,1.1904983315616842,1.019010099582374,2,0,0.0,6.0,8.0,0.0,0.0
231,2015-12-12,Norwich City,Everton,0.164,0.2323,0.6037,1,0,9,7,1.5483290981501336,0.705415418371558,1,0,0.0,3.0,6.0,0.0,0.0,1,1,15,9,2.4372004838660355,1.630911914631724,0,0,0.0,2.0,13.0,0.0,0.0
232,2015-12-12,Manchester City,Swansea City,0.4645,0.2816,0.2539,2,2,13,10,1.355177208781242,1.1906469017267227,3,0,2.0,3.0,8.0,0.0,0.0,1,1,13,10,0.9635220952332016,0.8472984116524455,1,0,1.0,2.0,8.0,0.0,2.0
233,2015-12-12,Sunderland,Watford,0.1156,0.2107,0.6737,0,0,14,10,0.8794735344126818,0.7769315894693134,1,0,0.0,1.0,13.0,0.0,0.0,1,1,13,11,2.07510675676167,1.587505897507071,0,0,0.0,0.0,13.0,0.0,0.0
234,2015-12-12,Crystal Palace,Southampton,0.4797,0.2971,0.2232,1,1,12,9,1.3182094804942606,1.1805653199553487,0,0,0.0,3.0,9.0,0.0,0.0,0,0,15,12,0.8904100935906168,0.8099533952772614,0,0,0.0,3.0,10.0,0.0,2.0
235,2015-12-12,West Ham United,Stoke City,0.1888,0.2353,0.5759,0,0,24,18,1.1321594920009372,0.8561634011566636,1,0,2.0,1.0,18.0,0.0,3.0,0,0,12,9,1.8755862116813655,1.339230488985777,2,0,1.0,1.0,9.0,0.0,1.0
236,2015-12-12,Bournemouth,Manchester United,0.1405,0.2388,0.6207,2,1,11,8,1.0503198169171808,0.8724720235913987,2,0,1.0,4.0,6.0,0.0,0.0,1,0,11,2,2.033092148602009,0.1745224967598914,1,0,0.0,2.0,6.0,0.0,3.0
237,2015-12-13,Aston Villa,Arsenal,0.1716,0.2615,0.5669,0,0,18,13,1.0088999606668945,0.8863116996362802,0,0,0.0,2.0,16.0,0.0,0.0,2,1,8,6,1.6849835030734537,0.8404576145112512,0,0,0.0,1.0,6.0,1.0,0.0
238,2015-12-13,Liverpool,West Bromwich Albion,0.6992,0.2027,0.0981,2,2,28,23,2.126030912622809,1.8727579992264507,0,0,0.0,0.0,26.0,0.0,2.0,2,2,4,3,0.8358854204416275,0.7407968193292618,0,0,0.0,2.0,2.0,0.0,0.0
239,2015-12-13,Tottenham Hotspur,Newcastle United,0.1837,0.2912,0.5251,1,1,20,16,1.0420064218342302,0.5917814970016475,2,0,2.0,3.0,15.0,0.0,0.0,2,1,8,8,1.5525151044130323,0.5902466997504231,2,0,0.0,0.0,6.0,0.0,2.0
240,2015-12-15,Leicester City,Chelsea,0.0526,0.1514,0.796,2,2,9,7,0.7088463017717002,0.646587900817394,2,0,0.0,1.0,8.0,0.0,0.0,1,1,11,7,2.268866484053433,1.2545032911002634,0,0,1.0,3.0,6.0,0.0,1.0
241,2015-12-19,West Bromwich Albion,Bournemouth,0.0774,0.2036,0.719,1,1,7,6,0.6982553768903016,0.6885595973581075,2,2,0.0,2.0,4.0,0.0,1.0,2,1,16,14,1.892577227205038,1.116139302961528,1,0,0.0,0.0,13.0,1.0,2.0
242,2015-12-19,Southampton,Tottenham Hotspur,0.178,0.2709,0.5511,0,0,11,10,0.8338495716452597,0.7827910818159578,1,0,0.0,1.0,10.0,0.0,0.0,2,2,12,9,1.4745267052203417,1.3376629725098608,1,0,2.0,0.0,9.0,0.0,1.0
243,2015-12-19,Stoke City,Crystal Palace,0.4761,0.2468,0.2771,1,0,26,19,2.418996643275022,1.338642198592424,2,0,2.0,7.0,15.0,1.0,1.0,2,0,12,7,1.958601541817188,0.9754981137812136,0,0,0.0,4.0,7.0,1.0,0.0
244,2015-12-19,Chelsea,Sunderland,0.8122,0.1333,0.0545,3,1,17,11,3.020234316587448,1.5527682788670063,1,0,2.0,2.0,12.0,1.0,0.0,1,0,11,7,1.251668395474553,0.311137896031141,3,0,1.0,0.0,7.0,0.0,3.0
245,2015-12-19,Everton,Leicester City,0.1942,0.2849,0.5209,2,1,13,9,1.9353814870119093,1.0221395976841448,2,0,1.0,1.0,9.0,0.0,2.0,3,1,10,5,2.029115157201886,0.330315701663494,1,0,0.0,1.0,6.0,2.0,1.0
246,2015-12-19,Manchester United,Norwich City,0.4673,0.3409,0.1918,1,1,11,7,1.0139367952942846,0.8375318050384519,0,0,1.0,1.0,8.0,0.0,1.0,2,2,6,5,0.5625451952219008,0.4801731035113333,2,0,0.0,0.0,6.0,0.0,0.0
247,2015-12-19,Newcastle United,Aston Villa,0.6335,0.2673,0.0992,1,1,8,8,1.2818932868540285,1.2818931862711904,1,0,0.0,2.0,5.0,0.0,1.0,1,1,10,8,0.4043733067810533,0.2780985049903391,3,0,1.0,2.0,6.0,0.0,1.0
248,2015-12-20,Watford,Liverpool,0.8673,0.104,0.0287,3,1,6,4,1.9933643136173484,1.0163182988762856,1,0,0.0,1.0,5.0,0.0,0.0,0,0,12,7,0.3763131415471431,0.2581451022997497,0,0,0.0,0.0,11.0,0.0,1.0
249,2015-12-20,Swansea City,West Ham United,0.4913,0.358,0.1507,0,0,22,14,0.979500204324722,0.7204180844128127,0,0,0.0,8.0,13.0,0.0,1.0,0,0,11,8,0.4019881971180437,0.2464331015944478,1,0,0.0,3.0,7.0,0.0,1.0
250,2015-12-22,Arsenal,Manchester City,0.5799,0.261,0.1591,2,2,8,8,1.5010897740721705,1.5010904259979725,0,0,0.0,0.0,8.0,0.0,0.0,1,1,20,18,0.7707686014473435,0.684885109774768,2,0,0.0,6.0,13.0,0.0,1.0
251,2015-12-26,Stoke City,Manchester United,0.3096,0.311,0.3794,2,1,13,7,1.1835031174123285,0.9266574960201976,1,0,4.0,0.0,6.0,0.0,3.0,0,0,11,6,1.2896103896200657,0.7286284966394303,2,0,1.0,0.0,8.0,0.0,2.0
252,2015-12-26,Swansea City,West Bromwich Albion,0.6207,0.2896,0.0897,1,0,7,6,1.326559094712138,0.3553406968712805,1,0,0.0,0.0,6.0,0.0,1.0,0,0,9,7,0.5545825846493242,0.4282174073159692,3,0,1.0,1.0,7.0,0.0,0.0
253,2015-12-26,Tottenham Hotspur,Norwich City,0.8655,0.1065,0.028,3,2,15,12,2.419540323317051,1.5237752292305229,1,0,0.0,4.0,10.0,1.0,0.0,0,0,11,10,0.4566444111987945,0.3516290048137305,2,0,0.0,3.0,8.0,0.0,0.0
254,2015-12-26,Aston Villa,West Ham United,0.5853,0.2727,0.142,1,0,15,11,1.6132507249712942,0.696936917491257,3,0,0.0,2.0,9.0,1.0,3.0,1,1,10,6,0.8536920994520183,0.3511821012943981,3,0,1.0,1.0,7.0,0.0,1.0
255,2015-12-26,Bournemouth,Crystal Palace,0.4664,0.3836,0.15,0,0,10,8,0.871395297348499,0.7599218785762785,1,0,1.0,1.0,8.0,0.0,0.0,0,0,8,6,0.4066607095301149,0.3294405043125151,0,0,0.0,2.0,4.0,0.0,2.0
256,2015-12-26,Chelsea,Watford,0.4647,0.2681,0.2672,2,2,17,11,2.0935632549226284,1.1118119955062866,1,0,2.0,3.0,12.0,1.0,0.0,1,0,12,6,1.6770397946238518,0.6444640979170799,4,0,1.0,2.0,8.0,1.0,0.0
257,2015-12-26,Liverpool,Leicester City,0.6019,0.2772,0.1209,1,1,26,24,1.3799474872648712,1.2866659965366125,2,0,0.0,5.0,20.0,0.0,1.0,0,0,7,6,0.5051671043038366,0.454910099506378,1,0,0.0,0.0,6.0,0.0,1.0
258,2015-12-26,Manchester City,Sunderland,0.898,0.076,0.026,4,3,19,14,3.553207166492939,1.6229303888976574,1,0,0.0,3.0,12.0,1.0,3.0,1,0,11,8,1.2074414584785698,0.8894648104906079,1,0,0.0,3.0,5.0,0.0,3.0
259,2015-12-26,Newcastle United,Everton,0.281,0.2713,0.4477,0,0,10,7,1.388424776494503,1.2320315204560754,2,0,0.0,1.0,9.0,0.0,0.0,1,0,20,13,1.7215711548924444,0.9390513133257624,2,0,2.0,3.0,15.0,0.0,0.0
260,2015-12-26,Southampton,Arsenal,0.7896,0.1524,0.058,4,3,14,9,2.430299274623394,2.1763956006616354,1,0,0.0,1.0,13.0,0.0,0.0,0,0,8,7,0.833064693957567,0.7628307938575744,0,0,0.0,2.0,6.0,0.0,0.0
261,2015-12-28,West Bromwich Albion,Newcastle United,0.7878,0.1548,0.0574,1,1,22,16,2.1426498023793097,1.5394361894577735,0,0,1.0,5.0,14.0,0.0,2.0,0,0,7,6,0.4561887942254542,0.4312158972024917,0,0,0.0,2.0,5.0,0.0,0.0
262,2015-12-28,Watford,Tottenham Hotspur,0.5728,0.3087,0.1185,1,1,9,6,1.1343435794115064,0.95534757617861,4,1,0.0,3.0,6.0,0.0,0.0,2,2,10,7,0.5272464966401453,0.4419041955843565,2,0,0.0,1.0,9.0,0.0,0.0
263,2015-12-28,Norwich City,Aston Villa,0.6386,0.2924,0.069,2,1,9,5,1.1046446356922386,0.4380575176328418,2,0,2.0,2.0,5.0,0.0,0.0,0,0,6,5,0.2358735017478464,0.1814056029543279,5,0,1.0,0.0,4.0,0.0,1.0
264,2015-12-28,Crystal Palace,Swansea City,0.5035,0.4244,0.0721,0,0,10,7,0.7494869884103533,0.3249438069760797,3,0,1.0,2.0,5.0,0.0,2.0,0,0,5,2,0.1694250013679264,0.0470535997301339,2,0,1.0,1.0,3.0,0.0,0.0
265,2015-12-28,Everton,Stoke City,0.5398,0.2561,0.2041,3,3,15,13,2.2472036145627494,2.115036701783538,2,0,0.0,1.0,14.0,0.0,0.0,4,2,8,5,1.5815891958773134,0.7023775093257426,1,0,0.0,1.0,6.0,1.0,0.0
266,2015-12-28,Arsenal,Bournemouth,0.9481,0.0435,0.0084,2,2,13,12,3.15861501544714,2.37485895305872,2,0,0.0,5.0,8.0,0.0,0.0,0,0,10,8,0.3437519967555996,0.2584579978138207,0,0,0.0,1.0,9.0,0.0,0.0
267,2015-12-28,Manchester United,Chelsea,0.4964,0.3069,0.1967,0,0,12,10,1.35212716832757,1.2936072023585437,4,0,0.0,0.0,11.0,0.0,1.0,0,0,8,7,0.9051428884267804,0.8513604076579212,2,0,0.0,1.0,6.0,0.0,1.0
268,2015-12-28,West Ham United,Southampton,0.4794,0.2713,0.2493,2,0,13,9,1.955173229798674,1.0738793164491651,1,0,0.0,2.0,11.0,0.0,1.0,0,0,14,9,1.3754722774028776,1.1277526784688232,3,0,1.0,3.0,10.0,0.0,0.0
269,2015-12-29,Leicester City,Manchester City,0.1529,0.2457,0.6014,0,0,11,9,0.8103773109614846,0.6839050054550169,1,0,1.0,0.0,9.0,0.0,1.0,0,0,21,15,1.672421764582395,1.456314407289028,3,0,1.0,8.0,12.0,0.0,0.0
270,2015-12-30,Sunderland,Liverpool,0.0688,0.1947,0.7365,0,0,8,6,0.4815514991059896,0.2371701905503866,1,0,1.0,1.0,5.0,0.0,1.0,1,1,17,14,1.8168597258627408,1.582448102533817,3,0,1.0,4.0,12.0,0.0,0.0
271,2016-01-02,West Ham United,Liverpool,0.4218,0.2629,0.3153,2,2,18,13,2.1802252763882275,1.1781381741166113,1,0,0.0,2.0,16.0,0.0,0.0,0,0,23,20,1.9210371058434248,1.7642403077334163,1,0,1.0,6.0,15.0,0.0,1.0
272,2016-01-02,West Bromwich Albion,Stoke City,0.5918,0.2634,0.1448,2,1,17,12,1.732319891452789,0.8339309832081196,1,0,0.0,4.0,11.0,0.0,2.0,1,1,10,10,0.9175260690972208,0.9175260784104464,1,1,0.0,4.0,6.0,0.0,0.0
273,2016-01-02,Arsenal,Newcastle United,0.5807,0.2277,0.1916,1,1,15,15,1.9302557799965137,1.9302549008280037,2,0,0.0,4.0,11.0,0.0,0.0,0,0,15,11,1.1533859241753812,0.9255131017416712,2,0,0.0,2.0,13.0,0.0,0.0
274,2016-01-02,Leicester City,Bournemouth,0.6484,0.2224,0.1292,0,0,16,11,2.290787609294057,0.8658373877406117,1,0,0.0,4.0,10.0,1.0,1.0,0,0,9,7,1.2599215917289257,1.2114932145923376,1,1,0.0,1.0,8.0,0.0,0.0
275,2016-01-02,Manchester United,Swansea City,0.6836,0.2232,0.0932,2,2,19,14,1.7426578626036642,1.3583526052534578,2,0,2.0,0.0,15.0,0.0,2.0,1,1,9,7,0.542907007038593,0.4236952960491179,1,0,0.0,1.0,8.0,0.0,0.0
276,2016-01-02,Norwich City,Southampton,0.5291,0.2772,0.1937,1,1,10,6,1.5050845593214033,0.6891880854964254,1,0,1.0,0.0,9.0,0.0,0.0,0,0,10,9,0.9322948930785055,0.7894631959497926,0,1,0.0,2.0,8.0,0.0,0.0
277,2016-01-02,Sunderland,Aston Villa,0.4432,0.4303,0.1265,2,2,13,12,0.7612245120108124,0.6989005953073498,3,0,1.0,3.0,9.0,0.0,0.0,1,1,8,7,0.2795597966760395,0.2424238035455343,4,0,0.0,0.0,9.0,0.0,0.0
278,2016-01-02,Watford,Manchester City,0.4296,0.3301,0.2403,1,0,12,6,0.9853670950978992,0.4210053123533723,1,0,1.0,1.0,9.0,0.0,1.0,2,2,16,15,0.6920538078993556,0.5999413020908829,0,0,0.0,3.0,13.0,0.0,0.0
279,2016-01-03,Crystal Palace,Chelsea,0.0296,0.1141,0.8563,0,0,8,7,0.5464980900287626,0.5271747950464485,3,0,0.0,1.0,6.0,0.0,1.0,3,2,10,9,2.374697297811508,1.646736979484558,0,0,0.0,0.0,9.0,0.0,1.0
280,2016-01-03,Everton,Tottenham Hotspur,0.3064,0.3709,0.3227,1,1,12,7,0.7216033982113002,0.4323526918888091,1,0,0.0,2.0,10.0,0.0,0.0,1,1,19,18,0.7590696150436994,0.6605072040110822,2,0,1.0,2.0,16.0,0.0,0.0
281,2016-01-12,Newcastle United,Manchester United,0.2452,0.2462,0.5086,3,1,14,11,1.8223650231957436,0.9579110033810136,1,0,0.0,1.0,12.0,1.0,0.0,3,1,12,10,2.363695618696511,1.5662614330649374,3,0,0.0,3.0,8.0,1.0,0.0
282,2016-01-12,Aston Villa,Crystal Palace,0.2757,0.4363,0.288,0,0,13,8,0.5519723966717716,0.4468141980469225,2,0,0.0,4.0,9.0,0.0,0.0,0,0,9,5,0.5479129925370213,0.4040615959092971,1,0,2.0,1.0,6.0,0.0,1.0
283,2016-01-12,Bournemouth,West Ham United,0.1899,0.3365,0.4736,1,1,11,11,0.7295459918677804,0.6945132128894327,1,0,0.0,1.0,10.0,0.0,0.0,3,1,10,6,1.1894113030284643,0.7576619759202003,1,0,2.0,2.0,6.0,0.0,0.0
284,2016-01-13,Southampton,Watford,0.8237,0.1591,0.0172,2,2,15,9,1.7223984096199274,1.1968762949109075,1,0,0.0,3.0,11.0,0.0,1.0,0,0,4,3,0.1154295010492203,0.103567700833082,2,0,0.0,0.0,4.0,0.0,0.0
285,2016-01-13,Stoke City,Norwich City,0.6995,0.2532,0.0473,2,2,14,13,1.2445639725774522,1.211911482736468,0,0,0.0,3.0,11.0,0.0,0.0,1,1,5,4,0.1937281042337414,0.1820621043443678,1,1,0.0,1.0,4.0,0.0,1.0
286,2016-01-13,Swansea City,Sunderland,0.0471,0.1615,0.7914,2,1,10,9,1.065264913253486,0.3040957981720563,0,1,0.0,1.0,9.0,1.0,0.0,3,2,7,6,2.5250608902424574,1.8611846417188644,2,0,0.0,0.0,7.0,0.0,0.0
287,2016-01-13,Chelsea,West Bromwich Albion,0.5706,0.2724,0.157,1,1,14,10,1.3853163011372087,1.1677340082824228,3,0,2.0,0.0,12.0,0.0,0.0,2,1,13,10,0.7042628014460204,0.6355784945189951,3,0,0.0,0.0,12.0,0.0,2.0
288,2016-01-13,Manchester City,Everton,0.6669,0.2516,0.0815,0,0,22,19,1.4495714139193292,1.2597347814589737,0,0,0.0,6.0,16.0,0.0,0.0,0,0,7,6,0.3695481996983288,0.3450632020831106,1,0,0.0,1.0,6.0,0.0,0.0
289,2016-01-14,Liverpool,Arsenal,0.1365,0.1982,0.6653,3,2,22,15,1.1648049131035805,0.8399012908339498,2,0,1.0,4.0,17.0,0.0,0.0,3,2,14,11,2.2291219606995583,2.047363631427288,0,0,1.0,1.0,11.0,0.0,1.0
290,2016-01-14,Tottenham Hotspur,Leicester City,0.5268,0.3044,0.1688,0,0,21,15,1.247928299941122,0.9699852857738732,1,0,1.0,4.0,16.0,0.0,0.0,1,1,10,7,0.5933975037187336,0.4382016956806182,0,0,0.0,4.0,6.0,0.0,0.0
291,2016-01-16,Tottenham Hotspur,Sunderland,0.7545,0.1805,0.065,4,1,26,18,2.040544562041759,1.0047775730490682,0,0,0.0,6.0,16.0,1.0,3.0,1,1,5,5,0.6173057202249764,0.4683046881109475,2,0,1.0,0.0,4.0,0.0,0.0
292,2016-01-16,Manchester City,Crystal Palace,0.6974,0.2173,0.0853,4,4,17,13,1.7421496538445351,1.5401980504393578,0,0,1.0,4.0,11.0,0.0,1.0,0,0,9,8,0.6140665933489797,0.5666382946074007,2,0,1.0,3.0,5.0,0.0,0.0
293,2016-01-16,Newcastle United,West Ham United,0.566,0.2425,0.1915,2,2,23,19,1.8590427516028285,1.4976532012224195,1,0,0.0,1.0,22.0,0.0,0.0,1,0,10,8,1.0824826648458836,0.5890135131776331,0,0,0.0,1.0,8.0,0.0,1.0
294,2016-01-16,Southampton,West Bromwich Albion,0.7089,0.2237,0.0674,3,1,9,7,1.4398824200034142,0.638264790177345,0,0,1.0,0.0,7.0,1.0,0.0,0,0,10,5,0.4114008061587809,0.2970425039529798,0,0,0.0,0.0,7.0,0.0,3.0
295,2016-01-16,Chelsea,Everton,0.6084,0.2338,0.1578,3,3,14,10,2.4486423050984736,2.386001273989677,1,0,0.0,2.0,13.0,0.0,0.0,2,2,9,8,1.5940102916210888,1.5299115777015686,1,0,0.0,1.0,8.0,0.0,0.0
296,2016-01-16,Bournemouth,Norwich City,0.8615,0.1054,0.0331,3,2,15,11,2.5308577120304108,1.6335200443863869,1,0,1.0,2.0,11.0,1.0,0.0,0,0,10,5,0.59619509242475,0.1692181993275879,1,0,1.0,1.0,8.0,0.0,0.0
297,2016-01-16,Aston Villa,Leicester City,0.051,0.1399,0.8091,1,0,14,8,0.6653855340555307,0.4687953032553193,3,0,0.0,1.0,11.0,0.0,2.0,1,0,12,9,2.235140599310398,0.790333220735192,2,0,1.0,2.0,7.0,1.0,1.0
298,2016-01-17,Liverpool,Manchester United,0.379,0.3618,0.2592,0,0,19,16,0.9529737168923016,0.903373403474688,0,0,0.0,1.0,17.0,0.0,1.0,1,0,7,5,0.7345953937619922,0.2314043920487163,2,0,0.0,3.0,4.0,0.0,0.0
299,2016-01-17,Stoke City,Arsenal,0.2667,0.4343,0.299,0,0,14,9,0.5628794096410271,0.3341825008392331,0,0,0.0,3.0,11.0,0.0,0.0,0,0,8,7,0.5858409106731413,0.5406734049320219,0,0,0.0,2.0,6.0,0.0,0.0
300,2016-01-19,Swansea City,Watford,0.2495,0.4633,0.2872,1,1,10,6,0.4740352006629106,0.3459318988025186,2,0,0.0,2.0,8.0,0.0,0.0,0,0,13,8,0.5254785921424625,0.3209470957517621,2,0,1.0,1.0,8.0,0.0,3.0
301,2016-01-23,Norwich City,Liverpool,0.2233,0.3216,0.4551,4,3,6,5,1.034323316067457,0.2731542978435753,0,0,0.0,1.0,2.0,1.0,2.0,5,3,13,9,1.4494342897087331,0.8933791890740393,1,0,0.0,0.0,12.0,0.0,1.0
302,2016-01-23,Crystal Palace,Tottenham Hotspur,0.1771,0.2463,0.5766,0,0,11,6,0.9360955879092212,0.5462350845336912,2,0,1.0,3.0,5.0,0.0,2.0,3,3,24,21,1.7436839845031498,1.6432856954634183,2,0,2.0,3.0,20.0,0.0,0.0
303,2016-01-23,Manchester United,Southampton,0.0676,0.3885,0.5439,0,0,8,7,0.1872168043628332,0.1380368992686269,0,0,0.0,0.0,6.0,0.0,2.0,1,1,7,6,0.835909293964505,0.7366614956408738,0,0,0.0,1.0,2.0,0.0,4.0
304,2016-01-23,Leicester City,Stoke City,0.8687,0.1115,0.0198,3,2,15,9,2.259056270122528,1.9367055147886276,0,0,1.0,3.0,11.0,0.0,0.0,0,0,3,1,0.3404824044555424,0.3159050047397613,1,0,0.0,0.0,2.0,0.0,1.0
305,2016-01-23,West Bromwich Albion,Aston Villa,0.1251,0.5024,0.3725,0,0,4,4,0.2318398058414458,0.2318403031677006,0,0,0.0,0.0,3.0,0.0,1.0,0,0,15,12,0.5624614050611851,0.4754170030355451,1,0,0.0,1.0,14.0,0.0,0.0
306,2016-01-23,Sunderland,Bournemouth,0.1541,0.2939,0.552,1,1,10,7,0.6154787149280305,0.4868952035903929,1,0,0.0,1.0,7.0,0.0,2.0,1,1,15,13,1.268514202907681,1.1456327149644492,1,0,0.0,1.0,13.0,0.0,1.0
307,2016-01-23,Watford,Newcastle United,0.6936,0.1839,0.1225,2,2,13,10,2.62828409858048,1.99273263476789,2,0,0.0,1.0,11.0,0.0,1.0,1,1,11,10,1.2926708012819286,1.1985430046916008,1,0,0.0,2.0,7.0,0.0,2.0
308,2016-01-23,West Ham United,Manchester City,0.1649,0.2729,0.5622,2,1,10,8,1.012671870179474,0.8792528882622717,2,0,1.0,2.0,6.0,0.0,1.0,2,0,16,12,1.7318199668079612,0.54149330034852,3,0,1.0,0.0,13.0,1.0,1.0
309,2016-01-24,Everton,Swansea City,0.5925,0.2715,0.136,0,0,20,18,1.966511622071266,1.765100525692105,0,0,1.0,5.0,14.0,0.0,0.0,2,1,7,5,1.0805457085371015,0.2876915000379085,3,0,0.0,1.0,5.0,1.0,1.0
310,2016-01-24,Arsenal,Chelsea,0.2445,0.2932,0.4623,0,0,9,9,1.118531636893749,1.1185336969792838,1,1,0.0,0.0,7.0,0.0,2.0,1,1,12,7,1.5119390971958635,0.922498119994998,3,0,0.0,2.0,9.0,0.0,1.0
311,2016-02-02,Arsenal,Southampton,0.8857,0.0828,0.0315,0,0,22,19,3.4022145569324493,2.5855584517121315,2,0,0.0,6.0,15.0,0.0,1.0,0,0,14,7,0.936396213248372,0.6409955099225041,1,0,0.0,1.0,13.0,0.0,0.0
312,2016-02-02,Leicester City,Liverpool,0.6,0.271,0.129,2,1,13,5,1.3536793068051336,0.5986025743186472,0,0,2.0,1.0,10.0,0.0,0.0,0,0,14,12,0.5807910049334166,0.4969373038038607,1,0,0.0,1.0,13.0,0.0,0.0
313,2016-02-02,Norwich City,Tottenham Hotspur,0.0469,0.1271,0.826,0,0,11,9,0.929318880662322,0.3321976028382775,2,0,0.0,3.0,6.0,0.0,2.0,3,1,17,12,2.79756385833025,1.2640031836926937,2,0,0.0,7.0,9.0,1.0,0.0
314,2016-02-02,Sunderland,Manchester City,0.3784,0.3829,0.2387,0,0,11,6,0.8947426900267599,0.6078992150723932,1,0,1.0,2.0,6.0,0.0,2.0,1,0,7,5,0.6507844980806111,0.172198401764035,4,0,0.0,2.0,5.0,0.0,0.0
315,2016-02-02,West Ham United,Aston Villa,0.9456,0.0506,0.0038,2,2,25,21,2.379987711086869,2.150433629751205,3,0,2.0,4.0,19.0,0.0,0.0,0,0,5,5,0.1078877989202736,0.1078878007829189,0,1,0.0,0.0,5.0,0.0,0.0
316,2016-02-03,Crystal Palace,Bournemouth,0.484,0.2782,0.2378,1,1,14,10,1.623955005779862,1.4774446710944171,3,0,0.0,3.0,9.0,0.0,2.0,2,1,8,5,1.209934562444687,0.4408175079151988,4,0,2.0,0.0,6.0,0.0,0.0
317,2016-02-03,Manchester United,Stoke City,0.8985,0.0829,0.0186,3,3,15,15,2.452723704278469,2.45272552408278,2,0,0.0,0.0,15.0,0.0,0.0,0,0,10,7,0.3509094985201952,0.2146090008318423,1,0,0.0,2.0,8.0,0.0,0.0
318,2016-02-03,West Bromwich Albion,Swansea City,0.667,0.1986,0.1344,1,0,17,12,2.8794312197715044,1.2931405920535324,0,0,1.0,3.0,12.0,0.0,1.0,1,0,18,12,1.1819114722311497,0.90746259316802,0,0,0.0,3.0,15.0,0.0,0.0
319,2016-02-03,Everton,Newcastle United,0.8645,0.1082,0.0273,3,1,18,10,2.493802711367607,0.6924791038036343,1,0,3.0,1.0,11.0,2.0,1.0,0,0,7,6,0.6262392047792671,0.5995019059628246,2,1,0.0,1.0,6.0,0.0,0.0
320,2016-02-03,Watford,Chelsea,0.1544,0.313,0.5326,0,0,12,10,0.5314149931073188,0.4402701025828716,2,0,1.0,3.0,8.0,0.0,0.0,0,0,12,9,1.137922898866236,1.0366072710603471,1,0,0.0,1.0,11.0,0.0,0.0
321,2016-02-06,Manchester City,Leicester City,0.2193,0.2132,0.5675,1,1,22,17,1.735429008491337,1.2679795892909165,2,0,1.0,7.0,14.0,0.0,0.0,3,3,14,12,2.530761409550905,2.4242930710315704,2,0,0.0,3.0,10.0,0.0,1.0
322,2016-02-06,Newcastle United,West Bromwich Albion,0.8488,0.1166,0.0346,1,1,19,15,2.411138331517577,1.7456979956477878,0,0,0.0,4.0,15.0,0.0,0.0,0,0,7,3,0.4725552974268791,0.2522892989218233,3,0,2.0,1.0,4.0,0.0,0.0
323,2016-02-06,Stoke City,Everton,0.0284,0.0805,0.8911,0,0,12,11,0.6935479994863267,0.6231122985482214,1,0,0.0,1.0,11.0,0.0,0.0,3,1,14,12,3.080829318612814,1.8041724003851412,0,0,0.0,3.0,10.0,1.0,0.0
324,2016-02-06,Tottenham Hotspur,Watford,0.8571,0.1263,0.0166,1,1,25,21,2.004749003797769,1.8378302166238425,0,0,1.0,5.0,17.0,0.0,2.0,0,0,3,2,0.1498393146321177,0.1410138979554175,1,0,0.0,0.0,3.0,0.0,0.0
325,2016-02-06,Swansea City,Crystal Palace,0.4121,0.3042,0.2837,1,0,18,10,1.3243306018412109,0.7084696944802997,1,0,3.0,6.0,9.0,0.0,0.0,1,1,12,10,1.0146508179605005,0.9584884289652106,2,0,0.0,2.0,8.0,0.0,2.0
326,2016-02-06,Aston Villa,Norwich City,0.2751,0.3144,0.4105,1,1,10,8,0.9194727279245852,0.8557134941220282,0,0,1.0,0.0,8.0,0.0,1.0,0,0,13,11,1.150618569925427,0.929042588919401,2,0,0.0,1.0,12.0,0.0,1.0
327,2016-02-06,Liverpool,Sunderland,0.6829,0.2273,0.0898,2,2,16,14,1.577117208391428,1.4899270236492153,1,0,0.0,1.0,15.0,0.0,0.0,2,1,7,6,0.4918423891067503,0.4182434044778345,1,0,2.0,0.0,5.0,0.0,0.0
328,2016-02-06,Southampton,West Ham United,0.3839,0.3199,0.2962,1,1,8,6,1.066423902288079,0.9684708043932913,1,1,0.0,0.0,6.0,0.0,2.0,0,0,18,15,0.9751170743256802,0.812891221605241,2,0,1.0,2.0,13.0,0.0,2.0
329,2016-02-07,Bournemouth,Arsenal,0.171,0.3165,0.5125,0,0,17,12,0.5886737965047356,0.3917248006910081,0,0,0.0,2.0,14.0,0.0,1.0,2,2,10,8,1.139573600143194,0.7440329045057295,1,0,0.0,1.0,9.0,0.0,0.0
330,2016-02-07,Chelsea,Manchester United,0.603,0.2449,0.1521,1,0,16,12,1.7992356559261675,1.1880287956446407,0,0,0.0,3.0,12.0,0.0,1.0,1,1,17,13,0.7804736997932193,0.6651238044723864,3,0,0.0,5.0,12.0,0.0,0.0
331,2016-02-13,Sunderland,Manchester United,0.5111,0.2694,0.2195,1,0,21,12,1.511383986100554,1.0450760908424852,2,0,2.0,5.0,12.0,0.0,2.0,1,0,12,9,0.9254556056112048,0.5017791073769328,3,0,0.0,1.0,12.0,0.0,0.0
332,2016-02-13,Swansea City,Southampton,0.2038,0.3107,0.4855,0,0,13,9,0.6990121025592085,0.646314602345228,0,0,0.0,3.0,9.0,0.0,1.0,1,1,14,12,1.1945236036553977,1.115486606955528,3,0,0.0,1.0,12.0,0.0,1.0
333,2016-02-13,Norwich City,West Ham United,0.4293,0.3326,0.2381,2,0,13,8,1.0585364997386928,0.4016559012234209,2,0,2.0,2.0,9.0,0.0,0.0,2,1,11,6,0.7609925139695402,0.2709821015596388,2,0,1.0,0.0,8.0,0.0,2.0
334,2016-02-13,Everton,West Bromwich Albion,0.5109,0.2919,0.1972,0,0,33,26,1.829115006141364,1.5857078135013576,1,0,0.0,5.0,26.0,0.0,2.0,1,1,5,5,1.1973977461457253,1.197394698858261,4,0,0.0,1.0,2.0,0.0,2.0
335,2016-02-13,Crystal Palace,Watford,0.1024,0.2248,0.6728,1,1,15,9,0.9844887237995856,0.8214549059048293,0,1,2.0,4.0,9.0,0.0,0.0,2,0,10,7,1.9972817189991472,0.6854628138244151,1,0,0.0,0.0,8.0,1.0,1.0
336,2016-02-13,Bournemouth,Stoke City,0.4243,0.3188,0.2569,1,1,11,7,1.199034189805388,1.004328397102654,4,0,0.0,3.0,6.0,0.0,2.0,3,2,11,7,0.92734750919044,0.8056548014283178,2,0,0.0,1.0,9.0,0.0,1.0
337,2016-02-13,Chelsea,Newcastle United,0.8205,0.1398,0.0397,5,4,14,11,2.085804326459765,1.927710048854351,0,0,1.0,2.0,10.0,0.0,1.0,1,1,10,7,0.4408376812934874,0.2776101827621457,2,0,0.0,0.0,9.0,0.0,1.0
338,2016-02-14,Arsenal,Leicester City,0.6167,0.226,0.1573,2,2,24,19,2.3808872699737544,1.9719654768705368,4,0,0.0,5.0,18.0,0.0,1.0,1,0,7,6,1.312463328242302,0.5512935891747472,3,1,0.0,1.0,5.0,1.0,0.0
339,2016-02-14,Aston Villa,Liverpool,0.0134,0.1023,0.8843,0,0,6,5,0.1748682968318462,0.1548766968771814,3,0,0.0,0.0,6.0,0.0,0.0,6,4,11,7,2.0788543876260515,1.2563454993069172,1,0,2.0,2.0,5.0,0.0,2.0
340,2016-02-14,Manchester City,Tottenham Hotspur,0.5529,0.2744,0.1727,1,1,19,12,1.9875908344984048,0.778481816872954,1,0,1.0,4.0,12.0,0.0,2.0,2,1,6,3,1.2351654656231403,0.422895785421133,3,0,0.0,0.0,5.0,1.0,0.0
341,2016-02-27,West Ham United,Sunderland,0.1598,0.3332,0.507,1,0,9,5,0.5238704904913898,0.2587596941739318,1,0,0.0,1.0,8.0,0.0,0.0,0,0,13,9,1.078867187723517,0.7861356390640137,0,0,3.0,1.0,9.0,0.0,0.0
342,2016-02-27,Watford,Bournemouth,0.3398,0.3331,0.3271,0,0,14,8,1.0048129828646777,0.762857101857662,3,0,1.0,0.0,9.0,0.0,4.0,0,0,11,7,0.9552515111863612,0.7636185027658936,1,0,0.0,0.0,9.0,0.0,2.0
343,2016-02-27,Leicester City,Norwich City,0.6639,0.2299,0.1062,1,1,13,11,1.7644982766360044,1.6942517571151254,0,0,1.0,0.0,10.0,0.0,2.0,0,0,9,9,0.8147838907316325,0.8147839950397608,2,0,0.0,2.0,6.0,0.0,1.0
344,2016-02-27,Southampton,Chelsea,0.4643,0.3336,0.2021,1,0,7,6,1.010743210092187,0.6790520772337912,3,0,0.0,2.0,5.0,0.0,0.0,2,2,16,14,0.6310356929898259,0.5964610874652858,1,0,0.0,4.0,12.0,0.0,0.0
345,2016-02-27,Stoke City,Aston Villa,0.8681,0.1145,0.0174,2,1,11,8,2.0404701558873053,1.1765615185722706,0,0,1.0,5.0,4.0,1.0,0.0,1,1,5,3,0.4143428178504107,0.3393545150756835,3,0,0.0,0.0,5.0,0.0,0.0
346,2016-02-27,West Bromwich Albion,Crystal Palace,0.6115,0.2385,0.15,3,2,11,7,2.2817074060440063,1.528366021811962,2,0,1.0,0.0,8.0,0.0,2.0,2,1,15,8,1.2199806980788706,0.9341744128614662,2,0,1.0,3.0,6.0,0.0,5.0
347,2016-02-28,Tottenham Hotspur,Swansea City,0.8519,0.0974,0.0507,2,1,34,23,3.638014826923609,2.976166092790663,2,0,3.0,5.0,25.0,0.0,1.0,1,1,10,7,1.249376205727458,1.1348224971443412,3,0,2.0,3.0,4.0,0.0,1.0
348,2016-02-28,Manchester United,Arsenal,0.2349,0.2833,0.4818,3,2,7,3,1.0952236242592333,0.5168168880045413,4,0,1.0,0.0,5.0,0.0,1.0,2,1,13,8,1.580471310764551,1.3109279870986938,3,0,1.0,1.0,7.0,0.0,4.0
349,2016-03-01,Aston Villa,Everton,0.0406,0.1041,0.8553,1,1,14,12,0.6017704010009761,0.5223526973277327,3,0,0.0,4.0,9.0,0.0,1.0,3,3,10,10,2.636678490787744,2.636677525937557,1,0,0.0,5.0,5.0,0.0,0.0
350,2016-03-01,Bournemouth,Southampton,0.4826,0.3075,0.2099,2,1,9,6,1.412284425459802,0.6985500827431678,0,0,1.0,0.0,6.0,0.0,2.0,0,0,6,6,0.954161789268255,0.954161789268255,0,0,0.0,0.0,6.0,0.0,0.0
351,2016-03-01,Leicester City,West Bromwich Albion,0.7895,0.1435,0.067,1,1,22,14,3.0552646592259407,2.04746254812926,0,0,0.0,8.0,13.0,0.0,1.0,2,1,11,9,1.363491142168641,1.1956873722374437,2,0,2.0,4.0,6.0,0.0,0.0
352,2016-03-01,Sunderland,Crystal Palace,0.3515,0.3282,0.3203,2,2,17,13,0.9366138186305758,0.8301934152841566,1,0,0.0,1.0,15.0,0.0,1.0,2,1,13,11,0.8874477818608282,0.7505725026130674,1,0,0.0,3.0,8.0,0.0,2.0
353,2016-03-01,Norwich City,Chelsea,0.4305,0.3041,0.2654,1,1,13,11,1.2425078181549905,1.1881615836173296,3,0,0.0,0.0,13.0,0.0,0.0,2,2,10,10,0.980988088995218,0.9809883907437322,2,0,0.0,2.0,8.0,0.0,0.0
354,2016-03-02,West Ham United,Tottenham Hotspur,0.199,0.2961,0.5049,1,1,14,11,0.7843182906508444,0.7048298977315425,0,0,1.0,2.0,9.0,0.0,2.0,0,0,9,8,1.235970750451088,0.5547587163746355,3,0,0.0,0.0,9.0,0.0,0.0
355,2016-03-02,Arsenal,Swansea City,0.2983,0.2716,0.4301,1,1,17,14,1.495208376087248,1.3911095112562175,0,0,1.0,4.0,12.0,0.0,0.0,2,1,11,9,1.6978821679949758,1.039566770195961,2,0,0.0,1.0,9.0,0.0,1.0
356,2016-03-02,Stoke City,Newcastle United,0.2002,0.614,0.1858,1,1,9,9,0.2983180023729798,0.2983180955052373,1,0,0.0,1.0,8.0,0.0,0.0,0,0,5,4,0.270781699568033,0.2235538028180597,0,0,0.0,0.0,4.0,0.0,1.0
357,2016-03-03,Liverpool,Manchester City,0.6854,0.2704,0.0442,3,3,11,9,1.167809724807739,1.0787720680236814,0,0,1.0,0.0,10.0,0.0,0.0,0,0,4,4,0.1803174940869209,0.1803182950243353,1,0,0.0,0.0,2.0,0.0,2.0
358,2016-03-03,Manchester United,Watford,0.0969,0.1716,0.7315,1,0,14,10,0.7862780038267371,0.5652054995298383,1,0,2.0,2.0,9.0,0.0,1.0,0,0,13,9,2.164836567826569,0.9849153831601142,2,0,0.0,2.0,9.0,0.0,2.0
359,2016-03-05,Tottenham Hotspur,Arsenal,0.7353,0.1861,0.0786,2,2,26,19,1.8837791979312892,1.58555537648499,2,0,2.0,4.0,19.0,0.0,1.0,2,2,10,7,0.5431570094078778,0.4370348919183014,2,1,1.0,0.0,9.0,0.0,0.0
360,2016-03-05,Southampton,Sunderland,0.4147,0.2789,0.3064,1,1,16,11,1.5521150119602678,1.3328447192907331,2,1,1.0,1.0,14.0,0.0,0.0,1,1,11,8,1.3156162053346632,1.166680736467242,1,0,1.0,0.0,7.0,0.0,3.0
361,2016-03-05,Swansea City,Norwich City,0.2762,0.4246,0.2992,1,1,10,8,0.551285909488797,0.4135446008294818,2,0,1.0,0.0,8.0,0.0,1.0,0,0,8,6,0.5801257006824014,0.4820196889340876,5,0,0.0,0.0,7.0,0.0,1.0
362,2016-03-05,Chelsea,Stoke City,0.2301,0.2578,0.5121,1,1,20,17,1.07045629248023,0.9415188021957872,1,0,1.0,2.0,16.0,0.0,1.0,1,0,17,14,1.603200295940041,1.3335920106619592,2,0,0.0,2.0,14.0,0.0,1.0
363,2016-03-05,Everton,West Ham United,0.2512,0.2213,0.5275,2,2,15,8,2.0902513712644573,0.6749898027628657,2,1,1.0,5.0,8.0,1.0,0.0,3,3,17,14,2.720904639922082,2.5369798373430963,3,0,1.0,2.0,12.0,0.0,2.0
364,2016-03-05,Manchester City,Aston Villa,0.9594,0.0378,0.0028,4,3,22,20,2.832705587148666,1.954452825710177,0,0,0.0,5.0,14.0,1.0,2.0,0,0,2,1,0.1211358979344367,0.0743594989180564,1,0,0.0,0.0,2.0,0.0,0.0
365,2016-03-05,Newcastle United,Bournemouth,0.2406,0.2977,0.4617,1,1,14,12,0.833931295201182,0.7591834925115104,1,0,0.0,1.0,14.0,0.0,0.0,2,2,16,14,1.2685345932841297,1.1461603157222269,3,0,0.0,4.0,12.0,0.0,0.0
366,2016-03-05,Watford,Leicester City,0.1857,0.2834,0.5309,0,0,11,8,0.8363501001149412,0.71245701611042,2,0,0.0,0.0,10.0,0.0,1.0,1,0,14,10,1.4704213868826623,1.2932335287332533,2,0,0.0,3.0,9.0,0.0,2.0
367,2016-03-06,Crystal Palace,Liverpool,0.1751,0.2328,0.5921,1,0,14,8,1.4479442285373805,0.8067885078489777,1,0,0.0,4.0,8.0,0.0,2.0,2,0,19,13,2.2708682930096984,0.9456954132765528,2,1,1.0,2.0,15.0,1.0,0.0
368,2016-03-06,West Bromwich Albion,Manchester United,0.3171,0.4628,0.2201,1,1,9,9,0.5657871048897503,0.565786588937044,1,0,0.0,1.0,8.0,0.0,0.0,0,0,7,4,0.4176218993961809,0.1653004027903079,0,1,1.0,0.0,6.0,0.0,0.0
369,2016-03-12,Norwich City,Manchester City,0.0732,0.5371,0.3897,0,0,5,4,0.1397430012002585,0.1260612010955809,3,0,0.0,2.0,3.0,0.0,0.0,0,0,15,9,0.5573726007714865,0.2472984036430713,1,0,2.0,3.0,9.0,0.0,1.0
370,2016-03-12,Stoke City,Southampton,0.4052,0.3218,0.273,1,1,13,10,1.066759094595909,0.9186720997095108,1,0,1.0,1.0,11.0,0.0,0.0,2,2,11,9,0.8749660067260262,0.756006099283695,2,1,2.0,1.0,8.0,0.0,0.0
371,2016-03-12,Bournemouth,Swansea City,0.2141,0.3125,0.4734,3,2,12,9,0.7075595948845146,0.6103344969451425,1,0,0.0,2.0,8.0,0.0,2.0,2,1,13,9,1.1008400814607735,0.941376397386193,0,0,0.0,3.0,8.0,0.0,2.0
372,2016-03-13,Aston Villa,Tottenham Hotspur,0.3505,0.2544,0.3951,0,0,12,7,1.9613019749522207,1.1583149842917917,0,0,0.0,3.0,8.0,0.0,1.0,2,2,19,15,2.003040349110961,1.804200110957026,0,0,0.0,0.0,18.0,0.0,1.0
373,2016-03-14,Leicester City,Newcastle United,0.4128,0.3765,0.2107,1,1,10,9,0.8467708081007002,0.6102170925587415,0,0,1.0,2.0,6.0,0.0,1.0,0,0,12,10,0.5201372294686731,0.3779127420857545,0,0,0.0,1.0,11.0,0.0,0.0
374,2016-03-19,Everton,Arsenal,0.0621,0.1765,0.7614,0,0,8,5,0.5861705932766195,0.5029696151614187,0,0,0.0,4.0,4.0,0.0,0.0,2,2,11,8,1.92383748665452,1.7981743179261682,0,0,0.0,1.0,10.0,0.0,0.0
375,2016-03-19,Crystal Palace,Leicester City,0.2303,0.3048,0.4649,0,0,13,12,0.7843385022133585,0.7495925985276697,1,0,0.0,2.0,10.0,0.0,1.0,1,1,8,7,1.2031533010303974,1.1690140068531034,1,0,0.0,1.0,7.0,0.0,0.0
376,2016-03-19,Chelsea,West Ham United,0.7106,0.188,0.1014,2,0,22,14,2.1460913084447384,0.97919200733304,3,0,2.0,4.0,12.0,1.0,3.0,2,1,13,9,0.8628276046365497,0.7237481111660597,5,0,1.0,4.0,8.0,0.0,0.0
377,2016-03-19,Watford,Stoke City,0.1641,0.2743,0.5616,1,1,9,6,0.8794618882238863,0.7442186810076235,3,0,0.0,1.0,7.0,0.0,1.0,2,2,9,8,1.5814511626958847,1.1238240897655487,1,0,0.0,0.0,9.0,0.0,0.0
378,2016-03-19,West Bromwich Albion,Norwich City,0.1296,0.3914,0.479,0,0,10,8,0.3327895905822512,0.2418481018394229,1,0,0.0,1.0,9.0,0.0,0.0,1,1,7,6,0.7992551103234291,0.6963383965194225,2,0,1.0,1.0,5.0,0.0,0.0
379,2016-03-19,Swansea City,Aston Villa,0.2134,0.4131,0.3735,1,1,10,7,0.4904689006507394,0.4146213009953497,3,0,1.0,1.0,5.0,0.0,3.0,0,0,12,7,0.7308286987245081,0.5057179965078828,2,0,0.0,3.0,7.0,0.0,2.0
380,2016-03-20,Southampton,Liverpool,0.4416,0.28,0.2784,3,3,16,13,1.7979316050186749,0.6922821998596189,1,0,1.0,1.0,12.0,1.0,1.0,2,2,17,12,1.3044534921646116,1.0350746959447858,3,0,0.0,2.0,15.0,0.0,0.0
381,2016-03-20,Newcastle United,Sunderland,0.3775,0.34,0.2825,1,1,17,13,0.9480437915772196,0.6868552975356577,4,0,1.0,2.0,14.0,0.0,0.0,1,0,14,10,0.7876366917043922,0.5440827943384645,1,0,1.0,3.0,9.0,0.0,1.0
382,2016-03-20,Manchester City,Manchester United,0.6074,0.2416,0.151,0,0,26,22,1.8624891024082897,1.6631719060242174,1,0,0.0,7.0,16.0,0.0,3.0,1,1,5,5,0.9003123715519904,0.9003124013543127,1,0,0.0,0.0,5.0,0.0,0.0
383,2016-03-20,Tottenham Hotspur,Bournemouth,0.894,0.0965,0.0095,3,2,17,13,2.0382679924368854,1.3986667953431602,0,0,0.0,1.0,16.0,0.0,0.0,0,0,2,2,0.1203659027814864,0.1203659027814864,1,0,0.0,0.0,1.0,0.0,1.0
384,2016-04-02,Aston Villa,Chelsea,0.0442,0.1162,0.8396,0,0,15,11,0.7253984035924073,0.594349599443376,4,1,1.0,2.0,11.0,0.0,1.0,4,2,11,6,2.524382598698139,1.0224224925041197,1,0,1.0,1.0,8.0,1.0,0.0
385,2016-04-02,Arsenal,Watford,0.9558,0.0384,0.0058,4,2,19,14,3.230456370860338,2.1083568911999464,1,0,1.0,1.0,17.0,0.0,0.0,0,0,7,6,0.2906188033521172,0.2319971956312654,1,0,0.0,1.0,3.0,0.0,3.0
386,2016-04-02,Bournemouth,Manchester City,0.4982,0.2815,0.2203,0,0,11,7,1.3239020910114048,0.933214586228132,0,0,0.0,2.0,7.0,0.0,2.0,4,3,15,13,0.8683039862662552,0.7896672915667293,1,0,0.0,2.0,13.0,0.0,0.0
387,2016-04-02,Norwich City,Newcastle United,0.4074,0.2903,0.3023,3,3,13,12,1.6521623153239486,1.6372936908155675,0,0,0.0,1.0,10.0,0.0,2.0,2,1,13,12,1.4683511201292276,0.7071848865598438,0,0,0.0,2.0,10.0,1.0,0.0
388,2016-04-02,Stoke City,Swansea City,0.6017,0.289,0.1093,2,2,12,8,1.17597721517086,1.0650044810026884,0,0,1.0,1.0,9.0,0.0,1.0,2,2,12,10,0.4319004956632849,0.3824419006705282,1,0,0.0,2.0,10.0,0.0,0.0
389,2016-04-02,Sunderland,West Bromwich Albion,0.7948,0.1948,0.0104,0,0,22,17,1.5509865786880253,1.3267267085611818,1,0,1.0,2.0,19.0,0.0,0.0,0,0,3,2,0.0637913988903164,0.0510769989341497,2,0,0.0,1.0,2.0,0.0,0.0
390,2016-04-02,West Ham United,Crystal Palace,0.372,0.2703,0.3577,2,0,18,14,1.7152497880160806,1.0867332443594933,2,1,2.0,4.0,12.0,0.0,0.0,2,0,12,6,1.662076115608215,0.7313360087573526,2,0,0.0,5.0,6.0,0.0,1.0
391,2016-04-02,Liverpool,Tottenham Hotspur,0.3938,0.2732,0.333,1,1,15,10,1.3847836907953022,1.2013937048614023,2,0,0.0,3.0,11.0,0.0,1.0,1,1,18,14,1.2357875052839515,1.1230448000133035,0,0,1.0,2.0,15.0,0.0,0.0
392,2016-04-03,Leicester City,Southampton,0.5671,0.2844,0.1485,1,1,11,9,1.3870117943733926,1.281490985304117,2,0,0.0,2.0,7.0,0.0,2.0,0,0,10,8,0.6713064834475515,0.6329478956758975,2,0,0.0,3.0,7.0,0.0,0.0
393,2016-04-03,Manchester United,Everton,0.4179,0.3492,0.2329,1,1,10,9,0.9986913921311495,0.9711031857877966,2,0,0.0,2.0,8.0,0.0,0.0,0,0,7,4,0.7556259855628011,0.5333849862217902,0,0,1.0,3.0,2.0,0.0,1.0
394,2016-04-09,West Ham United,Arsenal,0.2672,0.2662,0.4666,3,2,19,17,1.1193986851721998,0.9875804968178272,2,0,0.0,5.0,13.0,0.0,1.0,3,3,11,10,1.469662500545382,1.4147667102515695,0,0,0.0,3.0,8.0,0.0,0.0
395,2016-04-09,Watford,Everton,0.0705,0.2082,0.7213,0,0,13,9,0.4098251946270463,0.2416753005236382,2,0,2.0,4.0,5.0,0.0,2.0,1,0,12,7,1.6313491985201831,0.6494579091668128,1,0,1.0,2.0,9.0,0.0,1.0
396,2016-04-09,Southampton,Newcastle United,0.8328,0.1432,0.024,3,2,20,17,1.834781479090452,1.6678295396268366,0,0,0.0,7.0,13.0,0.0,0.0,1,1,5,4,0.1659820517525075,0.1597168035805224,0,0,0.0,0.0,5.0,0.0,0.0
397,2016-04-09,Swansea City,Chelsea,0.5249,0.2659,0.2092,1,0,12,7,1.9088060744106763,1.676859214901924,5,0,0.0,0.0,11.0,0.0,1.0,0,0,8,5,1.335487999022007,0.8350694999098777,4,0,0.0,1.0,7.0,0.0,0.0
398,2016-04-09,Aston Villa,Bournemouth,0.0717,0.3483,0.58,1,1,6,6,0.2208716999739406,0.2054959014058112,2,0,0.0,2.0,4.0,0.0,0.0,2,1,12,7,1.003796896897256,0.5007303897291421,2,0,1.0,5.0,4.0,0.0,2.0
399,2016-04-09,Crystal Palace,Norwich City,0.592,0.2654,0.1426,1,1,13,12,1.4665562799200411,1.4203399876132603,2,0,0.0,7.0,6.0,0.0,0.0,0,0,13,9,0.6756633063778278,0.4364423025399443,1,0,0.0,0.0,12.0,0.0,1.0
400,2016-04-09,Manchester City,West Bromwich Albion,0.6542,0.2287,0.1171,2,0,13,11,2.1778075583279133,0.6121880970895287,0,0,0.0,1.0,10.0,1.0,1.0,1,1,13,8,1.112801406532526,0.3292306959629056,1,0,2.0,1.0,8.0,0.0,2.0
401,2016-04-10,Sunderland,Leicester City,0.0576,0.1406,0.8018,0,0,15,13,0.8742796080186959,0.7994981026276942,1,0,0.0,1.0,13.0,0.0,1.0,2,2,16,14,2.6007268093526363,2.5746622066944838,1,0,0.0,3.0,12.0,0.0,1.0
402,2016-04-10,Tottenham Hotspur,Manchester United,0.7806,0.1721,0.0473,3,3,16,13,1.796466279774904,1.6925856927409766,3,0,0.0,2.0,12.0,0.0,2.0,0,0,5,4,0.3412377974018453,0.2658323934301733,3,0,0.0,0.0,5.0,0.0,0.0
403,2016-04-10,Liverpool,Stoke City,0.7428,0.1704,0.0868,4,4,14,12,2.2148314341902733,2.1586842052638526,0,0,0.0,2.0,10.0,0.0,2.0,1,1,11,9,0.8550804024562237,0.7867221804335712,2,0,1.0,0.0,7.0,0.0,3.0
404,2016-04-13,Crystal Palace,Everton,0.5854,0.2516,0.163,0,0,19,16,1.5911794956773515,1.3983825147151945,0,0,0.0,2.0,16.0,0.0,1.0,0,0,9,6,0.7592691015452143,0.6866721790283917,1,1,0.0,1.0,8.0,0.0,0.0
405,2016-04-16,Norwich City,Sunderland,0.1464,0.228,0.6256,0,0,19,13,1.0926317935809489,0.8994190767407413,2,0,0.0,4.0,10.0,0.0,5.0,3,2,8,6,1.997475804761052,1.1771407015621662,2,0,1.0,0.0,5.0,1.0,1.0
406,2016-04-16,Manchester United,Aston Villa,0.6032,0.3146,0.0822,1,1,13,11,1.0912693217396734,1.0024267025291915,0,0,2.0,5.0,4.0,0.0,2.0,0,0,7,5,0.2624267982318994,0.2049026982858775,1,0,0.0,2.0,4.0,0.0,1.0
407,2016-04-16,Everton,Southampton,0.0721,0.2592,0.6687,1,0,7,5,0.319669298827648,0.2000016979873178,1,0,1.0,2.0,4.0,0.0,0.0,1,1,18,14,1.3926642984151836,1.204894423484802,1,0,1.0,4.0,13.0,0.0,0.0
408,2016-04-16,Newcastle United,Swansea City,0.5735,0.2656,0.1609,3,2,12,10,1.5335435308516023,1.0025118105113504,2,0,0.0,3.0,9.0,0.0,0.0,0,0,11,9,0.787081306800246,0.7051056101918218,1,0,0.0,3.0,7.0,0.0,1.0
409,2016-04-16,West Bromwich Albion,Watford,0.8984,0.0836,0.018,0,0,17,13,2.347815826535225,0.7184152007102963,0,0,2.0,1.0,10.0,2.0,2.0,1,1,11,10,0.3648517988622185,0.3454344011843202,3,0,0.0,2.0,9.0,0.0,0.0
410,2016-04-16,Chelsea,Manchester City,0.0231,0.081,0.8959,0,0,11,9,0.4877149965614076,0.3541455995291468,2,1,1.0,1.0,9.0,0.0,0.0,3,1,11,9,2.6276797130703926,1.7193292565643783,3,0,1.0,0.0,9.0,1.0,0.0
411,2016-04-17,Leicester City,West Ham United,0.4751,0.2838,0.2411,2,1,6,6,1.9529650658369064,1.1917930990457537,1,1,0.0,0.0,4.0,1.0,1.0,2,0,19,14,1.5699545070528982,0.6338438969105479,3,0,1.0,2.0,13.0,1.0,2.0
412,2016-04-17,Bournemouth,Liverpool,0.1384,0.2284,0.6332,1,1,18,16,0.8642842210829254,0.8017031140625472,0,0,0.0,3.0,13.0,0.0,2.0,2,1,19,13,1.90219022333622,1.0078096166253088,0,0,0.0,1.0,17.0,0.0,1.0
413,2016-04-17,Arsenal,Crystal Palace,0.7641,0.1886,0.0473,1,1,21,16,1.734614439308643,1.4896945133805273,0,0,2.0,5.0,10.0,0.0,4.0,1,1,7,7,0.2758057918399569,0.2758062053471802,2,0,0.0,2.0,4.0,0.0,1.0
414,2016-04-18,Stoke City,Tottenham Hotspur,0.0203,0.0793,0.9004,0,0,12,9,0.4583755005151031,0.3471280075609683,2,0,0.0,0.0,11.0,0.0,1.0,4,4,23,16,2.8982659615576263,1.9501137584447856,0,0,0.0,1.0,21.0,0.0,1.0
415,2016-04-19,Newcastle United,Manchester City,0.2521,0.4631,0.2848,1,1,5,2,0.4698817022144791,0.0694710016250609,3,0,0.0,0.0,5.0,0.0,0.0,1,1,9,5,0.5220431108027693,0.369715007022023,2,0,0.0,2.0,4.0,0.0,3.0
416,2016-04-20,West Ham United,Watford,0.9281,0.055,0.0169,3,1,18,12,3.962940430268645,2.235981812700629,0,0,1.0,2.0,11.0,2.0,2.0,1,1,7,5,1.2233309037983415,0.4480121014639733,2,1,0.0,0.0,4.0,1.0,2.0
417,2016-04-20,Manchester United,Crystal Palace,0.8173,0.1625,0.0202,1,0,16,9,1.7130310758948324,0.9774598721414802,1,0,0.0,4.0,12.0,0.0,0.0,0,0,5,3,0.1374162025749682,0.075457179918885,2,0,1.0,1.0,4.0,0.0,0.0
418,2016-04-20,Liverpool,Everton,0.9664,0.0314,0.0022,4,4,37,32,3.24822237342596,3.0070157898589964,1,0,1.0,8.0,26.0,0.0,2.0,0,0,3,2,0.0886328984051942,0.0425342991948127,1,1,0.0,0.0,3.0,0.0,0.0
419,2016-04-21,Arsenal,West Bromwich Albion,0.4846,0.305,0.2104,2,1,16,14,1.373478794470429,1.1986795887351032,0,0,1.0,1.0,14.0,0.0,0.0,0,0,8,6,0.8397425273433325,0.8186584804207084,1,0,0.0,2.0,5.0,0.0,1.0
420,2016-04-23,Manchester City,Stoke City,0.6826,0.1953,0.1221,4,3,11,9,2.224821027368307,1.447795521467924,0,0,0.0,3.0,7.0,1.0,0.0,0,0,14,7,1.0936807990074155,0.7683007875457404,0,0,3.0,2.0,9.0,0.0,0.0
421,2016-04-23,Aston Villa,Southampton,0.0697,0.1061,0.8242,2,1,16,11,1.48216613382101,1.1676649954169984,2,0,1.0,5.0,9.0,0.0,1.0,4,4,17,13,3.669077094644308,2.607663422822952,0,0,1.0,2.0,13.0,0.0,1.0
422,2016-04-23,Bournemouth,Chelsea,0.0702,0.1646,0.7652,1,1,13,10,0.5750871095806358,0.5050784107297654,1,0,0.0,5.0,8.0,0.0,0.0,4,4,16,12,2.0727811008691788,1.874253112822771,0,0,1.0,1.0,14.0,0.0,0.0
423,2016-04-23,Liverpool,Newcastle United,0.4419,0.4427,0.1154,2,2,13,9,0.7128815166652199,0.5636148005723949,1,0,0.0,2.0,9.0,0.0,2.0,2,2,6,5,0.2530327010899778,0.2133252024650573,1,0,0.0,0.0,5.0,0.0,1.0
424,2016-04-24,Sunderland,Arsenal,0.2275,0.345,0.4275,0,0,12,4,0.6182939950376747,0.2285510059446095,2,0,1.0,3.0,8.0,0.0,0.0,0,0,20,16,0.9730306081473824,0.7066028136759994,4,0,1.0,5.0,14.0,0.0,0.0
425,2016-04-24,Leicester City,Swansea City,0.9598,0.0341,0.0061,4,2,18,10,3.846612833440304,2.4777956418693066,1,0,1.0,2.0,14.0,0.0,1.0,0,0,9,7,0.5764572639018294,0.5231088511645792,2,0,1.0,1.0,6.0,0.0,1.0
426,2016-04-25,Tottenham Hotspur,West Bromwich Albion,0.4449,0.3018,0.2533,0,0,18,12,1.270316388458013,0.9714809991419314,0,0,3.0,3.0,11.0,0.0,1.0,1,1,16,10,0.8973155096173284,0.7067757034674285,1,0,1.0,4.0,11.0,0.0,1.0
427,2016-04-30,Stoke City,Sunderland,0.1341,0.2734,0.5925,1,1,11,7,0.6848690100014208,0.5716968961060045,2,0,1.0,0.0,9.0,0.0,1.0,1,0,14,11,1.4326722770929332,0.612663988023996,2,0,1.0,4.0,6.0,1.0,2.0
428,2016-04-30,Newcastle United,Crystal Palace,0.1357,0.3261,0.5382,1,0,10,9,0.5340699274092908,0.4906605277210472,2,0,1.0,0.0,9.0,0.0,0.0,0,0,9,4,1.0525934211909769,0.203610898926854,0,0,0.0,3.0,5.0,1.0,0.0
429,2016-04-30,Everton,Bournemouth,0.2267,0.2866,0.4867,2,2,12,12,0.9528094828128812,0.9528096076101062,1,0,0.0,1.0,11.0,0.0,0.0,1,1,16,14,1.4283754946663971,1.3333494830876589,0,0,1.0,1.0,14.0,0.0,0.0
430,2016-04-30,Watford,Aston Villa,0.5973,0.2809,0.1218,3,1,18,11,1.366953806020319,0.9976969026029108,2,0,2.0,3.0,12.0,0.0,1.0,2,2,7,6,0.4917923994362353,0.4759212061762808,3,1,0.0,1.0,5.0,0.0,1.0
431,2016-04-30,West Bromwich Albion,West Ham United,0.4153,0.3091,0.2756,0,0,15,9,1.721452639438212,1.1082885907962914,0,0,1.0,4.0,10.0,0.0,0.0,3,3,8,8,1.2718302123248575,1.261716110631823,0,0,0.0,1.0,7.0,0.0,0.0
432,2016-04-30,Arsenal,Norwich City,0.3665,0.392,0.2415,1,1,14,12,0.7815081952139733,0.6965147964656351,1,0,0.0,2.0,11.0,0.0,1.0,0,0,12,7,0.5787819996476172,0.2998025082051751,0,0,1.0,2.0,8.0,0.0,1.0
433,2016-05-01,Swansea City,Liverpool,0.7697,0.1641,0.0662,3,1,18,12,2.342814391478896,1.958428669720888,2,0,0.0,3.0,13.0,0.0,2.0,1,1,11,9,0.77618639729917,0.7095949985086916,2,1,1.0,3.0,7.0,0.0,0.0
434,2016-05-01,Manchester United,Leicester City,0.3522,0.287,0.3608,1,1,21,13,1.1852973792701955,0.7772871218621729,3,0,3.0,2.0,15.0,0.0,1.0,1,1,14,13,1.166219791397452,1.14872801117599,0,1,0.0,4.0,6.0,0.0,4.0
435,2016-05-01,Southampton,Manchester City,0.814,0.1401,0.0459,4,4,14,12,2.9604796022176743,2.8713041990995407,2,0,0.0,5.0,9.0,0.0,0.0,2,1,6,4,1.1271930243819952,0.6200462970882653,1,0,0.0,0.0,6.0,0.0,0.0
436,2016-05-02,Chelsea,Tottenham Hotspur,0.1027,0.2163,0.681,2,2,13,11,0.8166109826415774,0.7743083015084264,3,0,0.0,3.0,8.0,0.0,2.0,2,2,16,12,1.9101374521851535,1.773369628936052,9,0,1.0,2.0,13.0,0.0,0.0
437,2016-05-07,Norwich City,Manchester United,0.3319,0.2787,0.3894,0,0,8,7,1.36824731528759,1.308505296707153,1,0,0.0,1.0,5.0,0.0,2.0,1,1,15,12,1.4834398869425054,1.3197829779237509,0,0,2.0,3.0,10.0,0.0,0.0
438,2016-05-07,Crystal Palace,Stoke City,0.3608,0.2966,0.3426,2,1,17,12,1.3144788108766077,1.1407955763861537,2,0,2.0,1.0,13.0,0.0,1.0,1,1,12,8,1.2776635158807037,0.8234210200607774,3,0,1.0,3.0,8.0,0.0,0.0
439,2016-05-07,West Ham United,Swansea City,0.3543,0.257,0.3887,0,0,25,19,2.8282129280269146,2.006694931536913,3,0,2.0,6.0,17.0,0.0,0.0,4,4,13,11,2.4850027970969677,2.2112811282277103,0,0,0.0,2.0,12.0,0.0,0.0
440,2016-05-07,Aston Villa,Newcastle United,0.0097,0.2869,0.7034,0,0,2,1,0.0312154004350304,0.0122100999578833,1,0,0.0,0.0,1.0,0.0,1.0,0,0,9,7,1.0962631925940514,0.9381763972342012,1,0,1.0,0.0,7.0,0.0,1.0
441,2016-05-07,Bournemouth,West Bromwich Albion,0.1747,0.3058,0.5195,1,0,12,7,0.8168763015419241,0.1965750046074389,2,0,1.0,1.0,10.0,0.0,0.0,1,1,12,10,1.3445059955120084,0.4851920902729032,1,0,0.0,0.0,11.0,1.0,0.0
442,2016-05-07,Sunderland,Chelsea,0.1323,0.2196,0.6481,3,1,14,8,0.7738767061382529,0.4672981947660443,4,0,2.0,1.0,9.0,0.0,2.0,2,1,9,6,1.7767690271139145,1.2791929915547369,1,1,2.0,0.0,7.0,0.0,0.0
443,2016-05-07,Leicester City,Everton,0.9249,0.0535,0.0216,3,1,32,23,4.511567324399948,2.27195480838418,0,0,2.0,11.0,16.0,2.0,1.0,1,1,9,7,1.301843398250639,1.2190812164917586,3,0,0.0,2.0,7.0,0.0,0.0
444,2016-05-08,Tottenham Hotspur,Southampton,0.6943,0.1938,0.1119,1,1,20,13,2.5611033039167523,1.875951653346419,0,0,1.0,5.0,13.0,0.0,1.0,2,2,10,8,1.308449730277061,1.2719817273318763,3,0,0.0,0.0,10.0,0.0,0.0
445,2016-05-08,Liverpool,Watford,0.7358,0.1675,0.0967,2,2,19,16,2.447284635156393,2.338371455669403,1,0,1.0,2.0,13.0,0.0,3.0,0,0,14,9,0.936693659983575,0.6187770031392572,2,0,1.0,4.0,9.0,0.0,0.0
446,2016-05-08,Manchester City,Arsenal,0.2304,0.3122,0.4574,2,1,14,10,0.7537500113248823,0.5213370081037281,2,0,1.0,2.0,11.0,0.0,0.0,2,2,5,4,1.0808345973491666,1.049696609377861,1,0,0.0,1.0,4.0,0.0,0.0
447,2016-05-10,West Ham United,Manchester United,0.7557,0.1832,0.0611,3,3,20,16,2.134471921250224,1.9347535856068128,1,0,2.0,5.0,8.0,0.0,5.0,2,2,3,3,0.6359873991459608,0.6359868105500937,3,0,0.0,0.0,3.0,0.0,0.0
448,2016-05-11,Norwich City,Watford,0.5392,0.2364,0.2244,3,2,18,11,2.46959713473916,1.5239150859415531,2,0,1.0,3.0,14.0,0.0,0.0,2,1,12,9,1.77119152341038,1.1096111126244066,3,0,1.0,0.0,12.0,0.0,0.0
449,2016-05-11,Sunderland,Everton,0.7137,0.1909,0.0954,3,1,14,11,2.448869589716196,1.4320802111178637,1,0,1.0,4.0,8.0,0.0,1.0,0,0,17,14,1.1656288960948584,1.0642906827852123,0,0,0.0,4.0,11.0,0.0,2.0
450,2016-05-11,Liverpool,Chelsea,0.6351,0.2204,0.1445,1,0,28,19,1.8435734156519168,1.1416420713067053,3,0,2.0,5.0,20.0,0.0,1.0,1,1,13,12,0.812267913483083,0.7981138005852696,1,0,0.0,0.0,11.0,0.0,2.0
451,2016-05-15,Arsenal,Aston Villa,0.9677,0.0283,0.004,3,3,16,15,3.4020685851573944,2.843423515558243,0,0,1.0,0.0,14.0,0.0,1.0,0,0,5,5,0.2227306999266146,0.2227308005094527,1,0,0.0,1.0,5.0,0.0,0.0
452,2016-05-15,Chelsea,Leicester City,0.5337,0.254,0.2123,1,0,17,14,1.8606509175151584,0.908181183040142,0,0,1.0,1.0,14.0,1.0,0.0,1,1,18,13,1.2349082967266436,1.0739156901836393,0,0,0.0,2.0,16.0,0.0,0.0
453,2016-05-15,Everton,Norwich City,0.8762,0.0991,0.0247,3,0,15,10,2.4077481292188168,0.9841427020728588,0,0,2.0,0.0,12.0,1.0,0.0,0,0,11,10,0.4301598872989411,0.4159582033753393,0,0,0.0,5.0,6.0,0.0,0.0
454,2016-05-15,Newcastle United,Tottenham Hotspur,0.7615,0.1586,0.0799,5,4,19,15,2.4389450103044505,1.605484090745449,1,1,0.0,2.0,15.0,1.0,1.0,1,1,18,15,0.8690818939357994,0.7145763970911498,2,0,1.0,3.0,14.0,0.0,0.0
455,2016-05-15,Southampton,Crystal Palace,0.6471,0.2062,0.1467,4,2,19,13,2.322778668254613,1.211765486747026,1,0,2.0,0.0,15.0,1.0,1.0,1,0,16,8,1.253189074806869,0.9033759012818334,2,0,0.0,4.0,12.0,0.0,0.0
456,2016-05-15,Stoke City,West Ham United,0.0079,0.0486,0.9435,2,1,7,6,0.288736247923225,0.2556122019886969,3,0,0.0,1.0,6.0,0.0,0.0,1,1,20,18,2.954039775766432,2.1818072339519854,1,0,0.0,7.0,11.0,0.0,2.0
457,2016-05-15,Swansea City,Manchester City,0.0059,0.0703,0.9238,1,0,4,2,0.1156035987660288,0.0478587001562118,1,0,1.0,1.0,2.0,0.0,0.0,1,0,18,14,2.392943477258086,1.5179630052298307,3,0,0.0,1.0,17.0,0.0,0.0
458,2016-05-15,Watford,Sunderland,0.6536,0.2276,0.1188,2,1,20,14,1.9537567952647803,1.0397435948252678,1,0,0.0,5.0,14.0,1.0,0.0,2,2,6,5,0.90881609916687,0.8097395803779361,0,0,0.0,0.0,6.0,0.0,0.0
459,2016-05-15,West Bromwich Albion,Liverpool,0.81,0.1498,0.0402,1,1,13,8,1.8889068821445107,1.1345585007220504,3,0,0.0,5.0,6.0,0.0,2.0,1,1,7,6,0.4198772013187407,0.3251422932371495,1,0,1.0,0.0,6.0,0.0,0.0
460,2016-05-17,Manchester United,Bournemouth,0.7221,0.2007,0.0772,3,3,12,11,1.7210874427109952,1.5977371800690887,1,0,0.0,2.0,11.0,0.0,0.0,0,0,7,3,0.5034717060625551,0.2756977006793021,0,0,0.0,0.0,6.0,0.0,1.0
461,2016-08-13,Hull City,Leicester City,0.0538,0.1247,0.8215,2,1,14,5,0.7582574952393768,0.2301913946866987,2,0,4.0,4.0,6.0,0.0,0.0,1,0,18,11,2.6712632328271866,1.2690019188448785,2,0,1.0,0.0,16.0,1.0,0.0
462,2016-08-13,Crystal Palace,West Bromwich Albion,0.4295,0.3356,0.2349,0,0,14,9,0.9917430197820064,0.47758368588984,2,0,2.0,1.0,10.0,0.0,1.0,1,1,13,11,0.6862678974866865,0.60846228338778,2,0,0.0,5.0,5.0,0.0,3.0
463,2016-08-13,Everton,Tottenham Hotspur,0.2313,0.3322,0.4365,1,0,12,9,0.7900619115680455,0.3470454979687927,0,0,1.0,2.0,8.0,0.0,1.0,1,1,13,8,1.1429621931165457,0.3934726025909184,0,0,1.0,4.0,8.0,0.0,0.0
464,2016-08-13,Burnley,Swansea City,0.1626,0.2888,0.5486,0,0,10,5,1.0514228884130714,0.7800711020827292,3,0,1.0,0.0,8.0,0.0,1.0,1,0,17,13,1.7527555394917724,1.0038172919303177,2,0,1.0,2.0,13.0,0.0,1.0
465,2016-08-13,Middlesbrough,Stoke City,0.7885,0.1624,0.0491,1,1,12,8,1.8052267134189608,1.6320723816752434,3,0,0.0,4.0,8.0,0.0,0.0,1,0,12,8,0.4856254896149037,0.3233046960085627,5,0,1.0,1.0,10.0,0.0,0.0
466,2016-08-13,Southampton,Watford,0.5425,0.3917,0.0658,1,0,24,16,0.9400109909474844,0.6193889174610373,1,0,2.0,3.0,16.0,0.0,3.0,1,1,5,4,0.180045999586582,0.1605463009327647,2,1,0.0,1.0,4.0,0.0,0.0
467,2016-08-13,Manchester City,Sunderland,0.598,0.2506,0.1514,1,0,16,10,1.95479516685009,0.9036180302500724,1,0,2.0,2.0,11.0,1.0,0.0,1,1,7,4,1.098766518756747,0.9842492192983626,2,0,1.0,3.0,3.0,0.0,1.0
468,2016-08-14,Bournemouth,Manchester United,0.0548,0.159,0.7862,1,1,9,7,0.523826405405998,0.3887260053306816,0,0,0.0,3.0,6.0,0.0,0.0,3,2,11,8,2.1038190722465515,1.1375779882073398,1,0,1.0,0.0,10.0,0.0,0.0
469,2016-08-14,Arsenal,Liverpool,0.2393,0.2859,0.4748,3,3,9,6,1.18196820653975,0.3583290027454494,3,0,1.0,1.0,5.0,1.0,1.0,4,3,16,13,1.6847272031009193,1.418275527656078,3,0,1.0,0.0,13.0,0.0,2.0
470,2016-08-15,Chelsea,West Ham United,0.6858,0.2362,0.078,2,1,16,11,1.4602963887155054,0.4916636105626819,5,0,2.0,4.0,9.0,1.0,0.0,1,0,7,4,0.450523894280195,0.2910396009683608,2,0,1.0,3.0,3.0,0.0,0.0
471,2016-08-19,Manchester United,Southampton,0.6019,0.2712,0.1269,2,1,12,9,1.3673021402209995,0.560046814382076,0,0,0.0,1.0,10.0,1.0,0.0,0,0,13,12,0.6132326945662496,0.5608787015080449,0,0,1.0,0.0,9.0,0.0,3.0
472,2016-08-20,Stoke City,Manchester City,0.1427,0.2554,0.6019,1,0,8,3,1.3114612009376283,0.4257057048380374,3,0,1.0,0.0,6.0,1.0,0.0,4,3,12,10,2.171977235004306,1.3858302831649778,4,0,0.0,1.0,9.0,1.0,1.0
473,2016-08-20,Burnley,Liverpool,0.0721,0.373,0.5549,2,2,3,3,0.1975361071527003,0.1975357029587029,0,0,0.0,0.0,3.0,0.0,0.0,0,0,26,22,0.939024586230516,0.8314318992197509,1,0,0.0,4.0,21.0,0.0,1.0
474,2016-08-20,Swansea City,Hull City,0.135,0.2041,0.6609,0,0,23,17,1.141340488567948,1.0048125833272932,0,0,1.0,2.0,19.0,0.0,1.0,2,2,12,10,2.2983627691864967,2.215515971183777,0,0,1.0,3.0,8.0,0.0,0.0
475,2016-08-20,Tottenham Hotspur,Crystal Palace,0.8706,0.1053,0.0241,1,1,20,14,2.350315055809915,1.6975834947079418,3,0,1.0,6.0,13.0,0.0,0.0,0,0,10,6,0.3579429965466257,0.3054793924093246,3,0,1.0,1.0,8.0,0.0,0.0
476,2016-08-20,Watford,Chelsea,0.1078,0.2467,0.6455,1,1,6,3,0.8045482877641914,0.084516500122845,4,0,1.0,0.0,5.0,0.0,0.0,2,1,13,9,1.767565799877047,1.0778421927243471,3,0,2.0,0.0,11.0,0.0,0.0
477,2016-08-20,West Bromwich Albion,Everton,0.3984,0.2562,0.3454,1,1,11,8,2.018853265792131,1.8849269598722451,3,0,1.0,4.0,4.0,0.0,2.0,2,2,13,12,1.8507308848202224,1.803237085230648,1,0,1.0,3.0,8.0,0.0,1.0
478,2016-08-20,Leicester City,Arsenal,0.2918,0.4486,0.2596,0,0,8,6,0.5536923054605722,0.343356804922223,1,0,2.0,0.0,6.0,0.0,0.0,0,0,13,11,0.523087706416845,0.4882557019591328,2,0,0.0,1.0,12.0,0.0,0.0
479,2016-08-21,Sunderland,Middlesbrough,0.5193,0.2957,0.185,1,0,18,13,1.4644981306046243,0.6191050056368108,1,0,0.0,2.0,14.0,0.0,2.0,2,2,8,7,0.854907192289829,0.791585812345147,1,0,0.0,0.0,8.0,0.0,0.0
480,2016-08-21,West Ham United,Bournemouth,0.7472,0.1962,0.0566,1,1,16,12,1.692879101261496,1.5364903984591365,3,0,1.0,0.0,13.0,0.0,2.0,0,0,8,8,0.3981180004775522,0.3981176000088452,1,1,0.0,2.0,6.0,0.0,0.0
481,2016-08-27,Tottenham Hotspur,Liverpool,0.0672,0.1704,0.7624,1,1,11,8,0.5905110053718087,0.4133993014693258,3,0,2.0,2.0,7.0,0.0,0.0,1,0,13,12,1.9256911203265188,1.1645228713750837,5,0,0.0,1.0,11.0,1.0,0.0
482,2016-08-27,Watford,Arsenal,0.1375,0.2184,0.6441,1,0,14,8,1.098106505349278,0.4814968947321172,6,0,0.0,2.0,12.0,0.0,0.0,3,2,10,7,2.0378679633140564,1.214983284473419,1,0,0.0,0.0,9.0,1.0,0.0
483,2016-08-27,Leicester City,Swansea City,0.9129,0.0717,0.0154,2,2,13,10,2.852216705679893,1.481502879410982,2,0,1.0,1.0,8.0,1.0,2.0,1,1,9,9,0.3281798902899024,0.3281803941354151,2,0,0.0,1.0,8.0,0.0,0.0
484,2016-08-27,Southampton,Sunderland,0.1211,0.2572,0.6217,1,1,16,9,0.6137425079941745,0.3609493076801298,2,0,2.0,1.0,13.0,0.0,0.0,1,0,5,3,1.391420602798462,0.5106127113103865,2,0,1.0,1.0,1.0,1.0,1.0
485,2016-08-27,Chelsea,Burnley,0.9265,0.0623,0.0112,3,3,22,17,2.6583740934729576,1.887545704841613,2,0,1.0,7.0,14.0,0.0,0.0,0,0,6,5,0.1844895966351028,0.154349699616432,2,0,0.0,2.0,4.0,0.0,0.0
486,2016-08-27,Crystal Palace,Bournemouth,0.7804,0.1446,0.075,1,1,24,16,2.7063591983169317,0.9797376566566524,2,0,1.0,6.0,14.0,1.0,2.0,1,1,10,7,0.974014615640044,0.7922542896121737,1,0,3.0,0.0,5.0,0.0,2.0
487,2016-08-27,Everton,Stoke City,0.9114,0.0778,0.0108,0,0,21,16,2.3183523416519165,1.3712980840355151,2,0,1.0,5.0,14.0,1.0,0.0,0,0,8,3,0.1874151015654205,0.0796445980668067,1,0,0.0,1.0,7.0,0.0,1.0
488,2016-08-27,Hull City,Manchester United,0.0115,0.0622,0.9263,0,0,8,4,0.2688152976334094,0.1433047987520694,2,0,2.0,0.0,5.0,0.0,1.0,1,1,29,19,2.491729209199548,1.5446745771914716,3,0,3.0,3.0,22.0,0.0,1.0
489,2016-08-28,West Bromwich Albion,Middlesbrough,0.383,0.4435,0.1735,0,0,13,9,0.7003103047609327,0.5687516108155248,1,0,0.0,4.0,9.0,0.0,0.0,0,0,7,6,0.3968162015080449,0.2716713007539508,3,0,0.0,2.0,5.0,0.0,0.0
490,2016-08-28,Manchester City,West Ham United,0.8305,0.1137,0.0558,3,3,22,18,3.240828476846218,3.0479019805788994,1,0,1.0,0.0,18.0,0.0,3.0,1,1,9,7,1.0838466137647629,1.056578006595373,3,0,0.0,2.0,7.0,0.0,0.0
491,2016-09-10,Manchester United,Manchester City,0.1589,0.2351,0.606,1,0,14,11,1.0101266335695982,0.8744046539068218,4,0,0.0,0.0,13.0,0.0,1.0,2,1,18,13,1.936970010399818,1.0090431831777094,2,0,2.0,3.0,12.0,0.0,1.0
492,2016-09-10,Middlesbrough,Crystal Palace,0.1752,0.317,0.5078,1,1,12,9,0.6119598140940066,0.5420521153137084,1,0,0.0,3.0,9.0,0.0,0.0,2,1,12,9,1.124838415533304,0.7065638937056061,2,0,0.0,5.0,6.0,0.0,1.0
493,2016-09-10,Stoke City,Tottenham Hotspur,0.0711,0.1311,0.7978,0,0,16,8,1.018715342506766,0.6468203887343406,3,0,1.0,4.0,11.0,0.0,0.0,4,4,20,16,2.770255509763956,2.298647005110978,2,0,0.0,1.0,18.0,0.0,1.0
494,2016-09-10,Arsenal,Southampton,0.5518,0.2623,0.1859,2,0,17,12,1.892191911116242,0.91347349435091,2,0,0.0,5.0,10.0,1.0,2.0,0,0,11,9,1.1887170914560554,0.6756785800680516,5,0,1.0,0.0,9.0,0.0,1.0
495,2016-09-10,Bournemouth,West Bromwich Albion,0.2038,0.287,0.5092,1,1,12,9,0.9873707778751848,0.5312729962170122,1,0,0.0,1.0,11.0,0.0,0.0,0,0,12,7,1.4834657851606603,0.7551232278347015,3,0,0.0,3.0,9.0,0.0,0.0
496,2016-09-10,Burnley,Hull City,0.1647,0.3618,0.4735,1,1,13,9,0.4536713855341071,0.2819766988977786,2,0,0.0,2.0,11.0,0.0,0.0,1,0,11,7,0.9071159893646832,0.7104853978380559,0,0,1.0,1.0,9.0,0.0,0.0
497,2016-09-10,West Ham United,Watford,0.2437,0.2487,0.5076,2,2,19,14,1.3274461850523946,1.148864125832915,2,0,2.0,1.0,12.0,0.0,4.0,4,3,13,9,1.8573314864188428,1.6901023015379906,2,0,0.0,0.0,13.0,0.0,0.0
498,2016-09-10,Liverpool,Leicester City,0.7347,0.1643,0.101,4,4,17,17,2.7691619992256165,2.769162952899933,1,0,0.0,0.0,17.0,0.0,0.0,1,0,12,8,1.2250836817547677,0.5735911950469015,2,0,0.0,2.0,9.0,0.0,1.0
499,2016-09-11,Swansea City,Chelsea,0.1643,0.2464,0.5893,2,0,6,2,1.23040003888309,0.045788900926709,3,0,0.0,0.0,5.0,1.0,0.0,2,1,28,22,2.1964405775070186,1.7016568109393115,4,0,1.0,6.0,19.0,0.0,2.0
500,2016-09-12,Sunderland,Everton,0.0753,0.141,0.7837,0,0,11,7,1.0496615283191202,0.4982611108571289,1,0,1.0,1.0,9.0,0.0,0.0,3,3,20,19,2.854891497641802,2.7659749314188957,1,0,0.0,2.0,18.0,0.0,0.0
501,2016-09-16,Chelsea,Liverpool,0.272,0.3052,0.4228,1,1,12,10,1.1649471856653686,1.065557029098272,1,0,1.0,3.0,7.0,0.0,1.0,2,1,13,9,1.416790975257754,0.8282570056617258,1,0,0.0,2.0,9.0,0.0,2.0
502,2016-09-17,Hull City,Arsenal,0.0142,0.0649,0.9209,1,0,6,4,0.9696930171921848,0.15921320207417,0,1,1.0,0.0,4.0,1.0,0.0,4,3,24,15,3.692127723246813,1.6497108880430458,2,0,0.0,3.0,20.0,1.0,0.0
503,2016-09-17,Leicester City,Burnley,0.8043,0.155,0.0407,2,2,14,11,1.9864841327071188,1.7929740156978369,0,0,0.0,6.0,6.0,0.0,2.0,0,0,7,5,0.4645234085619446,0.4058145107701418,1,0,1.0,0.0,6.0,0.0,1.0
504,2016-09-17,Manchester City,Bournemouth,0.971,0.0252,0.0038,4,3,20,15,3.3873259611427784,3.031314993277192,1,1,2.0,1.0,17.0,0.0,0.0,0,0,6,6,0.3896720968186854,0.3896716926246878,1,0,0.0,0.0,6.0,0.0,0.0
505,2016-09-17,West Bromwich Albion,West Ham United,0.2819,0.2606,0.4575,4,3,8,7,1.9642939940094948,1.2031258679926395,2,0,0.0,2.0,5.0,1.0,0.0,2,1,23,17,2.3742149360477924,1.252570421434939,1,0,1.0,2.0,17.0,1.0,2.0
506,2016-09-17,Everton,Middlesbrough,0.6985,0.2628,0.0387,3,2,11,9,1.1746646985411642,1.0759656913578508,2,0,0.0,3.0,9.0,0.0,0.0,0,0,7,5,0.1780816996470093,0.1488170009106396,1,0,0.0,0.0,6.0,0.0,1.0
507,2016-09-18,Watford,Manchester United,0.4477,0.2906,0.2617,3,2,10,6,1.745063720270991,0.5863435026258228,3,0,1.0,0.0,5.0,1.0,3.0,1,0,15,7,1.4135849764570592,0.2357370993122456,4,0,1.0,2.0,11.0,0.0,1.0
508,2016-09-18,Crystal Palace,Stoke City,0.3724,0.3114,0.3162,4,2,14,9,1.3136633858084676,0.4921365939080714,2,0,1.0,3.0,8.0,0.0,2.0,1,0,11,8,1.20308218896389,0.9971683770418164,1,0,0.0,3.0,6.0,0.0,2.0
509,2016-09-18,Southampton,Swansea City,0.7973,0.1491,0.0536,1,0,19,16,2.154625177383423,1.967397917062044,1,0,1.0,3.0,15.0,0.0,0.0,0,0,9,8,0.4906606953591105,0.4325445052236316,1,0,0.0,0.0,8.0,0.0,1.0
510,2016-09-18,Tottenham Hotspur,Sunderland,0.7549,0.1649,0.0802,1,0,31,22,2.527914937585592,1.1915986957028506,1,0,2.0,5.0,24.0,0.0,0.0,0,0,6,5,0.9608212932944296,0.9382403157651424,5,1,0.0,1.0,4.0,0.0,1.0
515,2016-09-24,Swansea City,Manchester City,0.0867,0.1701,0.7432,1,1,13,11,1.1109552057459946,1.045056615024805,2,0,1.0,1.0,10.0,0.0,1.0,3,2,18,14,2.577043071389198,1.6505391374230385,4,0,1.0,2.0,14.0,1.0,0.0
511,2016-09-24,Manchester United,Leicester City,0.9268,0.0632,0.01,4,4,16,12,2.4560385458171368,2.3234695084393024,0,0,0.0,5.0,11.0,0.0,0.0,1,1,10,5,0.2879916988313195,0.1920678904280065,2,0,0.0,5.0,5.0,0.0,0.0
512,2016-09-24,Middlesbrough,Tottenham Hotspur,0.0804,0.2526,0.667,1,1,6,4,0.3615082949399946,0.3150720000267029,2,0,0.0,1.0,4.0,0.0,1.0,2,1,19,15,1.427175175398588,1.1499911714345212,1,0,0.0,1.0,18.0,0.0,0.0
513,2016-09-24,Stoke City,West Bromwich Albion,0.548,0.3567,0.0953,1,0,12,10,0.9796719104051588,0.830203605815768,3,0,1.0,3.0,7.0,0.0,1.0,1,1,9,7,0.2708616945892571,0.1734001999720928,4,0,0.0,2.0,6.0,0.0,1.0
514,2016-09-24,Sunderland,Crystal Palace,0.3215,0.2471,0.4314,2,0,11,5,1.5145717859268188,0.3342340029776094,0,0,0.0,2.0,9.0,0.0,0.0,3,3,21,16,1.7932314239442346,1.6108523085713382,2,0,2.0,3.0,15.0,0.0,1.0
516,2016-09-24,Liverpool,Hull City,0.9966,0.0031,0.0003,5,3,32,24,4.651671465486288,2.242336690425873,1,0,1.0,5.0,23.0,2.0,1.0,1,1,2,1,0.1575482971966266,0.1159719973802566,2,1,1.0,1.0,0.0,0.0,0.0
517,2016-09-24,Bournemouth,Everton,0.1971,0.3117,0.4912,1,1,12,9,0.6935946010053153,0.4837069101631639,2,0,0.0,1.0,10.0,0.0,1.0,0,0,13,11,1.2082580178976057,1.096301967278123,2,0,0.0,0.0,8.0,0.0,5.0
518,2016-09-24,Arsenal,Chelsea,0.6565,0.2356,0.1079,3,2,14,11,1.6622361000627277,1.1014300994575024,0,0,1.0,2.0,11.0,0.0,0.0,0,0,9,7,0.6135525079444046,0.5462219975888727,2,0,0.0,0.0,7.0,0.0,2.0
519,2016-09-25,West Ham United,Southampton,0.0297,0.0847,0.8856,0,0,13,9,0.702366707846522,0.4294870970770713,5,0,0.0,2.0,10.0,0.0,1.0,3,2,18,15,3.00998255610466,2.3343605250120163,2,0,0.0,0.0,17.0,0.0,1.0
520,2016-09-26,Burnley,Watford,0.2333,0.3913,0.3754,2,2,13,10,0.5697345882654187,0.5229136943817136,1,0,0.0,6.0,5.0,0.0,2.0,0,0,12,6,0.7768245004117486,0.545509286224842,3,0,1.0,2.0,6.0,0.0,3.0
521,2016-09-30,Everton,Crystal Palace,0.5569,0.307,0.1361,1,0,13,12,1.1541994940489526,1.0876258853822944,5,0,1.0,5.0,7.0,0.0,0.0,1,1,10,5,0.4781092032790182,0.2721238965168594,4,0,2.0,4.0,3.0,0.0,1.0
522,2016-10-01,Swansea City,Liverpool,0.5431,0.2294,0.2275,1,0,8,4,2.6584188230335712,1.2439533062279222,2,0,1.0,1.0,5.0,0.0,1.0,2,1,18,15,2.02239322476089,1.154254203662276,2,0,1.0,4.0,10.0,1.0,2.0
523,2016-10-01,Sunderland,West Bromwich Albion,0.4588,0.3018,0.2394,1,1,7,6,1.192684177309275,1.0844312049448488,1,0,1.0,2.0,4.0,0.0,0.0,1,1,17,10,0.8848771927878258,0.6274576028808949,3,0,0.0,2.0,15.0,0.0,0.0
524,2016-10-01,Hull City,Chelsea,0.0297,0.1375,0.8328,0,0,8,5,0.2753745978698133,0.1182126002386209,2,0,1.0,0.0,6.0,0.0,1.0,2,1,22,17,2.0437675211578603,1.534424217417836,2,0,1.0,4.0,15.0,0.0,2.0
525,2016-10-01,Watford,Bournemouth,0.326,0.2881,0.3859,2,2,17,14,1.2404099255800245,1.0999454008415337,3,0,0.0,1.0,14.0,0.0,2.0,2,1,12,7,1.3557855170220134,1.121241498738527,4,0,2.0,1.0,9.0,0.0,0.0
526,2016-10-01,West Ham United,Middlesbrough,0.3342,0.3449,0.3209,1,1,19,14,0.886902292259037,0.6279948065057391,2,0,1.0,2.0,13.0,0.0,3.0,1,1,9,5,0.8526017218828198,0.6734342984855174,3,0,1.0,1.0,7.0,0.0,0.0
527,2016-10-02,Manchester United,Stoke City,0.7652,0.1639,0.0709,1,0,24,18,2.840158507227897,2.589724389836192,3,0,0.0,6.0,18.0,0.0,0.0,1,0,7,5,1.200430303812027,0.3169421963393686,0,0,1.0,0.0,6.0,0.0,0.0
528,2016-10-02,Leicester City,Southampton,0.1629,0.363,0.4741,0,0,9,7,0.4502732027322051,0.3210688997060058,1,0,0.0,2.0,7.0,0.0,0.0,0,0,11,8,0.920962372794747,0.7596815004944799,0,0,0.0,0.0,11.0,0.0,0.0
529,2016-10-02,Tottenham Hotspur,Manchester City,0.5923,0.2545,0.1532,1,1,13,7,1.6997458012774584,0.6714539900422094,2,0,1.0,0.0,10.0,1.0,1.0,0,0,12,10,0.9095123903825876,0.7937494181096552,2,0,1.0,0.0,11.0,0.0,1.0
530,2016-10-02,Burnley,Arsenal,0.0608,0.2093,0.7299,0,0,10,10,0.6087829135358331,0.6087826918810602,0,0,0.0,3.0,5.0,0.0,2.0,1,1,18,15,1.8543357588350768,1.664814792573452,0,0,1.0,3.0,14.0,0.0,0.0
531,2016-10-15,Chelsea,Leicester City,0.9675,0.0292,0.0033,3,3,16,13,3.11573339253664,2.47924593836069,1,0,2.0,3.0,11.0,0.0,0.0,0,0,5,3,0.18254860304296,0.1450059004127978,1,0,0.0,0.0,3.0,0.0,2.0
532,2016-10-15,Arsenal,Swansea City,0.7551,0.1347,0.1102,3,1,16,12,3.50518617965281,2.273812348023057,0,1,0.0,2.0,13.0,0.0,1.0,2,1,13,9,1.7605459988117214,1.5541480779647825,1,0,0.0,3.0,9.0,0.0,1.0
533,2016-10-15,Bournemouth,Hull City,0.924,0.0631,0.0129,6,4,22,17,2.958749018609524,1.595603217370808,0,0,2.0,2.0,15.0,1.0,2.0,1,1,11,8,0.3885895963758225,0.2961620930582282,3,0,0.0,2.0,9.0,0.0,0.0
534,2016-10-15,Manchester City,Everton,0.9671,0.0307,0.0022,1,1,19,15,2.69442968815565,1.0516186095774172,0,0,1.0,2.0,11.0,2.0,3.0,1,1,3,2,0.1444983026012778,0.098987303674221,2,0,1.0,0.0,2.0,0.0,0.0
535,2016-10-15,Stoke City,Sunderland,0.814,0.1357,0.0503,2,1,17,13,2.3666456043720245,1.581469996832311,1,0,1.0,2.0,14.0,0.0,0.0,0,0,11,8,0.5875716274604198,0.5243814028799532,1,0,1.0,1.0,9.0,0.0,0.0
536,2016-10-15,West Bromwich Albion,Tottenham Hotspur,0.3671,0.296,0.3369,1,0,8,5,1.3344397172331808,0.266249494627118,2,0,0.0,3.0,5.0,0.0,0.0,1,1,20,16,1.3314142916351552,1.117590394802391,2,0,1.0,0.0,18.0,0.0,1.0
537,2016-10-15,Crystal Palace,West Ham United,0.6821,0.2098,0.1081,0,0,12,8,1.9459944376721972,1.0905700791627169,1,0,0.0,1.0,9.0,1.0,1.0,1,1,12,13,0.8742194166406985,0.8742194185033437,3,1,0.0,1.0,10.0,0.0,1.0
538,2016-10-16,Middlesbrough,Watford,0.3998,0.5508,0.0494,0,0,10,7,0.5285752071067689,0.3890405893325804,4,0,0.0,2.0,8.0,0.0,0.0,1,0,4,3,0.0893747471272943,0.0689101479947565,1,0,0.0,1.0,2.0,0.0,1.0
539,2016-10-16,Southampton,Burnley,0.9503,0.0391,0.0106,3,1,34,26,4.212210644036531,2.629405522719025,1,0,0.0,7.0,26.0,1.0,0.0,1,0,6,4,1.031259841285646,0.2602635910734532,2,0,0.0,0.0,2.0,1.0,3.0
540,2016-10-17,Liverpool,Manchester United,0.1417,0.494,0.3643,0,0,9,7,0.2704410068690774,0.202949900180101,0,0,0.0,0.0,9.0,0.0,0.0,0,0,7,5,0.5377621017396449,0.4863829966634511,4,0,1.0,1.0,5.0,0.0,0.0
541,2016-10-22,Bournemouth,Tottenham Hotspur,0.2292,0.4073,0.3635,0,0,8,7,0.5233707129955288,0.4576198086142538,2,0,0.0,2.0,6.0,0.0,0.0,0,0,16,14,0.7452891990542407,0.7036817129701372,4,0,1.0,3.0,12.0,0.0,0.0
542,2016-10-22,West Ham United,Sunderland,0.4506,0.3098,0.2396,1,1,20,17,1.1958454977720974,1.0312139308080073,2,0,0.0,4.0,13.0,0.0,3.0,0,0,10,7,0.8083380013704299,0.3712979285046456,5,0,1.0,0.0,8.0,0.0,1.0
543,2016-10-22,Swansea City,Watford,0.6242,0.2687,0.1071,0,0,11,10,1.3321537114679811,1.2583534102886913,2,0,0.0,0.0,10.0,0.0,1.0,0,0,10,7,0.4811240918934342,0.28852579370141,1,0,2.0,0.0,8.0,0.0,0.0
544,2016-10-22,Leicester City,Crystal Palace,0.3854,0.2495,0.3651,3,1,16,12,1.7071010023355482,1.2866422832012172,0,0,0.0,3.0,13.0,0.0,0.0,1,1,23,19,1.6843016296625133,1.2847278229892252,0,0,0.0,2.0,19.0,0.0,2.0
545,2016-10-22,Hull City,Stoke City,0.2395,0.3282,0.4323,0,0,9,8,0.7016063034534452,0.6006304100155829,2,0,0.0,2.0,7.0,0.0,0.0,2,1,12,11,1.042731689289212,0.9691333044320344,3,0,1.0,2.0,9.0,0.0,0.0
546,2016-10-22,Burnley,Everton,0.3938,0.3559,0.2503,2,0,10,5,0.9469855185598132,0.1301210168749092,2,0,0.0,1.0,6.0,0.0,3.0,1,1,21,14,0.7552422825247047,0.4003707924857732,3,0,0.0,2.0,19.0,0.0,0.0
547,2016-10-22,Arsenal,Middlesbrough,0.1319,0.248,0.6201,0,0,10,6,0.711811503395438,0.2946292031556365,1,0,3.0,0.0,7.0,0.0,0.0,0,0,11,6,1.7065007369965317,0.7876170221716164,0,0,1.0,1.0,6.0,0.0,3.0
548,2016-10-22,Liverpool,West Bromwich Albion,0.7593,0.1722,0.0685,2,2,21,17,2.3055691756308074,2.103964738547802,1,0,0.0,0.0,19.0,0.0,2.0,1,1,7,6,0.685982212424278,0.5934565206989645,3,0,0.0,2.0,4.0,0.0,1.0
549,2016-10-23,Manchester City,Southampton,0.5138,0.3215,0.1647,1,1,14,12,1.1595971761271355,1.0549620846286414,3,0,0.0,5.0,9.0,0.0,0.0,1,0,6,3,0.5637517943978307,0.1606513001024722,3,0,0.0,0.0,6.0,0.0,0.0
550,2016-10-23,Chelsea,Manchester United,0.7619,0.1587,0.0794,4,3,14,10,2.251915175467729,1.5394654758274553,3,0,0.0,3.0,10.0,0.0,1.0,0,0,16,14,0.744146202690899,0.6396685056388375,2,0,0.0,0.0,14.0,0.0,2.0
2677,2016-10-29,Sunderland,Arsenal,0.0371,0.1622,0.8007,1,0,3,1,0.8534340169280766,0.0166880991309881,4,0,1.0,0.0,1.0,1.0,0.0,4,4,21,15,2.6357965031638737,2.213673997670412,3,0,2.0,2.0,17.0,0.0,0.0
2678,2016-10-29,Tottenham Hotspur,Leicester City,0.6328,0.2694,0.0978,1,0,22,16,1.6983283683657644,0.7166237141937013,3,0,3.0,3.0,15.0,1.0,0.0,1,1,6,5,0.7409865967929362,0.7174061276018618,4,0,0.0,1.0,4.0,0.0,1.0
2679,2016-10-29,Watford,Hull City,0.6205,0.3095,0.07,0,0,23,19,1.163588289171457,1.026961877942085,1,0,0.0,6.0,17.0,0.0,0.0,0,0,8,7,0.2515717027708885,0.2394160050898787,2,0,0.0,1.0,7.0,0.0,1.0
2680,2016-10-29,West Bromwich Albion,Manchester City,0.0479,0.1296,0.8225,0,0,9,7,0.6144772991538046,0.4281441979110238,4,0,1.0,0.0,7.0,0.0,1.0,4,2,21,15,2.480182338505984,1.6656227968633175,3,0,1.0,1.0,19.0,0.0,0.0
2681,2016-10-29,Middlesbrough,Bournemouth,0.3335,0.2886,0.3779,2,1,11,10,1.443165280856192,1.0505669005215166,2,0,0.0,0.0,10.0,0.0,1.0,0,0,18,14,1.5459865462034938,1.442527588456869,1,0,1.0,4.0,12.0,0.0,1.0
2682,2016-10-29,Manchester United,Burnley,0.8869,0.0891,0.024,0,0,38,30,2.7239112583920355,2.36798433214426,1,1,0.0,7.0,29.0,0.0,2.0,0,0,7,6,0.3279568925499915,0.2755717989057301,3,0,0.0,1.0,5.0,0.0,1.0
2683,2016-10-29,Crystal Palace,Liverpool,0.0523,0.1432,0.8045,2,1,7,6,0.4960449663922188,0.3408051021397111,1,0,0.0,1.0,5.0,0.0,1.0,4,4,17,12,2.2605599109083414,1.8850967325270171,2,0,0.0,2.0,15.0,0.0,0.0
2684,2016-10-30,Everton,West Ham United,0.6555,0.2113,0.1332,2,2,17,15,2.0290305037051435,1.9423591941595075,2,0,1.0,3.0,13.0,0.0,0.0,0,0,13,10,0.9528817236423488,0.6010547056794164,3,0,2.0,1.0,9.0,0.0,1.0
2685,2016-10-30,Southampton,Chelsea,0.1242,0.3163,0.5595,0,0,10,8,0.4223643997684119,0.3182415068149565,0,0,1.0,1.0,6.0,0.0,2.0,2,2,13,13,1.147592813707888,1.1475919112563129,0,0,0.0,1.0,11.0,0.0,1.0
2686,2016-11-01,Stoke City,Swansea City,0.6496,0.2187,0.1317,2,2,17,11,2.1640667477622624,1.9458771534264083,2,0,0.0,5.0,11.0,0.0,1.0,1,1,14,12,1.1005846001207826,1.0702322712168095,0,0,0.0,3.0,12.0,0.0,0.0
2687,2016-11-05,Bournemouth,Sunderland,0.7337,0.1809,0.0854,1,1,22,18,2.651913031935692,2.327464280650019,3,0,1.0,6.0,14.0,0.0,1.0,2,1,9,8,1.1367164291441438,0.3755467012524602,2,1,0.0,0.0,8.0,1.0,0.0
2688,2016-11-05,Burnley,Crystal Palace,0.4303,0.2666,0.3031,3,2,14,9,2.3144577611237764,1.1362474747002125,1,0,0.0,0.0,14.0,0.0,0.0,2,1,16,11,2.0596085712313648,1.1638491163030265,2,0,0.0,0.0,14.0,1.0,1.0
2689,2016-11-05,Manchester City,Middlesbrough,0.9142,0.0744,0.0114,1,1,25,20,2.4960584547370672,1.986981010064483,1,0,1.0,5.0,19.0,0.0,0.0,1,1,5,4,0.2087615658529101,0.2011556960642336,3,0,0.0,1.0,4.0,0.0,0.0
2690,2016-11-05,West Ham United,Stoke City,0.1702,0.3995,0.4303,0,0,9,7,0.4045275086537,0.2343440055847168,4,0,1.0,4.0,4.0,0.0,0.0,1,1,12,6,0.8104596994817255,0.6048935018479823,1,0,1.0,4.0,7.0,0.0,1.0
2691,2016-11-05,Chelsea,Everton,0.9017,0.0972,0.0011,5,4,21,18,1.996889619156718,1.307646260596811,0,0,0.0,4.0,17.0,0.0,0.0,0,0,1,1,0.0131320999935269,0.0131320999935269,3,0,0.0,1.0,0.0,0.0,0.0
2692,2016-11-06,Arsenal,Tottenham Hotspur,0.1684,0.3029,0.5287,0,0,15,12,0.679050693288445,0.5656299926340578,1,0,0.0,4.0,11.0,0.0,0.0,1,0,10,7,1.195854403078556,0.3490973003208637,2,0,0.0,0.0,8.0,1.0,2.0
2693,2016-11-06,Liverpool,Watford,0.9542,0.0356,0.0102,6,5,28,23,4.251774407923222,3.454127656295896,1,0,1.0,5.0,20.0,0.0,2.0,1,1,11,7,0.7711328174918889,0.6837615091353654,2,0,0.0,2.0,8.0,0.0,1.0
2694,2016-11-06,Hull City,Southampton,0.0634,0.1676,0.769,2,2,6,5,0.5612148977816103,0.5300032049417494,0,0,0.0,1.0,2.0,0.0,3.0,1,0,19,15,2.0304596433416005,1.097439090721309,5,0,1.0,4.0,13.0,1.0,0.0
2695,2016-11-06,Swansea City,Manchester United,0.1546,0.3476,0.4978,1,1,7,5,0.5126603897660968,0.4648411013185975,0,0,0.0,2.0,3.0,0.0,2.0,3,2,9,7,1.0000566206872463,0.8984239138662813,2,0,0.0,0.0,9.0,0.0,0.0
2696,2016-11-06,Leicester City,West Bromwich Albion,0.2576,0.404,0.3384,1,1,5,4,0.629677410237491,0.6188452802598476,0,0,0.0,0.0,5.0,0.0,0.0,2,1,11,8,0.7819602936506268,0.2905887067317959,2,0,0.0,2.0,9.0,0.0,0.0
2697,2016-11-19,Manchester United,Arsenal,0.2442,0.4354,0.3204,1,1,12,9,0.5114623876288531,0.4141632951796052,3,0,1.0,4.0,6.0,0.0,1.0,1,1,5,3,0.5758127924054859,0.535872196778655,3,0,0.0,1.0,4.0,0.0,0.0
2698,2016-11-19,Southampton,Liverpool,0.0121,0.1558,0.8321,0,0,3,2,0.0942054996266958,0.0838939994573592,1,0,0.0,0.0,3.0,0.0,0.0,0,0,15,13,1.6889769071713088,1.644929990172386,1,0,0.0,2.0,13.0,0.0,0.0
2699,2016-11-19,Stoke City,Bournemouth,0.4562,0.2919,0.2519,0,0,14,11,1.60428667999804,0.6605147980153558,3,0,1.0,4.0,8.0,1.0,0.0,1,1,8,7,1.2401244062930343,1.1958435084670782,3,0,1.0,0.0,6.0,0.0,1.0
2700,2016-11-19,Sunderland,Hull City,0.2677,0.2928,0.4395,3,3,11,9,0.951511116698384,0.8528064079582689,1,1,0.0,1.0,10.0,0.0,0.0,0,0,17,12,1.274408682249486,0.4940179102122781,0,0,0.0,4.0,13.0,0.0,0.0
2701,2016-11-19,Watford,Leicester City,0.17,0.3263,0.5037,2,2,10,10,0.7197000049054619,0.7196997180581092,2,0,0.0,3.0,6.0,0.0,1.0,1,0,11,8,1.196859168820083,0.2724051019176837,3,0,0.0,3.0,6.0,1.0,1.0
2702,2016-11-19,Everton,Swansea City,0.4804,0.3179,0.2017,1,0,14,8,1.5487698838114734,1.2917474284768105,5,0,2.0,1.0,11.0,0.0,0.0,1,0,6,4,1.074708893895149,0.2436826992779969,2,0,1.0,1.0,3.0,1.0,0.0
2703,2016-11-19,Crystal Palace,Manchester City,0.0938,0.2497,0.6565,1,1,8,4,0.4400817994028328,0.2601850032806396,1,0,1.0,1.0,5.0,0.0,1.0,2,2,10,8,1.3942066989839077,1.304090557619929,2,0,0.0,3.0,6.0,0.0,1.0
2704,2016-11-19,Tottenham Hotspur,West Ham United,0.5794,0.2518,0.1688,3,0,14,5,2.567606926895678,0.313088310882449,3,0,2.0,2.0,7.0,1.0,2.0,2,1,11,8,1.8125630952417848,0.9242986198514698,2,1,1.0,5.0,4.0,1.0,0.0
2705,2016-11-20,Middlesbrough,Chelsea,0.0944,0.2191,0.6865,0,0,12,7,0.5614606868475673,0.3818209990859031,2,0,1.0,1.0,10.0,0.0,0.0,1,0,13,10,1.6873774006962774,1.4846829771995544,3,0,1.0,2.0,10.0,0.0,0.0
2706,2016-11-22,West Bromwich Albion,Burnley,0.5949,0.2855,0.1196,4,3,16,11,1.4051235113292928,1.1395315155386925,0,0,0.0,3.0,13.0,0.0,0.0,0,0,5,4,0.5710056088864801,0.497005809098482,0,0,1.0,0.0,3.0,0.0,1.0
2707,2016-11-26,Burnley,Manchester City,0.0391,0.1232,0.8377,1,0,10,7,0.4762321952730413,0.4124594107270239,2,0,0.0,0.0,4.0,0.0,6.0,2,2,21,18,2.2947634197771545,2.158127419650554,3,0,0.0,4.0,16.0,0.0,1.0
2708,2016-11-26,Hull City,West Bromwich Albion,0.0977,0.2533,0.649,1,1,10,7,0.4244570452719923,0.331381198018789,3,0,1.0,0.0,7.0,0.0,2.0,1,1,11,9,1.402128007262945,1.3113523852080105,2,0,1.0,3.0,7.0,0.0,0.0
2709,2016-11-26,Swansea City,Crystal Palace,0.6583,0.1977,0.144,5,2,18,9,3.55192518979311,1.4895743317902086,4,0,2.0,4.0,8.0,0.0,5.0,3,3,12,11,2.297433600760996,2.2014604192227125,5,0,0.0,6.0,6.0,0.0,0.0
2710,2016-11-26,Liverpool,Sunderland,0.8512,0.1263,0.0225,2,1,27,20,2.024609819054603,0.9064280893653626,1,0,1.0,4.0,20.0,1.0,1.0,0,0,6,3,0.2910725045949218,0.146735383197665,3,0,1.0,0.0,4.0,0.0,1.0
2711,2016-11-26,Leicester City,Middlesbrough,0.8516,0.1205,0.0279,2,0,11,7,2.0478051528334618,0.4726394917815921,4,0,0.0,0.0,8.0,2.0,1.0,2,2,6,6,0.4252521023154257,0.4252523034811019,4,0,0.0,1.0,5.0,0.0,0.0
2712,2016-11-26,Chelsea,Tottenham Hotspur,0.6125,0.2805,0.107,2,2,9,7,1.2494811881333583,1.1803140100091694,2,0,1.0,0.0,8.0,0.0,0.0,1,1,12,10,0.4225682970136401,0.3703647982329126,1,0,1.0,2.0,9.0,0.0,0.0
2713,2016-11-27,Watford,Stoke City,0.2489,0.3946,0.3565,0,0,11,9,0.5477438047528262,0.4812438078224655,3,1,0.0,1.0,9.0,0.0,2.0,0,0,14,10,0.7218230059370396,0.5222228933125733,0,0,1.0,1.0,6.0,0.0,6.0
2714,2016-11-27,Arsenal,Bournemouth,0.5677,0.2211,0.2112,3,2,16,14,2.869700454175472,2.513442032039165,3,0,0.0,0.0,15.0,0.0,1.0,1,0,9,7,2.049101402051747,1.274787285365164,5,0,0.0,3.0,4.0,1.0,1.0
2715,2016-11-27,Southampton,Everton,0.8856,0.0855,0.0289,1,1,17,13,2.805617682635784,2.6779136881232257,0,0,0.0,2.0,14.0,0.0,1.0,0,0,13,12,0.6151742003858086,0.555535493418574,2,0,1.0,1.0,10.0,0.0,1.0
2716,2016-11-27,Manchester United,West Ham United,0.5395,0.2755,0.185,1,1,17,15,1.4513148143887518,1.2589939218014474,3,0,0.0,3.0,14.0,0.0,0.0,1,1,6,5,0.7493884842842815,0.7211630288511515,1,0,1.0,1.0,3.0,0.0,1.0
3108,2016-12-03,Sunderland,Leicester City,0.4384,0.2667,0.2949,1,0,22,15,1.441434597596526,1.0458700209856029,3,0,0.0,2.0,19.0,0.0,1.0,1,1,17,11,1.1541598560288546,0.8352739065885542,1,0,0.0,5.0,9.0,0.0,4.0
3105,2016-12-03,Manchester City,Chelsea,0.6302,0.2122,0.1576,0,0,14,12,2.2406117618083954,1.8710832372307773,2,2,0.0,2.0,12.0,0.0,0.0,3,3,10,9,1.284803818911314,1.2119255959987638,3,0,0.0,1.0,10.0,0.0,0.0
3106,2016-12-03,Crystal Palace,Southampton,0.7856,0.1483,0.0661,3,1,9,5,2.20072571374476,0.7634454295039176,3,0,0.0,4.0,4.0,0.0,1.0,0,0,17,12,0.7666248334571716,0.584275599569082,1,0,0.0,3.0,14.0,0.0,0.0
3107,2016-12-03,Stoke City,Burnley,0.4605,0.3143,0.2252,2,2,10,7,1.1448754230514164,1.0696714688092468,3,0,0.0,3.0,7.0,0.0,0.0,0,0,14,10,0.778889514505863,0.563039496541023,2,0,2.0,4.0,8.0,0.0,0.0
3109,2016-12-03,Tottenham Hotspur,Swansea City,0.9992,0.0008,0.0,5,3,28,22,4.334617363288999,2.425581429153681,0,0,2.0,0.0,25.0,1.0,0.0,0,0,1,1,0.0342109017074108,0.0342109017074108,4,0,0.0,0.0,1.0,0.0,0.0
3110,2016-12-03,West Bromwich Albion,Watford,0.2484,0.313,0.4386,3,3,11,9,1.1773668155074115,1.1071353144943714,2,0,1.0,2.0,8.0,0.0,0.0,1,1,17,9,1.487156498245895,1.1135337967425585,1,1,0.0,2.0,14.0,0.0,1.0
3111,2016-12-03,West Ham United,Arsenal,0.0477,0.1115,0.8408,1,0,10,8,0.9062809869647024,0.4719553012400863,3,0,1.0,0.0,8.0,0.0,1.0,5,4,19,17,3.036004025489092,2.791007274761796,3,0,0.0,1.0,17.0,0.0,1.0
3112,2016-12-04,Bournemouth,Liverpool,0.7478,0.1757,0.0765,4,2,12,5,3.076794810593128,0.2690038001164792,2,0,0.0,1.0,7.0,1.0,3.0,3,3,10,9,1.265320127829909,1.1952227056026457,2,0,0.0,1.0,8.0,0.0,1.0
3113,2016-12-04,Everton,Manchester United,0.7165,0.2068,0.0767,1,0,13,8,1.6498529892414804,0.755168795585632,2,0,0.0,0.0,9.0,1.0,3.0,1,1,10,6,0.541299797594547,0.2287882901728152,3,0,1.0,0.0,8.0,0.0,1.0
3114,2016-12-06,Middlesbrough,Hull City,0.8458,0.1311,0.0231,1,1,16,10,1.9506408255547285,1.7074365150183437,1,0,1.0,2.0,13.0,0.0,0.0,0,0,6,4,0.2213389435783025,0.1480240365490315,1,0,0.0,3.0,3.0,0.0,0.0
3115,2016-12-10,Watford,Everton,0.4719,0.2758,0.2523,3,3,11,10,1.4927098564803598,1.479835107922554,2,0,0.0,2.0,6.0,0.0,3.0,2,2,11,10,1.096748094074428,1.041946208104491,2,0,1.0,2.0,7.0,0.0,1.0
3116,2016-12-10,Hull City,Crystal Palace,0.541,0.252,0.207,3,2,15,12,2.1678804252296686,1.347303673624992,2,0,0.0,1.0,13.0,1.0,0.0,3,1,15,10,1.500591356307268,0.6590450033545491,4,0,0.0,2.0,12.0,1.0,0.0
3117,2016-12-10,Swansea City,Sunderland,0.7859,0.1515,0.0626,3,2,14,11,2.181850087828934,1.389956073835492,1,0,0.0,2.0,8.0,1.0,3.0,0,0,11,7,0.6732576992362737,0.5287861935794351,2,0,1.0,2.0,7.0,0.0,1.0
3118,2016-12-10,Arsenal,Stoke City,0.4175,0.2872,0.2953,3,3,21,17,1.5802656905725594,1.4416049979627132,0,0,0.0,3.0,18.0,0.0,0.0,1,0,12,9,1.2940121907740827,0.5038173887878652,0,0,0.0,4.0,7.0,1.0,0.0
3119,2016-12-10,Burnley,Bournemouth,0.6902,0.2061,0.1037,3,2,15,13,2.201345277950167,1.2479239068925376,2,0,0.0,6.0,6.0,0.0,3.0,2,2,18,13,1.0070428960025306,0.8177811987698076,2,0,1.0,5.0,11.0,0.0,1.0
3120,2016-12-10,Leicester City,Manchester City,0.7932,0.1331,0.0737,4,3,11,7,2.6058343211188912,2.2522069811820984,3,0,0.0,3.0,8.0,0.0,0.0,2,1,19,15,0.97370239906013,0.8198730088770385,1,0,1.0,1.0,17.0,0.0,0.0
3121,2016-12-11,Chelsea,West Bromwich Albion,0.3746,0.5095,0.1159,1,0,12,7,0.5520805940032002,0.3207058049738406,2,0,3.0,0.0,9.0,0.0,0.0,0,0,6,4,0.2125741988420485,0.1083152983337639,4,0,0.0,0.0,6.0,0.0,0.0
3122,2016-12-11,Manchester United,Tottenham Hotspur,0.4325,0.3292,0.2383,1,1,14,7,1.0499992761760946,0.8379659205675123,3,0,1.0,2.0,10.0,0.0,1.0,0,0,12,10,0.7203409159556029,0.6055359970778224,3,0,2.0,1.0,8.0,0.0,1.0
3123,2016-12-11,Southampton,Middlesbrough,0.7461,0.2074,0.0465,1,1,14,11,1.7291891556233168,1.5761447194963691,4,0,0.0,3.0,11.0,0.0,0.0,0,0,6,3,0.5317489951848984,0.1848623994737862,3,0,0.0,0.0,6.0,0.0,0.0
3124,2016-12-11,Liverpool,West Ham United,0.6722,0.2263,0.1015,2,1,18,14,1.7913358705118294,1.0512364879250524,2,0,0.0,2.0,16.0,0.0,0.0,2,0,7,3,0.6499797115102409,0.1426558010280131,0,0,1.0,1.0,5.0,0.0,0.0
3125,2016-12-13,Bournemouth,Leicester City,0.0985,0.2309,0.6706,1,0,9,7,0.6599032096564768,0.5344981951639054,0,0,0.0,0.0,9.0,0.0,0.0,0,0,12,10,1.6750994715839622,1.5676048845052717,3,0,0.0,2.0,9.0,0.0,1.0
3126,2016-12-13,Everton,Arsenal,0.3772,0.2955,0.3273,2,2,14,12,1.4603383950889108,1.297332582995295,1,1,1.0,3.0,8.0,0.0,2.0,1,0,9,6,1.600785102695227,0.4566910173743962,1,0,1.0,1.0,5.0,0.0,2.0
3127,2016-12-14,Middlesbrough,Liverpool,0.0123,0.0908,0.8969,0,0,8,5,0.1615833025425671,0.1262428015470503,1,0,0.0,0.0,5.0,0.0,3.0,3,3,15,11,2.141465861350297,1.888646759092808,0,0,1.0,1.0,12.0,0.0,1.0
3128,2016-12-14,Sunderland,Chelsea,0.1348,0.2993,0.5659,0,0,8,7,0.4739790987223384,0.4517592974007128,3,0,0.0,1.0,6.0,0.0,1.0,1,1,19,15,1.224588016048073,0.8108687922358511,2,0,2.0,2.0,15.0,0.0,0.0
3129,2016-12-14,West Ham United,Burnley,0.5672,0.3355,0.0973,1,0,20,15,2.3529532998800278,0.6221705004572865,0,0,0.0,5.0,12.0,1.0,2.0,0,0,8,4,1.081715326756239,0.464023295789957,2,0,1.0,0.0,6.0,0.0,1.0
3130,2016-12-15,Crystal Palace,Manchester United,0.1668,0.3217,0.5115,1,1,6,6,0.7103233225643634,0.7103238832205533,2,0,0.0,1.0,3.0,0.0,2.0,2,1,16,11,1.273065414279699,0.5690127005800603,3,0,1.0,3.0,11.0,0.0,1.0
3131,2016-12-15,West Bromwich Albion,Swansea City,0.5436,0.2679,0.1885,3,3,13,11,1.7826807536184786,1.761951809749007,0,0,0.0,0.0,12.0,0.0,1.0,1,0,8,5,1.1877596862614153,0.4372456967830657,0,0,1.0,3.0,4.0,0.0,0.0
3132,2016-12-15,Manchester City,Watford,0.6762,0.2333,0.0905,2,2,13,12,1.6235874965786934,1.6061155050992963,1,0,0.0,3.0,10.0,0.0,0.0,0,0,5,3,0.4974626265466212,0.4387838989496231,2,0,1.0,0.0,3.0,0.0,1.0
3133,2016-12-15,Stoke City,Southampton,0.1542,0.4241,0.4217,0,0,5,3,0.3337540999054907,0.2435450032353401,1,1,0.0,1.0,3.0,0.0,1.0,0,0,15,12,0.7231135070323941,0.3749006986618038,2,0,2.0,4.0,8.0,0.0,1.0
3134,2016-12-15,Tottenham Hotspur,Hull City,0.9133,0.071,0.0157,3,2,27,21,2.8636275641620155,2.008884890004992,0,0,3.0,1.0,20.0,0.0,3.0,0,0,10,5,0.5845220964401958,0.302075795829296,2,0,0.0,3.0,7.0,0.0,0.0
3135,2016-12-17,Crystal Palace,Chelsea,0.1487,0.4077,0.4436,0,0,6,3,0.3563308985903857,0.1752944961190223,2,0,2.0,0.0,4.0,0.0,0.0,1,1,13,9,0.8185944035649296,0.5589977949857708,3,0,2.0,0.0,9.0,0.0,2.0
3136,2016-12-17,Middlesbrough,Swansea City,0.7104,0.2013,0.0883,3,2,10,8,1.715490777045488,0.8644817285239694,1,0,1.0,0.0,7.0,1.0,1.0,0,0,14,11,0.603377604857087,0.5031783990561959,0,0,0.0,1.0,13.0,0.0,0.0
3137,2016-12-17,West Ham United,Hull City,0.5856,0.2397,0.1747,1,0,19,13,1.9215060137212276,0.8738476056605575,2,0,3.0,7.0,8.0,1.0,0.0,0,0,16,12,1.1347873285412786,0.7174435183405875,4,0,0.0,3.0,12.0,0.0,1.0
3138,2016-12-17,Stoke City,Leicester City,0.7131,0.1858,0.1011,2,0,16,11,2.537003315985203,0.8461775109171865,2,0,0.0,2.0,11.0,1.0,2.0,2,2,14,12,1.2557236831635237,1.1329794880002737,6,1,1.0,3.0,9.0,0.0,1.0
3139,2016-12-17,Sunderland,Watford,0.3412,0.3434,0.3154,1,0,11,9,1.1352629140019417,0.5100114978849883,1,0,0.0,1.0,9.0,0.0,1.0,0,0,10,8,1.075514895841479,0.9221693892031906,2,0,1.0,4.0,3.0,0.0,2.0
3140,2016-12-17,West Bromwich Albion,Manchester United,0.1985,0.3503,0.4512,0,0,10,7,0.6004263125360008,0.5280539058148859,3,0,0.0,1.0,7.0,0.0,2.0,2,2,10,8,0.9951223023235796,0.9404200166463847,3,0,0.0,0.0,10.0,0.0,0.0
3141,2016-12-18,Bournemouth,Southampton,0.0504,0.1867,0.7629,1,1,10,8,0.4929118081927297,0.3981235008686777,0,0,0.0,1.0,8.0,0.0,1.0,3,3,14,10,1.694517873227596,1.4981084968894716,3,0,0.0,0.0,14.0,0.0,0.0
3142,2016-12-18,Manchester City,Arsenal,0.6117,0.2753,0.113,2,2,14,13,1.5185965448617933,1.506268301978707,4,0,0.0,3.0,10.0,0.0,1.0,1,1,6,4,0.6098925732076168,0.5568674001842736,2,0,0.0,1.0,5.0,0.0,0.0
3143,2016-12-18,Tottenham Hotspur,Burnley,0.4227,0.292,0.2853,2,2,30,25,1.5122877173125742,1.3352467268705366,1,0,1.0,6.0,22.0,0.0,1.0,1,0,5,1,1.2164118029177189,0.3979749977588653,2,0,0.0,0.0,4.0,0.0,1.0
3144,2016-12-20,Everton,Liverpool,0.0506,0.1746,0.7748,0,0,6,4,0.4567875172942873,0.3769521936774253,3,0,1.0,1.0,3.0,0.0,1.0,1,0,11,9,1.9005292057991023,0.878952909260988,1,0,0.0,1.0,10.0,0.0,0.0
3148,2016-12-26,Leicester City,Everton,0.0884,0.2705,0.6411,0,0,7,6,0.377463695593178,0.3521956019103525,3,0,0.0,1.0,6.0,0.0,0.0,2,1,8,7,1.2551225479692218,0.9080096837133168,0,0,0.0,1.0,7.0,0.0,0.0
3145,2016-12-26,Watford,Crystal Palace,0.1446,0.3353,0.5201,1,0,9,4,0.959774221293628,0.1350239999592302,2,0,0.0,0.0,7.0,1.0,1.0,1,1,10,7,1.5383435152471063,0.7082827109843491,4,0,0.0,1.0,7.0,1.0,1.0
3146,2016-12-26,Swansea City,West Ham United,0.0301,0.075,0.8949,1,1,14,11,0.954864405095577,0.8131513921543954,0,0,1.0,2.0,11.0,0.0,0.0,4,3,14,12,3.4920908883214,2.6974721923470493,0,0,0.0,1.0,13.0,0.0,0.0
3147,2016-12-26,Manchester United,Sunderland,0.8149,0.1324,0.0527,3,3,26,20,2.321171019226312,1.874918807297945,1,0,2.0,3.0,21.0,0.0,0.0,1,0,9,4,0.4885413013398645,0.1969953961670398,2,0,2.0,2.0,5.0,0.0,0.0
3149,2016-12-26,Arsenal,West Bromwich Albion,0.6962,0.2141,0.0897,1,1,26,21,1.998384309932589,1.3521486846730109,3,0,0.0,3.0,23.0,0.0,0.0,0,0,3,2,0.6875019818544388,0.1972029022872447,1,0,0.0,1.0,2.0,0.0,0.0
3150,2016-12-26,Burnley,Middlesbrough,0.1264,0.4305,0.4431,1,1,6,4,0.2757035922259091,0.1769359949976205,6,0,1.0,1.0,2.0,0.0,2.0,0,0,8,5,0.6988135911524295,0.6021283902227877,5,0,2.0,2.0,3.0,0.0,1.0
3151,2016-12-26,Chelsea,Bournemouth,0.6872,0.2263,0.0865,2,1,14,10,1.713026948273182,0.7619206197559831,1,0,1.0,1.0,11.0,1.0,0.0,0,0,7,5,0.6509420955553649,0.4940799959003923,1,0,1.0,0.0,5.0,0.0,2.0
3152,2016-12-26,Hull City,Manchester City,0.0195,0.0992,0.8813,0,0,10,5,0.3500696998089549,0.2295794002711771,1,0,1.0,2.0,7.0,0.0,1.0,2,1,16,13,2.2223697267472744,1.3751614745706315,0,0,1.0,2.0,12.0,1.0,0.0
3153,2016-12-27,Liverpool,Stoke City,0.7338,0.205,0.0612,3,1,20,13,1.6666922047734258,0.6252873037010429,0,0,0.0,3.0,17.0,0.0,0.0,1,1,6,4,0.3953302986919878,0.2325746007263659,1,0,0.0,0.0,7.0,0.0,0.0
3154,2016-12-28,Southampton,Tottenham Hotspur,0.0616,0.1965,0.7419,1,1,9,6,0.4037425490096206,0.3209830969572064,1,1,0.0,0.0,6.0,0.0,3.0,4,2,17,11,1.6103463917970655,0.5491234064102171,4,0,0.0,4.0,11.0,1.0,1.0
3155,2016-12-31,Hull City,Everton,0.2379,0.293,0.4691,2,1,13,7,0.86032198369503,0.5263166911900042,2,0,2.0,3.0,8.0,0.0,1.0,1,1,20,18,1.2779730595648289,1.2391394553706048,2,0,0.0,0.0,20.0,0.0,0.0
3156,2016-12-31,Leicester City,West Ham United,0.2521,0.262,0.4859,1,1,12,7,1.1123544126749036,0.7654798850417135,5,0,1.0,1.0,10.0,0.0,0.0,0,0,24,11,1.5847028959542508,0.4988928940147159,3,0,3.0,3.0,15.0,0.0,3.0
3159,2016-12-31,Manchester United,Middlesbrough,0.8078,0.1347,0.0575,2,2,32,23,2.550165671855211,1.8912500143051143,1,0,1.0,7.0,23.0,0.0,1.0,1,1,9,6,0.6449197903275488,0.5136921182274816,1,0,0.0,1.0,8.0,0.0,0.0
3157,2016-12-31,Burnley,Sunderland,0.9069,0.0737,0.0194,4,2,16,14,2.724707344546914,1.6679506115615363,1,0,0.0,1.0,13.0,1.0,1.0,1,1,11,9,0.4657009718939658,0.3152191638946529,1,0,0.0,2.0,9.0,0.0,0.0
3158,2016-12-31,Chelsea,Stoke City,0.6532,0.2223,0.1245,4,3,18,14,1.9473742097616196,1.401659488677978,3,0,1.0,5.0,12.0,0.0,0.0,2,1,5,3,0.8584170043468473,0.7581790015101432,2,0,0.0,1.0,1.0,0.0,3.0
3160,2016-12-31,Southampton,West Bromwich Albion,0.176,0.4381,0.3859,1,1,10,7,0.3716677017509934,0.2617840068414805,1,1,0.0,3.0,5.0,0.0,2.0,2,2,7,4,0.6674999920651314,0.5803226158022879,3,0,0.0,1.0,5.0,0.0,1.0
3161,2016-12-31,Swansea City,Bournemouth,0.0309,0.1078,0.8613,0,0,14,9,0.5152178062126038,0.3956315685063598,2,0,0.0,3.0,8.0,0.0,3.0,3,2,11,8,2.4360791770741343,1.7932090228423478,0,0,1.0,0.0,10.0,0.0,0.0
3162,2016-12-31,Liverpool,Manchester City,0.1685,0.5914,0.2401,1,1,5,5,0.2568254023790358,0.2568250000476837,2,0,0.0,0.0,5.0,0.0,0.0,0,0,9,6,0.3524452000856397,0.2232754994183777,1,0,1.0,1.0,7.0,0.0,0.0
3328,2017-01-01,Watford,Tottenham Hotspur,0.0662,0.1343,0.7995,1,0,6,3,1.2633104510605335,0.0992680005729197,3,0,0.0,0.0,4.0,0.0,2.0,4,3,19,15,3.0650848671793938,2.3099023774266243,0,0,1.0,1.0,15.0,0.0,2.0
3329,2017-01-01,Arsenal,Crystal Palace,0.7742,0.1878,0.038,2,1,22,16,1.6765553951263423,1.4003044143319126,1,0,1.0,4.0,17.0,0.0,0.0,0,0,7,5,0.221468601375818,0.1922094002366064,1,0,0.0,3.0,4.0,0.0,0.0
3331,2017-01-02,Everton,Southampton,0.7419,0.1673,0.0908,3,2,17,13,2.3499705065041776,1.498149577528238,0,0,0.0,4.0,12.0,1.0,0.0,0,0,12,8,1.0108330938965078,0.8965383972972629,1,0,0.0,2.0,10.0,0.0,0.0
3332,2017-01-02,Manchester City,Burnley,0.2947,0.4018,0.3035,2,1,14,11,0.617412305437028,0.4814031040295956,4,1,0.0,2.0,12.0,0.0,0.0,1,0,11,6,0.6421112958341834,0.2460499033331869,3,0,2.0,4.0,5.0,0.0,0.0
3330,2017-01-02,Middlesbrough,Leicester City,0.3695,0.4294,0.2011,0,0,9,6,0.6971083972603079,0.289786798879504,3,0,0.0,0.0,8.0,0.0,1.0,0,0,10,8,0.4770767018198965,0.3533992059528827,0,0,2.0,1.0,6.0,0.0,1.0
3333,2017-01-02,West Bromwich Albion,Hull City,0.2984,0.335,0.3666,3,2,8,7,0.883567504584789,0.7652723062783477,0,0,0.0,2.0,6.0,0.0,0.0,1,1,17,14,0.9923422988504168,0.8837711866945027,0,0,1.0,5.0,11.0,0.0,0.0
3334,2017-01-02,Sunderland,Liverpool,0.2537,0.2795,0.4668,2,0,10,5,1.916516941040754,0.2571709007024763,2,0,1.0,0.0,7.0,2.0,0.0,2,1,21,19,2.3342409189790483,1.6664424091577528,3,0,0.0,5.0,14.0,0.0,2.0
3335,2017-01-02,West Ham United,Manchester United,0.1066,0.2659,0.6275,0,0,8,7,0.7999122925102709,0.7658952083438633,2,1,0.0,1.0,6.0,0.0,1.0,2,2,13,11,2.2952999807894225,1.3445263914763923,2,0,1.0,0.0,12.0,0.0,0.0
3336,2017-01-03,Bournemouth,Arsenal,0.4826,0.2855,0.2319,3,2,13,9,1.5585896288976069,0.6485069077461955,3,1,2.0,2.0,8.0,1.0,0.0,3,3,14,13,1.126288428902626,1.1096754036843772,3,0,0.0,1.0,13.0,0.0,0.0
3337,2017-01-04,Crystal Palace,Swansea City,0.0893,0.2859,0.6248,1,1,7,3,0.3312761969864366,0.1436446979641913,2,0,1.0,0.0,5.0,0.0,1.0,2,2,11,9,1.1892928043380375,1.1589949000626798,1,0,0.0,1.0,8.0,0.0,2.0
3338,2017-01-04,Stoke City,Watford,0.7685,0.1725,0.059,2,2,16,13,2.0735541442409158,1.9808144867420197,1,0,0.0,4.0,11.0,0.0,1.0,0,0,9,7,0.5103946989402172,0.3374243900179862,2,0,1.0,2.0,5.0,0.0,1.0
3339,2017-01-05,Tottenham Hotspur,Chelsea,0.3707,0.3315,0.2978,2,2,9,5,1.0094452453777192,0.9103969689458606,3,0,1.0,0.0,7.0,0.0,1.0,0,0,11,8,0.9127542013302444,0.7838692776858804,2,0,1.0,0.0,10.0,0.0,0.0
3340,2017-01-14,Tottenham Hotspur,West Bromwich Albion,0.9405,0.0528,0.0067,3,3,21,18,2.6613749414682384,2.5494617158547044,0,0,0.0,5.0,15.0,0.0,1.0,0,0,3,1,0.1650191880762576,0.09147509932518,2,0,0.0,0.0,3.0,0.0,1.0
3341,2017-01-14,Watford,Middlesbrough,0.486,0.3828,0.1312,0,0,12,10,0.835827615112066,0.7575469892472027,3,0,0.0,2.0,9.0,0.0,1.0,0,0,5,3,0.3253471069037912,0.2550097033381461,1,0,0.0,0.0,5.0,0.0,0.0
3342,2017-01-14,Sunderland,Stoke City,0.3351,0.2898,0.3751,1,1,13,9,1.1365001089870927,0.5828355997800824,3,0,0.0,2.0,9.0,0.0,2.0,3,2,14,10,1.2355464249849315,1.004735995084047,1,0,1.0,0.0,12.0,0.0,1.0
3343,2017-01-14,Swansea City,Arsenal,0.0344,0.11,0.8556,0,0,12,8,0.4884849935770031,0.3910531047731635,2,0,0.0,3.0,11.0,0.0,0.0,2,0,14,10,2.3639432191848755,1.0136732272803783,0,0,0.0,0.0,14.0,0.0,0.0
3344,2017-01-14,Hull City,Bournemouth,0.2653,0.3133,0.4214,2,2,14,11,1.1890401151031254,1.0609092116355892,0,0,0.0,2.0,9.0,0.0,3.0,1,0,8,6,1.4345523193478584,0.5528044980019328,1,0,0.0,0.0,7.0,1.0,1.0
3345,2017-01-14,Burnley,Southampton,0.1663,0.3581,0.4756,1,0,9,6,0.464554091915488,0.276784399524331,1,0,3.0,1.0,4.0,0.0,1.0,0,0,20,14,0.9699067054316396,0.6291889026761049,2,0,0.0,2.0,17.0,0.0,1.0
3346,2017-01-14,West Ham United,Crystal Palace,0.5302,0.337,0.1328,3,3,14,10,1.7233800143003462,1.560525302775204,4,0,1.0,0.0,11.0,0.0,2.0,0,0,10,6,1.0673495810478923,0.8930077888071536,2,0,1.0,0.0,7.0,0.0,2.0
3347,2017-01-14,Leicester City,Chelsea,0.0743,0.4309,0.4948,0,0,7,6,0.1791441971436141,0.1688401009887456,1,0,0.0,1.0,6.0,0.0,0.0,3,1,8,5,0.7388261929154395,0.2934480998665094,0,0,0.0,1.0,5.0,0.0,2.0
3349,2017-01-15,Manchester United,Liverpool,0.2234,0.2916,0.485,1,1,9,6,1.031775891780853,0.8236109018325803,1,0,1.0,0.0,8.0,0.0,0.0,1,0,13,9,1.4605755265802145,0.4882234912365673,3,0,0.0,1.0,10.0,1.0,1.0
3348,2017-01-15,Everton,Manchester City,0.2913,0.4254,0.2833,4,4,6,6,0.5725276842713354,0.5725280046463012,2,0,0.0,0.0,6.0,0.0,0.0,0,0,13,8,0.5692853434011336,0.302499341778457,2,0,2.0,3.0,7.0,0.0,1.0
3350,2017-01-21,Liverpool,Swansea City,0.2558,0.2641,0.4801,2,2,16,13,1.2403743043541906,1.1952996067702766,1,0,0.0,3.0,12.0,0.0,1.0,3,2,6,4,1.6048212228342889,1.151419311761856,1,0,1.0,3.0,2.0,0.0,0.0
3351,2017-01-21,Middlesbrough,West Ham United,0.0766,0.1419,0.7815,1,1,11,8,0.9588249959051608,0.8491416238248345,2,0,1.0,1.0,8.0,0.0,1.0,3,2,13,11,2.6630277102813125,2.147605296224356,1,0,0.0,2.0,11.0,0.0,0.0
3352,2017-01-21,Bournemouth,Watford,0.3486,0.3336,0.3178,2,2,15,12,1.147912915796041,1.0799213051795955,1,0,0.0,1.0,14.0,0.0,0.0,2,2,10,5,1.0873118117451666,0.939213030040264,2,0,0.0,4.0,4.0,0.0,2.0
3353,2017-01-21,Crystal Palace,Everton,0.1733,0.3612,0.4655,0,0,8,7,0.4637336917221545,0.4461905024945732,0,0,0.0,2.0,2.0,0.0,4.0,1,1,17,14,0.949559900909662,0.7342591928318138,1,0,0.0,4.0,13.0,0.0,0.0
3354,2017-01-21,Stoke City,Manchester United,0.0569,0.1958,0.7473,0,0,6,5,0.3537770244292914,0.3210956938564775,4,0,0.0,0.0,6.0,0.0,0.0,1,0,25,22,1.7506778780370946,1.4617232903838155,0,0,1.0,5.0,17.0,0.0,3.0
3355,2017-01-21,West Bromwich Albion,Sunderland,0.6367,0.2609,0.1024,2,1,14,11,1.367544189095497,1.232210391201079,1,0,0.0,1.0,11.0,0.0,2.0,0,0,9,7,0.4408869948238132,0.280709497630596,1,0,1.0,0.0,6.0,0.0,2.0
3356,2017-01-21,Manchester City,Tottenham Hotspur,0.7244,0.1875,0.0881,2,0,17,13,2.5270247906446457,1.1651776134967804,2,0,0.0,2.0,14.0,0.0,1.0,2,1,6,4,1.123909171670675,0.4180173967033622,4,0,0.0,2.0,4.0,0.0,0.0
3357,2017-01-22,Southampton,Leicester City,0.7688,0.1636,0.0676,3,1,20,13,2.499975867569446,0.6873773001134393,0,0,0.0,0.0,18.0,1.0,1.0,0,0,11,7,0.9358660858124492,0.7850896678864954,1,0,1.0,2.0,6.0,0.0,2.0
3358,2017-01-22,Arsenal,Burnley,0.5022,0.2863,0.2115,2,1,24,19,1.864432019181549,0.8520620968192814,1,1,0.0,4.0,17.0,1.0,2.0,1,0,13,7,1.2994764950126407,0.3549521975219247,3,0,1.0,2.0,8.0,1.0,1.0
3359,2017-01-22,Chelsea,Hull City,0.7395,0.2063,0.0542,2,2,9,5,1.4716495824977756,1.286194276064634,1,0,0.0,3.0,5.0,0.0,1.0,0,0,9,6,0.3145321030169723,0.2190840970724819,3,0,1.0,2.0,6.0,0.0,0.0
3360,2017-01-31,Arsenal,Watford,0.3536,0.3443,0.3021,1,1,20,14,1.0801701983436938,0.850281402468681,3,0,1.0,5.0,13.0,0.0,1.0,2,1,10,5,1.0136049129068847,0.157260602340102,3,0,0.0,2.0,6.0,0.0,2.0
3361,2017-01-31,Bournemouth,Crystal Palace,0.0466,0.1876,0.7658,0,0,10,7,0.3209896031767126,0.2550049936398861,0,0,1.0,2.0,6.0,0.0,1.0,2,2,11,8,1.606673929840326,1.4367507137358189,4,0,1.0,1.0,7.0,0.0,2.0
3362,2017-01-31,Burnley,Leicester City,0.6525,0.2188,0.1287,1,1,24,19,1.837770979851484,1.5198759157210584,1,0,0.0,10.0,12.0,0.0,2.0,0,0,13,9,0.7824578871950505,0.4423419069498775,0,0,0.0,0.0,12.0,0.0,1.0
3363,2017-01-31,Middlesbrough,West Bromwich Albion,0.3312,0.3324,0.3364,1,0,11,5,1.184689626097679,0.1752395927906035,2,0,0.0,1.0,6.0,1.0,3.0,1,1,15,11,1.291640110313892,0.997793514281511,1,0,0.0,0.0,10.0,0.0,5.0
3364,2017-01-31,Sunderland,Tottenham Hotspur,0.1077,0.4577,0.4346,0,0,3,2,0.2280097007751464,0.1626335978507995,2,0,0.0,0.0,3.0,0.0,0.0,0,0,14,10,0.6827588072046634,0.4455223148688673,0,0,1.0,5.0,8.0,0.0,0.0
3365,2017-01-31,Swansea City,Southampton,0.2704,0.3494,0.3802,2,2,12,9,0.7640940863639113,0.6111734881997106,2,0,0.0,5.0,7.0,0.0,0.0,1,1,10,9,0.9071033857762812,0.8839249089360235,0,0,0.0,0.0,9.0,0.0,1.0
3366,2017-01-31,Liverpool,Chelsea,0.3538,0.358,0.2882,1,0,7,5,1.204851207323372,0.4264884004369376,2,0,0.0,0.0,7.0,0.0,0.0,1,0,8,4,1.0666044168174265,0.1711699999868868,1,0,1.0,0.0,6.0,1.0,0.0
3367,2017-02-01,West Ham United,Manchester City,0.018,0.0769,0.9051,0,0,6,3,0.4947192072868345,0.3419837057590484,3,0,2.0,1.0,3.0,0.0,0.0,4,2,11,6,2.665896240621805,1.1365863867104051,3,0,2.0,3.0,5.0,1.0,0.0
3368,2017-02-01,Manchester United,Hull City,0.6811,0.2427,0.0762,0,0,16,14,1.4815072957426303,1.39736358448863,1,0,0.0,3.0,13.0,0.0,0.0,0,0,6,5,0.3958956040441988,0.3718120967969298,4,0,0.0,1.0,4.0,0.0,1.0
3369,2017-02-01,Stoke City,Everton,0.6178,0.238,0.1442,1,1,14,9,1.7361979763954876,1.6560885319486258,1,0,1.0,3.0,10.0,0.0,1.0,0,0,15,10,0.8957168022170661,0.732333295047283,0,0,1.0,1.0,11.0,0.0,2.0
3370,2017-02-04,Chelsea,Arsenal,0.6473,0.2184,0.1343,3,0,13,9,1.9545074291527271,0.5462118089199064,1,0,0.0,1.0,11.0,0.0,1.0,1,1,9,7,0.9500353895127768,0.8875107020139692,1,0,0.0,5.0,4.0,0.0,0.0
3371,2017-02-04,Crystal Palace,Sunderland,0.7756,0.1569,0.0675,0,0,21,12,2.5208799000829454,1.698363713920116,3,0,1.0,5.0,12.0,0.0,3.0,4,2,10,7,0.8440696001052854,0.3328862972557541,3,0,0.0,0.0,8.0,0.0,2.0
3372,2017-02-04,Everton,Bournemouth,0.5135,0.2231,0.2634,6,4,15,11,2.7873358093202114,1.9999918080866332,3,0,0.0,0.0,13.0,0.0,2.0,3,2,18,13,2.4100211672484875,1.5521190315484998,1,0,1.0,4.0,11.0,0.0,2.0
3373,2017-02-04,Hull City,Liverpool,0.5972,0.2307,0.1721,2,1,7,6,1.885865081101656,1.3023187927901745,2,0,0.0,1.0,6.0,0.0,0.0,0,0,22,15,1.1371403019875284,0.709348218515515,1,0,0.0,7.0,10.0,0.0,5.0
3374,2017-02-04,Watford,Burnley,0.3906,0.3044,0.305,2,2,16,13,1.6630796305835245,1.4561430104076856,5,0,0.0,1.0,14.0,0.0,1.0,1,0,11,5,1.4786754734814165,0.2100725956261155,0,1,1.0,3.0,4.0,1.0,2.0
3375,2017-02-04,West Bromwich Albion,Stoke City,0.5525,0.2568,0.1907,1,1,15,10,1.851881572976708,1.5548590682446954,2,0,0.0,1.0,12.0,0.0,2.0,0,0,12,8,1.1081846021115778,0.9756112098693848,2,0,1.0,2.0,8.0,0.0,1.0
3376,2017-02-04,Southampton,West Ham United,0.3581,0.3185,0.3234,1,1,21,12,1.0654798988252874,0.7456794977188107,0,0,2.0,3.0,16.0,0.0,0.0,3,1,6,4,0.9178501656278966,0.3903304915875195,2,0,1.0,1.0,4.0,0.0,0.0
3377,2017-02-04,Tottenham Hotspur,Middlesbrough,0.8156,0.1437,0.0407,1,0,17,14,2.100530605763197,1.240337688475847,0,0,0.0,3.0,13.0,1.0,0.0,0,0,8,6,0.5048402082175015,0.4795246869325636,1,0,0.0,0.0,7.0,0.0,1.0
3378,2017-02-05,Manchester City,Swansea City,0.9866,0.0126,0.0008,2,0,17,12,3.3658165428787474,1.6110604684799907,2,0,1.0,5.0,11.0,0.0,0.0,1,1,4,2,0.1144500989466904,0.0546902995556592,3,0,1.0,2.0,1.0,0.0,0.0
3379,2017-02-05,Leicester City,Manchester United,0.0643,0.1544,0.7813,0,0,11,8,0.4920092001557346,0.3307649008929727,2,0,1.0,2.0,7.0,0.0,1.0,3,3,15,15,1.9868801925331352,1.9868752043694256,4,0,0.0,1.0,14.0,0.0,0.0
3380,2017-02-11,Arsenal,Hull City,0.9601,0.0328,0.0071,2,0,17,10,3.782037141732871,1.1028158776462076,3,0,0.0,2.0,14.0,1.0,0.0,0,0,9,8,0.4664035923779008,0.4498490933328865,1,1,0.0,3.0,4.0,0.0,2.0
3381,2017-02-11,Manchester United,Watford,0.8303,0.1251,0.0446,2,2,22,20,2.6270041614770885,2.460936650633812,1,0,0.0,0.0,22.0,0.0,0.0,0,0,9,7,0.6410584840923547,0.5498621836304662,0,0,1.0,0.0,8.0,0.0,0.0
3382,2017-02-11,Middlesbrough,Everton,0.2526,0.3724,0.375,0,0,9,8,0.6510565001517533,0.5480893980711696,2,0,0.0,3.0,5.0,0.0,1.0,0,0,7,7,0.8316440125927329,0.8316434761509298,0,0,0.0,1.0,6.0,0.0,0.0
3383,2017-02-11,Stoke City,Crystal Palace,0.4906,0.4234,0.086,1,1,7,6,0.7208835044875739,0.6630095122382043,1,0,0.0,2.0,5.0,0.0,0.0,0,0,6,5,0.2021592967212198,0.15392729640007,3,0,1.0,1.0,2.0,0.0,2.0
3384,2017-02-11,Sunderland,Southampton,0.0293,0.1739,0.7968,0,0,6,3,0.1979254493489858,0.0817279983311889,1,0,1.0,1.0,5.0,0.0,0.0,3,3,15,14,1.7271682024002073,1.6683200001716612,0,0,0.0,1.0,14.0,0.0,0.0
3385,2017-02-11,West Ham United,West Bromwich Albion,0.461,0.3168,0.2222,2,1,16,12,1.1888475129380818,0.529200194403529,3,0,1.0,1.0,13.0,0.0,1.0,2,2,8,6,0.769974000751972,0.6974790059030053,2,0,0.0,4.0,4.0,0.0,0.0
3386,2017-02-11,Liverpool,Tottenham Hotspur,0.835,0.119,0.046,2,1,17,11,2.715202049352228,1.1872587949037547,3,0,1.0,4.0,11.0,0.0,1.0,0,0,7,5,0.6221044063568114,0.4977921005338428,5,0,1.0,0.0,5.0,0.0,1.0
3387,2017-02-12,Burnley,Chelsea,0.3623,0.3458,0.2919,1,0,7,4,0.9063655920326708,0.4582927003502844,3,0,1.0,0.0,6.0,0.0,0.0,1,0,13,9,0.800221890211105,0.5295844003558157,2,0,1.0,1.0,11.0,0.0,0.0
3388,2017-02-12,Swansea City,Leicester City,0.3148,0.386,0.2992,2,2,10,9,0.6948909945785995,0.6859130989760157,2,0,0.0,0.0,9.0,0.0,1.0,0,0,9,7,0.6742525044828652,0.6070491150021552,2,0,0.0,1.0,8.0,0.0,0.0
3389,2017-02-13,Bournemouth,Manchester City,0.0045,0.0309,0.9646,0,0,5,3,0.1523844990879295,0.1208091992884872,2,0,0.0,1.0,5.0,0.0,0.0,1,0,17,12,2.9770816415548325,2.1563250999897714,3,0,0.0,2.0,14.0,0.0,1.0
3391,2017-02-25,Chelsea,Swansea City,0.6291,0.3004,0.0705,3,3,16,14,1.2257310859858987,0.9813255779445168,1,0,0.0,1.0,14.0,0.0,1.0,1,1,3,2,0.2801715023815631,0.2321500033140182,3,0,1.0,1.0,0.0,0.0,1.0
3392,2017-02-25,Crystal Palace,Middlesbrough,0.3003,0.3576,0.3421,1,1,15,13,0.8085223045200106,0.6863091941922899,3,0,0.0,1.0,12.0,0.0,2.0,0,0,11,8,0.8288500029593703,0.6285141929984092,1,0,1.0,0.0,9.0,0.0,1.0
3393,2017-02-25,Everton,Sunderland,0.6869,0.2164,0.0967,2,2,20,16,1.7036609090864654,1.4427800253033634,0,0,0.0,5.0,12.0,0.0,3.0,0,0,10,8,0.5059524923563001,0.4104652982205151,2,0,0.0,5.0,4.0,0.0,1.0
3394,2017-02-25,Hull City,Burnley,0.7144,0.2146,0.071,1,0,15,8,1.5903725223615763,0.436737798154354,1,0,1.0,1.0,12.0,1.0,0.0,1,1,10,5,0.473057800903916,0.2962277010083197,1,1,2.0,1.0,5.0,0.0,2.0
3395,2017-02-25,West Bromwich Albion,Bournemouth,0.4532,0.3269,0.2199,2,1,13,10,1.612395580857992,0.7400054037570951,2,0,0.0,5.0,8.0,0.0,0.0,1,0,12,11,1.227466178126633,0.3134683007374403,0,0,1.0,2.0,7.0,1.0,1.0
3396,2017-02-25,Watford,West Ham United,0.2511,0.345,0.4039,1,0,9,7,1.2221489194780586,0.2327628992497918,4,0,0.0,2.0,5.0,1.0,1.0,1,0,13,9,1.5636336915194984,0.8010803814977404,1,1,1.0,2.0,9.0,0.0,1.0
3397,2017-02-26,Tottenham Hotspur,Stoke City,0.6733,0.2321,0.0946,4,3,21,19,1.890022505074739,1.7989099249243734,2,0,0.0,2.0,16.0,0.0,3.0,0,0,5,3,0.7435956038534639,0.6408193036913871,3,0,0.0,1.0,4.0,0.0,0.0
3399,2017-02-27,Leicester City,Liverpool,0.5744,0.2518,0.1738,3,2,14,8,1.551124883815646,1.326033502817154,0,0,1.0,1.0,11.0,0.0,1.0,1,1,17,14,0.7899395031854506,0.6904662894085047,0,0,0.0,3.0,14.0,0.0,0.0
3402,2017-03-04,Manchester United,Bournemouth,0.8218,0.1462,0.032,1,1,20,18,2.5514879412949085,1.6567466948181389,3,0,2.0,6.0,11.0,1.0,0.0,1,0,3,2,0.8161720037460327,0.0219362005591392,2,1,0.0,1.0,1.0,1.0,0.0
3400,2017-03-04,Leicester City,Hull City,0.5479,0.2555,0.1966,2,2,17,11,1.8125512935221195,1.112886517308652,1,0,0.0,7.0,9.0,0.0,1.0,1,0,10,6,1.1216049790382383,0.3640641961246728,1,0,1.0,1.0,7.0,0.0,2.0
3403,2017-03-04,Stoke City,Middlesbrough,0.9551,0.0382,0.0067,2,2,13,9,3.020874937996268,2.727478861808777,1,0,0.0,5.0,8.0,0.0,0.0,0,0,8,8,0.2746110549196598,0.2746111992746589,2,0,0.0,1.0,6.0,0.0,1.0
3405,2017-03-04,Swansea City,Burnley,0.4686,0.3034,0.228,3,3,24,13,1.449216367676854,0.9803429953753946,2,0,1.0,6.0,14.0,0.0,3.0,2,1,6,4,0.9338516807183622,0.1574170980602502,2,0,0.0,0.0,5.0,1.0,0.0
3407,2017-03-04,Watford,Southampton,0.3675,0.298,0.3345,3,2,16,11,1.4010381754487748,1.2214650772511957,3,0,0.0,1.0,13.0,0.0,2.0,4,2,20,15,1.3504728972911832,0.745234011672437,2,0,1.0,4.0,14.0,0.0,1.0
3408,2017-03-04,West Bromwich Albion,Crystal Palace,0.0825,0.2575,0.66,0,0,11,8,0.3746004272252318,0.2363888025283811,0,0,1.0,2.0,8.0,0.0,0.0,2,1,10,7,1.3917125072330236,1.1458800714462996,1,0,0.0,2.0,8.0,0.0,0.0
3401,2017-03-04,Liverpool,Arsenal,0.8363,0.1205,0.0432,3,3,18,14,2.7192527037113905,2.0536684300750494,1,0,1.0,3.0,11.0,0.0,3.0,1,1,7,5,0.7292034979909656,0.6819822937250135,2,0,0.0,1.0,5.0,0.0,1.0
3406,2017-03-05,Tottenham Hotspur,Everton,0.5984,0.2492,0.1524,3,3,20,15,1.7130780182778833,1.188240613788366,1,0,1.0,3.0,13.0,0.0,3.0,2,2,8,7,0.8080130033195017,0.7972634900361297,2,0,0.0,1.0,5.0,0.0,2.0
3404,2017-03-05,Sunderland,Manchester City,0.0456,0.1248,0.8296,0,0,11,8,0.7414795029908414,0.4669347908347843,1,0,0.0,4.0,7.0,0.0,0.0,2,1,14,12,2.480220556259155,1.872843416407704,0,0,0.0,0.0,13.0,0.0,1.0
3409,2017-03-06,West Ham United,Chelsea,0.0383,0.1388,0.8229,1,1,11,6,0.4528132919222112,0.2801345996558664,0,0,1.0,3.0,7.0,0.0,0.0,2,1,9,6,2.022069903090596,1.2005570903420446,1,0,0.0,2.0,7.0,0.0,0.0
3418,2017-03-08,Manchester City,Stoke City,0.667,0.2574,0.0756,0,0,12,9,1.304898096248507,1.1420226879417894,1,0,1.0,2.0,9.0,0.0,0.0,0,0,5,4,0.3371939100325106,0.3228828087449072,3,0,0.0,0.0,3.0,0.0,2.0
3411,2017-03-11,Bournemouth,West Ham United,0.8782,0.0794,0.0424,3,1,22,15,3.7311833091080175,1.5626765899360178,4,0,0.0,2.0,15.0,2.0,3.0,2,2,16,12,1.2531531797721978,1.1422187872231002,2,0,0.0,2.0,11.0,0.0,3.0
3416,2017-03-11,Everton,West Bromwich Albion,0.9103,0.0815,0.0082,3,2,16,11,2.2048279065638776,1.4021420665085311,1,0,1.0,3.0,12.0,0.0,0.0,0,0,5,5,0.1273205000907182,0.127320598810911,2,0,0.0,0.0,5.0,0.0,0.0
3417,2017-03-11,Hull City,Swansea City,0.5214,0.2424,0.2362,2,2,15,10,1.988736987113952,1.2749428953975437,3,0,1.0,0.0,14.0,0.0,0.0,1,1,11,8,1.44148001819849,0.8467814829200504,1,0,2.0,2.0,6.0,0.0,1.0
3419,2017-03-12,Liverpool,Burnley,0.3705,0.3488,0.2807,2,1,10,8,1.018336672335863,0.4784460952505467,2,0,0.0,3.0,6.0,0.0,1.0,1,1,11,5,0.8347406182438132,0.5375360045582054,2,0,0.0,1.0,5.0,0.0,5.0
3420,2017-03-18,West Bromwich Albion,Arsenal,0.6692,0.2129,0.1179,3,2,12,10,2.1173711698502298,1.9035930335521696,1,0,0.0,3.0,9.0,0.0,0.0,1,1,11,9,1.005306493490934,0.7902611736208199,0,0,1.0,1.0,9.0,0.0,0.0
3421,2017-03-18,West Ham United,Leicester City,0.4186,0.2291,0.3523,2,1,20,15,2.355178688652813,1.566732523962855,0,0,3.0,5.0,11.0,0.0,1.0,3,3,11,9,2.1700410861521955,2.026791893877089,1,0,1.0,3.0,6.0,0.0,1.0
3423,2017-03-18,Sunderland,Burnley,0.2959,0.3029,0.4012,0,0,14,11,1.0331319225952027,0.9934937991201874,3,0,0.0,2.0,10.0,0.0,2.0,0,0,16,11,1.1887967921793456,0.9532196000218388,1,0,1.0,3.0,10.0,0.0,2.0
3424,2017-03-18,Stoke City,Chelsea,0.1142,0.2526,0.6332,1,0,5,3,0.9520532190799712,0.1239477992057798,4,1,0.0,2.0,2.0,1.0,0.0,2,0,20,15,1.9657917432487009,1.2746781967580316,2,0,3.0,6.0,7.0,0.0,4.0
3427,2017-03-18,Everton,Hull City,0.8705,0.0984,0.0311,4,3,14,11,2.6314110197126865,2.0275621637701984,2,0,0.0,2.0,11.0,0.0,1.0,0,0,6,4,0.5286924000829455,0.1647354010492561,0,1,0.0,1.0,5.0,0.0,0.0
3428,2017-03-18,Crystal Palace,Watford,0.2722,0.605,0.1228,0,0,7,5,0.380137801170349,0.2301348000764846,0,0,0.0,1.0,5.0,0.0,1.0,0,0,6,5,0.1906477324664591,0.1447611283510922,2,0,0.0,0.0,6.0,0.0,1.0
3429,2017-03-18,Bournemouth,Swansea City,0.5331,0.3395,0.1274,1,1,12,9,1.0081642922013996,0.8891423158347603,0,0,1.0,0.0,11.0,0.0,0.0,0,0,10,4,0.3768703062087294,0.2002826966345309,2,0,1.0,3.0,5.0,0.0,2.0
3425,2017-03-19,Middlesbrough,Manchester United,0.0867,0.1703,0.743,1,0,10,7,1.0903747733682394,0.5975710935890672,1,0,0.0,0.0,10.0,0.0,0.0,3,2,14,11,2.514248223043978,1.6124910302460194,1,0,0.0,2.0,12.0,0.0,0.0
3422,2017-03-19,Tottenham Hotspur,Southampton,0.5989,0.2683,0.1328,2,1,12,10,1.643278695642948,0.8443301972001787,3,0,0.0,2.0,9.0,1.0,0.0,1,1,8,8,0.8399884896352884,0.8399881944060321,3,0,0.0,0.0,7.0,0.0,1.0
3426,2017-03-19,Manchester City,Liverpool,0.5319,0.2168,0.2513,1,1,13,11,2.5759146213531494,2.463204964995384,3,0,0.0,3.0,10.0,0.0,0.0,1,0,13,11,1.9411645904183383,1.0167493931949136,3,0,0.0,2.0,8.0,1.0,2.0
3435,2017-04-01,Liverpool,Everton,0.1258,0.2507,0.6235,3,3,10,9,0.6253434941172598,0.6117488071322439,1,0,0.0,0.0,10.0,0.0,0.0,1,1,9,6,1.441520726308226,1.3216139301657674,3,0,1.0,2.0,4.0,0.0,2.0
3431,2017-04-01,Burnley,Tottenham Hotspur,0.0336,0.1096,0.8568,0,0,13,11,0.4474251028150318,0.3978129941970105,2,0,0.0,2.0,10.0,0.0,1.0,2,1,19,11,2.3888075966387983,1.1582330837845798,0,0,1.0,3.0,13.0,0.0,2.0
3432,2017-04-01,Chelsea,Crystal Palace,0.7428,0.156,0.1012,1,1,24,18,3.1742440108209844,2.7876752950251102,3,0,3.0,1.0,19.0,0.0,1.0,2,2,8,7,1.5742345824837685,1.4676385968923569,2,0,0.0,1.0,5.0,0.0,2.0
3433,2017-04-01,Hull City,West Ham United,0.2089,0.3272,0.4639,2,2,7,3,0.8737629838287828,0.1703416034579276,2,0,1.0,1.0,5.0,0.0,0.0,1,1,12,8,1.245705432258546,1.16766170412302,2,0,0.0,1.0,11.0,0.0,0.0
3434,2017-04-01,Leicester City,Stoke City,0.5223,0.2509,0.2268,2,2,23,13,2.0537522006779905,1.5172610087320206,1,0,0.0,4.0,14.0,0.0,5.0,0,0,10,9,1.366713859140873,1.309954987838864,4,0,0.0,2.0,8.0,0.0,0.0
3436,2017-04-01,Manchester United,West Bromwich Albion,0.5777,0.3553,0.067,0,0,18,11,0.98946819268167,0.3844166100025175,3,0,1.0,1.0,16.0,0.0,0.0,0,0,3,3,0.2002973966300487,0.1444111987948417,3,0,1.0,0.0,2.0,0.0,0.0
3439,2017-04-01,Watford,Sunderland,0.8002,0.1546,0.0452,1,1,23,16,1.961962796747684,1.7748254034668205,1,0,0.0,7.0,16.0,0.0,0.0,0,0,11,9,0.3496989542618391,0.2776829004287716,3,0,1.0,0.0,9.0,0.0,1.0
3437,2017-04-01,Southampton,Bournemouth,0.1325,0.2065,0.661,0,0,14,11,1.0030738059431312,0.8197957947850225,1,0,0.0,1.0,13.0,0.0,0.0,0,0,12,5,2.086344763636589,0.5752292964607476,0,0,1.0,2.0,8.0,1.0,0.0
3438,2017-04-02,Swansea City,Middlesbrough,0.2634,0.3825,0.3541,0,0,15,13,0.6438190387561914,0.5015809014439581,2,0,1.0,2.0,12.0,0.0,0.0,0,0,8,7,0.7491861116141079,0.7338694855570791,3,0,0.0,0.0,8.0,0.0,0.0
3430,2017-04-02,Arsenal,Manchester City,0.1629,0.2923,0.5448,2,2,8,7,0.7384978141635653,0.7089267931878565,3,0,0.0,3.0,4.0,0.0,1.0,2,2,14,11,1.4037168733775611,1.265511121600866,2,0,0.0,5.0,9.0,0.0,0.0
3441,2017-04-04,Burnley,Stoke City,0.0896,0.297,0.6134,1,1,7,5,0.3488850435242054,0.2194899441674349,3,0,0.0,0.0,6.0,0.0,1.0,0,0,15,10,1.1792759038507936,0.4353650100529191,2,0,0.0,2.0,11.0,0.0,2.0
3443,2017-04-04,Watford,West Bromwich Albion,0.0935,0.2831,0.6234,2,2,9,6,0.6919909957796333,0.5554403904825447,1,1,0.0,1.0,8.0,0.0,0.0,0,0,17,10,1.8182284338399763,0.6603286825120446,4,0,1.0,1.0,12.0,0.0,3.0
3445,2017-04-04,Leicester City,Sunderland,0.396,0.3473,0.2567,2,2,19,16,0.9310719957575198,0.7754425145685669,0,0,0.0,1.0,15.0,0.0,3.0,0,0,15,10,0.7049813903868196,0.4392332062125203,1,0,1.0,2.0,10.0,0.0,2.0
3446,2017-04-04,Manchester United,Everton,0.6961,0.2139,0.09,1,0,18,11,1.6742346845567222,0.43923189304769,1,0,1.0,0.0,14.0,1.0,2.0,1,1,11,9,0.5897068977355955,0.532064590603113,4,1,0.0,4.0,7.0,0.0,0.0
3440,2017-04-05,Arsenal,West Ham United,0.8546,0.1198,0.0256,3,2,21,17,2.170164613053202,2.021236969158053,2,0,0.0,4.0,17.0,0.0,0.0,0,0,7,3,0.3039057068526742,0.1067214012145994,2,0,2.0,0.0,4.0,0.0,1.0
3442,2017-04-05,Hull City,Middlesbrough,0.5956,0.2326,0.1718,4,3,17,10,2.238900750875473,1.149051699787378,2,0,1.0,3.0,12.0,0.0,1.0,2,2,12,11,1.3315059784799814,1.3091880865395067,1,0,0.0,1.0,11.0,0.0,0.0
3444,2017-04-05,Swansea City,Tottenham Hotspur,0.0655,0.2032,0.7313,1,1,4,4,0.8725791946053505,0.8725791946053505,1,0,0.0,1.0,3.0,0.0,0.0,3,2,18,16,2.243510054424405,1.4511627964675424,1,0,0.0,0.0,18.0,0.0,0.0
3447,2017-04-05,Southampton,Crystal Palace,0.738,0.1513,0.1107,3,3,25,18,3.518027994781733,3.2076078727841377,2,0,0.0,2.0,23.0,0.0,0.0,1,1,17,13,1.735063539817929,1.5515561215579508,1,0,2.0,6.0,7.0,0.0,2.0
3448,2017-04-05,Chelsea,Manchester City,0.1476,0.2429,0.6095,2,1,10,7,1.8291969755664468,0.4137447001412507,1,0,1.0,1.0,6.0,1.0,1.0,1,0,17,13,2.286005988717079,1.685246406123042,3,0,0.0,5.0,10.0,0.0,2.0
3449,2017-04-05,Liverpool,Bournemouth,0.5996,0.2303,0.1701,2,2,20,15,2.172625820152461,1.5971829928457737,1,0,1.0,4.0,14.0,0.0,1.0,2,1,8,4,1.334802910685539,0.8463524244725704,1,0,0.0,2.0,6.0,0.0,0.0
3453,2017-04-08,Tottenham Hotspur,Watford,0.5864,0.3051,0.1085,4,3,19,17,1.190803594887256,1.0523974886164065,0,0,1.0,4.0,14.0,0.0,0.0,0,0,8,6,0.3699683956801887,0.2440358996391294,1,0,1.0,1.0,5.0,0.0,1.0
3451,2017-04-08,Stoke City,Liverpool,0.6874,0.1944,0.1182,1,1,9,6,2.1397231183946133,1.7806679494678974,0,0,0.0,2.0,6.0,0.0,1.0,2,1,14,10,1.02224931307137,0.4883731063455342,2,0,0.0,4.0,10.0,0.0,0.0
3454,2017-04-08,West Bromwich Albion,Southampton,0.6773,0.2063,0.1164,0,0,17,11,2.05218618735671,1.791045708581805,2,0,0.0,1.0,12.0,0.0,4.0,1,1,10,8,0.9103402048349378,0.7663665041327474,2,0,1.0,0.0,9.0,0.0,0.0
3455,2017-04-08,West Ham United,Swansea City,0.6076,0.3072,0.0852,1,1,14,10,1.2057346813380714,0.9236826822161672,5,0,3.0,0.0,11.0,0.0,0.0,0,0,5,5,0.3076662998646497,0.2487445995211601,1,0,1.0,2.0,2.0,0.0,0.0
3456,2017-04-08,Middlesbrough,Burnley,0.2758,0.3702,0.354,0,0,12,7,0.6849768115207548,0.4332433007657525,0,0,1.0,5.0,5.0,0.0,1.0,0,0,7,5,0.8098988085985181,0.684145301580429,3,0,2.0,1.0,4.0,0.0,0.0
3457,2017-04-08,Manchester City,Hull City,0.876,0.1003,0.0237,2,1,23,16,2.404319584369659,1.057113220915198,0,0,2.0,3.0,18.0,0.0,0.0,1,1,7,5,0.3583635985851285,0.2214368954300879,2,0,0.0,2.0,6.0,0.0,0.0
3450,2017-04-08,Bournemouth,Chelsea,0.082,0.2341,0.6839,1,1,11,9,0.3841522037982937,0.2693853937089439,2,0,1.0,1.0,9.0,0.0,1.0,2,1,15,12,1.522463735193014,1.3728127703070638,3,0,1.0,1.0,13.0,0.0,0.0
3452,2017-04-09,Sunderland,Manchester United,0.1752,0.2591,0.5657,0,0,9,6,0.9773153774440289,0.7865756899118423,1,1,2.0,0.0,7.0,0.0,0.0,3,3,18,15,1.6942954137921329,1.5248132348060606,5,0,2.0,3.0,13.0,0.0,0.0
3458,2017-04-09,Everton,Leicester City,0.8198,0.1275,0.0527,4,4,12,10,2.645968997851014,2.566911742091179,2,0,0.0,4.0,8.0,0.0,0.0,2,1,6,4,0.8360944986343383,0.7741068974137305,2,0,1.0,2.0,3.0,0.0,0.0
3459,2017-04-10,Crystal Palace,Arsenal,0.8444,0.1204,0.0352,3,2,17,15,2.159682212397456,1.3587709832936523,0,0,0.0,1.0,12.0,1.0,3.0,0,0,11,9,0.4422597959637638,0.3184122946113344,1,0,0.0,1.0,10.0,0.0,0.0
3465,2017-04-15,Tottenham Hotspur,Bournemouth,0.9655,0.0287,0.0058,4,2,24,19,3.4609563536942005,2.244912577793002,0,0,1.0,5.0,17.0,0.0,1.0,0,0,5,5,0.2115019951015709,0.2115021981298922,1,0,0.0,1.0,4.0,0.0,0.0
3463,2017-04-15,Stoke City,Hull City,0.5986,0.2303,0.1711,3,3,14,10,2.049679107964039,1.4937980100512505,0,0,1.0,0.0,13.0,0.0,0.0,1,1,14,11,1.1769625917077062,1.0229170732200144,2,0,0.0,4.0,10.0,0.0,0.0
3464,2017-04-15,Sunderland,West Ham United,0.2628,0.2904,0.4468,2,0,14,8,1.1412107981741426,0.8591668941080569,1,0,2.0,1.0,9.0,0.0,2.0,2,1,7,5,1.4448572415858505,0.7627253774553536,0,1,1.0,1.0,5.0,0.0,0.0
3466,2017-04-15,Watford,Swansea City,0.5333,0.2993,0.1674,1,0,15,10,1.3535665832459924,0.441826798021793,0,0,1.0,1.0,13.0,0.0,0.0,0,0,13,9,0.6483001951128241,0.4763207901269196,0,0,0.0,2.0,10.0,0.0,1.0
3467,2017-04-15,Everton,Burnley,0.4833,0.2852,0.2315,2,2,29,21,1.6913613900542257,1.120757721364498,2,0,1.0,4.0,22.0,0.0,2.0,1,0,13,5,1.1478233709931374,0.1692727003246544,0,0,2.0,3.0,6.0,1.0,2.0
3468,2017-04-15,Crystal Palace,Leicester City,0.7043,0.2149,0.0808,2,1,15,10,1.686693264171481,1.185177184641361,0,0,0.0,1.0,12.0,0.0,2.0,2,2,6,3,0.4677239954471586,0.2619882002472876,2,0,0.0,0.0,6.0,0.0,0.0
3462,2017-04-15,Southampton,Manchester City,0.0317,0.0959,0.8724,0,0,8,6,0.616752993315458,0.5322072058916091,3,0,1.0,1.0,5.0,0.0,1.0,3,3,18,10,2.742491847835481,1.9300736505538223,0,0,0.0,4.0,13.0,0.0,1.0
3469,2017-04-16,West Bromwich Albion,Liverpool,0.1549,0.2846,0.5605,0,0,7,6,0.590375019237399,0.4681095015257596,3,0,0.0,0.0,7.0,0.0,0.0,1,1,15,12,1.3001640923321245,1.226598532870412,1,0,1.0,0.0,12.0,0.0,2.0
3460,2017-04-16,Manchester United,Chelsea,0.5381,0.4084,0.0535,2,1,9,7,0.80712828412652,0.7131527885794637,3,0,0.0,0.0,9.0,0.0,0.0,0,0,5,3,0.1329129002988337,0.1028671003878115,3,0,0.0,2.0,3.0,0.0,0.0
3461,2017-04-17,Middlesbrough,Arsenal,0.5432,0.253,0.2038,1,1,13,8,1.720746294595301,1.3335665874183178,2,0,1.0,2.0,5.0,0.0,5.0,2,1,12,7,1.0712941037490962,0.8121277019381521,2,0,1.0,2.0,7.0,0.0,2.0
3471,2017-04-22,Bournemouth,Middlesbrough,0.9663,0.0297,0.004,4,4,21,17,3.2771171126514678,2.58235726505518,0,0,1.0,2.0,16.0,0.0,2.0,0,0,5,5,0.2071999004110692,0.2071999022737143,2,1,0.0,2.0,3.0,0.0,0.0
3474,2017-04-22,Hull City,Watford,0.4288,0.3115,0.2597,2,0,8,2,1.4230894735082982,0.5720369815826416,3,1,1.0,2.0,4.0,0.0,1.0,0,0,14,10,1.158694021403789,1.0893268361687658,1,0,0.0,5.0,7.0,0.0,2.0
3478,2017-04-22,Swansea City,Stoke City,0.0641,0.1872,0.7487,2,2,10,8,0.4756358042359349,0.3374327998608348,2,0,0.0,2.0,7.0,0.0,1.0,0,0,9,6,1.695115465670824,0.891359210014343,2,0,0.0,2.0,5.0,1.0,1.0
3479,2017-04-22,West Ham United,Everton,0.4703,0.4799,0.0498,0,0,15,10,0.6771250916644925,0.472821598872542,2,0,1.0,6.0,8.0,0.0,0.0,0,0,4,3,0.1044758521020411,0.0948421005159615,3,0,0.0,1.0,3.0,0.0,0.0
3472,2017-04-23,Burnley,Manchester United,0.0168,0.0883,0.8949,0,0,8,8,0.3428292227908968,0.3300491264089941,2,0,0.0,0.0,5.0,0.0,3.0,2,2,12,11,2.355207685381174,2.3390713632106777,1,0,0.0,2.0,10.0,0.0,0.0
3476,2017-04-23,Liverpool,Crystal Palace,0.2404,0.3059,0.4537,1,0,14,10,0.8944902447983619,0.4835883956402537,1,0,1.0,1.0,12.0,0.0,0.0,2,2,7,6,1.225558614358306,1.1722336933016777,2,0,0.0,1.0,3.0,0.0,3.0
3473,2017-04-25,Chelsea,Southampton,0.3547,0.3086,0.3367,4,4,17,16,1.4437967874109745,1.401268284767866,2,0,0.0,3.0,13.0,0.0,1.0,2,1,12,6,1.381585799157619,0.2274469016119836,2,0,1.0,7.0,3.0,0.0,1.0
3410,2017-04-26,Arsenal,Leicester City,0.2048,0.4553,0.3399,0,0,12,10,0.41020349599421,0.2891813963651656,2,0,0.0,4.0,8.0,0.0,0.0,0,0,7,5,0.5951733961701391,0.4410046041011807,4,0,0.0,0.0,6.0,0.0,2.0
3413,2017-04-26,Middlesbrough,Sunderland,0.4502,0.3822,0.1676,1,1,6,3,0.825839789584279,0.4139826968312262,3,0,1.0,1.0,4.0,0.0,0.0,0,0,10,8,0.4457656992599365,0.3362787049263714,3,0,1.0,2.0,6.0,0.0,1.0
3415,2017-04-26,Crystal Palace,Tottenham Hotspur,0.1061,0.3416,0.5523,0,0,6,5,0.3217217102646825,0.2407256066799161,3,0,0.0,2.0,3.0,0.0,1.0,1,1,18,14,1.0075401924550529,0.8182839844375847,3,0,0.0,4.0,14.0,0.0,0.0
3398,2017-04-27,Manchester City,Manchester United,0.6539,0.2599,0.0862,0,0,19,16,1.415366472676396,1.338498626835644,1,0,0.0,3.0,15.0,0.0,1.0,0,0,3,2,0.421251505613327,0.3417455088347196,1,1,0.0,0.0,2.0,0.0,1.0
3484,2017-04-29,Southampton,Hull City,0.6361,0.2716,0.0923,0,0,11,4,1.2489462513476608,0.2228106930851934,0,0,0.0,1.0,9.0,1.0,0.0,0,0,9,7,0.4724345151334999,0.3685255981981751,3,0,1.0,3.0,5.0,0.0,0.0
3485,2017-04-29,Stoke City,West Ham United,0.5633,0.28,0.1567,0,0,19,15,1.3553328160196538,0.9080349951982494,1,0,0.0,2.0,15.0,0.0,2.0,0,0,12,9,0.6525697112083433,0.5030916016548869,0,0,0.0,1.0,10.0,0.0,1.0
3486,2017-04-29,Sunderland,Bournemouth,0.4093,0.2619,0.3288,0,0,17,11,1.6704286104068158,1.4427800029516218,3,0,0.0,4.0,12.0,0.0,1.0,1,1,15,14,1.5376519002020357,1.4840010106563568,2,0,0.0,0.0,13.0,0.0,2.0
3489,2017-04-29,West Bromwich Albion,Leicester City,0.3743,0.3829,0.2428,0,0,16,13,0.8096267078071829,0.6542105963453647,2,0,2.0,2.0,10.0,0.0,2.0,1,1,6,4,0.570664103142917,0.5015245974063872,2,0,0.0,2.0,4.0,0.0,0.0
3480,2017-04-29,Crystal Palace,Burnley,0.1456,0.2648,0.5896,0,0,15,12,0.6334685906767842,0.4593696035444733,2,0,0.0,8.0,6.0,0.0,1.0,2,2,9,8,1.3856935091316698,1.2608039081096647,0,0,0.0,0.0,8.0,0.0,1.0
3482,2017-04-30,Manchester United,Swansea City,0.7201,0.1848,0.0951,1,0,12,10,1.99224054440856,1.195827707648277,2,0,1.0,1.0,9.0,1.0,0.0,1,0,12,12,0.7757122907787559,0.6544962804764505,2,0,2.0,1.0,8.0,0.0,1.0
3481,2017-04-30,Everton,Chelsea,0.0995,0.2099,0.6906,0,0,12,7,0.6919641122221943,0.3182160984724759,3,0,3.0,0.0,9.0,0.0,0.0,3,2,11,9,1.8194539956748483,1.650352794677019,4,0,0.0,1.0,7.0,0.0,3.0
3483,2017-04-30,Middlesbrough,Manchester City,0.0406,0.1206,0.8388,2,1,14,8,1.210067208856344,0.3211021013557908,4,0,1.0,1.0,8.0,0.0,4.0,2,1,22,18,3.1072416994720693,2.2389591112732883,4,0,0.0,6.0,13.0,1.0,2.0
3487,2017-04-30,Tottenham Hotspur,Arsenal,0.9466,0.0442,0.0092,2,0,20,14,3.543477782979608,1.065299708396196,1,0,0.0,6.0,13.0,1.0,0.0,0,0,12,9,0.5895373970270155,0.4530336912721394,3,0,0.0,3.0,8.0,0.0,1.0
3488,2017-05-01,Watford,Liverpool,0.236,0.4636,0.3004,0,0,9,5,0.448038310743868,0.3660533111542461,3,0,0.0,1.0,8.0,0.0,0.0,1,1,12,9,0.5566897988319395,0.3692635018378493,1,0,1.0,2.0,8.0,0.0,1.0
3499,2017-05-05,West Ham United,Tottenham Hotspur,0.863,0.11,0.027,1,1,13,11,2.210427895188332,1.743926603347063,4,0,0.0,1.0,11.0,0.0,1.0,0,0,11,7,0.4644938968122002,0.2324059028178451,2,0,0.0,2.0,8.0,0.0,1.0
3497,2017-05-06,Manchester City,Crystal Palace,0.9146,0.0728,0.0126,5,4,26,19,2.7220782488584514,1.6843725889921184,1,0,1.0,5.0,19.0,0.0,1.0,0,0,5,2,0.242232799530029,0.1481214985251425,3,0,0.0,0.0,5.0,0.0,0.0
3491,2017-05-06,Bournemouth,Stoke City,0.1444,0.2166,0.639,1,1,12,9,1.3497222047299142,0.8265453167259691,2,0,0.0,1.0,11.0,0.0,1.0,1,0,14,9,2.3018998838961124,1.5876567997038362,0,0,0.0,2.0,12.0,0.0,1.0
3492,2017-05-06,Burnley,West Bromwich Albion,0.4092,0.3325,0.2583,2,2,14,10,1.0864890124648805,0.8697538841515778,1,0,0.0,3.0,10.0,0.0,1.0,2,1,11,6,0.8292978918179867,0.6123159937560557,3,0,0.0,3.0,8.0,0.0,0.0
3494,2017-05-06,Hull City,Sunderland,0.1925,0.2431,0.5644,0,0,16,13,1.2346715787425635,1.063948806375265,3,0,0.0,3.0,13.0,0.0,0.0,2,2,12,9,1.955022258684039,1.8448891043663025,1,0,1.0,2.0,7.0,0.0,2.0
3495,2017-05-06,Leicester City,Watford,0.4815,0.336,0.1825,3,1,11,6,1.0056622158735986,0.6665456034243105,0,0,2.0,3.0,6.0,0.0,0.0,0,0,14,12,0.5124332867562768,0.41915219835937,0,0,0.0,1.0,12.0,0.0,1.0
3498,2017-05-06,Swansea City,Everton,0.9017,0.0838,0.0145,1,1,9,7,2.0924407634884115,1.4752941019833086,0,0,0.0,5.0,4.0,0.0,0.0,0,0,9,7,0.2701856978237626,0.2355295997112988,0,0,0.0,1.0,7.0,0.0,1.0
3496,2017-05-07,Liverpool,Southampton,0.7875,0.1876,0.0249,0,0,17,12,1.3596731834113591,0.5047043971717354,1,0,0.0,1.0,15.0,1.0,0.0,0,0,4,2,0.1820824975147841,0.1407570987939833,3,0,0.0,1.0,2.0,0.0,1.0
3490,2017-05-07,Arsenal,Manchester United,0.4845,0.3359,0.1796,2,2,9,8,1.039854904636741,1.0152933988720176,1,0,0.0,3.0,6.0,0.0,0.0,0,0,10,6,0.576172702014446,0.1703489031642673,0,0,1.0,2.0,7.0,0.0,0.0
3493,2017-05-08,Chelsea,Middlesbrough,0.9231,0.0727,0.0042,3,3,21,17,2.2804554942995305,2.0677978321909904,0,0,2.0,4.0,15.0,0.0,0.0,0,0,2,1,0.0718773081898689,0.0093066096305847,2,0,0.0,0.0,2.0,0.0,0.0
3390,2017-05-10,Southampton,Arsenal,0.3194,0.2984,0.3822,0,0,14,12,1.25258972030133,0.8334065880626437,1,0,1.0,0.0,12.0,0.0,1.0,2,2,11,10,1.3602876681834457,1.3455357737839222,2,0,0.0,3.0,6.0,0.0,2.0
3502,2017-05-12,Everton,Watford,0.2409,0.2833,0.4758,1,1,15,10,1.1298411767929788,1.0144982058554886,0,0,0.0,4.0,11.0,0.0,0.0,0,0,14,13,1.551922036334872,1.5276748873293398,3,0,0.0,5.0,9.0,0.0,0.0
3508,2017-05-12,West Bromwich Albion,Chelsea,0.0791,0.2101,0.7108,0,0,7,5,0.5291553027927873,0.4909531958401201,3,0,0.0,1.0,4.0,0.0,2.0,1,1,24,21,1.7695424221456046,1.62902283295989,0,0,0.0,3.0,18.0,0.0,3.0
3503,2017-05-13,Manchester City,Leicester City,0.4406,0.289,0.2704,2,1,17,15,1.9877588264644144,1.1570595949888227,3,0,0.0,3.0,13.0,1.0,0.0,1,1,9,5,1.6250284239649773,0.807471178472042,3,0,0.0,1.0,7.0,1.0,0.0
3500,2017-05-13,Bournemouth,Burnley,0.4626,0.2699,0.2675,2,2,18,15,1.5499005708843467,1.4029231891036031,0,0,0.0,3.0,15.0,0.0,0.0,1,1,14,8,1.1594478897750375,0.50962720811367,1,0,1.0,1.0,11.0,0.0,1.0
3504,2017-05-13,Middlesbrough,Southampton,0.2965,0.2967,0.4068,1,1,14,13,1.3288501920178528,1.255864709615707,3,0,1.0,3.0,8.0,0.0,2.0,2,2,14,7,1.526363090611994,0.4985106978565453,0,0,3.0,1.0,7.0,1.0,2.0
3506,2017-05-13,Sunderland,Swansea City,0.5655,0.3323,0.1022,0,0,13,8,1.0625814273953436,0.3794020898640154,4,0,2.0,3.0,7.0,0.0,1.0,2,2,3,2,0.3440958969295024,0.2932229973375797,0,0,1.0,0.0,1.0,0.0,1.0
3505,2017-05-13,Stoke City,Arsenal,0.0821,0.1768,0.7411,1,1,10,8,1.3023901171982286,1.1801013778895135,1,0,1.0,2.0,7.0,0.0,0.0,4,4,10,8,2.636390415951609,2.2956856936216354,2,0,0.0,2.0,8.0,0.0,0.0
3501,2017-05-14,Crystal Palace,Hull City,0.9018,0.0748,0.0234,4,2,12,9,2.732744127511978,1.5262178629636762,3,0,1.0,2.0,7.0,1.0,1.0,0,0,9,7,0.5181473894044755,0.4509953903034326,5,0,0.0,2.0,7.0,0.0,0.0
3509,2017-05-14,West Ham United,Liverpool,0.0262,0.0969,0.8769,0,0,10,6,1.3664916632696982,0.1742521999403833,2,0,1.0,3.0,3.0,0.0,3.0,4,3,26,19,3.4746211245656013,3.030206624418497,0,0,1.0,4.0,21.0,0.0,0.0
3507,2017-05-14,Tottenham Hotspur,Manchester United,0.6518,0.2146,0.1336,2,2,14,12,2.1171100474894047,1.7989270426332948,1,0,0.0,3.0,9.0,0.0,2.0,1,1,8,8,1.0369645804166792,1.0293900296092031,2,0,0.0,1.0,6.0,0.0,1.0
3414,2017-05-15,Chelsea,Watford,0.7878,0.1431,0.0691,4,3,24,20,2.65314700640738,2.425200093537569,2,0,0.0,8.0,16.0,0.0,0.0,3,0,9,4,0.8842603145167229,0.0859703021124004,4,1,0.0,2.0,7.0,0.0,0.0
3470,2017-05-16,Arsenal,Sunderland,0.9796,0.0178,0.0026,2,1,36,31,3.910136591643095,3.094075165688991,4,0,1.0,10.0,23.0,0.0,2.0,0,0,6,4,0.2724174000322817,0.2105318941175937,2,0,0.0,0.0,6.0,0.0,0.0
3477,2017-05-16,Manchester City,West Bromwich Albion,0.921,0.0729,0.0061,3,3,21,15,2.5844380157068367,2.349864735268056,1,0,1.0,2.0,18.0,0.0,0.0,1,1,5,4,0.3877402953803537,0.3810463938862083,2,0,0.0,0.0,5.0,0.0,0.0
3412,2017-05-17,Southampton,Manchester United,0.7291,0.2052,0.0657,0,0,17,11,1.6678226124495263,0.5485592931509016,2,0,2.0,3.0,9.0,1.0,2.0,0,0,11,7,0.4592826077714559,0.2505783047527072,1,0,0.0,1.0,10.0,0.0,0.0
3475,2017-05-18,Leicester City,Tottenham Hotspur,0.0398,0.1167,0.8435,1,0,12,6,0.7278867028653617,0.3087788056582209,3,0,0.0,0.0,8.0,0.0,4.0,6,5,26,17,2.714195266366004,1.5302537791430948,1,0,3.0,2.0,20.0,0.0,1.0
3510,2017-05-21,Arsenal,Everton,0.7046,0.1644,0.131,3,3,17,11,3.359432560391724,2.4500533267855644,2,1,2.0,1.0,14.0,0.0,0.0,1,0,22,16,1.911433331668377,0.7924376949667926,4,0,0.0,2.0,19.0,1.0,0.0
3511,2017-05-21,Burnley,West Ham United,0.3669,0.2983,0.3348,1,1,9,6,1.7080201897770164,1.570450210943818,2,0,2.0,2.0,5.0,0.0,0.0,2,1,14,6,1.7278161346912382,0.5217360034584997,2,0,1.0,0.0,13.0,0.0,0.0
3512,2017-05-21,Chelsea,Sunderland,0.8278,0.1239,0.0483,5,3,28,24,2.7468543760478497,2.0815746113657947,1,0,1.0,5.0,19.0,0.0,3.0,1,0,7,3,0.694468995556235,0.170878194272518,1,0,1.0,1.0,3.0,0.0,2.0
3513,2017-05-21,Hull City,Tottenham Hotspur,0.0123,0.04,0.9477,1,1,10,8,0.812722899019718,0.7784556886181233,0,0,0.0,1.0,9.0,0.0,0.0,7,7,19,18,3.8902719281613822,3.852674469351768,0,0,0.0,1.0,15.0,0.0,3.0
3514,2017-05-21,Leicester City,Bournemouth,0.7869,0.1601,0.053,1,1,20,15,2.4670647121965885,2.153054103255272,4,0,0.0,2.0,16.0,0.0,2.0,1,0,10,4,0.9186155684292314,0.1239076983183621,1,0,4.0,0.0,5.0,0.0,1.0
3515,2017-05-21,Liverpool,Middlesbrough,0.6912,0.1929,0.1159,3,2,25,19,2.17546086013317,1.85426059924066,0,0,1.0,0.0,22.0,0.0,2.0,0,0,9,5,0.8996917186304925,0.7393355071544647,1,0,1.0,0.0,6.0,0.0,2.0
3516,2017-05-21,Manchester United,Crystal Palace,0.5995,0.3164,0.0841,2,1,9,8,1.0386024955660105,0.4732936937361953,2,0,0.0,1.0,8.0,0.0,0.0,0,0,6,2,0.3015988916158675,0.1289239972829818,0,0,2.0,2.0,2.0,0.0,0.0
3517,2017-05-21,Southampton,Stoke City,0.4543,0.2822,0.2635,0,0,15,8,1.37421559728682,0.870281398296356,2,0,1.0,3.0,8.0,0.0,3.0,1,1,14,12,0.9834643276408312,0.8395977951586243,4,0,0.0,7.0,7.0,0.0,0.0
3518,2017-05-21,Swansea City,West Bromwich Albion,0.4178,0.2431,0.3391,2,2,12,11,1.7455494226887818,1.710927999578416,1,0,0.0,4.0,7.0,0.0,1.0,1,1,16,10,1.606742650270462,1.156584974378347,1,0,2.0,1.0,12.0,0.0,1.0
3519,2017-05-21,Watford,Manchester City,0.0204,0.0737,0.9059,0,0,6,4,0.8261238150298593,0.1753623988479374,1,0,0.0,2.0,4.0,0.0,0.0,5,5,15,11,3.266140099614858,2.9501412212848663,0,0,1.0,2.0,12.0,0.0,0.0
7119,2017-08-11,Arsenal,Leicester City,0.628,0.2154,0.1566,4,4,27,25,2.543281907215714,2.498722409829497,0,0,0.0,5.0,21.0,0.0,1.0,3,3,6,4,1.4649458155035973,1.3939611949026585,1,0,0.0,2.0,4.0,0.0,0.0
7120,2017-08-12,Watford,Liverpool,0.2452,0.287,0.4678,3,1,9,5,2.2249542507342994,0.7258610129356383,0,0,0.0,3.0,5.0,0.0,1.0,3,2,14,12,2.666084412485361,1.8489446155726903,3,0,0.0,2.0,11.0,1.0,0.0
7121,2017-08-12,West Bromwich Albion,Bournemouth,0.5875,0.3056,0.1069,1,1,16,15,1.183992678299546,1.1744922176003452,3,0,0.0,4.0,11.0,0.0,1.0,0,0,9,8,0.3786591961979863,0.3169434946030375,1,0,0.0,1.0,7.0,0.0,1.0
7122,2017-08-12,Southampton,Swansea City,0.8262,0.1377,0.0361,0,0,29,23,2.2193462867289777,1.9387232866138215,2,0,1.0,5.0,23.0,0.0,0.0,0,0,4,3,0.416652988642454,0.3704145047813653,1,0,0.0,0.0,4.0,0.0,0.0
7123,2017-08-12,Chelsea,Burnley,0.5899,0.284,0.1261,2,2,19,14,1.3565054982900615,1.1651447042822836,3,2,1.0,5.0,12.0,0.0,1.0,3,3,10,8,0.5749476924538611,0.3357506012544033,3,0,1.0,3.0,4.0,0.0,2.0
7124,2017-08-12,Crystal Palace,Huddersfield Town,0.1531,0.2491,0.5978,0,0,14,8,0.9889332093298432,0.4505765102803706,1,0,3.0,7.0,5.0,0.0,0.0,2,2,9,6,1.7365681808441875,1.5756367929279804,3,0,0.0,2.0,7.0,0.0,0.0
7125,2017-08-12,Everton,Stoke City,0.4458,0.4273,0.1269,1,1,9,6,0.7205738723278045,0.5744085051119325,1,0,0.0,1.0,8.0,0.0,0.0,0,0,9,6,0.2766595017164941,0.2312681991606947,1,0,0.0,0.0,7.0,0.0,2.0
7126,2017-08-12,Brighton,Manchester City,0.0192,0.1154,0.8654,0,0,6,2,0.2887330055236815,0.0671790987253188,0,0,0.0,5.0,1.0,0.0,1.0,1,1,14,10,2.2576478589326143,1.162676094099879,2,0,2.0,1.0,11.0,0.0,0.0
7127,2017-08-13,Newcastle United,Tottenham Hotspur,0.0463,0.143,0.8107,0,0,6,5,0.6420986019074915,0.5740348063409327,1,1,0.0,0.0,5.0,0.0,1.0,2,2,18,14,2.344185246154666,1.6990535706281658,2,0,0.0,1.0,16.0,0.0,1.0
7128,2017-08-13,Manchester United,West Ham United,0.8486,0.1127,0.0387,4,4,21,16,2.638522431254386,2.5104018226265907,2,0,0.0,3.0,17.0,0.0,1.0,0,0,9,7,0.6265406105667349,0.5679471883922813,2,0,0.0,1.0,8.0,0.0,0.0
7129,2017-08-19,Swansea City,Manchester United,0.0011,0.0166,0.9823,0,0,5,2,0.3041641954332588,0.2354709953069687,1,0,0.0,1.0,4.0,0.0,0.0,4,3,17,12,3.68938560411334,2.1232426278293133,1,0,1.0,2.0,13.0,0.0,1.0
7130,2017-08-19,Southampton,West Ham United,0.5292,0.2659,0.2049,3,1,14,11,2.142401196062565,0.4916305970400569,1,0,0.0,0.0,12.0,2.0,0.0,2,0,16,12,1.5725614428520205,0.4807123960927125,1,1,0.0,1.0,10.0,0.0,5.0
7131,2017-08-19,Bournemouth,Watford,0.0725,0.1917,0.7358,0,0,6,3,0.7666938733309506,0.1839168015867471,1,0,0.0,2.0,4.0,0.0,0.0,2,0,19,12,2.1828823499381538,1.069815672934055,3,0,0.0,3.0,16.0,0.0,0.0
7132,2017-08-19,Burnley,West Bromwich Albion,0.5629,0.2766,0.1605,0,0,20,12,1.3767978940159078,1.0071917138993738,1,0,1.0,6.0,11.0,0.0,2.0,1,1,8,5,0.6530567007139322,0.490043302066624,0,1,1.0,1.0,4.0,0.0,2.0
7133,2017-08-19,Leicester City,Brighton,0.8802,0.1083,0.0115,2,1,14,8,1.912376258522272,1.2222666181623931,1,0,1.0,1.0,9.0,0.0,3.0,0,0,5,3,0.1230750698596236,0.0677546709775923,0,0,0.0,0.0,5.0,0.0,0.0
7134,2017-08-19,Liverpool,Crystal Palace,0.8616,0.1049,0.0335,1,0,23,14,2.8523537255823608,1.74597099609673,1,0,2.0,2.0,18.0,0.0,1.0,0,0,4,3,0.7273641154170035,0.684592992067337,3,0,1.0,0.0,2.0,0.0,1.0
7135,2017-08-19,Stoke City,Arsenal,0.1705,0.2764,0.5531,1,1,11,8,0.6935359975323077,0.6400041952729223,0,0,0.0,3.0,6.0,0.0,2.0,0,0,18,13,1.4065834702923892,1.278128808364272,0,0,0.0,3.0,13.0,0.0,2.0
7136,2017-08-20,Huddersfield Town,Newcastle United,0.0912,0.3396,0.5692,1,1,7,3,0.267516205087304,0.1361282020807266,3,0,0.0,1.0,6.0,0.0,0.0,0,0,13,9,0.9733214024454352,0.8502288851886983,4,0,0.0,1.0,12.0,0.0,0.0
7137,2017-08-20,Tottenham Hotspur,Chelsea,0.2838,0.3577,0.3585,0,0,18,14,0.7251092083752152,0.591178614646196,4,0,0.0,6.0,12.0,0.0,0.0,2,1,9,8,0.8344232328236101,0.7621195204555985,3,0,1.0,1.0,7.0,0.0,1.0
7138,2017-08-21,Manchester City,Everton,0.4894,0.3277,0.1829,1,0,19,15,1.1433554887771602,0.966194111853838,1,1,1.0,3.0,13.0,0.0,2.0,1,1,7,7,0.5997102968394755,0.5997099317610263,2,1,0.0,1.0,4.0,0.0,2.0
7139,2017-08-26,Bournemouth,Manchester City,0.0666,0.1932,0.7402,1,0,9,3,0.4184788940474387,0.2960470020771026,5,0,0.0,0.0,8.0,0.0,1.0,2,2,19,13,1.7688113953918214,1.37809563241899,4,1,1.0,4.0,14.0,0.0,0.0
7141,2017-08-26,Crystal Palace,Swansea City,0.2811,0.3344,0.3845,0,0,16,13,0.8189516076818105,0.6920427950099105,4,0,1.0,1.0,13.0,0.0,1.0,2,2,7,5,0.966783409938216,0.8442777097225188,1,0,0.0,1.0,5.0,0.0,1.0
7142,2017-08-26,Newcastle United,West Ham United,0.9013,0.08,0.0187,3,3,17,15,2.761070186272263,2.6881095347926016,1,0,0.0,1.0,16.0,0.0,0.0,0,0,8,4,0.5643107015639541,0.0622466914355754,3,0,1.0,0.0,7.0,0.0,0.0
7143,2017-08-26,Watford,Brighton,0.1023,0.3687,0.529,0,0,8,7,0.2814580984413622,0.2722637020051477,0,1,0.0,1.0,5.0,0.0,2.0,0,0,16,13,0.9535949975252148,0.6329978667199608,1,0,1.0,4.0,10.0,0.0,1.0
7144,2017-08-26,Huddersfield Town,Southampton,0.5525,0.2754,0.1721,0,0,16,14,1.5160530954599378,1.1147381151095028,0,0,0.0,2.0,13.0,0.0,1.0,0,0,6,6,0.7959102084860203,0.7959105027839539,1,0,0.0,0.0,6.0,0.0,0.0
7145,2017-08-26,Manchester United,Leicester City,0.8734,0.0985,0.0281,2,2,22,18,2.803022880107164,1.8947704937309024,1,0,1.0,1.0,19.0,1.0,0.0,0,0,11,10,0.6715954989194867,0.653127199038863,2,0,0.0,1.0,9.0,0.0,1.0
7140,2017-08-27,Chelsea,Everton,0.5979,0.3022,0.0999,2,2,18,13,1.1699087955057617,0.9643662981688974,2,0,0.0,4.0,14.0,0.0,0.0,0,0,7,6,0.3266546018421647,0.3124412968754766,2,0,0.0,1.0,5.0,0.0,1.0
7146,2017-08-27,West Bromwich Albion,Stoke City,0.3079,0.3358,0.3563,1,1,10,7,0.8751322943717239,0.828150790184736,2,0,0.0,4.0,5.0,0.0,1.0,1,0,16,14,0.9809051947668193,0.5757957985624667,2,0,0.0,3.0,13.0,0.0,0.0
7147,2017-08-27,Tottenham Hotspur,Burnley,0.7813,0.1515,0.0672,1,0,28,19,2.4264945304021235,1.183980699628591,0,0,1.0,10.0,16.0,0.0,1.0,1,1,13,11,0.6709426976740357,0.5376702994108198,0,0,0.0,5.0,8.0,0.0,0.0
7148,2017-08-27,Liverpool,Arsenal,0.9436,0.0448,0.0116,4,3,18,13,3.484478835016489,2.477902283892035,2,0,0.0,2.0,16.0,0.0,0.0,0,0,8,6,0.484815997071564,0.3416767036542295,4,0,0.0,1.0,6.0,0.0,1.0
7149,2017-09-09,Manchester City,Liverpool,0.9056,0.0716,0.0228,5,5,13,10,3.1458910815417767,2.4845294933766127,2,0,0.0,1.0,11.0,0.0,1.0,0,0,7,4,0.6651860978454349,0.4514221046119927,2,1,2.0,1.0,4.0,0.0,0.0
7150,2017-09-09,Southampton,Watford,0.1722,0.4764,0.3514,0,0,9,7,0.3350692009553307,0.2670959979295727,0,0,0.0,4.0,4.0,0.0,1.0,2,2,12,9,0.5942682083696125,0.3798195999115702,0,0,1.0,3.0,8.0,0.0,0.0
7151,2017-09-09,Leicester City,Chelsea,0.467,0.2912,0.2418,1,0,8,3,1.3490299303084612,0.477420687675476,1,0,0.0,2.0,4.0,1.0,1.0,2,2,16,16,1.039432806894183,1.0066775996237989,0,0,1.0,1.0,14.0,0.0,0.0
7152,2017-09-09,Arsenal,Bournemouth,0.8309,0.1227,0.0464,3,3,17,15,2.4873225130140777,2.338386859744787,0,0,1.0,2.0,14.0,0.0,0.0,0,0,7,4,0.5965581070631741,0.3388099875301122,1,0,1.0,0.0,5.0,0.0,1.0
7153,2017-09-09,Brighton,West Bromwich Albion,0.1484,0.376,0.4756,3,3,12,9,0.3967706300318238,0.3648813087493178,2,0,0.0,1.0,10.0,0.0,1.0,1,1,12,9,0.8666785899549722,0.7793627139180894,0,0,0.0,2.0,9.0,0.0,1.0
7154,2017-09-09,Everton,Tottenham Hotspur,0.1568,0.211,0.6322,0,0,12,9,1.1514358930289743,1.0270251892507076,3,0,0.0,4.0,8.0,0.0,0.0,3,2,15,11,2.212996691465378,1.3788188882172108,1,0,1.0,1.0,13.0,0.0,0.0
7155,2017-09-09,Stoke City,Manchester United,0.2647,0.2517,0.4836,2,2,10,9,1.4992743805050852,1.4856497030705211,0,0,0.0,2.0,8.0,0.0,0.0,2,1,18,13,2.114831037819385,1.5987971872091291,0,0,1.0,6.0,10.0,0.0,1.0
7156,2017-09-10,Burnley,Crystal Palace,0.0627,0.1991,0.7382,1,0,4,3,0.429329115897417,0.2077450044453144,1,0,0.0,0.0,4.0,0.0,0.0,0,0,23,13,1.7377067655324931,1.3005362097173927,1,0,1.0,8.0,12.0,0.0,2.0
7157,2017-09-10,Swansea City,Newcastle United,0.492,0.2867,0.2213,0,0,10,7,1.48574461042881,1.338496988639235,2,0,2.0,2.0,6.0,0.0,0.0,1,1,16,14,1.0317667052149768,0.9052229868248102,3,0,0.0,2.0,14.0,0.0,0.0
7158,2017-09-11,West Ham United,Huddersfield Town,0.8657,0.115,0.0193,2,1,19,12,2.074217870831489,0.9123563924804328,1,0,2.0,4.0,12.0,0.0,1.0,0,0,10,9,0.339337797835469,0.27841580286622,2,0,0.0,1.0,8.0,0.0,1.0
7159,2017-09-15,Bournemouth,Brighton,0.4979,0.3047,0.1974,2,2,15,9,1.3952898290008304,1.0722634987905622,0,0,1.0,3.0,11.0,0.0,0.0,1,1,9,6,0.8845412861555815,0.7826811149716377,0,0,0.0,5.0,4.0,0.0,0.0
7160,2017-09-16,Crystal Palace,Southampton,0.6079,0.2312,0.1609,0,0,14,13,2.0324272848665714,1.4461404401808975,5,0,0.0,2.0,11.0,0.0,1.0,1,0,13,11,1.114280421286821,0.6608213949948547,1,0,0.0,2.0,11.0,0.0,0.0
7161,2017-09-16,Huddersfield Town,Leicester City,0.1671,0.2994,0.5335,1,1,15,10,0.7003482058644291,0.58223489113152,1,0,0.0,2.0,13.0,0.0,0.0,1,0,10,7,1.2418136876076458,0.385609198361635,1,0,1.0,2.0,6.0,1.0,0.0
7162,2017-09-16,Liverpool,Burnley,0.8663,0.1099,0.0238,1,1,35,34,2.187270104885101,2.170745231211185,1,0,0.0,3.0,32.0,0.0,0.0,1,0,5,4,0.3344022054225204,0.2671424020081757,2,0,0.0,2.0,2.0,0.0,1.0
7163,2017-09-16,Newcastle United,Stoke City,0.8488,0.1109,0.0403,2,2,14,11,2.666943262331188,2.073973461985588,3,0,0.0,6.0,7.0,0.0,1.0,1,1,13,12,0.6757824067026376,0.6379928393289442,1,0,1.0,3.0,9.0,0.0,0.0
7164,2017-09-16,Watford,Manchester City,0.0076,0.0317,0.9607,0,0,7,5,0.8039332982152698,0.759499007835984,2,0,0.0,3.0,3.0,0.0,1.0,6,5,28,22,3.993495010770857,3.032083682715893,0,0,0.0,5.0,20.0,1.0,2.0
7165,2017-09-16,West Bromwich Albion,West Ham United,0.4784,0.4127,0.1089,0,0,6,5,0.7818916030228135,0.6813627034425733,2,0,0.0,1.0,5.0,0.0,0.0,0,0,9,7,0.2663444001227616,0.2446213029325005,2,0,0.0,2.0,7.0,0.0,0.0
7166,2017-09-16,Tottenham Hotspur,Swansea City,0.6472,0.3063,0.0465,0,0,26,19,1.1789363231509922,0.9526965860277412,1,0,2.0,8.0,16.0,0.0,0.0,0,0,4,1,0.1540735010057686,0.0568180009722709,3,0,0.0,1.0,2.0,0.0,1.0
7167,2017-09-17,Chelsea,Arsenal,0.1543,0.2745,0.5712,0,0,13,10,0.7621283940970893,0.6971461120992897,2,1,0.0,1.0,9.0,0.0,3.0,0,0,11,8,1.5152996163815258,0.7880383888259528,3,0,0.0,2.0,8.0,0.0,1.0
7168,2017-09-17,Manchester United,Everton,0.8638,0.0971,0.0391,4,3,16,10,3.287221856415272,1.7791837118566034,1,0,2.0,2.0,10.0,1.0,1.0,0,0,7,5,1.062979510053992,0.2706914041191338,1,0,0.0,1.0,5.0,0.0,1.0
7169,2017-09-23,West Ham United,Tottenham Hotspur,0.1385,0.2748,0.5867,2,2,10,8,0.676669913344085,0.5902162929996845,4,0,0.0,3.0,7.0,0.0,0.0,3,1,15,9,1.5009304499253628,0.9251121180132028,2,1,2.0,2.0,10.0,0.0,1.0
7170,2017-09-23,Stoke City,Chelsea,0.0891,0.2287,0.6822,0,0,13,8,0.6009595096111295,0.3005161033943294,2,0,1.0,1.0,8.0,0.0,3.0,4,3,7,6,1.5981508865952492,1.5403574109077451,2,0,0.0,0.0,7.0,0.0,0.0
7171,2017-09-23,Swansea City,Watford,0.4134,0.3354,0.2512,1,0,10,6,1.8832168122753496,0.3616978051140903,1,0,1.0,2.0,4.0,0.0,3.0,2,1,8,4,1.2581667043268678,0.5231025107204912,3,0,0.0,0.0,8.0,0.0,0.0
7172,2017-09-23,Southampton,Manchester United,0.2275,0.3295,0.443,0,0,14,10,0.8209394887089727,0.5846320148557425,1,0,0.0,4.0,10.0,0.0,0.0,1,0,9,6,1.154145125299692,0.3921205997467039,4,0,1.0,1.0,7.0,0.0,0.0
7173,2017-09-23,Manchester City,Crystal Palace,0.9967,0.0027,0.0006,5,5,25,18,5.765731248073279,4.505251243710518,3,0,0.0,5.0,20.0,0.0,0.0,0,0,5,4,0.611017893999815,0.1411339994519947,1,0,0.0,1.0,4.0,0.0,0.0
7174,2017-09-23,Burnley,Huddersfield Town,0.2589,0.5442,0.1969,0,0,4,2,0.3694534013047813,0.3305103052407502,3,0,0.0,0.0,4.0,0.0,0.0,0,0,9,6,0.3125608013942834,0.1988596972078083,2,0,1.0,2.0,6.0,0.0,0.0
7175,2017-09-23,Everton,Bournemouth,0.8918,0.0895,0.0187,2,1,12,11,2.2914543710649014,1.3585505196824668,3,0,0.0,3.0,9.0,0.0,0.0,1,1,8,7,0.3847274994477626,0.3106044018641112,1,0,0.0,2.0,6.0,0.0,0.0
7176,2017-09-23,Leicester City,Liverpool,0.6388,0.191,0.1702,2,1,12,8,3.036675862967968,1.318983422592282,3,0,0.0,2.0,7.0,1.0,2.0,3,2,23,18,1.935099028050899,1.3423684975132342,3,0,1.0,2.0,20.0,0.0,0.0
7177,2017-09-24,Brighton,Newcastle United,0.115,0.2591,0.6259,1,1,7,5,0.5073411995545027,0.2831360995769499,2,0,0.0,1.0,5.0,0.0,1.0,0,0,17,8,1.3708026763051744,0.5009132046252487,1,0,3.0,2.0,11.0,0.0,1.0
7178,2017-09-25,Arsenal,West Bromwich Albion,0.8054,0.1466,0.048,2,0,16,9,2.442332448437809,0.9507955936715003,1,0,3.0,2.0,9.0,1.0,1.0,0,0,7,4,0.7819973938167093,0.1063511986285446,4,0,0.0,1.0,5.0,0.0,1.0
7179,2017-09-30,Huddersfield Town,Tottenham Hotspur,0.0364,0.2118,0.7518,0,0,6,3,0.196648398414254,0.0550289014354346,1,0,0.0,0.0,6.0,0.0,0.0,4,3,14,9,1.5608891658484934,0.9410295896232128,1,0,0.0,1.0,13.0,0.0,0.0
7180,2017-09-30,Manchester United,Crystal Palace,0.9735,0.0235,0.003,4,4,18,16,3.4770567119121547,2.9820257481187578,0,0,0.0,4.0,13.0,0.0,1.0,0,0,6,6,0.2443214990198611,0.2443209029734134,0,0,0.0,0.0,5.0,0.0,1.0
7181,2017-09-30,Stoke City,Southampton,0.704,0.1735,0.1225,2,2,17,9,2.908914398401976,1.6478858850896358,1,0,0.0,4.0,12.0,1.0,0.0,1,1,21,19,1.432035036385059,1.3547870879992838,2,0,0.0,3.0,16.0,0.0,2.0
7182,2017-09-30,West Bromwich Albion,Watford,0.441,0.2921,0.2669,2,1,9,5,1.9389547258615492,1.0330009907484057,3,0,0.0,3.0,6.0,0.0,0.0,2,2,15,12,1.6941379271447656,1.5977188907563684,0,0,0.0,0.0,13.0,0.0,2.0
7183,2017-09-30,West Ham United,Swansea City,0.4668,0.4492,0.084,1,1,9,9,0.6921848170459268,0.6921849045902487,3,0,0.0,1.0,7.0,0.0,1.0,0,0,6,4,0.1785678006708621,0.1099663991481064,2,0,1.0,0.0,5.0,0.0,0.0
7184,2017-09-30,Bournemouth,Leicester City,0.5931,0.2844,0.1225,0,0,19,15,1.4678084198385477,1.2275359109044073,1,0,0.0,0.0,19.0,0.0,0.0,0,0,8,3,0.5948079908266659,0.0731487004086373,0,0,0.0,2.0,6.0,0.0,0.0
7185,2017-09-30,Chelsea,Manchester City,0.2624,0.321,0.4166,0,0,4,4,0.9115329198539256,0.9115320146083832,0,0,0.0,0.0,2.0,0.0,2.0,1,1,17,14,1.2306801164522765,1.1118091028183696,2,0,1.0,6.0,10.0,0.0,0.0
7186,2017-10-01,Arsenal,Brighton,0.8747,0.098,0.0273,2,1,25,18,2.5049064215272665,2.030386589467525,0,0,2.0,3.0,17.0,0.0,3.0,0,0,9,7,0.3863431885838506,0.328642005100846,2,0,0.0,0.0,7.0,0.0,2.0
7187,2017-10-01,Everton,Burnley,0.4844,0.3672,0.1484,0,0,25,21,0.9337598066776986,0.7926732115447517,2,0,0.0,3.0,21.0,0.0,1.0,1,1,5,4,0.3839778061956167,0.3006840031594038,2,0,0.0,0.0,4.0,0.0,1.0
7188,2017-10-01,Newcastle United,Liverpool,0.0381,0.1766,0.7853,1,0,8,4,0.2804367039352653,0.0735563002526759,1,0,0.0,1.0,7.0,0.0,0.0,1,0,17,12,1.7903270311653612,0.985927106812596,1,0,1.0,4.0,11.0,0.0,1.0
7193,2017-10-14,Liverpool,Manchester United,0.8359,0.1346,0.0295,0,0,19,17,1.972237914800644,1.785982798784971,0,0,0.0,2.0,16.0,0.0,1.0,0,0,6,2,0.2362668979912993,0.1244108993560075,2,0,0.0,1.0,5.0,0.0,0.0
7190,2017-10-14,Burnley,West Ham United,0.2578,0.3688,0.3734,1,1,20,11,0.7067123930901286,0.3805969022214409,2,0,2.0,2.0,15.0,0.0,1.0,1,1,8,6,0.8351922109723089,0.7871861979365347,2,1,0.0,0.0,8.0,0.0,0.0
7191,2017-10-14,Crystal Palace,Chelsea,0.6143,0.2462,0.1395,1,1,14,10,1.5294300969690082,0.9756867103278636,2,0,1.0,1.0,12.0,0.0,0.0,1,1,15,11,0.6519190985709428,0.4363838043063876,1,0,1.0,4.0,11.0,0.0,0.0
7194,2017-10-14,Manchester City,Stoke City,0.9815,0.0163,0.0022,7,7,20,16,4.453878007829189,3.765162926167249,0,0,2.0,3.0,16.0,0.0,0.0,1,1,5,4,0.6812357939779756,0.6725187934935092,1,0,0.0,0.0,5.0,0.0,0.0
7196,2017-10-14,Swansea City,Huddersfield Town,0.7265,0.223,0.0505,2,2,7,4,1.967569226399064,1.498887175694108,1,0,1.0,1.0,5.0,0.0,0.0,0,0,7,6,0.5960865933448075,0.5849179010838268,5,0,0.0,0.0,7.0,0.0,0.0
7197,2017-10-14,Tottenham Hotspur,Bournemouth,0.8589,0.1217,0.0194,1,0,18,13,1.9568384177982805,1.5967528745532034,1,0,1.0,2.0,15.0,0.0,0.0,0,0,5,4,0.1750404015183446,0.1563147008419035,3,0,0.0,2.0,3.0,0.0,0.0
7198,2017-10-14,Watford,Arsenal,0.5528,0.2811,0.1661,2,0,11,8,1.6685706898570056,0.381297702901065,1,0,0.0,0.0,10.0,1.0,0.0,1,1,9,8,0.988468592986464,0.9741281811147926,0,0,0.0,2.0,7.0,0.0,0.0
7189,2017-10-15,Brighton,Everton,0.2228,0.3085,0.4687,1,1,12,6,1.061906822957098,0.8466789871454237,4,0,0.0,5.0,6.0,0.0,1.0,1,0,13,10,1.4551820047199724,0.558136213570833,1,0,1.0,0.0,10.0,1.0,1.0
7195,2017-10-15,Southampton,Newcastle United,0.5864,0.2474,0.1662,2,1,12,9,1.7144474154338236,0.9186892118304966,1,0,0.0,1.0,10.0,1.0,0.0,2,0,19,12,0.965510216541588,0.6331333890557285,2,0,0.0,2.0,14.0,0.0,3.0
7192,2017-10-16,Leicester City,West Bromwich Albion,0.6125,0.334,0.0535,1,1,11,8,0.9660341180860994,0.8326012929901476,2,0,0.0,1.0,9.0,0.0,1.0,1,0,5,4,0.1552540995180606,0.1168807018548248,2,0,1.0,0.0,3.0,0.0,1.0
7208,2017-10-20,West Ham United,Brighton,0.0623,0.1541,0.7836,0,0,16,10,0.5691107017919418,0.3260836936533448,1,0,2.0,3.0,11.0,0.0,0.0,3,2,7,5,1.983452266082168,1.2007728926837442,0,0,0.0,1.0,4.0,1.0,1.0
7201,2017-10-21,Huddersfield Town,Manchester United,0.5,0.3124,0.1876,2,1,5,3,1.34988259896636,0.7701195068657398,4,0,0.0,0.0,4.0,0.0,1.0,1,1,9,5,0.8071352057158944,0.6283390074968337,2,0,0.0,1.0,8.0,0.0,0.0
7202,2017-10-21,Manchester City,Burnley,0.9879,0.0112,0.0009,3,2,15,9,3.750156702473759,1.8359304312616584,2,0,0.0,2.0,12.0,1.0,0.0,0,0,6,3,0.1485898997634648,0.0947498995810746,3,0,1.0,1.0,4.0,0.0,0.0
7203,2017-10-21,Newcastle United,Crystal Palace,0.1494,0.4838,0.3668,1,0,7,5,0.270312901586294,0.1657167971134184,4,0,0.0,1.0,6.0,0.0,0.0,0,0,10,8,0.5668456032872196,0.4974425993859766,2,0,0.0,2.0,8.0,0.0,0.0
7205,2017-10-21,Stoke City,Bournemouth,0.4851,0.3134,0.2015,1,1,10,10,1.6011653896421194,1.6011666320264335,0,0,0.0,3.0,6.0,0.0,1.0,2,1,7,5,1.1183414142578838,0.2935726009309291,1,0,0.0,0.0,6.0,1.0,0.0
7206,2017-10-21,Swansea City,Leicester City,0.0671,0.18,0.7529,1,1,19,13,0.5597981931641693,0.4390197955071923,0,0,1.0,2.0,17.0,0.0,0.0,1,1,11,10,1.8168951850384472,1.7941969390958543,1,0,0.0,0.0,11.0,0.0,0.0
7204,2017-10-21,Southampton,West Bromwich Albion,0.8115,0.1503,0.0382,1,0,20,16,2.022880911827087,1.7931696968153117,0,0,1.0,4.0,14.0,0.0,1.0,0,0,7,4,0.504128106869757,0.4179662987589835,1,0,1.0,0.0,6.0,0.0,0.0
7199,2017-10-21,Chelsea,Watford,0.3729,0.2537,0.3734,4,3,14,12,1.7831539921462534,0.9333431906998158,2,0,0.0,4.0,8.0,0.0,2.0,2,1,16,11,1.7969335094094274,1.601193400099873,3,0,1.0,1.0,13.0,0.0,1.0
7200,2017-10-22,Everton,Arsenal,0.0149,0.0507,0.9344,2,0,8,4,0.8109889528714117,0.1168428487144409,1,1,1.0,0.0,6.0,0.0,1.0,5,4,30,19,3.9089400991797447,3.1803989186882973,1,0,2.0,2.0,23.0,0.0,3.0
7207,2017-10-22,Tottenham Hotspur,Liverpool,0.848,0.1091,0.0429,4,2,14,7,2.668695669621229,1.8017070144414904,0,0,0.0,3.0,8.0,0.0,3.0,1,1,12,8,0.6677707722410555,0.6141058914363381,1,0,0.0,1.0,11.0,0.0,0.0
7218,2017-10-28,Manchester United,Tottenham Hotspur,0.282,0.3354,0.3826,1,1,11,6,0.9434955930337308,0.669022314250469,1,0,1.0,1.0,9.0,0.0,0.0,0,0,13,12,1.088867016136646,1.0066816955804825,0,0,0.0,3.0,10.0,0.0,0.0
7209,2017-10-28,Arsenal,Swansea City,0.7542,0.1692,0.0766,2,2,17,17,2.3832386098802085,2.3832400143146515,0,0,0.0,0.0,15.0,0.0,2.0,1,1,4,2,0.8354994095861912,0.3640516102313995,0,0,0.0,0.0,3.0,0.0,1.0
7213,2017-10-28,Crystal Palace,West Ham United,0.8948,0.0838,0.0214,2,1,19,10,2.9852441428229213,0.6630507074296471,1,0,1.0,8.0,7.0,1.0,2.0,2,1,6,5,0.7428456917405127,0.7059265971183776,2,0,0.0,2.0,3.0,0.0,1.0
7215,2017-10-28,West Bromwich Albion,Manchester City,0.0535,0.1406,0.8059,2,1,6,4,1.1185220703482626,0.4911923985928295,2,0,0.0,0.0,6.0,0.0,0.0,3,3,15,11,2.770852447487414,2.1300112772732973,3,0,2.0,0.0,13.0,0.0,0.0
7216,2017-10-28,Watford,Stoke City,0.4367,0.3218,0.2415,0,0,13,10,1.134482894092798,0.9972747117280958,4,0,0.0,2.0,10.0,0.0,1.0,1,1,6,5,0.778882287442684,0.7657542973756788,4,0,0.0,1.0,5.0,0.0,0.0
7217,2017-10-28,Liverpool,Huddersfield Town,0.9358,0.0612,0.003,3,2,16,11,2.200905162841081,0.8668069122359154,0,0,1.0,4.0,9.0,1.0,1.0,0,0,1,1,0.0554802007973194,0.0,1,0,1.0,0.0,0.0,0.0,0.0
7210,2017-10-28,Bournemouth,Chelsea,0.0723,0.2011,0.7266,0,0,7,7,0.455055199563503,0.4550552014261481,2,0,0.0,0.0,7.0,0.0,0.0,1,1,18,15,1.8023904897272585,1.5626463443040848,0,0,0.0,2.0,16.0,0.0,0.0
7211,2017-10-29,Brighton,Southampton,0.6818,0.2362,0.082,1,1,7,7,1.5053283972665663,1.5053291618824003,3,0,0.0,0.0,4.0,0.0,3.0,1,0,6,3,0.5586278010159729,0.1974466051906346,1,0,1.0,2.0,2.0,0.0,1.0
7214,2017-10-29,Leicester City,Everton,0.6136,0.2617,0.1247,2,2,9,8,1.3760886937379833,1.2755876779556272,0,0,0.0,2.0,7.0,0.0,0.0,0,0,16,12,0.5761738987639543,0.4608987029641863,2,0,0.0,2.0,14.0,0.0,0.0
7212,2017-10-30,Burnley,Newcastle United,0.5034,0.3376,0.159,1,1,12,9,1.027104567736387,0.9629845973104236,3,0,0.0,2.0,7.0,0.0,3.0,0,0,12,8,0.5163691006600853,0.3125389050692318,0,0,0.0,2.0,9.0,0.0,1.0
7224,2017-11-04,Stoke City,Leicester City,0.3235,0.277,0.3995,2,2,11,11,1.229877807199955,1.2298782896250482,0,0,0.0,4.0,6.0,0.0,1.0,2,2,14,11,1.3956343866884706,1.1762357214465733,0,0,1.0,4.0,9.0,0.0,0.0
7221,2017-11-04,Huddersfield Town,West Bromwich Albion,0.1653,0.5815,0.2532,1,1,7,4,0.260436004027724,0.0850033015012739,1,1,0.0,2.0,5.0,0.0,0.0,0,0,9,9,0.3820047928020357,0.3820055937394497,4,0,0.0,2.0,7.0,0.0,0.0
7222,2017-11-04,Newcastle United,Bournemouth,0.1782,0.2917,0.5301,0,0,16,14,0.6760912910103795,0.6527570905163882,2,0,0.0,2.0,12.0,0.0,2.0,1,1,16,14,1.2870345087721942,1.184209127910435,2,0,0.0,1.0,15.0,0.0,0.0
7223,2017-11-04,Southampton,Burnley,0.5143,0.4253,0.0604,0,0,13,10,0.7892586048692463,0.6580761037766931,0,0,0.0,3.0,10.0,0.0,0.0,1,1,5,4,0.1377428974956273,0.084903500974178,0,0,0.0,0.0,5.0,0.0,0.0
7225,2017-11-04,Swansea City,Brighton,0.4366,0.3581,0.2053,0,0,10,6,1.3771638777106998,0.5578946899622677,2,0,0.0,3.0,6.0,0.0,1.0,1,1,5,3,0.874926627613604,0.7965554241091012,1,0,0.0,0.0,5.0,0.0,0.0
7227,2017-11-04,West Ham United,Liverpool,0.0689,0.1406,0.7905,1,1,6,5,1.1304459869861605,0.7986059933900832,3,0,0.0,0.0,5.0,0.0,1.0,4,2,15,12,2.9473042339086533,1.605111002922058,0,0,0.0,1.0,13.0,0.0,1.0
7226,2017-11-05,Tottenham Hotspur,Crystal Palace,0.3094,0.3196,0.371,1,0,12,10,0.9918131027370688,0.895595883950591,0,0,0.0,2.0,10.0,0.0,0.0,0,0,11,9,1.1026744060218334,0.6466469950973985,2,0,0.0,6.0,5.0,0.0,0.0
7228,2017-11-05,Manchester City,Arsenal,0.8816,0.0961,0.0223,3,2,9,6,2.150281010195613,0.8946816138923167,1,0,0.0,3.0,5.0,1.0,0.0,1,1,6,4,0.3404067978262899,0.2651203945279121,6,0,1.0,0.0,4.0,0.0,1.0
7219,2017-11-05,Chelsea,Manchester United,0.6519,0.2288,0.1193,1,1,18,12,1.850290223956108,0.951168481260538,1,0,0.0,3.0,12.0,0.0,3.0,0,0,10,4,0.774814987555146,0.5569755062460898,3,0,1.0,1.0,8.0,0.0,0.0
7220,2017-11-05,Everton,Watford,0.4983,0.2623,0.2394,3,1,9,6,2.579603847116232,1.1844123788177967,0,0,0.0,1.0,6.0,1.0,1.0,2,2,11,9,2.0556083992123604,1.262324093841016,2,0,0.0,3.0,7.0,1.0,0.0
7236,2017-11-18,Arsenal,Tottenham Hotspur,0.7941,0.1464,0.0595,2,2,14,11,2.242460697889328,2.151045154780149,4,0,1.0,1.0,11.0,0.0,1.0,0,0,14,12,0.591191506013274,0.4858872052282091,1,0,0.0,2.0,12.0,0.0,0.0
7229,2017-11-18,West Bromwich Albion,Chelsea,0.0897,0.2227,0.6876,0,0,7,5,0.590654209256172,0.1311552003026006,2,0,1.0,2.0,4.0,0.0,0.0,4,3,11,8,1.7170898839831352,1.2184328846633434,3,0,0.0,0.0,10.0,0.0,1.0
7231,2017-11-18,Liverpool,Southampton,0.7635,0.1699,0.0666,3,2,21,14,2.112772598862648,1.3156633786857124,1,0,1.0,2.0,18.0,0.0,0.0,0,0,5,4,0.5638870000839232,0.5165321007370949,1,0,1.0,1.0,2.0,0.0,1.0
7233,2017-11-18,Burnley,Swansea City,0.6947,0.2281,0.0772,2,2,16,12,1.5427010962739582,1.338836316950619,1,0,0.0,2.0,14.0,0.0,0.0,0,0,13,10,0.4321049973368641,0.3645733967423435,1,0,1.0,3.0,9.0,0.0,0.0
7234,2017-11-18,Crystal Palace,Everton,0.4554,0.2705,0.2741,2,1,16,9,2.2098442651331425,1.502009099349379,2,0,1.0,3.0,10.0,0.0,2.0,2,1,8,5,1.6872829124331474,0.8506418159231542,3,0,0.0,1.0,6.0,1.0,0.0
7235,2017-11-18,Leicester City,Manchester City,0.002,0.0402,0.9578,0,0,2,1,0.097045600414276,0.0123244002461433,1,0,0.0,0.0,1.0,0.0,1.0,2,2,12,10,2.4005561061203475,2.366079956293106,1,0,0.0,2.0,9.0,0.0,1.0
7237,2017-11-18,Bournemouth,Huddersfield Town,0.4251,0.2759,0.299,4,3,11,8,1.387818358838558,1.25455991923809,3,1,0.0,4.0,6.0,0.0,1.0,0,0,20,15,1.1706999009475108,1.057884481735527,2,0,0.0,2.0,16.0,0.0,2.0
7232,2017-11-18,Manchester United,Newcastle United,0.7368,0.1694,0.0938,4,4,16,13,2.57423897832632,2.382300520315766,1,0,0.0,5.0,10.0,0.0,1.0,1,1,12,10,1.1063934033736584,1.0493676997721193,1,0,0.0,1.0,11.0,0.0,0.0
7230,2017-11-19,Watford,West Ham United,0.2848,0.2853,0.4299,2,2,17,14,1.2546331016346808,1.1406241031363604,1,0,0.0,2.0,15.0,0.0,0.0,0,0,10,6,1.499962289817631,0.7429323010146616,4,0,1.0,0.0,8.0,0.0,1.0
7238,2017-11-20,Brighton,Stoke City,0.1277,0.2933,0.579,2,1,9,6,0.4900576081126926,0.3771945927292106,1,0,0.0,1.0,7.0,0.0,1.0,2,1,13,11,1.2050671279430387,0.662030907347798,0,0,0.0,3.0,9.0,0.0,1.0
7247,2017-11-24,West Ham United,Leicester City,0.4086,0.4016,0.1898,1,1,8,7,0.775295991450548,0.7151606753468512,1,0,1.0,2.0,4.0,0.0,1.0,1,0,7,3,0.4538508020341394,0.2800824958831071,1,0,0.0,2.0,5.0,0.0,0.0
7239,2017-11-25,Tottenham Hotspur,West Bromwich Albion,0.7072,0.2206,0.0722,1,1,25,19,1.915259728208184,1.681981202214956,1,0,1.0,5.0,18.0,0.0,1.0,1,1,5,4,0.7171101085841654,0.6888301018625497,4,0,0.0,0.0,4.0,0.0,1.0
7240,2017-11-25,Swansea City,Bournemouth,0.4648,0.3729,0.1623,0,0,10,5,0.922626002691686,0.3327325992286204,4,0,0.0,0.0,10.0,0.0,0.0,0,0,9,6,0.4490754259750243,0.3488094974309205,2,0,0.0,1.0,8.0,0.0,0.0
7242,2017-11-25,Newcastle United,Watford,0.1121,0.2017,0.6862,0,0,12,11,0.8600198999047277,0.8441699072718616,1,0,0.0,1.0,12.0,0.0,0.0,2,2,12,12,2.058445606380701,2.058441188186407,2,0,0.0,1.0,11.0,0.0,0.0
7243,2017-11-25,Manchester United,Brighton,0.6681,0.2441,0.0878,0,0,15,12,1.8035713862627745,1.0635863970965145,0,0,0.0,5.0,10.0,0.0,0.0,0,0,8,7,0.5650719990953801,0.553183004260063,2,0,0.0,1.0,7.0,0.0,1.0
7246,2017-11-25,Crystal Palace,Stoke City,0.6203,0.2553,0.1244,2,1,10,7,1.5228082332760091,0.7444352880120276,1,0,0.0,1.0,8.0,0.0,1.0,1,1,9,6,0.6282921880483626,0.4385477155447005,1,0,1.0,1.0,6.0,0.0,1.0
7244,2017-11-25,Liverpool,Chelsea,0.5678,0.2667,0.1655,1,1,16,13,1.5062166955322025,1.3380627911537883,0,0,1.0,4.0,11.0,0.0,0.0,1,1,11,11,0.7443597111850974,0.5641348101198671,0,0,1.0,4.0,6.0,0.0,0.0
7241,2017-11-26,Southampton,Everton,0.8701,0.1139,0.016,4,4,17,14,1.970341079868376,1.888265596702695,0,0,0.0,5.0,12.0,0.0,0.0,1,1,5,3,0.1477242987602948,0.1194432005286215,0,0,0.0,0.0,5.0,0.0,0.0
7248,2017-11-26,Burnley,Arsenal,0.0466,0.1735,0.7799,0,0,8,6,0.4027449004352091,0.278350295498967,2,0,1.0,2.0,5.0,0.0,0.0,1,0,17,13,1.752429304644465,0.8875606022775171,0,0,0.0,1.0,15.0,1.0,0.0
7245,2017-11-26,Huddersfield Town,Manchester City,0.0133,0.0717,0.915,0,0,4,2,0.5376985073089597,0.43021010607481,2,1,1.0,0.0,3.0,0.0,0.0,2,0,14,6,2.990283966064453,0.8586343834176656,3,0,1.0,3.0,10.0,1.0,0.0
7249,2017-11-28,Leicester City,Tottenham Hotspur,0.0771,0.1493,0.7736,2,2,7,6,0.9245755821466444,0.9076649285852908,1,0,0.0,1.0,5.0,0.0,1.0,1,1,18,16,2.563729984685778,2.081179277040064,2,0,0.0,5.0,13.0,0.0,0.0
7250,2017-11-28,Brighton,Crystal Palace,0.2305,0.4446,0.3249,0,0,10,9,0.4771990086883304,0.4284754088148473,2,0,0.0,5.0,5.0,0.0,0.0,0,0,10,5,0.6078674914315341,0.2169400975108144,0,0,1.0,4.0,5.0,0.0,0.0
7251,2017-11-28,Watford,Manchester United,0.2706,0.285,0.4444,2,1,12,10,1.2927694069221614,0.5215327152982353,2,0,0.0,1.0,10.0,1.0,0.0,4,3,15,10,1.6513534020632503,0.9858729690313338,1,0,2.0,1.0,11.0,0.0,1.0
7252,2017-11-28,West Bromwich Albion,Newcastle United,0.2492,0.317,0.4338,2,2,8,5,0.8453274182975291,0.7418902069330213,0,0,2.0,0.0,5.0,0.0,2.0,1,1,14,10,1.1349322106689212,0.9972659051418304,0,0,2.0,2.0,9.0,0.0,1.0
7253,2017-11-29,Bournemouth,Burnley,0.2556,0.3869,0.3575,1,0,10,7,0.9779352024197576,0.2614257000386712,0,0,0.0,2.0,8.0,0.0,0.0,2,1,10,7,1.1047797417268157,0.4469538964331147,1,0,1.0,1.0,7.0,0.0,1.0
7254,2017-11-29,Arsenal,Huddersfield Town,0.9873,0.0112,0.0015,5,5,21,16,4.6201166883111,3.559843083843589,0,0,1.0,1.0,19.0,0.0,0.0,0,0,7,6,0.4757156977429983,0.40644930396229,1,0,1.0,1.0,4.0,0.0,1.0
7255,2017-11-29,Chelsea,Swansea City,0.9222,0.0747,0.0031,1,0,21,16,2.31321071088314,1.772549033164978,1,0,0.0,8.0,11.0,0.0,2.0,0,0,2,2,0.0411427002400159,0.0411427002400159,0,0,0.0,0.0,2.0,0.0,0.0
7256,2017-11-29,Everton,West Ham United,0.581,0.3044,0.1146,4,2,8,5,2.070592932403087,0.899044908583164,2,0,0.0,1.0,5.0,1.0,1.0,0,0,7,5,1.036582509987056,0.2093226928263902,1,0,0.0,1.0,4.0,1.0,1.0
7257,2017-11-29,Manchester City,Southampton,0.3409,0.2647,0.3944,2,1,26,21,1.6588846091181035,1.4273459333926437,1,0,0.0,4.0,18.0,0.0,4.0,1,1,6,6,1.7066000178456306,1.7066010236740112,1,0,0.0,3.0,2.0,0.0,1.0
7258,2017-11-29,Stoke City,Liverpool,0.0575,0.132,0.8105,0,0,10,2,0.8467471823096272,0.4682727009057998,1,0,1.0,1.0,5.0,0.0,3.0,3,2,14,9,2.587566047906875,1.8191410144791005,5,0,1.0,1.0,12.0,0.0,0.0
7259,2017-12-02,Chelsea,Newcastle United,0.9251,0.0593,0.0156,3,1,23,17,3.080343230627477,2.0286871790885925,0,0,0.0,5.0,16.0,1.0,1.0,1,0,8,6,0.5195490829646585,0.1897452017292377,1,0,0.0,1.0,6.0,0.0,1.0
7260,2017-12-02,Everton,Huddersfield Town,0.5183,0.3963,0.0854,2,2,6,4,0.8200224861502645,0.7460129857063292,2,0,0.0,1.0,5.0,0.0,0.0,0,0,5,3,0.2234285036101935,0.1095658969134091,1,0,0.0,2.0,2.0,0.0,1.0
7261,2017-12-02,Leicester City,Burnley,0.5887,0.257,0.1543,1,0,16,13,1.6150506176054475,0.9827633872628212,0,0,0.0,2.0,14.0,0.0,0.0,0,0,14,12,0.7893884032964702,0.7005965979769824,2,0,0.0,4.0,10.0,0.0,0.0
7263,2017-12-02,Stoke City,Swansea City,0.6603,0.263,0.0767,2,2,10,9,1.2474285084754226,1.238192196935415,2,0,0.0,0.0,9.0,0.0,1.0,1,1,10,7,0.3206000924110411,0.259657500311732,0,0,0.0,3.0,6.0,0.0,1.0
7264,2017-12-02,Watford,Tottenham Hotspur,0.1252,0.3846,0.4902,1,1,6,5,0.3526722993701694,0.3346520047634839,4,0,0.0,2.0,4.0,0.0,0.0,1,1,8,4,0.788817200809717,0.6757966009899972,1,1,2.0,1.0,3.0,0.0,2.0
7265,2017-12-02,West Bromwich Albion,Crystal Palace,0.5914,0.2561,0.1525,0,0,20,14,1.669293865561485,0.8649395201355214,3,0,0.0,1.0,16.0,0.0,3.0,0,0,10,9,0.8092396911233662,0.7654983196407554,1,0,0.0,4.0,6.0,0.0,0.0
7268,2017-12-02,Brighton,Liverpool,0.3265,0.2893,0.3842,1,0,6,3,1.6587826535105703,0.7637099027633666,1,0,0.0,0.0,4.0,1.0,2.0,4,3,12,8,1.7756610661745071,1.453125115483999,0,0,2.0,2.0,7.0,0.0,1.0
7266,2017-12-02,Arsenal,Manchester United,0.8356,0.1089,0.0555,1,1,33,24,4.545735417865217,2.8454083111137147,3,0,2.0,4.0,26.0,0.0,1.0,3,3,8,6,2.121184938587248,1.955372430384159,2,1,0.0,1.0,7.0,0.0,0.0
7267,2017-12-03,Bournemouth,Southampton,0.3794,0.2997,0.3209,1,1,16,11,1.1150234118103977,0.9550292957574126,2,0,1.0,1.0,13.0,0.0,1.0,1,1,15,10,1.0058736037462943,0.7037460040301081,1,0,0.0,2.0,12.0,0.0,1.0
7262,2017-12-03,Manchester City,West Ham United,0.8764,0.0987,0.0249,2,2,24,21,2.4672842565923925,2.277857810258865,2,0,1.0,2.0,21.0,0.0,0.0,1,1,7,6,0.4800913846120235,0.4137888960540293,2,0,0.0,3.0,4.0,0.0,0.0
7269,2017-12-09,West Ham United,Chelsea,0.1212,0.3052,0.5736,1,1,5,5,0.4181265123188494,0.4181266948580739,6,0,0.0,0.0,5.0,0.0,0.0,0,0,19,13,1.1889096945524211,0.6524567026644942,1,0,0.0,1.0,17.0,0.0,1.0
7270,2017-12-09,Tottenham Hotspur,Stoke City,0.9618,0.0317,0.0065,4,3,20,17,4.01924062334001,3.756996417418122,1,0,1.0,2.0,17.0,0.0,0.0,1,1,4,3,0.749295700341463,0.6909637041389941,0,0,0.0,1.0,3.0,0.0,1.0
7271,2017-12-09,Swansea City,West Bromwich Albion,0.5631,0.3536,0.0833,1,0,18,11,1.0110104186460374,0.6931465975940225,2,0,1.0,5.0,10.0,0.0,2.0,0,0,7,5,0.2522800974547861,0.2092246022075412,5,0,0.0,0.0,6.0,0.0,1.0
7272,2017-12-09,Burnley,Watford,0.1907,0.3767,0.4326,1,1,8,6,0.4856320060789583,0.3468613009899852,1,0,2.0,0.0,6.0,0.0,0.0,0,0,11,8,0.8192328065633769,0.7374499980360268,0,1,0.0,6.0,5.0,0.0,0.0
7273,2017-12-09,Crystal Palace,Bournemouth,0.9702,0.0233,0.0065,2,1,24,15,4.649292076937854,2.7852550745010376,5,0,0.0,4.0,13.0,2.0,5.0,2,2,11,9,0.9623737204819914,0.8839905969798563,2,0,1.0,2.0,8.0,0.0,0.0
7274,2017-12-09,Huddersfield Town,Brighton,0.9583,0.0365,0.0052,2,2,19,14,2.6830277573317285,2.489789249375462,0,0,0.0,7.0,12.0,0.0,0.0,0,0,7,4,0.2742263954132792,0.1708519002422688,0,0,0.0,0.0,6.0,0.0,1.0
7277,2017-12-09,Newcastle United,Leicester City,0.5069,0.3493,0.1438,2,2,10,8,0.9646576903760432,0.8224171958863732,2,0,1.0,3.0,7.0,0.0,0.0,2,2,13,11,0.4440990975126621,0.4184124032035466,1,0,0.0,0.0,10.0,0.0,3.0
7278,2017-12-10,Southampton,Arsenal,0.5464,0.2934,0.1602,1,1,6,6,1.219415722414851,1.219413610175252,2,0,0.0,0.0,6.0,0.0,0.0,1,1,11,9,0.6083516990765926,0.5193556025624273,2,0,1.0,3.0,7.0,0.0,0.0
7275,2017-12-10,Liverpool,Everton,0.6444,0.2514,0.1042,1,1,23,19,1.896559380926192,1.7355816233903163,1,0,1.0,4.0,17.0,0.0,1.0,1,0,3,2,0.8232170175760983,0.0620480012148618,3,0,0.0,0.0,2.0,1.0,0.0
7276,2017-12-10,Manchester United,Manchester City,0.2041,0.2878,0.5081,1,0,8,4,1.7609205991029735,0.630356293171644,4,0,1.0,0.0,7.0,0.0,0.0,2,0,14,9,2.030405819416046,0.7001612856984136,2,0,0.0,1.0,12.0,0.0,1.0
7279,2017-12-12,Burnley,Stoke City,0.1274,0.37,0.5026,1,1,10,6,0.3600804079324003,0.2789092026650904,0,0,0.0,3.0,4.0,0.0,3.0,0,0,14,10,0.9163441034033892,0.4391351947560903,0,0,0.0,4.0,10.0,0.0,0.0
7280,2017-12-12,Huddersfield Town,Chelsea,0.0544,0.1757,0.7699,1,1,7,4,0.4779024822637436,0.4368167072534558,0,0,0.0,0.0,7.0,0.0,0.0,3,3,12,10,1.8707035332918165,1.70489901304245,0,0,0.0,0.0,10.0,0.0,2.0
7282,2017-12-12,Crystal Palace,Watford,0.2619,0.3088,0.4293,2,0,14,6,1.1869501192122696,0.243064800277352,2,0,1.0,1.0,11.0,0.0,1.0,1,1,7,5,1.404408037662506,0.7710944786667822,1,1,0.0,0.0,7.0,0.0,0.0
7281,2017-12-13,Swansea City,Manchester City,0.0107,0.0468,0.9425,0,0,7,4,0.6283755805343387,0.2811882942914961,0,0,0.0,1.0,4.0,0.0,2.0,4,3,23,16,3.5698305927217,3.2647151369601484,0,0,2.0,2.0,18.0,0.0,1.0
7284,2017-12-13,Newcastle United,Everton,0.084,0.2541,0.6619,0,0,16,8,0.5714409947395322,0.300121799111366,1,1,1.0,1.0,12.0,0.0,2.0,1,0,7,6,1.4536232836544511,0.4942097067832945,2,0,0.0,0.0,6.0,0.0,1.0
7285,2017-12-13,Southampton,Leicester City,0.1254,0.2113,0.6633,1,1,11,7,1.1174868941307066,0.3998767975717782,1,0,1.0,5.0,5.0,0.0,0.0,4,3,16,10,2.3244211897253986,1.4261156097054482,0,0,2.0,5.0,7.0,0.0,2.0
7283,2017-12-13,Manchester United,Bournemouth,0.4803,0.3075,0.2122,1,1,9,6,1.2404298968613146,0.4685371816158293,1,0,0.0,0.0,9.0,0.0,0.0,0,0,14,11,0.8190335147082801,0.6652687061578032,2,0,0.0,3.0,10.0,0.0,1.0
7286,2017-12-13,West Ham United,Arsenal,0.1477,0.3459,0.5064,0,0,6,6,0.4051720993593334,0.4051717892289161,2,0,0.0,0.0,6.0,0.0,0.0,0,0,22,14,1.0234309937804933,0.6909896042197939,0,0,2.0,2.0,18.0,0.0,0.0
7287,2017-12-13,Liverpool,West Bromwich Albion,0.8063,0.1514,0.0423,0,0,14,7,2.144469071179628,0.6809559054672715,1,0,1.0,0.0,13.0,0.0,0.0,0,0,6,6,0.5203817021101711,0.5203816965222356,0,0,0.0,2.0,2.0,0.0,2.0
7288,2017-12-13,Tottenham Hotspur,Brighton,0.7788,0.1736,0.0476,2,2,25,20,1.8989729993045328,1.4970949776470657,1,0,1.0,7.0,16.0,0.0,1.0,0,0,7,6,0.3156158979982135,0.2366241998970507,1,0,0.0,2.0,5.0,0.0,0.0
7294,2017-12-16,Leicester City,Crystal Palace,0.0858,0.167,0.7472,0,0,11,7,0.758242897689342,0.5232488997280597,2,1,1.0,4.0,6.0,0.0,0.0,3,3,13,11,2.264722652733325,2.1037347614765167,2,0,0.0,0.0,13.0,0.0,0.0
7289,2017-12-16,Arsenal,Newcastle United,0.8155,0.1471,0.0374,1,0,23,18,2.028583595529198,1.7424043118953705,2,0,0.0,2.0,21.0,0.0,0.0,0,0,10,8,0.2865466978400942,0.2557655964046715,1,0,0.0,1.0,8.0,0.0,1.0
7291,2017-12-16,Brighton,Burnley,0.4113,0.2998,0.2889,0,0,12,8,1.490292587317526,0.6357260961085555,4,0,0.0,2.0,8.0,1.0,1.0,0,0,11,8,1.3253615042194724,0.8779935911297796,2,0,0.0,1.0,9.0,0.0,1.0
7292,2017-12-16,Chelsea,Southampton,0.5347,0.3033,0.162,1,0,24,20,1.2901769028976555,1.0816977787762876,1,0,1.0,1.0,19.0,0.0,3.0,0,0,6,4,0.5870809955522416,0.5302492156624792,3,0,0.0,2.0,4.0,0.0,0.0
7296,2017-12-16,Watford,Huddersfield Town,0.0087,0.0324,0.9589,1,0,13,10,0.589101795107126,0.471725893206894,2,1,0.0,3.0,8.0,0.0,2.0,4,2,15,10,3.5934456763789058,2.5410182774066925,1,1,1.0,4.0,9.0,1.0,0.0
7297,2017-12-16,Stoke City,West Ham United,0.0496,0.1088,0.8416,0,0,17,15,0.9832933880388732,0.9370913971215484,2,0,0.0,3.0,12.0,0.0,2.0,3,2,14,11,3.0824357606470585,1.9147736355662348,1,0,0.0,0.0,13.0,1.0,0.0
7298,2017-12-16,Manchester City,Tottenham Hotspur,0.9951,0.0047,0.0002,4,4,20,15,4.526491165161133,2.51739264279604,2,0,0.0,1.0,16.0,1.0,2.0,1,0,7,4,0.1824559066444633,0.0856865979731082,4,0,0.0,0.0,6.0,0.0,1.0
7295,2017-12-17,West Bromwich Albion,Manchester United,0.3887,0.373,0.2383,1,1,12,11,1.1621458176523445,1.0424437234178183,1,0,0.0,2.0,10.0,0.0,0.0,2,2,8,7,0.8989842049777506,0.875162091106176,3,0,0.0,1.0,7.0,0.0,0.0
7290,2017-12-17,Bournemouth,Liverpool,0.0145,0.0632,0.9223,0,0,6,6,0.5391776114702223,0.5391781963407991,1,0,0.0,0.0,6.0,0.0,0.0,4,4,21,17,3.251070162281394,2.9316550195217133,1,0,1.0,2.0,18.0,0.0,0.0
7293,2017-12-18,Everton,Swansea City,0.7604,0.1883,0.0513,3,1,12,8,2.0825988538563247,0.4527042023837565,2,0,0.0,1.0,8.0,2.0,1.0,1,1,8,5,0.7662240173667666,0.6569698192179202,3,0,1.0,1.0,6.0,0.0,0.0
7301,2017-12-22,Arsenal,Liverpool,0.158,0.2283,0.6137,3,3,11,9,1.1310367137193678,1.0581532064825292,1,0,1.0,0.0,10.0,0.0,0.0,3,2,14,11,2.1846159361302853,0.8761594891548155,0,0,0.0,1.0,13.0,0.0,0.0
7303,2017-12-23,Everton,Chelsea,0.0347,0.1477,0.8176,0,0,5,4,0.3424032013863324,0.258875599130988,3,0,0.0,1.0,4.0,0.0,0.0,0,0,25,15,2.166266933083534,0.7748985830694434,0,0,1.0,6.0,18.0,0.0,0.0
7299,2017-12-23,Swansea City,Crystal Palace,0.1051,0.3178,0.5771,1,1,7,4,0.5466132871806619,0.4413120001554488,2,0,0.0,0.0,7.0,0.0,0.0,1,0,13,9,1.255969515070319,0.3904586015269159,3,0,0.0,2.0,10.0,1.0,0.0
7300,2017-12-23,West Ham United,Newcastle United,0.4723,0.2583,0.2694,2,0,19,13,2.394224937073886,0.7895543156191704,1,0,0.0,6.0,11.0,1.0,1.0,3,2,11,5,1.9282139223068948,1.755143366754055,1,0,2.0,0.0,8.0,0.0,1.0
7305,2017-12-23,Brighton,Watford,0.376,0.2942,0.3298,1,1,14,13,1.405327335000038,1.3178021255880592,0,0,0.0,4.0,10.0,0.0,0.0,0,0,12,9,1.3008177010342477,0.7093040980398653,0,0,0.0,2.0,9.0,0.0,1.0
7306,2017-12-23,Stoke City,West Bromwich Albion,0.3197,0.2522,0.4281,3,3,9,7,1.7985978871583936,1.7388195283710957,1,0,1.0,0.0,7.0,0.0,1.0,1,1,17,13,2.0543974339962,1.441991627216339,0,0,0.0,4.0,12.0,0.0,1.0
7307,2017-12-23,Southampton,Huddersfield Town,0.5402,0.2549,0.2049,1,1,12,10,1.7430093642324205,1.612035000696778,2,0,0.0,4.0,7.0,0.0,1.0,1,1,10,6,1.0938112065196033,0.9184446111321448,1,0,1.0,1.0,6.0,0.0,2.0
7308,2017-12-23,Manchester City,Bournemouth,0.7255,0.2135,0.061,4,4,14,10,1.5572430817410348,1.4676119759678838,0,0,0.0,2.0,12.0,0.0,0.0,0,0,5,5,0.3348957076668737,0.3348958939313888,1,0,0.0,2.0,3.0,0.0,0.0
7304,2017-12-23,Burnley,Tottenham Hotspur,0.002,0.0192,0.9788,0,0,5,4,0.1597345992922781,0.1405301988124846,1,0,0.0,1.0,3.0,0.0,1.0,3,2,18,15,3.4124384988099337,2.086816312745213,2,0,0.0,1.0,16.0,1.0,0.0
7302,2017-12-23,Leicester City,Manchester United,0.2207,0.2581,0.5212,2,2,11,8,1.564651296474039,1.4359459877014158,2,1,0.0,2.0,9.0,0.0,0.0,2,1,19,14,2.198854763060808,1.960456045344472,2,0,1.0,1.0,17.0,0.0,0.0
7316,2017-12-26,Tottenham Hotspur,Southampton,0.9212,0.058,0.0208,5,5,16,13,3.0841350806877017,2.959264487028122,0,0,1.0,0.0,13.0,0.0,2.0,2,0,16,12,0.5925966333597894,0.4536964967846866,2,0,0.0,2.0,12.0,0.0,2.0
7309,2017-12-26,Bournemouth,West Ham United,0.6046,0.2141,0.1813,3,3,26,21,2.9308769851922984,2.551291987299919,3,0,1.0,4.0,14.0,0.0,7.0,3,1,10,7,2.235549302771687,1.0659066159278154,4,0,0.0,1.0,8.0,0.0,1.0
7310,2017-12-26,Chelsea,Brighton,0.8051,0.1496,0.0453,2,2,25,23,2.170546319335698,2.039370415732264,0,0,2.0,6.0,17.0,0.0,0.0,0,0,8,6,0.4526009038090703,0.3810162059962746,1,0,1.0,0.0,5.0,0.0,2.0
7312,2017-12-26,Huddersfield Town,Stoke City,0.5381,0.2436,0.2183,1,1,18,14,1.8755973279476168,1.7483523134142158,2,0,2.0,2.0,13.0,0.0,1.0,1,1,15,11,1.2098445091396568,0.8619876038283109,4,0,0.0,8.0,5.0,0.0,2.0
7314,2017-12-26,Manchester United,Burnley,0.6333,0.2573,0.1094,2,1,23,18,1.813027299009263,1.550172286108136,3,0,1.0,5.0,15.0,0.0,2.0,2,1,3,2,0.7862138859927654,0.7356089875102043,7,0,1.0,0.0,1.0,0.0,1.0
7317,2017-12-26,Watford,Leicester City,0.3135,0.2953,0.3912,1,0,11,8,1.4857599809765814,0.8643990010023116,3,0,0.0,3.0,6.0,0.0,2.0,1,1,11,9,1.568253122270107,1.5139038898050785,3,0,0.0,4.0,7.0,0.0,1.0
7318,2017-12-26,West Bromwich Albion,Everton,0.5773,0.3075,0.1152,0,0,17,14,1.1816764958202834,0.9616347923874852,2,0,1.0,4.0,9.0,0.0,3.0,0,0,7,3,0.4233886087313292,0.1696792030707,0,0,0.0,1.0,5.0,0.0,1.0
7313,2017-12-26,Liverpool,Swansea City,0.9432,0.048,0.0088,5,3,22,14,3.0642210282385345,1.9294443987309933,0,0,1.0,0.0,19.0,0.0,2.0,0,0,7,6,0.2719002999365327,0.2282251082360742,1,0,0.0,1.0,6.0,0.0,0.0
7315,2017-12-27,Newcastle United,Manchester City,0.0231,0.1451,0.8318,0,0,6,5,0.174704499542713,0.1679819040000436,1,0,0.0,1.0,5.0,0.0,0.0,1,1,21,19,1.9412103882059453,1.729419324547052,0,0,0.0,1.0,19.0,0.0,1.0
7311,2017-12-28,Crystal Palace,Arsenal,0.2058,0.2464,0.5478,2,2,16,13,1.1452168710529802,1.0790224038064478,1,0,0.0,1.0,14.0,0.0,1.0,3,2,16,12,1.856223730370402,1.468587582930922,1,0,1.0,1.0,13.0,0.0,1.0
7319,2017-12-30,Bournemouth,Everton,0.5823,0.2756,0.1421,2,2,18,17,1.3995462115854025,1.3691315744072194,0,0,1.0,1.0,15.0,0.0,1.0,1,1,6,4,0.5996083952486513,0.527252808213234,0,0,0.0,0.0,5.0,0.0,1.0
7320,2017-12-30,Chelsea,Stoke City,0.9634,0.033,0.0036,5,2,21,16,3.0952717270702124,2.208577774465084,1,0,0.0,2.0,16.0,1.0,2.0,0,0,1,1,0.2821800112724304,0.2821800112724304,1,0,0.0,0.0,1.0,0.0,0.0
7322,2017-12-30,Huddersfield Town,Burnley,0.0106,0.2527,0.7367,0,0,3,2,0.0491179991513489,0.036287099123001,2,0,0.0,1.0,1.0,0.0,1.0,0,0,11,9,1.2092343177646396,1.079618826508522,1,0,1.0,1.0,8.0,0.0,1.0
7323,2017-12-30,Liverpool,Leicester City,0.7988,0.1435,0.0577,2,2,17,14,2.566073756664991,2.445317974314093,3,0,0.0,2.0,15.0,0.0,0.0,1,1,7,6,0.7896673083305358,0.7565320059657095,2,0,0.0,0.0,7.0,0.0,0.0
7325,2017-12-30,Newcastle United,Brighton,0.2331,0.4265,0.3404,0,0,11,7,0.5051674917340276,0.4122317023575303,2,0,0.0,2.0,9.0,0.0,0.0,0,0,10,4,0.6300580129027363,0.4093359112739562,2,0,1.0,4.0,5.0,0.0,0.0
7327,2017-12-30,Watford,Swansea City,0.2959,0.3224,0.3817,1,0,8,6,1.221236079931259,0.7841922864317893,4,0,0.0,0.0,8.0,0.0,0.0,2,1,9,6,1.3250540066510437,0.773743907921016,2,0,0.0,1.0,6.0,0.0,2.0
7324,2017-12-30,Manchester United,Southampton,0.6447,0.2256,0.1297,0,0,15,13,1.872466010041535,1.7312306128442283,2,0,1.0,0.0,13.0,0.0,1.0,0,0,8,5,0.8508713059127329,0.692615922540426,4,0,1.0,1.0,6.0,0.0,0.0
7321,2017-12-31,Crystal Palace,Manchester City,0.5453,0.2594,0.1953,0,0,10,6,1.7215322740375996,0.6069928891956805,5,0,0.0,3.0,4.0,1.0,2.0,0,0,15,8,1.0958642885088918,0.3774500936269758,4,0,4.0,0.0,11.0,0.0,0.0
7328,2017-12-31,West Bromwich Albion,Arsenal,0.4997,0.2937,0.2066,1,0,14,8,1.396806789562106,0.3637559991329905,3,0,2.0,3.0,7.0,1.0,2.0,0,0,14,10,0.917799800634384,0.5984151028096674,3,0,2.0,0.0,12.0,0.0,0.0
7331,2018-01-01,Brighton,Bournemouth,0.6515,0.1869,0.1616,2,2,15,10,2.399590080603957,1.7026142552495,2,0,0.0,2.0,13.0,0.0,0.0,2,2,27,19,1.2906809952110048,0.8108670003712173,1,0,2.0,9.0,15.0,0.0,1.0
7332,2018-01-01,Burnley,Liverpool,0.1423,0.2774,0.5803,1,1,12,11,0.900465798564255,0.8555175056681035,0,0,1.0,3.0,7.0,0.0,1.0,2,1,18,16,1.6251413896679874,1.548214204609394,0,0,0.0,5.0,12.0,0.0,1.0
7334,2018-01-01,Leicester City,Huddersfield Town,0.7575,0.2013,0.0412,3,2,11,7,1.4527042107656594,0.7765106037259101,1,0,0.0,3.0,8.0,0.0,0.0,0,0,6,5,0.226625303737819,0.179844602011144,1,0,0.0,0.0,6.0,0.0,0.0
7337,2018-01-01,Stoke City,Newcastle United,0.2406,0.2572,0.5022,0,0,11,8,1.569767662324011,1.3493342795409262,3,0,1.0,2.0,7.0,0.0,1.0,1,1,14,10,2.028667444363236,1.4614773895591495,1,0,1.0,3.0,10.0,0.0,0.0
7333,2018-01-01,Everton,Manchester United,0.3316,0.304,0.3644,0,0,12,8,1.239872120320797,0.9807166159152982,2,0,0.0,5.0,7.0,0.0,0.0,2,2,21,17,1.262471808120608,1.1912590358406303,0,0,0.0,1.0,19.0,0.0,1.0
7329,2018-01-02,West Ham United,West Bromwich Albion,0.4746,0.3248,0.2006,2,2,13,12,1.0594040276482697,1.0340137165039778,3,0,0.0,0.0,12.0,0.0,1.0,1,1,10,7,0.6353798191994426,0.4345849561505017,2,0,0.0,0.0,9.0,0.0,1.0
7336,2018-01-02,Southampton,Crystal Palace,0.09,0.2547,0.6553,1,1,10,7,0.4453005120158192,0.3797835987061259,0,0,0.0,1.0,9.0,0.0,0.0,2,2,11,10,1.342939220368862,1.2821103800088167,1,0,0.0,2.0,8.0,0.0,1.0
7338,2018-01-02,Swansea City,Tottenham Hotspur,0.0641,0.1995,0.7364,0,0,8,5,0.3977896049618719,0.2302163038402794,2,0,1.0,2.0,5.0,0.0,0.0,2,1,12,10,1.7054955661296844,1.0921147782355545,2,0,1.0,1.0,9.0,0.0,1.0
7335,2018-01-02,Manchester City,Watford,0.8131,0.1322,0.0547,2,1,17,13,2.783091969788074,1.9715946167707443,1,0,2.0,2.0,11.0,0.0,2.0,1,1,7,5,0.9652822967618704,0.9234603922814127,1,0,0.0,0.0,7.0,0.0,1.0
7330,2018-01-03,Arsenal,Chelsea,0.0749,0.1325,0.7926,2,0,14,6,1.2320538032799957,0.5486025046557187,3,0,1.0,2.0,11.0,0.0,0.0,2,1,19,16,3.093288745731115,2.122505135834217,2,0,1.0,2.0,13.0,1.0,2.0
7326,2018-01-04,Tottenham Hotspur,West Ham United,0.6332,0.2468,0.12,1,1,31,20,1.6669183103367684,0.9066047966480252,0,0,0.0,4.0,27.0,0.0,0.0,1,1,3,3,0.612933699041605,0.6129336990416049,2,0,0.0,0.0,3.0,0.0,0.0
7340,2018-01-13,Chelsea,Leicester City,0.1501,0.2689,0.581,0,0,17,15,0.6229462027549741,0.5174983944743867,2,0,1.0,3.0,13.0,0.0,0.0,0,0,14,11,1.371963296085596,1.201634932309389,2,1,0.0,2.0,10.0,0.0,2.0
7341,2018-01-13,Crystal Palace,Burnley,0.62,0.2354,0.1446,1,1,17,13,1.8586559407413004,1.6962340176105497,0,0,0.0,2.0,10.0,0.0,5.0,0,0,8,7,0.9078484065830706,0.8621092848479747,3,0,0.0,0.0,6.0,0.0,2.0
7342,2018-01-13,Huddersfield Town,West Ham United,0.2382,0.3498,0.412,1,1,8,4,0.6809999886900184,0.2287012934684752,1,0,1.0,3.0,4.0,0.0,0.0,4,3,8,6,0.9868534356355668,0.8778215013444423,1,0,1.0,2.0,5.0,0.0,0.0
7345,2018-01-13,Newcastle United,Swansea City,0.6142,0.2353,0.1505,1,0,12,8,1.838179297745228,1.4993024021387098,0,0,1.0,0.0,11.0,0.0,0.0,1,0,8,6,0.9088164083659648,0.3181962966918943,3,0,0.0,2.0,5.0,0.0,1.0
7347,2018-01-13,Watford,Southampton,0.5787,0.2734,0.1479,2,1,16,13,1.7371399998664854,0.9914147220551964,0,0,0.0,2.0,11.0,0.0,3.0,2,1,10,8,0.8576368764042852,0.7678511682897805,5,0,0.0,1.0,9.0,0.0,0.0
7348,2018-01-13,West Bromwich Albion,Brighton,0.6072,0.2605,0.1323,2,2,15,11,1.3847829960286615,1.1092404033988712,0,0,0.0,4.0,10.0,0.0,1.0,0,0,12,7,0.5392057029530403,0.319412602111697,0,0,0.0,2.0,8.0,0.0,2.0
7346,2018-01-13,Tottenham Hotspur,Everton,0.992,0.0072,0.0008,4,4,20,17,4.500457901507616,4.010703228414059,0,0,0.0,0.0,19.0,0.0,1.0,0,0,7,4,0.2903442056849596,0.2150664031505584,2,0,0.0,2.0,4.0,0.0,1.0
7339,2018-01-14,Bournemouth,Arsenal,0.2699,0.3326,0.3975,2,2,13,8,0.8222850076854226,0.7221709974110125,2,0,0.0,2.0,8.0,0.0,3.0,1,1,12,9,1.0095646083354946,0.5605283938348291,2,0,0.0,1.0,10.0,0.0,1.0
7343,2018-01-14,Liverpool,Manchester City,0.413,0.3412,0.2458,4,3,16,12,1.0159466825425625,0.8560491800308225,2,0,0.0,2.0,14.0,0.0,0.0,3,2,11,10,0.7528955861926075,0.4506349954754111,3,0,0.0,1.0,10.0,0.0,0.0
7344,2018-01-15,Manchester United,Stoke City,0.4918,0.2429,0.2653,3,3,20,15,1.9526452049613,1.1602125056087969,2,0,2.0,1.0,16.0,0.0,1.0,0,0,11,9,1.4995708893984552,1.3887855336070056,1,0,0.0,0.0,10.0,0.0,1.0
7350,2018-01-20,Brighton,Chelsea,0.1909,0.2695,0.5396,0,0,10,7,0.8811734896153207,0.7191947102546687,3,0,0.0,1.0,8.0,0.0,1.0,4,3,14,10,1.520080808550119,1.2889996990561483,0,0,3.0,0.0,11.0,0.0,0.0
7349,2018-01-20,Arsenal,Crystal Palace,0.9669,0.0272,0.0059,4,4,15,13,3.587733492255211,3.490157790482044,0,0,1.0,2.0,12.0,0.0,0.0,1,1,9,5,0.5012015076354143,0.298555484972894,0,0,0.0,4.0,5.0,0.0,0.0
7351,2018-01-20,Burnley,Manchester United,0.217,0.3807,0.4023,0,0,11,9,0.5682155936956403,0.4444003030657766,3,0,1.0,2.0,5.0,0.0,3.0,1,1,12,11,0.8608273956924675,0.8184518013149495,3,0,0.0,0.0,12.0,0.0,0.0
7352,2018-01-20,Everton,West Bromwich Albion,0.2305,0.3071,0.4624,1,1,8,6,0.9235498923808334,0.8308987971395252,2,0,0.0,0.0,6.0,0.0,2.0,1,1,15,12,1.351543091237545,1.1907634893432255,1,0,0.0,1.0,14.0,0.0,0.0
7353,2018-01-20,Leicester City,Watford,0.6013,0.2706,0.1281,2,1,9,6,1.521247997879982,0.7151790037751196,0,0,0.0,1.0,6.0,1.0,1.0,0,0,11,7,0.741345298476517,0.5820823945105074,0,0,1.0,2.0,7.0,0.0,1.0
7356,2018-01-20,Stoke City,Huddersfield Town,0.5639,0.3543,0.0818,2,2,11,9,0.9883928075432774,0.8724038973450658,1,0,0.0,1.0,10.0,0.0,0.0,0,0,6,4,0.2384581007063387,0.2176953945308922,1,0,0.0,0.0,3.0,0.0,3.0
7358,2018-01-20,West Ham United,Bournemouth,0.4893,0.354,0.1567,1,0,12,10,0.9802412912249564,0.4652701951563356,3,0,0.0,1.0,11.0,0.0,0.0,1,1,8,6,0.5018857112154363,0.4386611115187405,1,0,0.0,2.0,6.0,0.0,0.0
7354,2018-01-20,Manchester City,Newcastle United,0.7637,0.1571,0.0792,3,2,21,17,2.5645300503820176,1.6279234811663623,0,0,1.0,5.0,14.0,1.0,0.0,1,1,6,3,0.9939281269907948,0.8507969975471497,1,0,0.0,0.0,5.0,0.0,1.0
7355,2018-01-21,Southampton,Tottenham Hotspur,0.3129,0.3068,0.3803,0,0,10,8,1.1520879799500103,1.1088483929634092,2,0,0.0,0.0,9.0,0.0,1.0,1,1,17,15,1.3094744347035885,1.1724596824496984,3,0,0.0,2.0,16.0,0.0,0.0
7357,2018-01-22,Swansea City,Liverpool,0.0282,0.1331,0.8387,1,1,3,2,0.4987418111413716,0.4766269102692603,0,0,0.0,1.0,1.0,0.0,1.0,0,0,21,14,2.4011587705463167,1.4822135921567676,2,0,1.0,2.0,18.0,0.0,0.0
7360,2018-01-30,West Ham United,Crystal Palace,0.2462,0.4659,0.2879,1,0,8,6,1.1163180172443388,0.3061656989157197,1,0,0.0,1.0,6.0,1.0,0.0,1,1,9,7,1.1580896750092504,1.103147491812706,3,0,1.0,0.0,7.0,0.0,1.0
7361,2018-01-30,Swansea City,Arsenal,0.6841,0.1887,0.1272,3,1,12,5,2.37910564430058,0.7732223011553285,0,0,0.0,2.0,10.0,0.0,0.0,1,1,9,8,1.1561639178544278,1.1092722844332454,3,0,0.0,0.0,8.0,0.0,1.0
7359,2018-01-30,Huddersfield Town,Liverpool,0.0222,0.1119,0.8659,0,0,5,2,0.2880478911101817,0.1282246969640254,0,0,1.0,0.0,4.0,0.0,0.0,3,1,14,11,2.051482928916812,0.9452572688460348,0,0,0.0,0.0,13.0,1.0,0.0
7362,2018-01-31,Chelsea,Bournemouth,0.2672,0.2799,0.4529,0,0,21,18,1.147953877225518,0.9749919008463618,1,0,2.0,4.0,15.0,0.0,0.0,3,2,11,9,1.440831431187689,0.9256957871839402,0,0,0.0,5.0,6.0,0.0,0.0
7363,2018-01-31,Southampton,Brighton,0.3725,0.332,0.2955,1,0,18,12,1.2739268066361542,0.9501287266612052,3,0,1.0,4.0,12.0,0.0,1.0,1,0,9,4,1.0790725145488975,0.2017670031636952,1,0,0.0,0.0,7.0,1.0,1.0
7364,2018-01-31,Newcastle United,Burnley,0.7078,0.1873,0.1049,1,1,14,10,2.5359240467660125,1.314279760699719,1,0,1.0,6.0,7.0,1.0,0.0,0,0,11,10,1.2282802592962976,1.2047463320195673,2,0,0.0,3.0,6.0,0.0,2.0
7365,2018-01-31,Everton,Leicester City,0.1228,0.208,0.6692,2,2,9,4,1.530721765011549,0.95775930210948,0,0,0.0,2.0,6.0,0.0,1.0,1,0,8,4,2.65018068626523,0.5851171948015689,2,0,0.0,4.0,3.0,1.0,0.0
7366,2018-01-31,Manchester City,West Bromwich Albion,0.9444,0.0502,0.0054,3,3,19,12,2.689552709460258,2.131438186392188,1,0,2.0,1.0,16.0,0.0,0.0,0,0,3,2,0.1184267960488796,0.0996461957693099,3,0,0.0,0.0,3.0,0.0,0.0
7367,2018-01-31,Tottenham Hotspur,Manchester United,0.6715,0.213,0.1155,1,0,22,18,2.012937188148498,1.7113296836614609,2,0,1.0,0.0,19.0,0.0,2.0,0,0,6,4,0.81799678504467,0.2748167030513285,2,0,0.0,1.0,6.0,0.0,0.0
7368,2018-01-31,Stoke City,Watford,0.3067,0.3718,0.3215,0,0,11,4,0.7346485108137126,0.2902981936931609,4,0,2.0,1.0,7.0,0.0,1.0,0,0,11,9,0.7488231025636193,0.6215690933167931,3,0,0.0,1.0,8.0,0.0,2.0
7372,2018-02-03,Burnley,Manchester City,0.0766,0.1749,0.7485,1,1,8,7,0.7959709055721758,0.7493129968643187,4,0,0.0,2.0,5.0,0.0,1.0,1,1,20,14,2.2491487637162204,1.566202794201672,1,0,1.0,7.0,12.0,0.0,0.0
7370,2018-02-03,Bournemouth,Stoke City,0.69,0.2018,0.1082,2,1,15,12,1.91090599540621,1.4332274980843065,2,0,2.0,2.0,10.0,0.0,1.0,1,1,13,10,0.7219261825084684,0.6373406201601027,3,0,0.0,1.0,12.0,0.0,0.0
7371,2018-02-03,Brighton,West Ham United,0.7043,0.217,0.0787,3,2,21,16,1.6580860130488868,1.338282587006688,3,0,0.0,3.0,17.0,0.0,1.0,1,1,4,4,0.4437510073184966,0.4437510073184967,1,0,0.0,0.0,4.0,0.0,0.0
7374,2018-02-03,Leicester City,Swansea City,0.6357,0.2632,0.1011,1,1,13,7,1.534620120190084,0.834444710984826,1,0,0.0,0.0,11.0,0.0,2.0,1,1,3,3,0.569942995905876,0.5699428012594578,0,0,0.0,1.0,2.0,0.0,0.0
7376,2018-02-03,Manchester United,Huddersfield Town,0.8913,0.1004,0.0083,2,1,16,10,2.0456756837666035,0.5599224977195261,2,0,0.0,2.0,10.0,1.0,3.0,0,0,4,2,0.1304901018738745,0.0881717018783091,4,0,0.0,3.0,1.0,0.0,0.0
7378,2018-02-03,West Bromwich Albion,Southampton,0.3034,0.3342,0.3624,2,2,9,5,0.876602786593139,0.6581534063443542,2,0,3.0,2.0,4.0,0.0,0.0,3,2,13,10,0.9969496969133612,0.7732880115509031,1,0,2.0,3.0,8.0,0.0,0.0
7369,2018-02-03,Arsenal,Everton,0.7592,0.1463,0.0945,5,5,15,12,3.196219377219677,3.0105442702770238,2,0,1.0,4.0,10.0,0.0,0.0,1,1,10,6,1.4906539935618637,1.2790209949016569,0,0,0.0,1.0,7.0,0.0,2.0
7373,2018-02-04,Crystal Palace,Newcastle United,0.809,0.1294,0.0616,1,0,20,15,3.0023819673806424,1.9496119190007448,1,0,0.0,1.0,17.0,1.0,1.0,1,1,12,10,1.154023606330156,1.0441060848534105,1,0,0.0,3.0,8.0,0.0,1.0
7375,2018-02-04,Liverpool,Tottenham Hotspur,0.1058,0.1802,0.714,2,0,9,4,1.2896203994750974,0.3514910973608492,3,0,0.0,2.0,4.0,0.0,3.0,2,0,13,7,2.554272567853331,0.8932108804583548,1,0,0.0,2.0,7.0,2.0,2.0
7377,2018-02-05,Watford,Chelsea,0.799,0.1462,0.0548,4,3,21,17,2.1269634906202555,1.237477103248238,2,0,0.0,1.0,18.0,1.0,1.0,1,0,7,5,0.573556801304221,0.4879170972853898,2,1,0.0,0.0,7.0,0.0,0.0
7387,2018-02-10,Tottenham Hotspur,Arsenal,0.8677,0.103,0.0293,1,1,18,15,2.6405170559883118,2.504868259653449,2,0,1.0,6.0,10.0,0.0,1.0,0,0,6,4,0.4872968960553406,0.3687319867312907,1,0,1.0,0.0,5.0,0.0,0.0
7380,2018-02-10,Everton,Crystal Palace,0.3028,0.3033,0.3939,3,2,11,6,1.487923555076122,0.6769330101087687,1,0,2.0,2.0,7.0,0.0,0.0,1,0,16,12,1.6571322865784166,0.8083390770480033,1,0,0.0,3.0,10.0,1.0,2.0
7385,2018-02-10,Stoke City,Brighton,0.5129,0.294,0.1931,1,1,15,10,1.3954667057842014,0.4830740969628092,0,0,0.0,4.0,9.0,1.0,1.0,1,1,14,13,0.897855889983475,0.8629833869636058,0,0,0.0,2.0,11.0,0.0,1.0
7386,2018-02-10,Swansea City,Burnley,0.4309,0.3847,0.1844,1,1,13,10,0.8436905927956101,0.7724082916975019,2,0,1.0,1.0,11.0,0.0,0.0,0,0,13,9,0.4307290986180304,0.3183477893471715,1,0,1.0,1.0,8.0,0.0,3.0
7388,2018-02-10,West Ham United,Watford,0.6574,0.2283,0.1143,2,2,8,7,1.8335924819111824,1.8129254765808585,1,0,0.0,2.0,5.0,0.0,1.0,0,0,11,10,0.7999284984543917,0.7466533193364738,1,0,1.0,4.0,6.0,0.0,0.0
7382,2018-02-10,Manchester City,Leicester City,0.9548,0.0408,0.0044,5,4,19,17,2.591211602091789,2.096850238740444,2,0,0.0,2.0,17.0,0.0,0.0,1,0,2,1,0.10971599817276,0.030198099091649,3,0,0.0,0.0,2.0,0.0,0.0
7381,2018-02-11,Huddersfield Town,Bournemouth,0.9021,0.0796,0.0183,3,2,15,10,2.5669946372509,1.6243550963699815,0,0,1.0,1.0,10.0,1.0,2.0,1,1,7,4,0.4335554949939249,0.3772279992699622,3,0,0.0,2.0,6.0,0.0,0.0
7383,2018-02-11,Newcastle United,Manchester United,0.1233,0.2257,0.651,1,1,10,7,0.6810926813632245,0.5302360039204357,0,0,1.0,0.0,6.0,0.0,3.0,0,0,13,7,1.7312829997390506,1.026098785921931,2,0,0.0,2.0,11.0,0.0,0.0
7384,2018-02-11,Southampton,Liverpool,0.0791,0.1683,0.7526,0,0,6,6,0.8543427102267741,0.8543435931205748,1,0,0.0,0.0,5.0,0.0,1.0,2,2,16,12,2.4126469567418094,1.9057335220277307,2,0,0.0,0.0,16.0,0.0,0.0
7379,2018-02-12,Chelsea,West Bromwich Albion,0.8018,0.1433,0.0549,3,2,20,17,2.382214605808258,1.6887988727539776,0,0,1.0,3.0,15.0,0.0,1.0,0,0,8,5,0.6288064084947107,0.3312049023807047,2,0,0.0,1.0,6.0,0.0,1.0
7396,2018-02-24,Leicester City,Stoke City,0.6469,0.305,0.0481,0,0,19,11,1.1384650208055969,0.3944219071418043,1,0,0.0,8.0,10.0,0.0,1.0,1,1,6,3,0.1660780012607572,0.0732703004032372,3,0,1.0,0.0,6.0,0.0,0.0
7390,2018-02-24,Bournemouth,Newcastle United,0.0096,0.033,0.9574,2,2,15,10,1.2064607702195642,0.942204991355538,1,0,1.0,3.0,10.0,0.0,1.0,2,1,15,7,4.295650418847799,3.0789645463228226,4,0,2.0,0.0,12.0,0.0,1.0
7391,2018-02-24,Brighton,Swansea City,0.9678,0.0268,0.0054,4,3,16,12,3.376276653259992,2.456004880368709,1,0,0.0,2.0,14.0,1.0,0.0,0,0,11,9,0.44316819217056,0.4053865037858484,0,0,0.0,1.0,9.0,0.0,1.0
7394,2018-02-24,West Bromwich Albion,Huddersfield Town,0.4547,0.2737,0.2716,1,1,10,7,1.5016219774261117,1.3793823085725303,1,0,1.0,2.0,6.0,0.0,1.0,2,2,16,12,1.1945873145014043,0.9714021012187,1,0,1.0,1.0,12.0,0.0,2.0
7395,2018-02-24,Liverpool,West Ham United,0.9818,0.0158,0.0024,4,4,21,19,3.920503094792366,3.8236007299274206,0,0,1.0,2.0,18.0,0.0,0.0,1,1,7,4,0.337244691327214,0.1638128887861965,2,0,0.0,0.0,5.0,0.0,2.0
7398,2018-02-24,Burnley,Southampton,0.5855,0.2987,0.1158,1,1,9,7,1.773763606324792,1.313037784770131,1,0,0.0,1.0,7.0,0.0,1.0,1,1,13,10,0.6621295018121597,0.5838631857186554,0,0,0.0,3.0,10.0,0.0,0.0
7392,2018-02-24,Watford,Everton,0.2653,0.3994,0.3353,1,1,13,9,0.6069299951195712,0.4472781978547571,3,0,1.0,2.0,9.0,0.0,1.0,0,0,5,4,0.6651269048452375,0.6292613074183464,1,0,0.0,1.0,3.0,0.0,1.0
7397,2018-02-25,Crystal Palace,Tottenham Hotspur,0.0263,0.1618,0.8119,0,0,5,4,0.184957602061331,0.155304999090731,0,0,0.0,1.0,3.0,0.0,1.0,1,1,14,7,1.6534934304654598,0.6536994162015615,1,0,1.0,3.0,10.0,0.0,0.0
7393,2018-02-25,Manchester United,Chelsea,0.2532,0.2698,0.477,2,2,10,9,1.3003564998507495,1.1989199081435795,2,0,0.0,0.0,9.0,0.0,1.0,1,1,14,11,1.738451128825545,1.4538978021591902,2,0,1.0,0.0,12.0,0.0,1.0
7389,2018-03-01,Arsenal,Manchester City,0.1891,0.2652,0.5457,0,0,10,6,1.3017204664647577,0.4566102065145967,1,0,1.0,3.0,5.0,1.0,0.0,3,3,9,6,1.9275381518527863,1.7940414175391195,1,0,0.0,0.0,9.0,0.0,0.0
7400,2018-03-03,Burnley,Everton,0.5068,0.2262,0.267,2,2,21,15,2.380980111658573,1.681580390781164,1,0,0.0,6.0,15.0,0.0,0.0,1,1,10,9,1.7999323206022382,1.6680697845295067,1,1,0.0,1.0,9.0,0.0,0.0
7402,2018-03-03,Leicester City,Bournemouth,0.7672,0.1577,0.0751,1,0,22,14,3.09681580029428,2.310025461018085,2,0,1.0,7.0,12.0,0.0,2.0,1,0,9,6,1.40349536575377,0.544623017311096,1,0,0.0,0.0,7.0,1.0,1.0
7405,2018-03-03,Southampton,Stoke City,0.5143,0.3512,0.1345,0,0,18,14,0.9828955903649326,0.884358875453472,0,0,0.0,5.0,12.0,0.0,1.0,0,0,12,11,0.3853037953376768,0.3444366762414572,1,0,0.0,0.0,11.0,0.0,1.0
7406,2018-03-03,Swansea City,West Ham United,0.8677,0.1064,0.0259,4,2,9,7,2.308381076902151,0.9736754130572078,0,0,0.0,3.0,5.0,1.0,0.0,1,1,7,3,0.4972109217196701,0.4260869994759558,3,0,0.0,1.0,5.0,0.0,1.0
7407,2018-03-03,Tottenham Hotspur,Huddersfield Town,0.8351,0.1484,0.0165,2,2,15,14,1.63794045522809,1.5475292857736345,1,0,1.0,1.0,13.0,0.0,0.0,0,0,3,2,0.1381063619628547,0.128812901675701,1,0,0.0,0.0,3.0,0.0,0.0
7408,2018-03-03,Watford,West Bromwich Albion,0.3838,0.2983,0.3179,1,1,15,11,1.2378632184118028,1.1039112173020835,2,0,0.0,5.0,9.0,0.0,1.0,0,0,9,6,1.0911530926823614,0.9733198788017032,0,0,1.0,0.0,8.0,0.0,0.0
7403,2018-03-03,Liverpool,Newcastle United,0.7452,0.2103,0.0445,2,2,14,11,1.5757646989077327,1.447181206196546,0,0,0.0,4.0,9.0,0.0,1.0,0,0,7,5,0.2553220987319943,0.2022681981325148,0,0,1.0,1.0,4.0,0.0,1.0
7399,2018-03-04,Brighton,Arsenal,0.5623,0.2677,0.17,2,2,13,11,1.484979726374149,1.4308670479804275,3,0,0.0,5.0,7.0,0.0,1.0,1,1,15,12,0.8015124928206201,0.6442875042557714,3,0,1.0,3.0,11.0,0.0,0.0
7404,2018-03-04,Manchester City,Chelsea,0.6024,0.3551,0.0425,1,1,13,13,0.9533122889697552,0.9533119946718216,2,0,0.0,0.0,11.0,0.0,2.0,0,0,3,3,0.1183013003319501,0.1183014027774334,1,0,0.0,0.0,3.0,0.0,0.0
7401,2018-03-05,Crystal Palace,Manchester United,0.1996,0.2928,0.5076,2,2,10,8,0.7413808032870292,0.6126382043585178,1,0,0.0,1.0,8.0,0.0,1.0,3,1,17,11,1.262256387621164,1.0712823830544946,3,0,1.0,2.0,14.0,0.0,0.0
7414,2018-03-10,Manchester United,Liverpool,0.3475,0.3696,0.2829,2,1,5,4,0.8450512699782847,0.7434791736304759,2,0,0.0,0.0,5.0,0.0,1.0,0,0,14,12,0.7770887147635218,0.6771327955648299,1,0,0.0,6.0,7.0,0.0,1.0
7412,2018-03-10,Everton,Brighton,0.7959,0.1676,0.0365,1,1,13,8,1.6886837184429164,0.453844405710697,0,0,0.0,4.0,5.0,1.0,3.0,0,0,10,5,0.3217968954704699,0.1799750020727512,1,1,0.0,2.0,9.0,0.0,0.0
7413,2018-03-10,Huddersfield Town,Swansea City,0.7666,0.2334,0.0,0,0,28,25,1.39381330832839,1.262850914150476,2,0,1.0,5.0,22.0,0.0,0.0,0,0,0,0,0.0,0.0,3,1,0.0,0.0,0.0,0.0,0.0
7415,2018-03-10,Newcastle United,Southampton,0.6429,0.2705,0.0866,3,3,7,8,1.3584682196378708,1.358472403138876,0,0,0.0,1.0,6.0,0.0,0.0,0,0,6,5,0.4967237059026956,0.4849576018750666,2,0,0.0,2.0,4.0,0.0,0.0
7417,2018-03-10,West Bromwich Albion,Leicester City,0.049,0.1583,0.7927,1,1,6,3,0.3609244041144847,0.2738301083445548,1,0,0.0,0.0,6.0,0.0,0.0,4,4,15,14,1.8652383051812649,1.8493309915065763,3,0,0.0,2.0,13.0,0.0,0.0
7418,2018-03-10,West Ham United,Burnley,0.1405,0.2841,0.5754,0,0,13,11,0.7267303876578805,0.6557204984128472,2,0,0.0,2.0,11.0,0.0,0.0,3,2,7,6,1.4288397822529078,0.8229418192058802,2,0,0.0,0.0,6.0,0.0,1.0
7411,2018-03-10,Chelsea,Crystal Palace,0.897,0.0693,0.0337,1,1,27,21,3.962345149368048,3.6220033839344974,1,0,1.0,3.0,23.0,0.0,0.0,1,1,9,6,1.1413726955652237,0.9422799721360208,2,0,1.0,1.0,7.0,0.0,1.0
7409,2018-03-11,Arsenal,Watford,0.5928,0.233,0.1742,3,3,11,10,2.382620137184858,2.337341744452715,2,0,0.0,1.0,9.0,0.0,1.0,0,0,11,6,1.5633228197693825,0.3102815970778463,1,0,1.0,0.0,7.0,1.0,2.0
7410,2018-03-11,Bournemouth,Tottenham Hotspur,0.0758,0.1822,0.742,1,1,14,9,1.1755426954478023,1.017758699133992,1,0,1.0,2.0,11.0,0.0,0.0,4,3,12,9,2.531239243224263,2.090861216187477,1,0,0.0,1.0,11.0,0.0,0.0
7416,2018-03-12,Stoke City,Manchester City,0.0252,0.185,0.7898,0,0,3,3,0.1570229995995758,0.1570229995995758,1,0,0.0,0.0,2.0,0.0,1.0,2,2,17,15,1.6456170249730344,1.58311016485095,0,0,0.0,4.0,12.0,0.0,1.0
7419,2018-03-17,Bournemouth,West Bromwich Albion,0.1,0.2141,0.6859,2,1,17,10,0.6853287853300567,0.3514995006844398,1,0,3.0,3.0,11.0,0.0,0.0,1,1,11,9,1.779978025704622,1.7001299820840357,2,0,0.0,0.0,11.0,0.0,0.0
7421,2018-03-17,Huddersfield Town,Crystal Palace,0.0034,0.0393,0.9573,0,0,6,3,0.2203809991478919,0.1358114965260027,3,0,0.0,2.0,4.0,0.0,0.0,2,0,17,10,3.141631923615932,0.8831840083003043,2,0,2.0,4.0,10.0,1.0,0.0
7425,2018-03-17,Stoke City,Everton,0.024,0.0988,0.8772,1,1,9,7,0.8942657224833961,0.8222541008144616,1,1,0.0,0.0,8.0,0.0,1.0,2,2,17,16,3.894055046141148,2.8941588029265404,1,0,1.0,2.0,12.0,0.0,2.0
7423,2018-03-17,Liverpool,Watford,0.7774,0.1736,0.049,5,4,13,9,1.8326511606574056,1.6021423861384392,1,0,0.0,1.0,12.0,0.0,0.0,0,0,4,3,0.354759495705366,0.3000131957232951,0,0,1.0,0.0,3.0,0.0,0.0
7432,2018-03-31,Crystal Palace,Liverpool,0.4192,0.2714,0.3094,1,0,6,3,1.90868479013443,1.0648879706859589,2,0,1.0,0.0,4.0,1.0,0.0,2,2,16,14,1.7233213540166616,1.6579869892448185,2,0,0.0,4.0,12.0,0.0,0.0
7430,2018-03-31,Brighton,Leicester City,0.4208,0.3811,0.1981,0,0,15,11,1.6034175530076025,0.7206501960754391,2,0,1.0,1.0,10.0,1.0,2.0,2,2,6,5,1.2658199379220605,1.250696387141943,4,1,0.0,1.0,3.0,0.0,2.0
7434,2018-03-31,West Ham United,Southampton,0.679,0.2334,0.0876,3,2,12,9,1.5643489267677069,1.0256370082497597,0,0,0.0,1.0,10.0,0.0,1.0,0,0,9,9,0.4466408854350444,0.4466410866007207,3,0,0.0,2.0,7.0,0.0,0.0
7435,2018-03-31,Manchester United,Swansea City,0.9014,0.088,0.0106,2,1,11,10,2.143682910129428,2.075851731002331,0,0,0.0,0.0,11.0,0.0,0.0,0,0,3,2,0.1388131957501172,0.1129776015877723,0,0,0.0,0.0,3.0,0.0,0.0
7436,2018-03-31,Newcastle United,Huddersfield Town,0.9211,0.0679,0.011,1,1,18,12,2.538352471776306,1.728510376065969,1,0,2.0,0.0,15.0,0.0,1.0,0,0,4,4,0.2808473045006393,0.2592592043802141,4,0,0.0,1.0,3.0,0.0,0.0
7437,2018-03-31,Watford,Bournemouth,0.0861,0.1658,0.7481,2,2,16,8,0.7642498947679993,0.4680710956454275,4,0,1.0,3.0,10.0,0.0,2.0,2,1,13,10,2.1145973876118656,1.2881292328238485,0,0,0.0,1.0,8.0,1.0,3.0
7438,2018-03-31,West Bromwich Albion,Burnley,0.0539,0.2105,0.7356,1,1,8,6,0.3947229906916618,0.2619154043495653,1,0,0.0,0.0,8.0,0.0,0.0,2,1,11,7,1.584775384515524,0.5916616860777137,3,0,0.0,1.0,9.0,0.0,1.0
7433,2018-03-31,Everton,Manchester City,0.118,0.2269,0.6551,1,1,6,5,0.8596277907490728,0.7779559940099714,0,0,1.0,1.0,3.0,0.0,1.0,3,3,18,16,1.915802896022796,1.811997316777706,0,0,0.0,3.0,15.0,0.0,0.0
7429,2018-04-01,Arsenal,Stoke City,0.98,0.0173,0.0027,3,0,24,16,3.5863093398511405,1.6313651017844673,1,0,0.0,5.0,15.0,2.0,2.0,0,0,8,6,0.3425159994512793,0.3108576033264396,2,0,0.0,3.0,5.0,0.0,0.0
7431,2018-04-01,Chelsea,Tottenham Hotspur,0.2883,0.3084,0.4033,1,1,14,10,1.2089993767440317,0.9971065744757652,0,0,0.0,4.0,10.0,0.0,0.0,3,2,12,8,1.5253170989453788,0.7567418795078991,1,0,0.0,2.0,10.0,0.0,0.0
7443,2018-04-07,Everton,Liverpool,0.2392,0.3722,0.3886,0,0,6,5,0.7234265981242058,0.7047498067840933,0,0,0.0,0.0,6.0,0.0,0.0,0,0,10,6,0.9514822121709584,0.2718835035338996,0,0,1.0,0.0,9.0,0.0,0.0
7440,2018-04-07,Bournemouth,Crystal Palace,0.6258,0.2273,0.1469,2,2,21,16,2.149966967292129,1.921374372206628,2,0,1.0,6.0,12.0,0.0,2.0,2,1,13,10,1.145583820529282,1.026316288858652,2,0,1.0,1.0,11.0,0.0,0.0
7441,2018-04-07,Brighton,Huddersfield Town,0.3612,0.2921,0.3467,0,0,13,13,1.5324404928833242,1.5092808958142996,1,1,0.0,3.0,9.0,0.0,1.0,1,0,15,12,1.4896465018391607,0.5921162981539961,0,0,0.0,1.0,14.0,0.0,1.0
7444,2018-04-07,Leicester City,Newcastle United,0.6972,0.2476,0.0552,1,1,8,8,1.0922351777553556,1.0922354049980638,1,0,0.0,3.0,5.0,0.0,0.0,2,2,8,5,0.285116398707032,0.1782119981944558,3,0,1.0,2.0,5.0,0.0,0.0
7446,2018-04-07,Stoke City,Tottenham Hotspur,0.2774,0.2613,0.4613,1,0,10,6,1.4011499062180517,0.8012551814317701,4,0,1.0,2.0,6.0,0.0,1.0,2,2,15,9,1.805113684386015,1.4998821020126345,3,0,2.0,1.0,10.0,0.0,2.0
7447,2018-04-07,Watford,Burnley,0.3407,0.2938,0.3655,1,0,14,12,1.366852808743715,0.7986174114048478,2,0,1.0,2.0,11.0,0.0,0.0,2,1,7,3,1.3831893093883991,0.5737493056803941,2,0,0.0,0.0,4.0,0.0,3.0
7448,2018-04-07,West Bromwich Albion,Swansea City,0.5244,0.3142,0.1614,1,1,15,9,1.2312050852924583,1.035084072500467,3,0,0.0,2.0,11.0,0.0,2.0,1,1,7,6,0.6557291150093076,0.6376418266445397,2,0,0.0,1.0,5.0,0.0,1.0
7445,2018-04-07,Manchester City,Manchester United,0.8461,0.1056,0.0483,2,2,20,17,3.4641453428193927,3.378327496349812,6,0,1.0,4.0,15.0,0.0,0.0,3,3,5,5,1.2168306726962328,1.216830711811781,3,0,0.0,0.0,4.0,0.0,1.0
7439,2018-04-08,Arsenal,Southampton,0.2136,0.265,0.5214,3,3,13,11,1.588955392129719,1.5249344147741792,2,1,1.0,4.0,8.0,0.0,0.0,2,2,15,11,2.1669876044616103,1.9617508696392176,1,1,0.0,2.0,12.0,0.0,1.0
7442,2018-04-08,Chelsea,West Ham United,0.8447,0.1265,0.0288,1,1,23,21,2.1207318287342787,1.9727186039090157,0,0,0.0,6.0,16.0,0.0,1.0,1,1,5,5,0.3025536984205245,0.3025537021458145,1,0,0.0,0.0,5.0,0.0,0.0
7455,2018-04-14,Southampton,Chelsea,0.5388,0.2885,0.1727,2,2,10,8,1.295754518359899,1.1742644123733044,5,0,0.0,1.0,7.0,0.0,2.0,3,2,17,14,0.6638170946389432,0.5929764993488785,3,0,0.0,5.0,9.0,0.0,3.0
7449,2018-04-14,Burnley,Leicester City,0.1538,0.237,0.6092,2,1,8,6,1.1501370985060928,0.8662979938089845,2,0,0.0,3.0,4.0,0.0,1.0,1,1,15,10,1.998120600357652,1.778608292341232,1,0,1.0,3.0,11.0,0.0,0.0
7450,2018-04-14,Crystal Palace,Brighton,0.6578,0.2385,0.1037,3,1,15,10,2.7575455587357283,0.7697836942970749,3,0,1.0,5.0,9.0,0.0,0.0,2,2,12,11,1.6148921363055704,1.5931963808834548,2,0,0.0,4.0,8.0,0.0,0.0
7451,2018-04-14,Huddersfield Town,Watford,0.555,0.3468,0.0982,1,1,9,7,0.937730975449085,0.8489188998937603,2,0,0.0,1.0,8.0,0.0,0.0,0,0,4,4,0.306272305548191,0.3062728000804781,2,0,0.0,0.0,4.0,0.0,0.0
7456,2018-04-14,Swansea City,Everton,0.239,0.272,0.489,1,1,17,12,1.1995699014514682,0.5758220944553611,1,0,0.0,6.0,11.0,0.0,1.0,0,0,12,9,1.6726705916225908,0.9748023115098474,1,0,1.0,1.0,9.0,0.0,1.0
7452,2018-04-14,Liverpool,Bournemouth,0.8795,0.0977,0.0228,3,2,20,17,2.682920749299228,1.984035635367036,1,0,1.0,0.0,19.0,0.0,0.0,0,0,6,5,0.5405929964035747,0.1606758972629903,1,0,0.0,1.0,5.0,0.0,0.0
7457,2018-04-14,Tottenham Hotspur,Manchester City,0.0027,0.0186,0.9787,1,0,8,6,0.457159651443362,0.2699375012889503,3,0,0.0,1.0,7.0,0.0,0.0,3,1,17,9,3.649738363921642,1.124510899186134,4,0,2.0,3.0,11.0,1.0,0.0
7454,2018-04-15,Newcastle United,Arsenal,0.217,0.284,0.499,2,2,8,6,0.9068140089511872,0.7644122168421743,1,0,0.0,0.0,8.0,0.0,0.0,1,1,15,9,1.4153760364279149,1.2198218926787374,0,0,1.0,2.0,11.0,0.0,1.0
7453,2018-04-15,Manchester United,West Bromwich Albion,0.2422,0.3744,0.3834,0,0,14,12,0.6425442174077032,0.5687539251521226,1,0,0.0,0.0,14.0,0.0,0.0,1,0,10,8,0.8245078008621929,0.3400983065366744,1,0,0.0,1.0,9.0,0.0,0.0
7458,2018-04-16,West Ham United,Stoke City,0.1795,0.277,0.5435,1,1,18,9,0.8074561934918163,0.4899614006280895,2,0,6.0,4.0,7.0,0.0,1.0,1,0,11,10,1.4561692923307417,0.7545153945684431,3,0,0.0,0.0,9.0,0.0,2.0
7462,2018-04-17,Brighton,Tottenham Hotspur,0.2274,0.3273,0.4453,1,0,8,6,0.9880986073985694,0.2097349995747206,1,0,0.0,1.0,6.0,1.0,0.0,1,1,16,11,1.3632695134729145,0.9067168207839128,0,0,3.0,1.0,11.0,0.0,1.0
7463,2018-04-18,Bournemouth,Manchester United,0.2262,0.2957,0.4781,0,0,13,12,1.1830109898000951,1.0594095829874273,3,0,1.0,2.0,10.0,0.0,0.0,2,2,13,9,1.6159721985459323,1.3508612932637332,1,0,1.0,4.0,8.0,0.0,0.0
7420,2018-04-19,Burnley,Chelsea,0.0274,0.1481,0.8245,1,1,5,5,0.2232332006096836,0.2232332043349741,1,0,0.0,1.0,5.0,0.0,0.0,1,1,16,14,1.771701736375689,1.6563546396791933,0,0,1.0,1.0,14.0,0.0,0.0
7464,2018-04-19,Leicester City,Southampton,0.2144,0.4168,0.3688,0,0,11,9,0.52034499309957,0.428200105205178,0,0,0.0,1.0,10.0,0.0,0.0,0,0,6,3,0.6946373209357262,0.1581027060747146,0,0,0.0,1.0,5.0,0.0,0.0
7468,2018-04-21,West Bromwich Albion,Liverpool,0.284,0.304,0.412,2,1,13,7,1.5007563102990389,0.4052283931523559,0,0,0.0,2.0,7.0,0.0,4.0,2,2,9,7,1.6392997410148382,1.1019145846366882,1,0,1.0,1.0,7.0,0.0,0.0
7467,2018-04-21,Watford,Crystal Palace,0.4065,0.5004,0.0931,0,0,14,8,0.6002641078084702,0.2816226007416842,3,0,0.0,4.0,10.0,0.0,0.0,0,0,6,3,0.1823249012231825,0.0998745011165737,5,0,1.0,2.0,2.0,0.0,1.0
7459,2018-04-22,Arsenal,West Ham United,0.7544,0.1697,0.0759,4,3,20,16,2.072988402098417,1.8976474590599528,3,0,1.0,2.0,17.0,0.0,0.0,1,1,11,9,0.6231616893783208,0.5493017937988041,2,0,0.0,3.0,7.0,0.0,1.0
7466,2018-04-22,Stoke City,Burnley,0.0401,0.1688,0.7911,1,1,8,8,0.3560952916741367,0.3406627047806977,2,0,0.0,3.0,5.0,0.0,0.0,1,0,16,12,1.6551715955138202,0.553745314478874,1,0,1.0,5.0,8.0,0.0,2.0
7465,2018-04-22,Manchester City,Swansea City,0.9824,0.016,0.0016,5,3,19,13,3.804579297080636,2.3362064883112907,0,0,1.0,0.0,16.0,1.0,1.0,0,0,4,2,0.2974931001663207,0.2014259994029998,1,0,1.0,1.0,2.0,0.0,0.0
7461,2018-04-23,Everton,Newcastle United,0.4792,0.3547,0.1661,1,0,9,6,0.9557714127004144,0.6620843037962911,2,0,0.0,3.0,6.0,0.0,0.0,0,0,10,8,0.480957098305225,0.383460698649287,1,0,1.0,3.0,6.0,0.0,0.0
7472,2018-04-28,Liverpool,Stoke City,0.7207,0.1979,0.0814,0,0,20,15,2.116583039052784,1.910507401451468,1,0,1.0,1.0,18.0,0.0,0.0,0,0,5,5,0.8154819831252098,0.8154812790453432,2,0,0.0,0.0,5.0,0.0,0.0
7469,2018-04-28,Burnley,Brighton,0.7472,0.1922,0.0606,0,0,10,6,1.5459570810198782,1.1953948810696602,0,0,1.0,1.0,4.0,0.0,4.0,0,0,9,9,0.3784093987196681,0.3784091975539919,2,0,0.0,3.0,6.0,0.0,0.0
7470,2018-04-28,Crystal Palace,Leicester City,0.834,0.1232,0.0428,5,3,15,10,2.7894073277711864,1.6415775194764135,1,0,1.0,3.0,10.0,1.0,0.0,0,0,6,4,0.941395454108715,0.9187338203191756,1,1,0.0,0.0,5.0,0.0,1.0
7471,2018-04-28,Huddersfield Town,Everton,0.1959,0.3537,0.4504,0,0,9,7,0.5653795972466465,0.469112394377589,1,0,0.0,2.0,7.0,0.0,0.0,2,2,7,6,0.9437545770779252,0.8539400063455104,0,0,0.0,0.0,5.0,0.0,2.0
7474,2018-04-28,Newcastle United,West Bromwich Albion,0.6131,0.2555,0.1314,0,0,17,14,1.5839675441384315,1.5129899084568024,1,0,0.0,3.0,13.0,0.0,1.0,1,1,9,7,0.703096594661474,0.6720573883503674,3,0,0.0,0.0,8.0,0.0,1.0
7475,2018-04-28,Southampton,Bournemouth,0.5558,0.2504,0.1938,2,1,14,8,1.72666111215949,1.4542275965213776,5,0,0.0,1.0,13.0,0.0,0.0,1,1,14,10,1.0243608132004736,0.9598905127495524,1,0,0.0,1.0,10.0,0.0,3.0
7476,2018-04-28,Swansea City,Chelsea,0.1109,0.2583,0.6308,0,0,10,8,0.5029632970690723,0.3875216022133825,1,0,0.0,1.0,9.0,0.0,0.0,1,1,11,8,1.4753649979829786,1.0169902220368383,1,0,0.0,2.0,9.0,0.0,0.0
7478,2018-04-29,West Ham United,Manchester City,0.0183,0.0931,0.8886,1,0,4,2,0.2289169020950792,0.10084979981184,0,0,1.0,0.0,2.0,0.0,2.0,3,3,19,15,2.290753751993179,1.9319495782256129,1,0,1.0,0.0,18.0,0.0,0.0
7473,2018-04-29,Manchester United,Arsenal,0.6335,0.2606,0.1059,2,1,17,11,1.7522267056629055,0.8666746988892554,0,0,1.0,4.0,12.0,0.0,0.0,1,1,8,7,0.6515404954552649,0.6356259100139139,1,0,0.0,0.0,8.0,0.0,0.0
7477,2018-04-30,Tottenham Hotspur,Watford,0.4674,0.2681,0.2645,2,2,13,11,1.7729242891073227,1.6520125847309826,1,0,0.0,4.0,8.0,0.0,1.0,0,0,13,7,1.4360478799790142,0.7699664905667303,0,0,0.0,0.0,12.0,0.0,1.0
7484,2018-05-04,Brighton,Manchester United,0.4308,0.3451,0.2241,1,0,11,9,0.922771514393389,0.3271390944719312,2,0,0.0,2.0,9.0,0.0,0.0,0,0,16,13,0.6524441093206403,0.4506408991292117,0,0,2.0,1.0,13.0,0.0,0.0
7481,2018-05-05,Stoke City,Crystal Palace,0.1972,0.2941,0.5087,1,0,7,6,0.7501749992370603,0.6838473826646805,5,0,1.0,0.0,5.0,0.0,1.0,2,1,13,10,1.3147147130221124,0.9487088061869142,2,0,0.0,2.0,10.0,0.0,1.0
7479,2018-05-05,Leicester City,West Ham United,0.0765,0.2404,0.6831,0,0,11,6,0.3931489977985617,0.1996550988405941,1,0,1.0,2.0,8.0,0.0,0.0,2,1,13,10,1.4302697982639072,1.256835030391812,2,0,0.0,0.0,11.0,0.0,2.0
7482,2018-05-05,Watford,Newcastle United,0.9131,0.0677,0.0192,2,2,11,6,3.384218449704349,1.801269570365548,2,0,0.0,0.0,7.0,1.0,3.0,1,1,8,5,0.6139011969789859,0.5301336199045179,1,0,0.0,1.0,6.0,0.0,1.0
7483,2018-05-05,West Bromwich Albion,Tottenham Hotspur,0.4274,0.3592,0.2134,1,0,6,4,1.223928067833185,0.243693500757217,4,0,0.0,2.0,2.0,0.0,2.0,0,0,15,13,0.9694802723824976,0.8239251039922235,1,0,3.0,3.0,9.0,0.0,0.0
7488,2018-05-05,Bournemouth,Swansea City,0.5596,0.2576,0.1828,1,1,12,8,1.6961868181824675,1.1685393899679182,1,0,0.0,2.0,9.0,0.0,1.0,0,0,12,11,1.0153798125684257,0.9898966904729604,4,0,0.0,2.0,7.0,0.0,3.0
7486,2018-05-05,Everton,Southampton,0.2047,0.4342,0.3611,1,1,9,8,0.4208911061286922,0.3485975991934535,2,0,1.0,2.0,5.0,0.0,1.0,1,1,10,5,0.6349960034713147,0.3787790844216939,4,1,2.0,0.0,8.0,0.0,0.0
7480,2018-05-06,Manchester City,Huddersfield Town,0.3661,0.4011,0.2328,0,0,15,12,0.786410398781299,0.6127907093614338,0,0,0.0,5.0,10.0,0.0,0.0,0,0,5,3,0.5456505939364431,0.4978803936392068,3,0,0.0,0.0,4.0,0.0,1.0
7485,2018-05-06,Chelsea,Liverpool,0.4299,0.3931,0.177,1,1,12,12,0.806167300790548,0.8061677888035773,3,0,0.0,1.0,11.0,0.0,0.0,0,0,10,10,0.4270022027194496,0.4270015982910987,2,0,0.0,0.0,10.0,0.0,0.0
7487,2018-05-06,Arsenal,Burnley,0.9736,0.0236,0.0028,5,5,16,15,2.9809735566377635,2.9152599945664406,0,0,0.0,0.0,16.0,0.0,0.0,0,0,6,4,0.2167099006474016,0.1832391992211341,1,0,0.0,2.0,4.0,0.0,0.0
7426,2018-05-08,Swansea City,Southampton,0.0672,0.215,0.7178,0,0,11,6,0.3896204028278585,0.2622722964733837,2,0,1.0,1.0,9.0,0.0,0.0,1,0,13,11,1.5654157744720576,0.8765970859676597,1,0,0.0,5.0,8.0,0.0,0.0
7422,2018-05-09,Leicester City,Arsenal,0.5355,0.2479,0.2166,3,2,19,15,2.198010306805372,1.3267984818667171,2,0,2.0,4.0,11.0,1.0,1.0,1,0,14,8,1.815422961488366,1.0281837210059166,2,1,0.0,5.0,8.0,0.0,1.0
7460,2018-05-09,Chelsea,Huddersfield Town,0.7775,0.1733,0.0492,1,0,22,19,2.294041696935892,1.6878393627703188,1,0,0.0,7.0,14.0,0.0,1.0,1,0,3,1,0.7642165729776024,0.2862370014190674,1,0,0.0,0.0,3.0,0.0,0.0
7424,2018-05-09,Manchester City,Brighton,0.5282,0.2791,0.1927,3,3,19,15,1.6476455973461266,1.509059288538992,0,0,1.0,2.0,16.0,0.0,0.0,1,1,6,5,1.0093871243298054,0.6314556216821074,1,0,0.0,0.0,5.0,0.0,1.0
7427,2018-05-09,Tottenham Hotspur,Newcastle United,0.3279,0.3463,0.3258,1,1,11,9,0.8352410867810248,0.7219913862645624,2,0,1.0,2.0,7.0,0.0,1.0,0,0,14,11,0.8296985048800702,0.582444496452808,3,0,1.0,2.0,10.0,0.0,1.0
7428,2018-05-10,West Ham United,Manchester United,0.3689,0.3839,0.2472,0,0,9,7,0.7830424290150402,0.6174117922782897,1,0,1.0,0.0,7.0,0.0,1.0,0,0,16,13,0.6020935103297231,0.4904001429677007,1,0,0.0,2.0,13.0,0.0,1.0
7489,2018-05-13,West Ham United,Everton,0.2409,0.2673,0.4918,3,3,15,11,1.1829855944961307,0.978279812261462,0,0,1.0,2.0,12.0,0.0,0.0,1,0,14,9,1.6786751402541993,0.6537236981093881,1,0,0.0,3.0,11.0,0.0,0.0
7490,2018-05-13,Tottenham Hotspur,Leicester City,0.5297,0.2511,0.2192,4,4,14,11,1.832484128884971,1.6436838917434216,1,0,1.0,2.0,9.0,0.0,2.0,4,2,16,11,1.273588099516928,1.0299675632268188,2,0,0.0,3.0,11.0,0.0,3.0
7491,2018-05-13,Swansea City,Stoke City,0.3376,0.2527,0.4097,1,1,25,12,1.7494571972638366,1.0200701151043174,1,0,2.0,2.0,20.0,0.0,1.0,2,2,8,5,1.7543639857321975,0.9107149839401244,2,0,0.0,0.0,6.0,1.0,1.0
7492,2018-05-13,Burnley,Bournemouth,0.2801,0.3166,0.4033,1,1,12,11,1.3516525439918037,1.2156239151954649,0,0,0.0,4.0,8.0,0.0,0.0,2,2,16,13,1.3902468178421254,1.2234292067587371,0,0,0.0,5.0,10.0,0.0,1.0
7493,2018-05-13,Crystal Palace,West Bromwich Albion,0.9305,0.061,0.0085,2,2,11,9,2.365134270861745,2.2868379652500157,2,0,0.0,0.0,10.0,0.0,1.0,0,0,7,4,0.2160035083070395,0.1133436039090155,3,0,1.0,1.0,5.0,0.0,0.0
7494,2018-05-13,Huddersfield Town,Arsenal,0.1362,0.2034,0.6604,0,0,18,12,1.31105731241405,1.0610049888491628,1,0,0.0,8.0,8.0,0.0,2.0,1,1,9,5,2.332195825874805,1.8856315203011036,0,0,1.0,2.0,6.0,0.0,0.0
7495,2018-05-13,Liverpool,Brighton,0.9844,0.0143,0.0013,4,2,22,17,3.677358021959662,2.9647870920598502,0,0,0.0,2.0,20.0,0.0,0.0,0,0,2,2,0.0408165007829666,0.0408165007829666,0,0,0.0,0.0,2.0,0.0,0.0
7496,2018-05-13,Manchester United,Watford,0.217,0.4319,0.3511,1,1,7,5,0.4580499939620494,0.4204077925533054,4,0,0.0,2.0,5.0,0.0,0.0,0,0,7,5,0.6542882099747656,0.5519743077456949,0,0,1.0,2.0,4.0,0.0,0.0
7497,2018-05-13,Newcastle United,Chelsea,0.7887,0.1677,0.0436,3,2,16,10,2.539699327200651,1.6653885859996078,0,0,0.0,0.0,15.0,0.0,1.0,0,0,6,4,0.8432844858616587,0.1277963984757659,1,0,0.0,0.0,6.0,0.0,0.0
7498,2018-05-13,Southampton,Manchester City,0.2136,0.396,0.3904,0,0,8,5,0.506622392684221,0.3051448017358776,3,0,0.0,1.0,5.0,0.0,2.0,1,1,13,7,0.7656132979318495,0.471994288265705,1,0,1.0,6.0,6.0,0.0,0.0
9197,2018-08-10,Manchester United,Leicester City,0.2812,0.3275,0.3913,2,1,8,7,1.5136985722929237,0.7525300867855548,2,0,0.0,0.0,7.0,1.0,0.0,1,0,13,9,1.7381339510902762,0.6908229868859048,1,0,1.0,2.0,10.0,0.0,0.0
9198,2018-08-11,Newcastle United,Tottenham Hotspur,0.08,0.1479,0.7721,1,1,15,9,0.9748122077435252,0.7732586879283188,2,0,0.0,3.0,10.0,0.0,2.0,2,2,15,11,2.644761169329285,2.224311053752899,2,0,1.0,4.0,9.0,0.0,1.0
9199,2018-08-11,Watford,Brighton,0.6438,0.2574,0.0988,2,2,19,13,1.4947780855000017,1.1677472963929174,2,0,2.0,4.0,11.0,0.0,2.0,0,0,6,5,0.4550398904830215,0.4183039087802169,2,0,1.0,1.0,4.0,0.0,0.0
9200,2018-08-11,Huddersfield Town,Chelsea,0.0214,0.1011,0.8775,0,0,6,5,0.3961146976798771,0.3814686518162487,2,0,0.0,1.0,4.0,0.0,1.0,3,2,13,9,2.321596931666136,1.3463845066726206,1,0,2.0,3.0,7.0,1.0,0.0
9201,2018-08-11,Fulham,Crystal Palace,0.2004,0.3242,0.4754,0,0,15,10,0.6391410036012527,0.4893022989854213,1,0,1.0,1.0,11.0,0.0,2.0,2,2,12,10,1.0781642808578906,1.0284474734216926,2,0,0.0,1.0,10.0,0.0,1.0
9202,2018-08-11,Bournemouth,Cardiff City,0.6773,0.2104,0.1123,2,2,12,8,2.600224300287664,1.6692554466426373,1,0,0.0,2.0,8.0,1.0,1.0,0,0,10,8,1.6342107765376568,1.535940233618021,1,0,1.0,2.0,7.0,0.0,0.0
9203,2018-08-11,Wolverhampton Wanderers,Everton,0.3582,0.3775,0.2643,2,1,11,5,0.8910381849855181,0.6736601032316683,0,0,1.0,0.0,10.0,0.0,0.0,2,2,6,4,0.7153821773827075,0.6327529735863209,1,1,0.0,2.0,3.0,0.0,1.0
9204,2018-08-12,Southampton,Burnley,0.2552,0.2792,0.4656,0,0,18,17,1.0199424028396602,0.9805854959413408,0,0,0.0,4.0,14.0,0.0,0.0,0,0,16,10,1.416046268306672,0.6036128923296925,1,0,1.0,4.0,9.0,0.0,2.0
9205,2018-08-12,Liverpool,West Ham United,0.9893,0.0092,0.0015,4,3,18,12,4.346986085176468,3.415031909942627,1,0,2.0,3.0,11.0,0.0,2.0,0,0,5,4,0.4042534045875072,0.3982512950897215,2,0,0.0,2.0,3.0,0.0,0.0
9206,2018-08-12,Arsenal,Manchester City,0.0451,0.1428,0.8121,0,0,9,9,0.4451864464208481,0.4451871942728757,2,0,0.0,0.0,8.0,0.0,1.0,2,2,17,9,2.111587402410805,0.5724290022626516,2,0,1.0,1.0,14.0,0.0,1.0
9207,2018-08-18,Cardiff City,Newcastle United,0.2369,0.2926,0.4705,0,0,12,9,1.156550409272313,1.0512037277221675,2,0,1.0,3.0,8.0,0.0,0.0,0,0,12,5,1.554048180580139,0.5323230028152466,2,1,2.0,2.0,5.0,1.0,2.0
9208,2018-08-18,West Ham United,Bournemouth,0.1961,0.2942,0.5097,1,0,11,10,1.1027537276968358,0.3416584981605407,6,0,0.0,1.0,9.0,1.0,0.0,2,2,12,12,1.6907715406268835,1.6907714158296585,2,0,0.0,1.0,10.0,0.0,1.0
9209,2018-08-18,Tottenham Hotspur,Fulham,0.7814,0.1358,0.0828,3,1,25,12,3.3265291564166546,2.1105836480855937,0,0,2.0,2.0,21.0,0.0,0.0,1,1,10,9,1.4425263600423928,1.4212224297225475,0,0,0.0,0.0,10.0,0.0,0.0
9210,2018-08-18,Leicester City,Wolverhampton Wanderers,0.0571,0.292,0.6509,1,1,6,4,0.2231393996626136,0.1877762004733082,2,1,0.0,0.0,4.0,0.0,2.0,0,0,11,8,1.0934891961514948,0.4802202023565767,1,0,0.0,0.0,12.0,0.0,0.0
9211,2018-08-18,Everton,Southampton,0.4316,0.2692,0.2992,2,2,13,12,2.020036108791828,1.9452471286058424,0,0,0.0,1.0,8.0,0.0,4.0,1,1,15,10,1.7927785040810704,0.9790751114487646,5,0,1.0,4.0,9.0,0.0,1.0
9212,2018-08-18,Chelsea,Arsenal,0.231,0.2035,0.5655,3,3,24,19,1.7188975866883989,1.460880078375339,0,0,1.0,1.0,22.0,0.0,0.0,2,1,15,13,2.45864493958652,2.3919856771826744,2,0,0.0,0.0,15.0,0.0,0.0
9213,2018-08-19,Manchester City,Huddersfield Town,0.9792,0.0183,0.0025,5,2,32,22,4.604479588568211,3.056292083114385,0,0,1.0,3.0,28.0,0.0,0.0,1,1,5,3,0.6637307954952119,0.6339845955371856,2,0,0.0,1.0,4.0,0.0,1.0
9214,2018-08-19,Burnley,Watford,0.03,0.123,0.847,1,1,8,5,0.3934696000069377,0.3036012016236781,1,0,1.0,1.0,4.0,0.0,2.0,3,2,9,8,1.9821409061551096,1.0807486735284328,2,0,0.0,1.0,8.0,0.0,0.0
9215,2018-08-19,Brighton,Manchester United,0.3538,0.3473,0.2989,3,2,6,4,1.6428689062595367,0.8155228830873964,1,0,1.0,2.0,2.0,1.0,0.0,2,0,9,4,1.5805030963383613,0.2888853079639374,1,0,0.0,3.0,5.0,1.0,0.0
9216,2018-08-20,Crystal Palace,Liverpool,0.0111,0.0563,0.9326,0,0,8,5,0.3696137052029368,0.2137917019426821,1,1,1.0,0.0,7.0,0.0,0.0,2,1,16,14,2.82183357514441,1.816079042851925,1,0,1.0,2.0,12.0,1.0,0.0
9217,2018-08-25,Wolverhampton Wanderers,Manchester City,0.22,0.2638,0.5162,1,1,11,9,1.263760980218649,0.9456551047042008,1,0,0.0,3.0,8.0,0.0,0.0,1,1,18,11,1.842927113175392,1.468196792528033,2,0,1.0,4.0,12.0,0.0,1.0
9218,2018-08-25,Southampton,Leicester City,0.276,0.4481,0.2759,1,0,12,8,0.5439855875447389,0.3944140030071137,1,1,1.0,5.0,6.0,0.0,0.0,2,1,8,5,0.5179354036226868,0.3899227092042563,1,0,0.0,1.0,7.0,0.0,0.0
9219,2018-08-25,Huddersfield Town,Cardiff City,0.0611,0.3185,0.6204,0,0,5,2,0.2071767002344131,0.0820741988718509,0,1,0.0,2.0,3.0,0.0,0.0,0,0,14,12,1.0669979937374587,1.0348539985716336,1,0,0.0,1.0,13.0,0.0,0.0
9221,2018-08-25,Bournemouth,Everton,0.876,0.0937,0.0303,2,0,17,12,2.59471776522696,1.2088873051106928,0,1,0.0,5.0,9.0,1.0,2.0,2,2,11,9,0.5436653066426513,0.4465971942991016,3,1,1.0,1.0,7.0,0.0,2.0
9222,2018-08-25,Arsenal,West Ham United,0.5255,0.2474,0.2271,2,2,17,14,1.7852032454684374,1.6112413443624969,1,0,1.0,3.0,13.0,0.0,0.0,1,1,13,11,1.179238829761743,1.1199771054089065,3,0,0.0,1.0,12.0,0.0,1.0
9223,2018-08-25,Liverpool,Brighton,0.7125,0.2072,0.0803,1,1,22,18,1.8171450309455397,1.4404266849160188,1,0,1.0,2.0,18.0,0.0,1.0,0,0,6,4,0.5356158120557666,0.378758612088859,1,0,1.0,0.0,5.0,0.0,0.0
9224,2018-08-26,Watford,Crystal Palace,0.3208,0.3146,0.3646,2,2,13,12,1.1459572035819288,0.5518125034868714,4,0,0.0,1.0,12.0,0.0,0.0,1,1,9,8,1.2190491072833536,0.773550197482109,2,0,0.0,2.0,7.0,0.0,0.0
9220,2018-08-26,Fulham,Burnley,0.4467,0.2621,0.2912,4,3,25,22,1.929094629362225,1.7752214232459658,2,0,0.0,3.0,22.0,0.0,0.0,2,1,12,8,1.6358891054987903,0.9641434252262112,1,0,1.0,3.0,7.0,0.0,1.0
9225,2018-08-26,Newcastle United,Chelsea,0.0288,0.176,0.7952,1,1,6,4,0.20933729596436,0.1814211960881947,3,0,0.0,0.0,5.0,0.0,2.0,1,0,15,9,1.4966930747032163,0.4584458991885182,1,0,0.0,2.0,11.0,1.0,1.0
9226,2018-08-27,Manchester United,Tottenham Hotspur,0.269,0.2436,0.4874,0,0,23,17,1.4032134832814334,0.9111279938369988,2,0,1.0,1.0,20.0,0.0,1.0,3,3,9,7,1.8081058859825132,1.1447908207774162,3,0,0.0,2.0,7.0,0.0,0.0
9227,2018-09-01,Leicester City,Liverpool,0.2629,0.3246,0.4125,1,1,12,10,0.9812175445258614,0.8685140991583465,3,0,1.0,0.0,11.0,0.0,0.0,2,2,10,8,1.3571109697222707,0.9505506977438926,2,0,0.0,2.0,7.0,0.0,1.0
9228,2018-09-01,West Ham United,Wolverhampton Wanderers,0.2413,0.3045,0.4542,0,0,13,9,0.8888862933963535,0.706176185980439,2,0,1.0,2.0,10.0,0.0,0.0,1,1,15,12,1.2230083178728814,0.6784232892096042,1,0,0.0,1.0,13.0,0.0,1.0
9229,2018-09-01,Everton,Huddersfield Town,0.272,0.4062,0.3218,1,1,11,9,0.6160124912858008,0.5537930969148871,3,0,0.0,4.0,7.0,0.0,0.0,1,0,9,5,0.6600350998342035,0.18878330104053,3,0,0.0,2.0,6.0,0.0,1.0
9230,2018-09-01,Crystal Palace,Southampton,0.228,0.2078,0.5642,0,0,20,18,2.3715182947926223,2.312627803534269,1,0,0.0,3.0,17.0,0.0,0.0,2,2,19,13,3.1631222125142813,1.2706891959533095,1,0,0.0,1.0,17.0,1.0,0.0
9231,2018-09-01,Chelsea,Bournemouth,0.387,0.3123,0.3007,2,2,24,19,1.1640791129320855,0.8851088900119063,2,0,1.0,3.0,19.0,0.0,1.0,0,0,8,5,0.9509597187861796,0.8978183791041374,2,0,0.0,1.0,6.0,0.0,1.0
9233,2018-09-01,Brighton,Fulham,0.6739,0.1942,0.1319,2,1,15,9,2.682657208293676,1.0396845042705534,3,0,0.0,3.0,9.0,2.0,1.0,2,1,10,6,1.5155507028102873,0.6668817959725856,3,0,1.0,0.0,9.0,0.0,0.0
9234,2018-09-01,Manchester City,Newcastle United,0.8343,0.1322,0.0335,2,2,24,15,2.5259316265583034,1.9906191900372503,0,0,3.0,1.0,18.0,0.0,2.0,1,1,3,2,0.554762503132224,0.4991709049791096,0,0,0.0,0.0,3.0,0.0,0.0
9235,2018-09-02,Cardiff City,Arsenal,0.1947,0.2698,0.5355,2,2,14,8,0.7749998997896905,0.4416945036500689,3,0,0.0,0.0,9.0,0.0,5.0,3,3,17,13,1.424415726214647,0.8041457086801527,4,0,0.0,6.0,11.0,0.0,0.0
9232,2018-09-02,Burnley,Manchester United,0.0644,0.1378,0.7978,0,0,9,8,1.0992318745702503,1.0811365228146312,2,0,0.0,2.0,5.0,0.0,2.0,2,1,21,17,2.912576388567686,1.9353097900748253,3,1,0.0,3.0,16.0,1.0,1.0
9236,2018-09-02,Watford,Tottenham Hotspur,0.2195,0.4474,0.3331,2,2,7,6,0.4543095044791696,0.4051982909440993,2,0,1.0,1.0,5.0,0.0,1.0,0,0,11,8,0.5825212132185693,0.5143999112769958,1,0,0.0,5.0,6.0,0.0,0.0
9237,2018-09-15,Tottenham Hotspur,Liverpool,0.0318,0.0857,0.8825,1,1,11,6,0.7942624860443173,0.4411016944795846,0,0,2.0,1.0,8.0,0.0,0.0,2,0,17,11,3.0216732248663902,1.480439022183418,0,0,1.0,3.0,12.0,0.0,1.0
9238,2018-09-15,Newcastle United,Arsenal,0.159,0.3722,0.4688,1,1,4,3,0.4121216125786301,0.3476837091147898,0,0,0.0,1.0,3.0,0.0,0.0,2,0,12,9,0.9143000114709136,0.7133939936757085,0,0,1.0,1.0,9.0,0.0,1.0
9239,2018-09-15,Manchester City,Fulham,0.9962,0.0033,0.0005,3,2,28,22,5.010112430900335,4.141387745738029,0,0,1.0,3.0,24.0,0.0,0.0,0,0,9,7,0.3426981940865515,0.3100135978311298,0,0,0.0,1.0,8.0,0.0,0.0
9240,2018-09-15,Huddersfield Town,Crystal Palace,0.366,0.3492,0.2848,0,0,15,8,0.878074003383517,0.6029478097334502,1,0,1.0,1.0,11.0,0.0,2.0,1,1,7,6,0.7466310113668441,0.6929089874029158,2,0,0.0,0.0,7.0,0.0,0.0
9241,2018-09-15,Chelsea,Cardiff City,0.8241,0.1326,0.0433,4,2,18,14,2.67145187780261,1.7123973965644834,0,0,1.0,1.0,15.0,1.0,0.0,1,1,6,5,0.8276007128879426,0.8132455050945281,0,0,0.0,2.0,3.0,0.0,1.0
9242,2018-09-15,Bournemouth,Leicester City,0.4797,0.2532,0.2671,4,3,10,6,2.227260148152709,1.3638673052191734,3,0,0.0,0.0,9.0,1.0,0.0,2,1,14,8,1.8354818336665628,0.7712505012750626,2,1,1.0,2.0,9.0,1.0,1.0
9243,2018-09-15,Watford,Manchester United,0.218,0.2734,0.5086,1,1,14,12,1.1752258017659185,1.1052787043154235,2,0,1.0,1.0,11.0,0.0,1.0,2,1,9,6,1.6490194275975223,0.7836408801376817,1,1,0.0,2.0,7.0,0.0,0.0
9244,2018-09-16,Wolverhampton Wanderers,Burnley,0.965,0.0311,0.0039,1,1,30,21,3.4204759057611227,2.649630170315504,2,0,0.0,4.0,26.0,0.0,0.0,0,0,7,4,0.2089936984702943,0.1287750005722044,4,0,1.0,0.0,4.0,0.0,2.0
9245,2018-09-16,Everton,West Ham United,0.2789,0.2847,0.4364,1,1,16,8,1.268873075023293,0.9250834975391624,2,0,3.0,1.0,10.0,0.0,2.0,3,3,9,8,1.525483703240752,1.5080790743231771,5,0,0.0,0.0,8.0,0.0,1.0
9246,2018-09-17,Southampton,Brighton,0.4184,0.2929,0.2887,2,0,14,6,2.5704193138517435,0.5574557790532707,2,0,1.0,3.0,9.0,1.0,0.0,2,1,12,10,1.9737718123942607,1.162343382835388,3,0,0.0,1.0,9.0,1.0,1.0
9247,2018-09-22,Fulham,Watford,0.3766,0.2572,0.3662,1,1,15,13,1.7968599526211615,1.708383524790406,2,0,0.0,4.0,11.0,0.0,0.0,1,1,11,6,1.761326119303703,1.1205357015132902,1,0,0.0,1.0,10.0,0.0,0.0
9248,2018-09-22,Manchester United,Wolverhampton Wanderers,0.1789,0.3122,0.5089,1,1,15,9,0.6233841041103003,0.3578893877565858,1,0,3.0,1.0,10.0,0.0,1.0,1,1,11,9,1.1185037959367037,1.0459870919585228,1,0,0.0,3.0,8.0,0.0,0.0
9249,2018-09-22,Liverpool,Southampton,0.8579,0.1225,0.0196,2,1,12,4,1.841659154742956,0.4296297989785669,0,0,1.0,3.0,7.0,0.0,1.0,0,0,7,5,0.31046699732542,0.2619691044092177,2,0,0.0,3.0,5.0,0.0,0.0
9250,2018-09-22,Leicester City,Huddersfield Town,0.676,0.2164,0.1076,3,2,18,15,1.8048147326335309,1.6687147011980412,2,0,2.0,1.0,13.0,0.0,2.0,1,1,9,5,0.688175591640174,0.5675417110323904,1,0,0.0,0.0,9.0,0.0,0.0
9251,2018-09-22,Crystal Palace,Newcastle United,0.5398,0.374,0.0862,0,0,16,8,0.9307922888547178,0.6136921998113393,1,0,3.0,4.0,7.0,0.0,2.0,0,0,6,5,0.2293083965778349,0.1803363040089605,1,0,0.0,2.0,3.0,0.0,1.0
9252,2018-09-22,Cardiff City,Manchester City,0.0029,0.0352,0.9619,0,0,2,2,0.0980725996196268,0.0980725996196268,1,0,0.0,0.0,1.0,0.0,1.0,5,4,21,15,3.121110837906599,2.162691723555326,1,0,1.0,6.0,13.0,0.0,1.0
9253,2018-09-22,Burnley,Bournemouth,0.737,0.1749,0.0881,4,2,12,7,2.524441168643534,1.045026674866676,2,0,0.0,1.0,11.0,0.0,0.0,0,0,19,14,0.9900288954377172,0.7547006234526631,0,0,2.0,4.0,13.0,0.0,0.0
9254,2018-09-22,Brighton,Tottenham Hotspur,0.0836,0.1882,0.7282,1,1,8,6,0.817174097523093,0.7784443013370035,2,0,0.0,2.0,5.0,0.0,1.0,2,1,16,13,2.116550149396062,1.2304076887667177,1,0,1.0,3.0,11.0,1.0,0.0
9255,2018-09-23,West Ham United,Chelsea,0.161,0.2497,0.5893,0,0,6,5,1.017703001387417,1.002223702147603,2,0,0.0,1.0,5.0,0.0,0.0,0,0,17,16,1.883443490602076,1.7456642845645545,1,0,1.0,3.0,12.0,0.0,1.0
9256,2018-09-23,Arsenal,Everton,0.287,0.3282,0.3848,2,2,9,7,0.9450187040492888,0.8143981834873556,2,0,0.0,1.0,8.0,0.0,0.0,0,0,10,9,1.0652351062744854,1.018774690106511,1,0,1.0,1.0,7.0,0.0,1.0
9257,2018-09-29,West Ham United,Manchester United,0.4851,0.3156,0.1993,2,2,8,8,1.3029006179422138,1.3029009178280828,0,0,0.0,3.0,5.0,0.0,0.0,1,1,9,7,0.8657389516010878,0.7614883640781044,1,0,1.0,3.0,6.0,0.0,0.0
9258,2018-09-29,Wolverhampton Wanderers,Southampton,0.5683,0.2728,0.1589,2,2,14,11,1.4250695072114463,1.2700680047273634,3,0,2.0,3.0,8.0,0.0,1.0,0,0,17,10,0.6802458008751269,0.3900612946599719,1,0,1.0,1.0,15.0,0.0,0.0
9259,2018-09-29,Newcastle United,Leicester City,0.0701,0.2432,0.6867,0,0,6,4,0.3973003043793139,0.335756506770849,0,0,0.0,1.0,5.0,0.0,0.0,2,1,12,7,1.3499737996608014,0.3458528872579334,0,0,1.0,6.0,4.0,1.0,0.0
9260,2018-09-29,Manchester City,Brighton,0.9482,0.0453,0.0065,2,2,28,24,2.926203865557909,2.606500718742609,0,0,0.0,3.0,24.0,0.0,1.0,0,0,4,4,0.2302301935851572,0.2302302941679954,3,0,0.0,2.0,2.0,0.0,0.0
9261,2018-09-29,Huddersfield Town,Tottenham Hotspur,0.0173,0.0862,0.8965,0,0,9,5,0.339244823902845,0.1975776273757217,2,0,2.0,0.0,5.0,0.0,2.0,2,1,10,6,2.337329864501953,0.8252621330320834,2,0,0.0,0.0,7.0,1.0,2.0
9262,2018-09-29,Everton,Fulham,0.8411,0.1257,0.0332,3,2,19,15,2.3180131586268544,1.4732164833694692,0,0,1.0,3.0,13.0,1.0,1.0,0,0,6,7,0.536316446959972,0.5363158006221053,3,0,0.0,0.0,6.0,0.0,0.0
9263,2018-09-29,Arsenal,Watford,0.1664,0.199,0.6346,1,1,9,7,1.5706078000366686,1.222645405679941,2,0,0.0,1.0,8.0,0.0,0.0,0,0,14,10,2.621408097445965,1.956758802756667,2,0,1.0,0.0,9.0,0.0,5.0
9264,2018-09-29,Chelsea,Liverpool,0.3755,0.2542,0.3703,1,1,10,8,1.7763819992542265,1.618687782436609,0,0,0.0,1.0,7.0,0.0,2.0,1,1,13,10,1.7407061848789451,1.60675392486155,2,0,1.0,1.0,11.0,0.0,0.0
9265,2018-09-30,Cardiff City,Burnley,0.8015,0.18,0.0185,1,1,20,14,1.5723684206604955,0.818234801292419,1,0,1.0,5.0,13.0,0.0,1.0,2,2,3,3,0.1115273013710974,0.1115273050963878,3,0,0.0,0.0,3.0,0.0,0.0
9266,2018-10-01,Bournemouth,Crystal Palace,0.8371,0.1266,0.0363,2,1,11,8,1.991960223764181,1.122818036004901,3,0,0.0,3.0,5.0,1.0,2.0,1,1,10,8,0.3858410026878114,0.2974873986095186,4,0,1.0,0.0,8.0,0.0,1.0
9267,2018-10-05,Brighton,West Ham United,0.245,0.2935,0.4615,1,1,9,7,1.0256555099040268,0.9711645208299158,3,0,0.0,2.0,7.0,0.0,0.0,0,0,17,12,1.438668098300695,1.2371372934430838,2,0,2.0,3.0,10.0,0.0,2.0
9268,2018-10-06,Watford,Bournemouth,0.0276,0.0738,0.8986,0,0,14,9,1.0773044079542156,0.7932040020823475,3,1,1.0,4.0,9.0,0.0,0.0,4,2,10,7,3.590631190687418,2.0978011041879654,1,0,0.0,2.0,7.0,1.0,0.0
9269,2018-10-06,Tottenham Hotspur,Cardiff City,0.7439,0.168,0.0881,1,0,19,15,2.7206455562263727,1.6210608854889867,3,0,0.0,2.0,16.0,0.0,1.0,0,0,8,5,1.2378269135951996,0.8354069888591766,1,1,0.0,1.0,6.0,0.0,1.0
9270,2018-10-06,Leicester City,Everton,0.3366,0.3105,0.3529,1,1,8,7,1.1047226861119268,1.0265647955238817,2,1,0.0,1.0,7.0,0.0,0.0,2,1,17,12,1.1507247071713205,0.5240774033591149,1,0,0.0,7.0,8.0,0.0,2.0
9271,2018-10-06,Crystal Palace,Wolverhampton Wanderers,0.4233,0.3577,0.219,0,0,11,6,1.0751494877040382,0.2865735460072752,3,0,1.0,2.0,6.0,0.0,2.0,1,1,7,5,0.7556536057963965,0.6637684144079684,4,0,0.0,1.0,6.0,0.0,0.0
9272,2018-10-06,Burnley,Huddersfield Town,0.1117,0.3418,0.5465,1,1,6,6,0.3630319088697433,0.3630322050303218,2,0,0.0,0.0,5.0,0.0,1.0,1,1,19,17,1.0254881903529165,0.9356573037803172,2,0,0.0,4.0,15.0,0.0,0.0
9273,2018-10-06,Manchester United,Newcastle United,0.5878,0.2054,0.2068,3,2,18,13,2.416506450623274,1.775549780577421,2,0,1.0,6.0,11.0,0.0,0.0,2,2,13,11,1.5596183836460111,1.5372393131256104,2,0,0.0,1.0,8.0,0.0,4.0
9274,2018-10-07,Fulham,Arsenal,0.4029,0.2875,0.3096,1,1,21,16,1.3163798116147514,1.1652616951614616,2,0,0.0,4.0,16.0,0.0,1.0,5,5,9,7,1.1370605714619155,0.9270506948232649,0,0,0.0,0.0,9.0,0.0,0.0
9275,2018-10-07,Southampton,Chelsea,0.0646,0.1134,0.822,0,0,15,9,1.4870047867298122,0.7133938968181608,6,0,1.0,2.0,12.0,0.0,0.0,3,3,21,16,3.59612369723618,3.263104505836964,0,0,0.0,4.0,15.0,0.0,2.0
9276,2018-10-07,Liverpool,Manchester City,0.1026,0.3057,0.5917,0,0,7,6,0.4339942038059233,0.4214834012091158,1,0,0.0,1.0,5.0,0.0,1.0,0,0,6,4,1.0748092001304028,0.259147301316261,3,0,0.0,0.0,5.0,1.0,0.0
9277,2018-10-20,Chelsea,Manchester United,0.668,0.2173,0.1147,2,1,21,18,2.591659307479858,1.2175919944420452,2,0,1.0,1.0,17.0,0.0,2.0,2,1,7,4,1.1333222333341837,0.5332071017473935,5,0,0.0,0.0,6.0,0.0,1.0
9278,2018-10-20,Wolverhampton Wanderers,Watford,0.1458,0.3238,0.5304,0,0,10,8,0.4739102022722359,0.4142776997759935,3,0,1.0,2.0,6.0,0.0,1.0,2,2,9,7,1.0684045031666751,0.8681150227785109,1,0,1.0,0.0,8.0,0.0,0.0
9279,2018-10-20,West Ham United,Tottenham Hotspur,0.165,0.3148,0.5202,0,0,13,12,0.5442673079669472,0.4717434961348768,3,0,0.0,4.0,7.0,0.0,2.0,1,1,10,8,1.1177666019648311,1.0148171856999395,0,0,0.0,2.0,6.0,0.0,2.0
9280,2018-10-20,Newcastle United,Brighton,0.6389,0.2337,0.1274,0,0,27,17,1.734072702936828,0.9995166026055812,0,0,1.0,3.0,23.0,0.0,0.0,1,1,8,6,0.6757975127547976,0.6105128079652784,2,0,0.0,2.0,6.0,0.0,0.0
9281,2018-10-20,Manchester City,Burnley,0.9845,0.0129,0.0026,5,4,24,20,4.649879168719053,3.9902332052588463,2,0,0.0,2.0,22.0,0.0,0.0,0,0,5,3,0.3721332009881731,0.2715069986879824,2,0,0.0,1.0,3.0,0.0,1.0
9282,2018-10-20,Cardiff City,Fulham,0.5644,0.2533,0.1823,4,3,22,18,1.7586694601923225,1.3631098335608838,3,0,0.0,1.0,18.0,0.0,3.0,2,2,9,7,0.9477114118635652,0.8236102145165204,3,0,2.0,2.0,5.0,0.0,0.0
9283,2018-10-20,Bournemouth,Southampton,0.4011,0.3847,0.2142,0,0,9,7,0.8404033966362474,0.6840382907539604,1,0,0.0,1.0,7.0,0.0,1.0,0,0,8,6,0.589633493684232,0.5012361109256743,2,0,1.0,1.0,6.0,0.0,0.0
9284,2018-10-20,Huddersfield Town,Liverpool,0.286,0.401,0.313,0,0,13,8,0.6383405942469832,0.3922750931233165,0,0,1.0,0.0,12.0,0.0,0.0,1,1,11,9,0.6638189926743506,0.578892996534705,2,0,0.0,0.0,11.0,0.0,0.0
9285,2018-10-21,Everton,Crystal Palace,0.4635,0.2749,0.2616,2,2,20,16,1.928371308371424,1.8193611335009332,2,0,1.0,2.0,16.0,0.0,1.0,0,0,7,4,1.501735330559313,0.6888611093163489,1,0,1.0,2.0,3.0,1.0,0.0
9286,2018-10-22,Arsenal,Leicester City,0.8504,0.1068,0.0428,3,3,19,10,2.920687289908528,2.549855023622513,2,0,2.0,3.0,15.0,0.0,0.0,0,0,8,6,0.93249168805778,0.8702529817819595,2,0,1.0,2.0,4.0,0.0,1.0
9288,2018-10-27,Liverpool,Cardiff City,0.8332,0.1399,0.0269,4,2,19,14,2.555794024839997,1.5014750286936756,0,0,0.0,2.0,17.0,0.0,0.0,1,0,2,1,0.6431170143187046,0.0265950001776218,0,0,0.0,0.0,2.0,0.0,0.0
9289,2018-10-27,Fulham,Bournemouth,0.0288,0.1127,0.8585,0,0,11,10,0.3838328057900069,0.3532666955143212,2,1,0.0,4.0,7.0,0.0,0.0,3,2,12,10,2.1055594291538,1.2484445841982956,1,0,0.0,1.0,10.0,1.0,0.0
9290,2018-10-27,Brighton,Wolverhampton Wanderers,0.259,0.3006,0.4404,1,1,7,5,1.0310796219855545,1.0132450982928276,3,0,0.0,1.0,4.0,0.0,2.0,0,0,25,19,1.3812650106847282,1.1559780836105342,0,0,1.0,3.0,21.0,0.0,0.0
9291,2018-10-27,Watford,Huddersfield Town,0.8433,0.1184,0.0383,3,3,12,12,2.2962160259485245,2.29621560126543,1,0,0.0,0.0,11.0,0.0,1.0,0,0,13,12,0.4796553933992978,0.4197752932086583,2,0,0.0,2.0,11.0,0.0,0.0
9292,2018-10-27,Southampton,Newcastle United,0.6131,0.3083,0.0786,0,0,22,20,1.1971724778413766,1.1632156968116758,0,0,0.0,2.0,20.0,0.0,0.0,0,0,6,5,0.2976451078429815,0.2875317940488454,1,0,0.0,1.0,4.0,0.0,1.0
9293,2018-10-27,Leicester City,West Ham United,0.4553,0.288,0.2567,1,1,21,15,1.9578590560704467,1.6026910003274677,1,0,0.0,4.0,16.0,0.0,1.0,1,0,11,5,1.96111755259335,0.7428053058683871,1,1,0.0,0.0,8.0,0.0,3.0
9294,2018-10-28,Crystal Palace,Arsenal,0.7997,0.1472,0.0531,2,0,16,11,2.3811485487967725,0.8098414167761799,1,0,0.0,2.0,10.0,2.0,2.0,2,0,7,3,0.8451966270804405,0.1836609989404678,2,0,2.0,1.0,4.0,0.0,0.0
9295,2018-10-28,Burnley,Chelsea,0.0087,0.0547,0.9366,0,0,7,3,0.2698280978947875,0.1084838015958666,4,0,0.0,1.0,6.0,0.0,0.0,4,3,24,18,3.0924092568457127,2.2234300002455707,2,0,0.0,3.0,21.0,0.0,0.0
9287,2018-10-28,Manchester United,Everton,0.5995,0.2332,0.1673,2,1,14,12,2.8569622822105885,1.6451343800872562,2,0,0.0,0.0,11.0,1.0,2.0,1,0,14,10,1.673476634547114,0.8338236100971697,1,0,0.0,3.0,10.0,1.0,0.0
9296,2018-10-29,Tottenham Hotspur,Manchester City,0.0444,0.1683,0.7873,0,0,4,4,0.4424360869452356,0.4424358047544955,2,0,0.0,1.0,3.0,0.0,0.0,1,1,13,9,1.9415813377127047,1.6980641707777977,2,0,1.0,1.0,10.0,0.0,1.0
9297,2018-11-03,Bournemouth,Manchester United,0.1416,0.1615,0.6969,1,1,18,12,1.9337371718138452,1.6332630924880502,4,0,1.0,3.0,13.0,0.0,1.0,2,1,18,14,3.726405575871467,1.848375890403986,3,0,1.0,1.0,13.0,0.0,3.0
9298,2018-11-03,West Ham United,Burnley,0.775,0.1514,0.0736,4,2,22,17,2.566361684352159,2.0027074143290515,1,0,0.0,3.0,18.0,0.0,1.0,2,2,6,5,0.8825141061097381,0.8562828022986648,4,0,0.0,2.0,4.0,0.0,0.0
9299,2018-11-03,Newcastle United,Watford,0.0503,0.1282,0.8215,1,1,10,4,0.7047528009861705,0.4791228026151655,1,0,2.0,3.0,4.0,0.0,1.0,0,0,16,12,2.5798086002469063,2.295590840280056,5,0,1.0,5.0,9.0,0.0,1.0
9301,2018-11-03,Everton,Brighton,0.8542,0.1165,0.0293,3,1,14,11,2.5930518079549074,1.8913684394210577,0,0,0.0,2.0,10.0,0.0,2.0,1,1,5,5,0.6763476766645907,0.676347605884075,1,0,0.0,1.0,3.0,0.0,1.0
9302,2018-11-03,Cardiff City,Leicester City,0.0824,0.1815,0.7361,0,0,11,8,0.9277184903621674,0.3900804957374928,2,0,1.0,4.0,5.0,0.0,1.0,1,1,13,8,2.5164032559841867,1.2499979715794325,2,0,0.0,5.0,8.0,0.0,0.0
9303,2018-11-03,Arsenal,Liverpool,0.4906,0.2623,0.2471,1,1,12,12,1.623206380754709,1.6232051625847812,1,0,0.0,2.0,10.0,0.0,0.0,1,0,13,11,1.196544300764799,1.089445987716317,1,0,0.0,3.0,9.0,0.0,1.0
9304,2018-11-03,Wolverhampton Wanderers,Tottenham Hotspur,0.5801,0.2511,0.1688,2,0,16,10,2.409042881801724,0.6971664056181905,1,0,0.0,4.0,10.0,2.0,0.0,3,2,10,8,1.9838003888726237,0.7961404100060462,2,0,0.0,0.0,10.0,0.0,0.0
9300,2018-11-04,Manchester City,Southampton,0.604,0.2039,0.1921,5,5,18,17,2.762723886407912,2.560668158344924,1,0,1.0,1.0,16.0,0.0,0.0,1,0,13,8,1.8146555610001085,0.6228905078023669,1,0,0.0,1.0,10.0,1.0,2.0
9305,2018-11-04,Chelsea,Crystal Palace,0.7673,0.1725,0.0602,3,3,15,15,1.8874193578958511,1.8874144293367865,0,0,0.0,1.0,11.0,0.0,3.0,1,1,7,5,0.4545473977923392,0.4015163928270339,1,0,0.0,0.0,6.0,0.0,1.0
9306,2018-11-05,Huddersfield Town,Fulham,0.3159,0.4903,0.1938,0,0,10,7,0.5143304057419296,0.3925323020666835,1,0,0.0,3.0,6.0,0.0,1.0,0,0,8,7,0.3541659079492091,0.3125021047890185,2,0,1.0,5.0,3.0,0.0,0.0
9307,2018-11-10,Cardiff City,Brighton,0.7218,0.2012,0.077,2,0,20,12,2.1310546994209285,0.5156290046870704,2,0,1.0,3.0,16.0,0.0,0.0,1,1,7,6,0.7689536027610301,0.7509419992566108,1,1,0.0,0.0,5.0,0.0,2.0
9308,2018-11-10,Southampton,Watford,0.387,0.2997,0.3133,1,1,14,10,1.2021123133599758,1.0950348041951654,3,0,0.0,3.0,8.0,0.0,3.0,1,1,12,9,1.0757277905941005,0.6400268990546462,2,0,0.0,0.0,12.0,0.0,0.0
9309,2018-11-10,Newcastle United,Bournemouth,0.5428,0.2322,0.225,2,1,18,11,2.8193984283134337,2.186675488948822,2,0,0.0,5.0,13.0,0.0,0.0,1,1,14,9,1.94431942794472,1.728274792432785,1,0,1.0,6.0,6.0,0.0,1.0
9310,2018-11-10,Leicester City,Burnley,0.691,0.2309,0.0781,0,0,22,16,1.5120430942624803,1.2255019806325431,2,0,1.0,7.0,14.0,0.0,0.0,0,0,6,3,0.3683927990496157,0.1898148953914641,0,0,2.0,1.0,3.0,0.0,0.0
9311,2018-11-10,Huddersfield Town,West Ham United,0.2674,0.3001,0.4325,1,1,15,10,1.175238789990544,1.0004805140197273,1,0,1.0,2.0,12.0,0.0,0.0,1,0,12,7,1.7083140015602112,0.9588191229850052,1,0,1.0,1.0,10.0,0.0,0.0
9312,2018-11-10,Crystal Palace,Tottenham Hotspur,0.1216,0.255,0.6234,0,0,11,5,0.6958856945857402,0.1271035028621553,1,0,0.0,4.0,6.0,0.0,1.0,1,0,11,7,1.6082892678678034,1.010168381035328,1,0,0.0,4.0,6.0,0.0,1.0
9313,2018-11-11,Liverpool,Fulham,0.7944,0.1514,0.0542,2,2,21,15,2.224829075857997,1.887230787426233,1,0,3.0,3.0,14.0,0.0,1.0,0,0,8,5,0.5713011957705019,0.243599697947502,1,0,0.0,0.0,8.0,0.0,0.0
9314,2018-11-11,Chelsea,Everton,0.6687,0.2783,0.053,0,0,15,14,1.1629800684750076,1.058080163784325,4,0,1.0,2.0,10.0,0.0,2.0,0,0,6,6,0.1980274002999065,0.1758227944374082,3,0,0.0,2.0,3.0,0.0,1.0
9315,2018-11-11,Manchester City,Manchester United,0.6656,0.2351,0.0993,3,3,17,16,2.0276449490338564,1.9284029025584457,1,0,0.0,1.0,16.0,0.0,0.0,1,0,6,4,0.9708894975483416,0.1473144963383674,1,0,0.0,0.0,2.0,1.0,3.0
9316,2018-11-11,Arsenal,Wolverhampton Wanderers,0.1382,0.2372,0.6246,1,1,10,5,0.9658433673903342,0.7140829628333448,2,0,0.0,4.0,6.0,0.0,0.0,1,1,13,12,1.8654923029243944,1.8054479341953988,2,0,0.0,2.0,11.0,0.0,0.0
9317,2018-11-24,West Ham United,Manchester City,0.016,0.0745,0.9095,0,0,9,8,0.829504396766424,0.7595080044120549,0,0,1.0,2.0,5.0,0.0,1.0,4,3,9,8,2.958520077168941,2.345354661345482,0,0,0.0,0.0,9.0,0.0,0.0
9318,2018-11-24,Watford,Liverpool,0.116,0.2791,0.6049,0,0,5,4,0.6733819767832754,0.6605538837611673,0,0,0.0,1.0,4.0,0.0,0.0,3,1,10,6,1.7428073696792123,1.0625238753855228,0,1,1.0,2.0,7.0,0.0,0.0
9319,2018-11-24,Manchester United,Crystal Palace,0.4361,0.2893,0.2746,0,0,12,10,1.3424507137387989,1.2618350982666011,1,0,0.0,0.0,11.0,0.0,1.0,0,0,13,9,1.0544455964118242,0.5441062990576025,2,0,0.0,1.0,12.0,0.0,0.0
9320,2018-11-24,Fulham,Southampton,0.2909,0.2721,0.437,3,3,10,10,1.3875037077814338,1.3875044882297514,2,0,0.0,1.0,8.0,0.0,1.0,2,1,19,12,1.7414441574364896,0.9590480141341684,3,0,0.0,4.0,13.0,0.0,2.0
9321,2018-11-24,Everton,Cardiff City,0.7864,0.1558,0.0578,1,0,16,11,2.6357043050229545,1.302680315449834,0,0,0.0,4.0,11.0,0.0,1.0,0,0,7,6,0.879108251072466,0.7923160865902898,3,0,0.0,1.0,3.0,0.0,3.0
9322,2018-11-24,Brighton,Leicester City,0.2362,0.3257,0.4381,1,1,14,12,0.8681183923035857,0.6746171042323109,3,0,1.0,1.0,10.0,0.0,2.0,1,0,8,5,1.125210419297218,0.2884826008230445,1,1,0.0,1.0,4.0,1.0,2.0
9323,2018-11-24,Tottenham Hotspur,Chelsea,0.867,0.0913,0.0417,3,3,18,16,3.364848094061017,3.121396765112877,0,0,0.0,3.0,12.0,0.0,3.0,1,1,13,11,0.962803494185209,0.863881788216531,3,0,0.0,0.0,12.0,0.0,1.0
9324,2018-11-25,Bournemouth,Arsenal,0.1067,0.2207,0.6726,1,1,11,10,0.6508830115199087,0.4968834035098551,2,0,1.0,0.0,11.0,0.0,0.0,1,1,20,11,1.714905388653278,1.2062514834105966,1,0,0.0,1.0,19.0,0.0,0.0
9325,2018-11-25,Wolverhampton Wanderers,Huddersfield Town,0.3227,0.3892,0.2881,0,0,12,8,0.7071436792612074,0.3794324900954959,1,0,2.0,1.0,9.0,0.0,0.0,2,1,14,10,0.6293641030788419,0.4727779002860185,2,0,1.0,3.0,10.0,0.0,0.0
9326,2018-11-26,Burnley,Newcastle United,0.2938,0.2962,0.41,1,1,14,11,1.4948736056685448,1.4279224239289756,0,0,0.0,2.0,11.0,0.0,2.0,1,1,17,14,1.98588837031275,0.8569534998387095,1,0,0.0,3.0,14.0,0.0,0.0
9335,2018-11-30,Cardiff City,Wolverhampton Wanderers,0.3693,0.3331,0.2976,2,1,17,7,1.0973941329866643,0.821342598646879,1,0,0.0,6.0,8.0,0.0,3.0,1,0,15,11,1.002403506077826,0.4997549010440704,2,0,0.0,5.0,10.0,0.0,0.0
9328,2018-12-01,Newcastle United,West Ham United,0.0892,0.1511,0.7597,0,0,16,14,1.1258291713893411,0.97613120265305,3,0,2.0,2.0,11.0,0.0,1.0,3,3,7,8,2.6269677579402924,2.6269629299640656,3,0,0.0,1.0,6.0,0.0,0.0
9329,2018-12-01,Manchester City,Bournemouth,0.8811,0.0946,0.0243,3,1,16,12,2.9149104058742523,1.7064357921481128,0,0,0.0,2.0,13.0,0.0,1.0,1,1,4,4,0.7150081992149353,0.7053461782634257,0,0,0.0,1.0,3.0,0.0,0.0
9331,2018-12-01,Leicester City,Watford,0.4217,0.3121,0.2662,2,1,7,4,1.4175791032612322,0.5665124859660862,2,0,0.0,0.0,6.0,1.0,0.0,0,0,8,6,1.1992339976131914,1.1402872949838636,1,1,1.0,1.0,6.0,0.0,0.0
9332,2018-12-01,Huddersfield Town,Brighton,0.0821,0.2179,0.7,1,0,7,3,0.5631124079227444,0.276151306927204,0,1,1.0,1.0,5.0,0.0,0.0,2,2,14,11,1.710691973567009,0.9933510199189184,2,0,1.0,4.0,8.0,0.0,1.0
9333,2018-12-01,Crystal Palace,Burnley,0.7991,0.1644,0.0365,2,2,29,23,2.079673405736685,1.7691257186233993,1,0,1.0,4.0,23.0,0.0,1.0,0,0,4,4,0.3100635018199681,0.3100635018199681,1,0,0.0,3.0,1.0,0.0,0.0
9327,2018-12-01,Southampton,Manchester United,0.2378,0.3472,0.415,2,1,16,8,0.6239540912210938,0.3382666967809198,4,0,4.0,2.0,10.0,0.0,0.0,2,2,11,10,0.904802497476339,0.8885715715587139,4,0,0.0,2.0,8.0,0.0,1.0
9334,2018-12-02,Chelsea,Fulham,0.8578,0.1156,0.0266,2,2,16,8,2.199401803314686,1.4063576385378835,2,0,3.0,0.0,13.0,0.0,0.0,0,0,9,8,0.2852564165368673,0.2594528608024118,1,0,0.0,1.0,8.0,0.0,0.0
9336,2018-12-02,Arsenal,Tottenham Hotspur,0.7844,0.1577,0.0579,4,3,22,16,2.7216114858165383,1.282621197402477,3,0,0.0,6.0,12.0,1.0,3.0,2,1,11,6,1.0926016978919504,0.2090816944837568,3,1,1.0,1.0,7.0,1.0,1.0
9330,2018-12-02,Liverpool,Everton,0.8327,0.1232,0.0441,1,0,16,11,3.192960750311613,1.5151595231145618,3,0,0.0,3.0,11.0,0.0,2.0,0,0,9,5,1.3343152701854706,1.0141333863139153,2,0,0.0,1.0,7.0,0.0,1.0
9337,2018-12-04,Brighton,Crystal Palace,0.2553,0.3291,0.4156,3,0,9,5,1.252095106989145,0.2305445000529288,2,1,0.0,2.0,4.0,1.0,2.0,1,0,18,15,1.5328986104577778,0.6562244007363911,3,0,1.0,2.0,14.0,1.0,0.0
9338,2018-12-04,Bournemouth,Huddersfield Town,0.2537,0.2673,0.479,2,2,6,6,1.073931314051151,0.9923129975795746,4,0,1.0,1.0,3.0,0.0,1.0,1,1,23,16,1.5701458025723694,1.204982368275523,2,0,1.0,7.0,14.0,0.0,1.0
9340,2018-12-04,West Ham United,Cardiff City,0.25,0.261,0.489,3,3,17,14,1.574880108237266,1.1355637945234776,1,0,0.0,6.0,9.0,0.0,2.0,1,0,9,5,2.319580844603479,0.1965336026623844,2,0,1.0,2.0,5.0,1.0,0.0
9341,2018-12-04,Watford,Manchester City,0.1896,0.2258,0.5846,1,0,11,8,2.16353506501764,1.3261374849826095,0,0,0.0,1.0,9.0,0.0,1.0,2,2,15,11,2.5608748430386186,2.080570988357067,1,0,0.0,2.0,13.0,0.0,0.0
9339,2018-12-05,Wolverhampton Wanderers,Chelsea,0.2113,0.3358,0.4529,2,2,6,3,0.682893388904631,0.5945296883583067,4,0,0.0,1.0,4.0,0.0,1.0,1,1,17,14,1.1070212852209802,0.8985263891518114,4,0,1.0,2.0,12.0,0.0,2.0
9342,2018-12-05,Fulham,Leicester City,0.426,0.2754,0.2986,1,1,25,21,1.4771514851599925,1.2876095138490196,0,0,2.0,6.0,15.0,0.0,2.0,1,1,13,11,1.221882605925202,1.0960262045264242,0,0,0.0,6.0,7.0,0.0,0.0
9343,2018-12-05,Burnley,Liverpool,0.0244,0.1313,0.8443,1,0,10,6,1.5374976377934213,0.2016752948984501,1,0,0.0,5.0,5.0,0.0,0.0,3,3,18,14,2.842004505917429,2.650556817650795,0,0,0.0,4.0,13.0,0.0,1.0
9345,2018-12-05,Everton,Newcastle United,0.5162,0.2609,0.2229,1,0,19,12,2.1206930875778194,1.4205985926091669,0,0,1.0,2.0,16.0,0.0,0.0,1,1,8,8,1.522139996290207,1.5221391767263412,5,0,0.0,0.0,5.0,0.0,3.0
9344,2018-12-05,Manchester United,Arsenal,0.2426,0.2908,0.4666,2,1,10,7,1.3367842845618725,0.8229761086404322,3,0,1.0,1.0,7.0,0.0,2.0,1,1,9,7,1.7643703725188968,1.678376954048872,3,0,0.0,1.0,8.0,0.0,0.0
9346,2018-12-05,Tottenham Hotspur,Southampton,0.3475,0.2661,0.3864,3,2,13,9,1.7403138689696789,1.5636470243334768,0,0,1.0,5.0,7.0,0.0,0.0,1,1,18,14,1.8603709042072287,1.367299097590148,0,0,0.0,6.0,12.0,0.0,0.0
9355,2018-12-08,Bournemouth,Liverpool,0.016,0.1081,0.8759,0,0,8,2,0.2791420985013244,0.1360244974493979,2,0,1.0,3.0,5.0,0.0,0.0,3,1,10,6,1.8135032542049885,0.3182121049612758,1,0,1.0,1.0,8.0,0.0,0.0
9347,2018-12-08,West Ham United,Crystal Palace,0.5337,0.2817,0.1846,3,0,13,7,1.5658908858895295,0.9313074015080928,1,0,1.0,4.0,7.0,0.0,1.0,2,2,8,6,0.934613302350044,0.8370231036096809,2,0,1.0,2.0,3.0,0.0,2.0
9349,2018-12-08,Manchester United,Fulham,0.8132,0.1297,0.0571,4,4,20,13,3.1572613418102264,2.866452395915985,1,0,1.0,5.0,14.0,0.0,0.0,1,0,10,7,1.2325135339051485,0.3803637921810147,1,1,0.0,1.0,8.0,1.0,0.0
9353,2018-12-08,Cardiff City,Southampton,0.6637,0.231,0.1053,1,0,13,10,1.5583158545196054,0.9740864075720308,2,0,0.0,3.0,8.0,0.0,2.0,0,0,12,8,0.5066300909966227,0.3299527978524564,2,0,2.0,2.0,5.0,0.0,3.0
9354,2018-12-08,Burnley,Brighton,0.6084,0.2396,0.152,1,1,14,9,1.8387213917449117,1.6471815742552278,2,0,1.0,2.0,7.0,0.0,4.0,0,0,14,12,0.9564673118293284,0.8443918209522963,0,0,0.0,4.0,8.0,0.0,2.0
9356,2018-12-08,Arsenal,Huddersfield Town,0.8359,0.1318,0.0323,1,1,14,13,2.021560363471508,1.9853025414049623,5,0,0.0,3.0,9.0,0.0,2.0,0,0,6,5,0.3083610907196996,0.2135304221883412,4,0,0.0,0.0,6.0,0.0,0.0
9352,2018-12-08,Chelsea,Manchester City,0.2289,0.4037,0.3674,2,2,8,7,0.5263283923268317,0.4654192980378864,2,0,1.0,1.0,6.0,0.0,0.0,0,0,14,9,0.7421825798228378,0.4453340871259567,0,0,1.0,6.0,6.0,0.0,1.0
9350,2018-12-08,Leicester City,Tottenham Hotspur,0.101,0.3388,0.5602,0,0,11,8,0.3577420040965077,0.2199983969330785,3,0,0.0,1.0,8.0,0.0,2.0,2,2,7,5,0.9179686270654202,0.8515298906713723,1,0,1.0,1.0,5.0,0.0,0.0
9348,2018-12-09,Newcastle United,Wolverhampton Wanderers,0.0801,0.2073,0.7126,1,1,12,8,0.4600995033979413,0.3072481099516151,2,1,1.0,2.0,6.0,0.0,3.0,2,1,13,8,1.6150842905044556,1.03607689589262,5,0,2.0,3.0,7.0,0.0,1.0
9351,2018-12-10,Everton,Watford,0.3873,0.2781,0.3346,2,1,12,8,1.7268561013042925,0.7716786628589032,1,0,1.0,2.0,8.0,1.0,1.0,1,0,15,8,1.6327410396188498,0.824293904006481,1,0,2.0,0.0,11.0,0.0,2.0
9361,2018-12-15,Manchester City,Everton,0.4129,0.2665,0.3206,3,3,13,11,1.803833531215787,1.6598682962357998,1,0,0.0,2.0,9.0,0.0,2.0,1,1,9,8,1.6235017683356998,1.5915001910179851,2,0,0.0,1.0,8.0,0.0,0.0
9357,2018-12-15,Wolverhampton Wanderers,Bournemouth,0.8068,0.1426,0.0506,2,2,10,7,2.0828457958996296,1.918794073164463,1,0,0.0,1.0,9.0,0.0,0.0,0,0,13,10,0.5271227238699789,0.4237527186051006,2,0,1.0,1.0,11.0,0.0,0.0
9358,2018-12-15,Watford,Cardiff City,0.6894,0.2197,0.0909,3,3,17,12,1.6506111212074752,1.3536254093050957,0,0,1.0,0.0,14.0,0.0,2.0,2,1,10,6,0.4956191908568141,0.1905334973707794,0,0,0.0,0.0,10.0,0.0,0.0
9359,2018-12-15,Tottenham Hotspur,Burnley,0.7347,0.1986,0.0667,1,1,15,12,1.7503954023122787,1.5667271763086317,0,0,0.0,6.0,9.0,0.0,0.0,0,0,4,4,0.4511959059163926,0.4511959059163926,2,0,0.0,0.0,3.0,0.0,1.0
9363,2018-12-15,Huddersfield Town,Newcastle United,0.2285,0.3454,0.4261,0,0,15,13,0.6713820127770302,0.6196437776088711,1,0,1.0,4.0,8.0,0.0,2.0,1,1,8,5,0.935076119378209,0.8736570030450821,1,0,1.0,0.0,6.0,0.0,1.0
9365,2018-12-15,Crystal Palace,Leicester City,0.1453,0.367,0.4877,1,1,8,6,0.3969800062477586,0.2978016044944523,2,0,0.0,0.0,6.0,0.0,2.0,0,0,12,7,0.8953059194609521,0.7352658519521353,1,0,0.0,1.0,11.0,0.0,0.0
9364,2018-12-15,Fulham,West Ham United,0.4155,0.3443,0.2402,0,0,16,11,1.0343352220952509,0.9292334001511332,2,0,0.0,3.0,11.0,0.0,2.0,2,2,6,6,0.7532491087913511,0.7532499134540557,1,0,0.0,1.0,5.0,0.0,0.0
9360,2018-12-16,Southampton,Arsenal,0.1931,0.2571,0.5498,3,3,12,11,1.2116278912872074,1.199362501502037,3,0,0.0,2.0,9.0,0.0,1.0,2,2,13,12,1.8693948499858375,1.2433001212775705,1,0,0.0,2.0,11.0,0.0,0.0
9366,2018-12-16,Brighton,Chelsea,0.0305,0.1689,0.8006,1,1,6,4,0.2612602971494195,0.1917397975921629,2,0,1.0,1.0,4.0,0.0,0.0,2,2,10,9,1.6111043067649005,1.5277455486357212,2,0,2.0,1.0,7.0,0.0,0.0
9362,2018-12-16,Liverpool,Manchester United,0.8365,0.1248,0.0387,3,1,36,21,2.64381237886846,1.336527726612985,0,0,0.0,6.0,27.0,0.0,3.0,1,0,6,5,0.6580493990331886,0.1256389003247021,2,0,0.0,0.0,5.0,0.0,1.0
9367,2018-12-21,Wolverhampton Wanderers,Liverpool,0.0939,0.1736,0.7325,0,0,11,8,0.7638214137405155,0.3851933963596818,0,0,0.0,1.0,10.0,0.0,0.0,2,2,15,12,2.163554828613996,1.6356443502008913,0,0,0.0,4.0,10.0,0.0,1.0
9376,2018-12-22,Arsenal,Burnley,0.4621,0.3058,0.2321,3,2,11,7,1.585041131824255,0.8402883037924764,2,0,1.0,0.0,10.0,0.0,0.0,1,1,7,4,1.0323701258748768,0.98597951605916,5,0,0.0,0.0,6.0,0.0,1.0
9368,2018-12-22,West Ham United,Watford,0.3177,0.2394,0.4429,0,0,18,12,2.082916401326656,1.315657529979944,3,0,2.0,4.0,11.0,0.0,1.0,2,1,11,6,2.329834271222353,1.3296343125402923,2,0,0.0,1.0,9.0,1.0,0.0
9369,2018-12-22,Newcastle United,Fulham,0.2016,0.6266,0.1718,0,0,9,5,0.2895080195739862,0.198470402508974,1,0,0.0,2.0,5.0,0.0,2.0,0,0,4,3,0.2454074956476687,0.1924177035689353,2,0,1.0,0.0,3.0,0.0,0.0
9370,2018-12-22,Manchester City,Crystal Palace,0.3514,0.3252,0.3234,2,2,19,15,1.282408340834081,1.1617200002074235,0,0,1.0,3.0,14.0,0.0,1.0,3,1,5,3,1.146087810397148,0.3736398071050643,4,0,0.0,0.0,3.0,1.0,1.0
9371,2018-12-22,Huddersfield Town,Southampton,0.0728,0.1483,0.7789,1,1,16,11,1.0073334909975526,0.4524701796472069,2,0,0.0,4.0,12.0,0.0,0.0,3,2,13,10,2.601712653413415,1.7920145969837902,3,0,0.0,2.0,10.0,1.0,0.0
9373,2018-12-22,Chelsea,Leicester City,0.8557,0.1102,0.0341,0,0,17,12,2.40553124435246,1.7253585569560528,0,0,0.0,4.0,13.0,0.0,0.0,1,1,8,6,0.4568834081292149,0.312640191055834,2,0,0.0,0.0,7.0,0.0,1.0
9375,2018-12-22,Bournemouth,Brighton,0.3478,0.3434,0.3088,2,2,14,10,0.8925012014806266,0.6958851926028724,2,0,2.0,1.0,9.0,0.0,2.0,0,0,10,8,0.8254785798490047,0.7373165972530841,0,1,1.0,1.0,7.0,0.0,1.0
9374,2018-12-22,Cardiff City,Manchester United,0.0866,0.1746,0.7388,1,0,9,6,1.2717356011271477,0.4245499074459073,2,0,1.0,1.0,4.0,1.0,2.0,5,3,17,12,2.725236516445875,1.7206470910459757,1,0,1.0,4.0,11.0,1.0,0.0
9372,2018-12-23,Everton,Tottenham Hotspur,0.0787,0.1584,0.7629,2,2,10,7,1.001211980357766,0.9058204051107168,0,0,0.0,1.0,9.0,0.0,0.0,6,2,17,10,2.584848426282406,1.562766699120402,2,0,3.0,0.0,13.0,0.0,1.0
9383,2018-12-26,Fulham,Wolverhampton Wanderers,0.304,0.3214,0.3746,1,0,11,9,1.276897307485342,0.4506096988916394,2,0,0.0,2.0,8.0,0.0,1.0,1,0,14,10,1.358961031772196,0.4275818932801483,1,0,0.0,0.0,14.0,0.0,0.0
9378,2018-12-26,Tottenham Hotspur,Bournemouth,0.6496,0.2215,0.1289,5,4,10,8,2.234567755833268,1.2243449334055183,2,0,1.0,0.0,9.0,0.0,0.0,0,0,14,13,1.2173624737188216,1.1998028755187986,1,0,0.0,2.0,12.0,0.0,0.0
9380,2018-12-26,Manchester United,Huddersfield Town,0.4581,0.2864,0.2555,3,2,16,11,1.7984840311110015,0.8679877910763024,1,0,2.0,2.0,12.0,0.0,0.0,1,1,10,8,1.405940254218876,1.360874347388744,1,0,0.0,1.0,8.0,0.0,1.0
9381,2018-12-26,Liverpool,Newcastle United,0.9522,0.039,0.0088,4,2,16,11,3.2498835790902376,2.1627219300717115,0,0,1.0,4.0,10.0,1.0,0.0,0,0,6,4,0.4563088994473216,0.4106099903583526,0,0,0.0,0.0,5.0,0.0,1.0
9382,2018-12-26,Leicester City,Manchester City,0.4097,0.2791,0.3112,2,1,10,8,1.5571444053202863,1.2168938182294369,2,0,0.0,1.0,8.0,0.0,1.0,1,1,11,10,1.3486670088022945,1.3212776221334932,2,1,0.0,0.0,11.0,0.0,0.0
9384,2018-12-26,Crystal Palace,Cardiff City,0.6924,0.1858,0.1218,0,0,31,26,2.4541787207126613,1.909338176250457,0,0,1.0,7.0,23.0,0.0,0.0,0,0,9,7,1.059258220717311,0.6663940995931624,3,0,0.0,1.0,8.0,0.0,0.0
9385,2018-12-26,Burnley,Everton,0.3577,0.2966,0.3457,1,0,11,6,1.900908672250807,0.8937487080693243,2,0,1.0,4.0,3.0,0.0,3.0,5,3,13,8,1.887499025091529,0.8636096771806475,4,0,1.0,4.0,7.0,1.0,0.0
9386,2018-12-26,Brighton,Arsenal,0.544,0.314,0.142,1,0,12,9,1.3850208204239602,0.4175418997183439,2,0,0.0,1.0,11.0,0.0,0.0,1,1,7,7,0.7891377992928027,0.7891371995210645,1,0,0.0,1.0,6.0,0.0,0.0
9377,2018-12-26,Watford,Chelsea,0.1425,0.2192,0.6383,1,1,11,8,1.2463619150221346,0.7109023127704857,1,0,0.0,4.0,7.0,0.0,0.0,2,1,10,10,2.1955988872796293,1.4154959991574287,0,0,0.0,1.0,8.0,1.0,0.0
9379,2018-12-27,Southampton,West Ham United,0.3432,0.3622,0.2946,1,0,11,7,2.25942737236619,0.7811089865863323,2,0,0.0,1.0,10.0,0.0,0.0,2,1,16,11,1.275807376950979,1.0730651803314684,0,0,0.0,1.0,14.0,0.0,1.0
9387,2018-12-29,Watford,Newcastle United,0.4304,0.3561,0.2135,1,1,12,7,1.0556559842079871,0.7696380969136952,1,0,3.0,1.0,7.0,0.0,1.0,1,1,8,8,0.6617127489298579,0.6617130488157269,2,0,0.0,2.0,4.0,0.0,2.0
9388,2018-12-29,Tottenham Hotspur,Wolverhampton Wanderers,0.0684,0.2722,0.6594,1,1,10,8,0.2777043953537937,0.1994417030364273,3,0,1.0,2.0,7.0,0.0,0.0,3,3,11,10,1.2086672810837622,1.1924738045781849,2,0,0.0,3.0,7.0,0.0,1.0
9392,2018-12-29,Leicester City,Cardiff City,0.6872,0.2287,0.0841,0,0,16,11,1.5164782032370565,0.6409205961972473,0,0,1.0,3.0,11.0,1.0,0.0,1,1,12,6,0.4938463978469369,0.2541180010884998,2,0,1.0,1.0,10.0,0.0,0.0
9393,2018-12-29,Fulham,Huddersfield Town,0.8099,0.1524,0.0377,1,1,14,13,1.726457640528679,0.9652880877256392,3,0,0.0,2.0,10.0,1.0,1.0,0,0,9,5,0.2767910026013848,0.137051301077008,1,0,0.0,0.0,8.0,0.0,1.0
9396,2018-12-29,Brighton,Everton,0.6497,0.2319,0.1184,1,0,11,5,1.6041623912751672,0.7953647039830682,0,0,1.0,1.0,7.0,0.0,2.0,0,0,13,8,0.6588379973545666,0.4441608944907782,2,0,1.0,1.0,10.0,0.0,1.0
9391,2018-12-29,Liverpool,Arsenal,0.9334,0.0538,0.0128,5,1,15,9,3.7105801720172167,1.1134782154113054,1,0,0.0,0.0,13.0,2.0,0.0,1,1,8,7,1.0818626098334787,1.0263660904020069,2,0,0.0,0.0,8.0,0.0,0.0
9394,2018-12-30,Crystal Palace,Chelsea,0.0869,0.4294,0.4837,0,0,4,4,0.1990023031830786,0.1990023031830786,0,0,0.0,0.0,3.0,0.0,1.0,1,1,12,9,0.741471206769347,0.617147723212838,1,0,1.0,2.0,8.0,0.0,1.0
9389,2018-12-30,Southampton,Manchester City,0.0081,0.0472,0.9447,1,0,5,4,0.2213805988430975,0.1430647950619459,2,1,0.0,2.0,3.0,0.0,1.0,2,2,14,13,2.968028206378221,2.894443802535533,3,0,0.0,1.0,11.0,0.0,2.0
9395,2018-12-30,Burnley,West Ham United,0.8832,0.0875,0.0293,2,2,17,14,2.8988364562392235,2.810763381421566,1,0,0.0,1.0,14.0,0.0,2.0,0,0,11,7,0.6572734862565992,0.5189413940533993,4,0,0.0,5.0,6.0,0.0,0.0
9390,2018-12-30,Manchester United,Bournemouth,0.9448,0.0434,0.0118,4,4,11,10,3.447592996060848,3.061796225607395,2,1,0.0,0.0,11.0,0.0,0.0,1,1,7,6,0.7055499870330094,0.6689778864383696,0,0,0.0,2.0,5.0,0.0,0.0
9402,2019-01-01,Everton,Leicester City,0.3767,0.3704,0.2529,0,0,17,11,0.8774760123342273,0.5562116019427774,3,0,2.0,3.0,10.0,0.0,2.0,1,1,8,7,0.6441435143351554,0.6334015130996702,1,0,0.0,1.0,7.0,0.0,0.0
9406,2019-01-01,Arsenal,Fulham,0.8899,0.0727,0.0374,4,3,16,14,4.437006331980228,3.9277998246252537,0,0,0.0,1.0,15.0,0.0,0.0,1,1,9,8,1.7131198151037097,1.6487870328128338,1,0,1.0,1.0,7.0,0.0,0.0
9404,2019-01-01,Cardiff City,Tottenham Hotspur,0.2456,0.3529,0.4015,0,0,5,4,1.0789007153362034,1.0019914172589777,1,0,0.0,2.0,3.0,0.0,0.0,3,2,13,9,1.392256423830986,1.0280685909092426,0,0,0.0,2.0,11.0,0.0,0.0
9397,2019-01-02,Wolverhampton Wanderers,Crystal Palace,0.0669,0.1954,0.7377,0,0,9,7,0.6994910007342692,0.6763986982405183,4,0,0.0,2.0,6.0,0.0,1.0,2,1,17,8,1.94785500690341,0.8453575205057859,1,0,0.0,5.0,10.0,1.0,1.0
9398,2019-01-02,West Ham United,Brighton,0.2824,0.398,0.3196,2,2,13,11,0.6393555868417022,0.5601821858435865,0,0,0.0,1.0,12.0,0.0,0.0,2,1,13,11,0.6868062913417813,0.5940061062574384,1,0,0.0,5.0,8.0,0.0,0.0
9401,2019-01-02,Huddersfield Town,Burnley,0.0374,0.1019,0.8607,1,1,9,8,0.6218171846121547,0.5860890932381151,0,1,1.0,2.0,6.0,0.0,0.0,2,2,16,12,2.6800355091691013,2.457287147641182,4,1,1.0,1.0,10.0,0.0,4.0
9403,2019-01-02,Chelsea,Southampton,0.5363,0.4009,0.0628,0,0,17,13,0.8507918026298282,0.7008520085364576,1,0,2.0,2.0,12.0,0.0,1.0,0,0,6,3,0.1581677030771968,0.0479495991021393,2,0,1.0,0.0,5.0,0.0,0.0
9405,2019-01-02,Bournemouth,Watford,0.8085,0.1335,0.058,3,2,25,17,3.0536882607266307,2.057991806417704,1,0,0.0,3.0,18.0,0.0,4.0,3,2,11,9,0.9790322072803972,0.399806282483041,4,0,0.0,0.0,10.0,0.0,1.0
9399,2019-01-02,Newcastle United,Manchester United,0.0437,0.1078,0.8485,0,0,14,13,0.6918774032965301,0.6708438908681269,1,0,0.0,0.0,12.0,0.0,2.0,2,1,16,11,2.701798852533102,1.842768996953964,2,0,3.0,0.0,11.0,0.0,2.0
9400,2019-01-03,Manchester City,Liverpool,0.2479,0.2928,0.4593,2,2,9,6,1.0035739820450542,0.5761995017528533,4,0,0.0,0.0,9.0,0.0,0.0,1,1,7,4,1.3800953812897203,1.1958144754171371,2,0,0.0,1.0,5.0,0.0,1.0
9407,2019-01-12,West Ham United,Arsenal,0.2969,0.3992,0.3039,1,1,11,10,0.6693942919373508,0.6285501960664986,0,0,0.0,4.0,6.0,0.0,1.0,0,0,11,7,0.7038768976926801,0.5393418967723844,2,0,0.0,0.0,11.0,0.0,0.0
9410,2019-01-12,Leicester City,Southampton,0.4491,0.2858,0.2651,1,1,23,19,1.7598280310630796,1.0824314840137956,2,0,1.0,3.0,17.0,0.0,2.0,2,0,8,5,1.416594102978706,0.3204199075698851,1,1,0.0,3.0,4.0,1.0,0.0
9412,2019-01-12,Crystal Palace,Watford,0.263,0.2643,0.4727,0,0,15,10,1.161696184426546,0.6580972056835886,1,0,0.0,3.0,11.0,0.0,1.0,2,1,16,9,1.6933010909706354,0.694855399429798,4,0,2.0,3.0,9.0,0.0,3.0
9414,2019-01-12,Cardiff City,Huddersfield Town,0.0799,0.6146,0.3055,0,0,3,3,0.1245585028082131,0.0435860995203256,3,0,0.0,0.0,3.0,0.0,0.0,0,0,14,12,0.394679898396134,0.2901409016922114,1,0,0.0,2.0,11.0,0.0,1.0
9415,2019-01-12,Burnley,Fulham,0.2905,0.3669,0.3426,1,1,11,8,0.8103426974266765,0.7405876219272611,1,0,0.0,1.0,10.0,0.0,0.0,1,1,12,11,0.9032545145601032,0.8644887004047629,2,0,0.0,1.0,10.0,0.0,2.0
9416,2019-01-12,Brighton,Liverpool,0.023,0.1003,0.8767,0,0,7,6,0.3841982018202541,0.372594691812992,0,0,0.0,0.0,6.0,0.0,1.0,1,0,10,9,2.266493439674377,1.50532728433609,0,0,0.0,2.0,7.0,1.0,0.0
9413,2019-01-12,Chelsea,Newcastle United,0.6344,0.2725,0.0931,2,2,10,9,1.323550270870328,1.2765245884656904,1,0,1.0,0.0,8.0,0.0,1.0,1,1,9,8,0.395147702656686,0.3845701925456522,1,0,0.0,1.0,8.0,0.0,0.0
9411,2019-01-13,Everton,Bournemouth,0.4406,0.2567,0.3027,2,2,15,11,1.7821763083338735,1.2092779949307442,5,0,1.0,4.0,8.0,0.0,2.0,0,0,16,11,1.5368590913712976,1.2162042949348684,0,0,1.0,6.0,8.0,0.0,1.0
9408,2019-01-13,Tottenham Hotspur,Manchester United,0.5867,0.2316,0.1817,0,0,21,16,1.8035929873585697,1.5599193815141912,1,0,2.0,4.0,15.0,0.0,0.0,1,1,13,9,0.9611729979515072,0.6844722032546997,2,0,0.0,1.0,12.0,0.0,0.0
9409,2019-01-14,Manchester City,Wolverhampton Wanderers,0.981,0.0181,0.0009,2,1,24,20,3.1194694433361287,2.2505629211664195,1,0,0.0,2.0,21.0,1.0,0.0,0,0,3,2,0.0985447028651833,0.0855283029377459,0,1,0.0,1.0,3.0,0.0,0.0
9417,2019-01-19,Wolverhampton Wanderers,Leicester City,0.6009,0.2099,0.1892,4,4,12,11,2.2171860411763187,2.190001349896192,3,0,0.0,4.0,9.0,0.0,0.0,2,2,16,11,1.3425473049283023,1.0040405048057437,3,0,0.0,1.0,13.0,0.0,2.0
9418,2019-01-19,Watford,Burnley,0.1581,0.2318,0.6101,0,0,9,8,1.0698139071464536,1.059382081031799,1,0,0.0,0.0,9.0,0.0,0.0,0,0,12,8,1.9733591815456744,1.27146908827126,2,0,1.0,3.0,8.0,0.0,0.0
9419,2019-01-19,Southampton,Everton,0.2707,0.2944,0.4349,1,0,11,9,1.0600843038409948,1.0210990160703657,2,0,0.0,3.0,8.0,0.0,0.0,1,1,7,6,1.3116849958896637,1.300573006272316,1,0,0.0,0.0,8.0,0.0,0.0
9420,2019-01-19,Newcastle United,Cardiff City,0.93,0.0597,0.0103,3,3,16,15,2.537241810001433,2.516778066754341,0,0,0.0,4.0,12.0,0.0,0.0,0,0,9,6,0.2557274028658866,0.1998355984687801,1,0,0.0,4.0,4.0,0.0,1.0
9421,2019-01-19,Manchester United,Brighton,0.8583,0.107,0.0347,2,1,20,14,2.640055956318974,1.5625225398689504,1,0,2.0,5.0,12.0,1.0,0.0,1,1,7,6,0.6351112127304075,0.5786608085036277,0,0,0.0,1.0,4.0,0.0,2.0
9422,2019-01-19,Liverpool,Crystal Palace,0.8844,0.087,0.0286,4,2,19,16,2.839053027331829,1.3025111239403482,0,1,0.0,4.0,14.0,0.0,1.0,3,3,9,7,0.6952118985354897,0.5626431852579113,1,0,0.0,1.0,7.0,0.0,1.0
9425,2019-01-19,Bournemouth,West Ham United,0.4159,0.3387,0.2454,2,1,10,6,1.2570788171142335,0.9101248905062675,0,0,0.0,0.0,8.0,0.0,2.0,0,0,9,6,1.0504615819081662,0.9401594772934914,1,0,0.0,0.0,9.0,0.0,0.0
9426,2019-01-19,Arsenal,Chelsea,0.7194,0.1851,0.0955,2,2,13,11,2.0941227227449417,1.9524285960942505,0,0,0.0,3.0,8.0,0.0,2.0,0,0,13,12,0.7553039826452731,0.735532889142632,2,0,0.0,2.0,11.0,0.0,0.0
9423,2019-01-20,Huddersfield Town,Manchester City,0.0793,0.2075,0.7132,0,0,5,4,0.764263216406107,0.1753938999027012,2,0,0.0,0.0,5.0,0.0,0.0,3,3,12,12,2.013761304318905,2.0137608908116817,2,0,0.0,3.0,9.0,0.0,0.0
9424,2019-01-20,Fulham,Tottenham Hotspur,0.1402,0.2116,0.6482,0,0,12,9,0.937901213765144,0.7849476132541893,2,0,0.0,4.0,8.0,0.0,0.0,2,2,14,12,1.9331562239676712,1.8747620359063148,3,0,0.0,4.0,10.0,0.0,1.0
9427,2019-01-29,Wolverhampton Wanderers,West Ham United,0.873,0.1141,0.0129,3,3,20,14,2.0373161882162094,1.794639393687248,4,0,1.0,3.0,13.0,0.0,3.0,0,0,4,1,0.130179202184081,0.0311383008956909,1,0,0.0,0.0,4.0,0.0,0.0
9428,2019-01-29,Huddersfield Town,Everton,0.2139,0.3407,0.4454,0,0,10,9,0.730779488570988,0.5787935042753811,1,0,1.0,1.0,8.0,0.0,0.0,1,0,10,7,1.2376057151705024,0.6782801020890471,4,1,2.0,2.0,6.0,0.0,0.0
9429,2019-01-29,Fulham,Brighton,0.6302,0.1896,0.1802,4,2,24,17,3.743199909105897,2.391610790044069,2,0,0.0,4.0,20.0,0.0,0.0,2,2,15,7,2.469307246617973,0.9397178813815116,3,0,0.0,1.0,10.0,0.0,4.0
9431,2019-01-29,Arsenal,Cardiff City,0.8655,0.099,0.0355,2,1,15,13,2.693388876505196,1.8343958929181092,3,0,0.0,2.0,12.0,1.0,0.0,1,1,19,14,0.599170004948973,0.3712413962930437,3,0,1.0,3.0,14.0,0.0,1.0
9432,2019-01-29,Manchester United,Burnley,0.8756,0.0929,0.0315,2,0,28,20,3.2785930093377824,1.716993916779756,1,0,1.0,11.0,15.0,1.0,0.0,2,2,6,6,0.9346041008830068,0.9346031993627546,3,0,0.0,1.0,5.0,0.0,0.0
9434,2019-01-29,Newcastle United,Manchester City,0.2475,0.3338,0.4187,2,1,7,4,0.9923260221257804,0.1877121999859808,2,0,0.0,1.0,4.0,1.0,1.0,1,1,12,7,1.3411436676979065,0.9418932199478148,3,0,1.0,4.0,5.0,0.0,2.0
9430,2019-01-30,Bournemouth,Chelsea,0.7485,0.1734,0.0781,4,4,12,10,2.1689334884285927,1.9985005743801596,1,0,0.0,0.0,10.0,0.0,2.0,0,0,11,12,0.7188730165362355,0.7188721895217892,0,0,0.0,2.0,9.0,0.0,0.0
9433,2019-01-30,Southampton,Crystal Palace,0.2951,0.284,0.4209,1,1,13,9,1.3325679758563638,0.815587713383138,2,0,0.0,0.0,11.0,0.0,2.0,1,1,15,11,1.5329375788569448,0.9720802977681158,2,1,0.0,5.0,9.0,0.0,1.0
9435,2019-01-30,Tottenham Hotspur,Watford,0.6509,0.2545,0.0946,2,2,17,12,1.3633501827716823,0.4757685083895919,0,0,1.0,2.0,13.0,0.0,1.0,1,0,9,6,0.4798380043357608,0.3072246983647345,4,0,0.0,2.0,6.0,0.0,1.0
9436,2019-01-30,Liverpool,Leicester City,0.1553,0.3129,0.5318,1,0,10,7,0.5763359982520339,0.4320479035377501,1,0,1.0,3.0,6.0,0.0,0.0,1,1,5,3,1.127200473099947,0.9587504751980304,3,0,0.0,0.0,2.0,0.0,3.0
9438,2019-02-02,Tottenham Hotspur,Newcastle United,0.9411,0.0473,0.0116,1,1,21,18,3.1631740368902683,2.779921025037765,0,0,0.0,7.0,12.0,0.0,2.0,0,0,8,4,0.4106489997357126,0.2455603033304212,1,0,0.0,2.0,6.0,0.0,0.0
9441,2019-02-02,Everton,Wolverhampton Wanderers,0.2284,0.2697,0.5019,1,1,13,8,1.3642828781157728,1.1444904748350375,3,0,1.0,1.0,8.0,0.0,3.0,3,1,8,6,1.9026275454089043,0.973253353498876,1,0,0.0,0.0,6.0,1.0,1.0
9442,2019-02-02,Crystal Palace,Fulham,0.8331,0.1324,0.0345,2,0,17,10,2.260557927191257,0.6045859903097153,2,0,1.0,6.0,9.0,1.0,0.0,0,0,8,7,0.5611876947805283,0.5330419307574628,3,0,0.0,1.0,7.0,0.0,0.0
9443,2019-02-02,Chelsea,Huddersfield Town,0.9474,0.0465,0.0061,5,4,23,19,2.944340523332357,2.0949015021324158,0,0,0.0,4.0,18.0,1.0,0.0,0,0,5,5,0.2603913992643354,0.2603908963501451,0,0,0.0,1.0,4.0,0.0,0.0
9445,2019-02-02,Burnley,Southampton,0.6988,0.2056,0.0956,1,0,15,11,2.038217213004827,0.7370261698961257,3,0,0.0,3.0,10.0,1.0,1.0,1,1,10,10,0.7877472927793857,0.78774768859148,1,0,0.0,0.0,10.0,0.0,0.0
9446,2019-02-02,Brighton,Watford,0.7904,0.17,0.0396,0,0,21,20,1.8352828659117215,1.791589736938476,1,0,0.0,4.0,13.0,0.0,4.0,0,0,5,4,0.2792970985174178,0.2410737983882426,0,0,0.0,0.0,5.0,0.0,0.0
9444,2019-02-02,Cardiff City,Bournemouth,0.9113,0.073,0.0157,2,1,12,9,2.534555394202471,1.6403223164379597,1,0,0.0,2.0,8.0,1.0,1.0,0,0,9,8,0.3519903011620042,0.3040945064276454,2,0,0.0,2.0,6.0,0.0,1.0
9440,2019-02-03,Leicester City,Manchester United,0.3341,0.2808,0.3851,0,0,17,10,1.4075479879975314,0.9697758983820676,4,0,2.0,3.0,10.0,0.0,2.0,1,1,10,9,1.4971662461757658,1.4427922889590263,4,0,0.0,1.0,9.0,0.0,0.0
9439,2019-02-03,Manchester City,Arsenal,0.9499,0.0446,0.0055,3,3,19,13,3.031023144721985,2.8206409960985184,1,0,1.0,3.0,14.0,0.0,1.0,1,1,4,4,0.7035418264567851,0.7035418264567851,1,0,0.0,1.0,3.0,0.0,0.0
9437,2019-02-04,West Ham United,Liverpool,0.2378,0.3212,0.441,1,1,13,9,0.7920103128999468,0.6901580095291137,1,0,1.0,1.0,5.0,0.0,6.0,1,1,11,9,1.124750722199678,1.0344434846192596,1,0,0.0,1.0,8.0,0.0,2.0
9461,2019-02-06,Everton,Manchester City,0.0028,0.0398,0.9574,0,0,4,1,0.1115586981177328,0.0236633997410535,1,0,1.0,2.0,1.0,0.0,0.0,2,1,15,8,2.866377947852015,1.3460936062037945,1,0,0.0,2.0,12.0,0.0,1.0
9447,2019-02-09,Fulham,Manchester United,0.3899,0.256,0.3541,0,0,15,7,2.272671833634376,1.3828130308538673,3,0,0.0,2.0,10.0,0.0,3.0,3,2,15,10,2.136764019727707,0.7766997143626211,2,0,0.0,2.0,12.0,1.0,0.0
9448,2019-02-09,Crystal Palace,West Ham United,0.5987,0.2197,0.1816,1,1,25,17,2.68510949332267,2.3671345533803105,3,0,1.0,6.0,16.0,0.0,2.0,1,0,6,5,1.7471079900860786,0.985939845442772,0,0,0.0,0.0,4.0,1.0,1.0
9451,2019-02-09,Watford,Everton,0.6611,0.2365,0.1024,1,1,7,5,1.5331104397773745,1.4336018413305285,2,0,0.0,2.0,4.0,0.0,1.0,0,0,9,6,0.6410937123000618,0.5000399909913539,0,1,1.0,0.0,6.0,0.0,2.0
9453,2019-02-09,Southampton,Cardiff City,0.5862,0.3001,0.1137,1,1,14,11,1.8649999666959045,1.308362731710076,3,0,1.0,3.0,9.0,0.0,1.0,2,2,6,4,1.006807981058955,0.979283694177866,3,0,0.0,2.0,3.0,0.0,1.0
9455,2019-02-09,Liverpool,Bournemouth,0.8738,0.0978,0.0284,3,3,20,18,2.5454369783401485,2.3527382835745807,2,0,0.0,3.0,16.0,0.0,1.0,0,0,12,7,0.3922956902533766,0.2524820873513816,2,0,0.0,2.0,10.0,0.0,0.0
9456,2019-02-09,Huddersfield Town,Arsenal,0.5008,0.266,0.2332,1,0,16,10,1.981781704351306,0.9978299094364044,3,0,0.0,4.0,12.0,0.0,0.0,2,2,9,7,1.4675055891275404,1.374679625034332,2,0,0.0,0.0,9.0,0.0,0.0
9449,2019-02-09,Brighton,Burnley,0.2274,0.2599,0.5127,1,1,16,12,1.3161390274763105,1.137246575206518,1,0,0.0,4.0,8.0,0.0,4.0,3,2,9,5,1.8304095491766927,0.561829915270209,1,0,0.0,1.0,6.0,1.0,1.0
9452,2019-02-10,Tottenham Hotspur,Leicester City,0.0752,0.1331,0.7917,3,3,12,9,1.2114416025578971,1.0843233913183212,3,0,0.0,2.0,10.0,0.0,0.0,1,1,20,19,3.0216408893466,2.2604804318398237,1,0,0.0,5.0,13.0,1.0,1.0
9454,2019-02-10,Manchester City,Chelsea,0.9439,0.0428,0.0133,6,2,15,10,4.042173441499472,2.2195544689893723,1,0,1.0,1.0,10.0,1.0,2.0,0,0,12,10,0.9018676923587916,0.769638385623693,2,0,1.0,0.0,11.0,0.0,0.0
9450,2019-02-11,Wolverhampton Wanderers,Newcastle United,0.8557,0.113,0.0313,1,1,22,16,2.339320123195648,1.813286270946264,1,0,0.0,6.0,16.0,0.0,0.0,1,1,9,8,0.4352628095075483,0.4231645986437794,3,0,0.0,0.0,8.0,0.0,1.0
9457,2019-02-22,West Ham United,Fulham,0.7529,0.1775,0.0696,3,3,21,16,2.798129484057426,2.568427726626396,1,0,0.0,9.0,11.0,0.0,1.0,1,0,8,5,1.235550723969936,0.2029707003384828,1,0,0.0,0.0,8.0,0.0,0.0
9463,2019-02-22,Cardiff City,Watford,0.1667,0.2325,0.6008,1,0,15,8,2.379733378067612,0.6342630786821246,1,0,1.0,4.0,10.0,0.0,0.0,5,5,12,10,2.757977806031704,2.6632803278043866,2,0,2.0,0.0,9.0,0.0,1.0
9464,2019-02-23,Burnley,Tottenham Hotspur,0.4136,0.3404,0.246,2,2,10,7,1.147896397858858,1.0015338994562624,1,0,1.0,2.0,6.0,0.0,1.0,1,1,17,14,0.8452111966907974,0.7202328946441408,3,0,0.0,4.0,12.0,0.0,1.0
9458,2019-02-23,Newcastle United,Huddersfield Town,0.9536,0.0412,0.0052,2,2,29,26,3.03312898427248,2.840986726805568,2,0,0.0,6.0,22.0,0.0,1.0,0,0,3,3,0.1339342035353182,0.1339342035353182,0,1,0.0,0.0,2.0,0.0,1.0
9465,2019-02-23,Bournemouth,Wolverhampton Wanderers,0.6443,0.2451,0.1106,1,0,10,6,2.1332229524850845,0.5810656892135737,4,0,0.0,4.0,4.0,2.0,0.0,1,0,10,8,1.2028599940240383,0.4170465897768732,5,0,0.0,4.0,5.0,1.0,0.0
9460,2019-02-23,Leicester City,Crystal Palace,0.1775,0.2585,0.564,1,1,27,21,0.9518259949982164,0.7231124900281425,2,0,2.0,2.0,22.0,0.0,1.0,4,3,7,5,1.5782086923718452,0.7916034888476131,1,0,0.0,0.0,5.0,1.0,1.0
9459,2019-02-24,Manchester United,Liverpool,0.2798,0.5016,0.2186,0,0,6,6,0.47486849501729,0.4748693965375422,1,0,0.0,1.0,4.0,0.0,1.0,0,0,7,6,0.3805186795070766,0.2354754973202943,3,0,1.0,3.0,2.0,0.0,1.0
9466,2019-02-24,Arsenal,Southampton,0.8272,0.1262,0.0466,2,1,12,10,2.350873254239559,1.944663621485233,0,0,0.0,2.0,10.0,0.0,0.0,0,0,10,7,0.6131665986031292,0.5370912142097949,0,0,0.0,2.0,6.0,0.0,2.0
9467,2019-02-26,Leicester City,Brighton,0.5573,0.236,0.2067,2,2,19,15,1.9420063709840176,1.733323118649423,1,0,0.0,2.0,17.0,0.0,0.0,1,0,15,8,1.206110139377415,0.9120712317526338,1,0,1.0,5.0,8.0,0.0,1.0
9468,2019-02-26,Huddersfield Town,Wolverhampton Wanderers,0.6423,0.2569,0.1008,1,0,15,10,1.5372901652008293,0.6702509038150306,2,0,0.0,2.0,12.0,0.0,1.0,0,0,7,6,0.5731668081134556,0.5363924978300928,2,0,0.0,1.0,5.0,0.0,1.0
9469,2019-02-26,Cardiff City,Everton,0.0617,0.2932,0.6451,0,0,6,4,0.2193587999790905,0.1866375952959059,3,0,0.0,0.0,6.0,0.0,0.0,3,2,12,10,1.1600630935281513,1.021292701363563,1,0,0.0,2.0,10.0,0.0,0.0
9473,2019-02-26,Newcastle United,Burnley,0.3377,0.2839,0.3784,2,1,13,12,1.703125827014446,1.1605346472933884,1,0,0.0,2.0,11.0,0.0,0.0,0,0,12,7,1.749189175665378,0.790479604154825,3,0,0.0,6.0,5.0,0.0,1.0
9470,2019-02-27,Arsenal,Bournemouth,0.8694,0.0909,0.0397,5,4,16,14,3.187156558036804,3.0494481194764376,2,0,1.0,2.0,12.0,0.0,1.0,1,1,13,9,0.8908317163586613,0.7197311148047445,2,0,1.0,1.0,11.0,0.0,0.0
9472,2019-02-27,Southampton,Fulham,0.4445,0.3206,0.2349,2,0,14,11,1.1811266783624883,0.6276066023856397,0,0,1.0,2.0,9.0,0.0,2.0,0,0,14,8,0.8125588959082958,0.5441574975848196,1,0,0.0,1.0,13.0,0.0,0.0
9471,2019-02-27,Crystal Palace,Manchester United,0.4075,0.2706,0.3219,1,1,17,16,1.6933404766023157,1.645338660106063,2,0,1.0,3.0,12.0,0.0,1.0,3,3,13,9,1.540891384705901,1.3146179914474485,3,0,2.0,3.0,8.0,0.0,0.0
9474,2019-02-27,Chelsea,Tottenham Hotspur,0.2461,0.3949,0.359,1,1,11,7,0.6259778095409273,0.4748797994107004,1,0,1.0,1.0,9.0,0.0,0.0,0,0,9,8,0.722229082137346,0.7077467963099477,1,0,0.0,1.0,8.0,0.0,1.0
9475,2019-02-27,Manchester City,West Ham United,0.9834,0.0149,0.0017,1,0,20,15,4.027619767934084,2.538317989557981,0,0,0.0,4.0,15.0,1.0,0.0,0,0,2,2,0.4001249969005584,0.4001253098249435,2,0,0.0,0.0,2.0,0.0,0.0
9476,2019-02-27,Liverpool,Watford,0.8634,0.1053,0.0313,5,5,19,9,2.7444092631340022,2.161658566445112,0,0,0.0,1.0,15.0,0.0,3.0,0,0,5,4,0.6304236073046922,0.5715584885329006,2,0,0.0,0.0,3.0,0.0,2.0
9480,2019-03-02,Tottenham Hotspur,Arsenal,0.0559,0.1381,0.806,1,0,11,6,1.800814216956496,0.1100101973861454,3,0,0.0,1.0,7.0,1.0,2.0,1,1,9,7,3.4571226853877306,2.2166628316044807,2,1,0.0,0.0,7.0,1.0,1.0
9477,2019-03-02,Wolverhampton Wanderers,Cardiff City,0.914,0.0672,0.0188,2,2,13,12,3.4504862595349546,2.846046088263392,1,0,0.0,4.0,9.0,0.0,0.0,0,0,12,8,0.702261585742235,0.5849188975989815,2,0,0.0,5.0,5.0,0.0,2.0
9481,2019-03-02,Manchester United,Southampton,0.865,0.1002,0.0348,3,2,16,7,2.5421690531075,0.9891228303313254,2,0,0.0,5.0,10.0,1.0,0.0,2,1,9,7,0.5784848090261216,0.4451086856424806,1,0,1.0,4.0,4.0,0.0,0.0
9484,2019-03-02,Burnley,Crystal Palace,0.692,0.203,0.105,1,1,18,15,1.908720128238201,1.756835112348199,1,0,1.0,3.0,14.0,0.0,1.0,2,2,10,7,0.7062843907624481,0.6049495935440061,2,0,0.0,2.0,8.0,0.0,0.0
9485,2019-03-02,Brighton,Huddersfield Town,0.7537,0.2094,0.0369,1,1,14,13,1.398956017568707,1.3663962222635744,2,0,0.0,4.0,9.0,0.0,1.0,0,0,6,4,0.2014000015333291,0.1721853017807004,2,0,0.0,0.0,6.0,0.0,0.0
9486,2019-03-02,Bournemouth,Manchester City,0.0,0.1722,0.8278,0,0,0,0,0.0,0.0,1,0,0.0,0.0,0.0,0.0,0.0,1,1,23,17,1.649903485551476,1.0818369984626768,2,0,0.0,9.0,13.0,0.0,1.0
9478,2019-03-02,West Ham United,Newcastle United,0.5637,0.2384,0.1979,2,1,10,6,1.888949021697044,0.8395364042371508,3,0,2.0,1.0,6.0,1.0,0.0,0,0,17,13,1.1854927781969309,1.0681689977645872,4,0,1.0,1.0,15.0,0.0,0.0
9479,2019-03-03,Watford,Leicester City,0.5398,0.2847,0.1755,2,2,6,4,1.4180618338286874,0.7745925113558768,5,0,0.0,0.0,3.0,0.0,3.0,1,1,14,10,0.7946826051920649,0.6355032026767728,1,0,0.0,4.0,8.0,0.0,2.0
9482,2019-03-03,Fulham,Chelsea,0.2077,0.266,0.5263,1,1,12,6,0.8998835943639276,0.6590043939650054,2,0,0.0,5.0,7.0,0.0,0.0,2,2,20,17,1.5450976081192491,1.2982422970235346,1,0,0.0,0.0,18.0,0.0,2.0
9483,2019-03-03,Everton,Liverpool,0.0907,0.3932,0.5161,0,0,7,7,0.2418788038194177,0.2418792955577371,1,0,0.0,2.0,4.0,0.0,1.0,0,0,10,9,0.846581986173987,0.7047181855887172,2,0,1.0,1.0,6.0,0.0,2.0
9493,2019-03-09,Crystal Palace,Brighton,0.8254,0.1596,0.015,1,0,15,10,1.4429150391370056,0.4934290088713167,1,0,0.0,2.0,12.0,1.0,0.0,2,2,4,4,0.1293122004717587,0.1293122991919515,5,0,0.0,0.0,4.0,0.0,0.0
9487,2019-03-09,Southampton,Tottenham Hotspur,0.5939,0.2267,0.1794,2,1,12,6,2.0777237080037594,1.2298330999910831,4,0,1.0,0.0,11.0,0.0,0.0,1,1,16,13,1.2687549032270906,1.1653896290808912,2,0,1.0,3.0,12.0,0.0,0.0
9488,2019-03-09,Newcastle United,Everton,0.6959,0.1969,0.1072,3,2,19,12,2.395889490842819,1.018144581466913,3,0,0.0,6.0,12.0,1.0,0.0,2,1,7,5,1.151139296591282,0.4822400957345961,1,0,0.0,0.0,7.0,0.0,0.0
9491,2019-03-09,Leicester City,Fulham,0.9007,0.0875,0.0118,3,3,18,16,2.134935434907675,2.103097733110189,0,0,0.0,2.0,16.0,0.0,0.0,1,1,6,6,0.1510295979678629,0.1510295979678629,2,0,0.0,0.0,6.0,0.0,0.0
9492,2019-03-09,Huddersfield Town,Bournemouth,0.0161,0.0822,0.9017,0,0,8,5,0.3390872981399295,0.2175889965146777,3,0,1.0,0.0,7.0,0.0,0.0,2,2,8,8,2.163889802992344,2.10726385936141,1,0,0.0,0.0,7.0,0.0,1.0
9495,2019-03-09,Cardiff City,West Ham United,0.9874,0.0113,0.0013,2,1,16,10,3.877360966056585,2.331379160284996,2,0,0.0,2.0,13.0,0.0,1.0,0,0,9,6,0.2958690510131416,0.2025747001171109,1,0,0.0,0.0,9.0,0.0,0.0
9489,2019-03-09,Manchester City,Watford,0.9836,0.0148,0.0016,3,2,19,14,3.757141694426536,3.536327326670289,1,0,1.0,4.0,14.0,0.0,0.0,1,1,2,1,0.4071680009365082,0.3462440073490143,1,0,1.0,0.0,0.0,0.0,1.0
9490,2019-03-10,Liverpool,Burnley,0.9967,0.0033,0.0,4,1,23,18,4.123404923826456,2.4262060560286045,2,0,1.0,3.0,19.0,0.0,0.0,2,1,3,2,0.4715716866776346,0.4607201870530843,0,0,0.0,1.0,2.0,0.0,0.0
9494,2019-03-10,Chelsea,Wolverhampton Wanderers,0.4281,0.369,0.2029,1,1,22,16,1.0489316117018457,0.7100181989371773,1,0,2.0,4.0,16.0,0.0,0.0,1,1,2,2,0.6090785097330808,0.6090785097330808,4,0,0.0,0.0,1.0,0.0,1.0
9496,2019-03-10,Arsenal,Manchester United,0.1667,0.227,0.6063,2,1,14,11,1.5272278022021053,0.7139817140996453,2,0,0.0,2.0,10.0,1.0,1.0,0,0,14,11,2.5261305011808872,2.091574902646244,2,0,1.0,0.0,12.0,0.0,1.0
9498,2019-03-16,West Ham United,Huddersfield Town,0.4068,0.2786,0.3146,4,3,16,10,1.881962299346924,0.9194503873586654,0,0,2.0,5.0,6.0,1.0,2.0,3,2,15,9,1.941575104370713,1.5916271172463892,2,0,0.0,5.0,8.0,0.0,2.0
9504,2019-03-16,Burnley,Leicester City,0.5129,0.3132,0.1739,1,1,13,8,1.177350783720612,0.8935696948319671,1,0,1.0,3.0,9.0,0.0,0.0,2,0,9,6,0.6089539937674998,0.4396316912025211,1,1,1.0,2.0,6.0,0.0,0.0
9506,2019-03-16,Bournemouth,Newcastle United,0.5279,0.3036,0.1685,2,1,10,6,1.6166613437235355,0.5433700084686279,3,0,0.0,3.0,4.0,1.0,2.0,2,1,12,8,1.0284663978964086,0.252221496775746,2,0,1.0,2.0,9.0,0.0,0.0
9502,2019-03-17,Fulham,Liverpool,0.0355,0.1215,0.843,1,0,7,5,0.915764797478914,0.1911750957369803,2,0,0.0,0.0,7.0,0.0,0.0,2,1,16,11,2.745458949357271,1.745704986155033,1,0,0.0,2.0,13.0,1.0,0.0
9503,2019-03-17,Everton,Chelsea,0.6548,0.2116,0.1336,2,0,15,9,2.7471808157861237,0.6100894082337616,1,0,0.0,4.0,8.0,1.0,2.0,0,0,16,14,1.2439354136586187,1.104693097993731,2,0,1.0,2.0,13.0,0.0,0.0
9512,2019-03-30,Fulham,Manchester City,0.0577,0.158,0.7843,0,0,5,4,0.6614903789013622,0.6098822783678768,2,0,1.0,0.0,3.0,0.0,1.0,2,2,24,22,2.3242469010874625,2.1908478774130344,0,0,1.0,4.0,18.0,0.0,1.0
9509,2019-03-30,Manchester United,Watford,0.5605,0.2633,0.1762,2,1,8,6,2.6418970786035056,1.3205988761037586,1,0,0.0,2.0,6.0,0.0,0.0,1,1,20,14,1.35594411753118,1.191506474278867,2,0,0.0,1.0,18.0,0.0,1.0
9511,2019-03-30,Leicester City,Bournemouth,0.6519,0.2348,0.1133,2,2,18,14,1.896687492728233,1.6108112111687658,0,0,0.0,4.0,14.0,0.0,0.0,0,0,8,5,0.790332708507776,0.7400337010622023,2,0,0.0,1.0,7.0,0.0,0.0
9513,2019-03-30,Crystal Palace,Huddersfield Town,0.8279,0.1139,0.0582,2,1,19,13,2.850791530683636,1.9343190994113684,0,0,0.0,3.0,15.0,1.0,0.0,0,0,15,10,0.9269913025200364,0.45221159979701,0,0,0.0,1.0,12.0,0.0,2.0
9515,2019-03-30,Burnley,Wolverhampton Wanderers,0.3443,0.4586,0.1971,1,1,5,3,0.5726948054507373,0.5072039067745209,1,0,0.0,0.0,1.0,0.0,4.0,0,0,8,5,0.39792800322175,0.2691026106476781,1,0,0.0,2.0,6.0,0.0,1.0
9516,2019-03-30,Brighton,Southampton,0.2085,0.3653,0.4262,0,0,14,11,0.5605213996022937,0.4743820978328583,1,0,0.0,4.0,9.0,0.0,1.0,1,1,8,7,0.8574357107281683,0.8385621886700391,2,0,0.0,1.0,7.0,0.0,0.0
9508,2019-03-30,West Ham United,Everton,0.0026,0.0401,0.9573,0,0,3,2,0.0897464007139205,0.0648680031299591,1,0,0.0,0.0,3.0,0.0,0.0,2,2,17,15,2.6794181428849697,2.6027241237461567,1,0,0.0,4.0,13.0,0.0,0.0
9514,2019-03-31,Cardiff City,Chelsea,0.0499,0.144,0.8061,1,1,8,6,0.4461213946342465,0.3341041021049021,2,0,2.0,1.0,5.0,0.0,0.0,2,2,21,18,2.11108897998929,1.9340360444039104,3,0,1.0,3.0,16.0,0.0,1.0
9510,2019-03-31,Liverpool,Tottenham Hotspur,0.3417,0.3214,0.3369,1,1,14,12,1.0930981822311876,1.0120937973260875,0,0,1.0,2.0,11.0,0.0,0.0,1,1,11,9,1.0516386702656744,0.9283991958945988,1,0,0.0,2.0,9.0,0.0,1.0
9507,2019-04-01,Arsenal,Newcastle United,0.6851,0.3017,0.0132,2,1,7,6,1.0445793271064758,0.9367214217782018,2,0,0.0,1.0,6.0,0.0,0.0,0,0,3,2,0.0441445000469684,0.0384816005825996,0,0,0.0,0.0,3.0,0.0,0.0
9517,2019-04-02,Wolverhampton Wanderers,Manchester United,0.2727,0.2555,0.4718,1,1,9,8,1.6504362002015112,1.6352720893919463,1,0,0.0,0.0,6.0,0.0,3.0,1,1,18,13,2.039537791162729,1.8963382858783009,2,1,0.0,3.0,14.0,0.0,2.0
9518,2019-04-02,Watford,Fulham,0.2969,0.2448,0.4583,4,3,15,12,1.5933788903057573,1.4851210173219438,3,0,0.0,2.0,13.0,0.0,0.0,1,1,17,15,1.9249611627310512,1.60201770812273,2,0,0.0,2.0,14.0,0.0,1.0
9462,2019-04-03,Chelsea,Brighton,0.9375,0.0515,0.011,3,3,17,14,3.124157041311264,2.9688322879374027,0,0,1.0,1.0,15.0,0.0,0.0,0,0,3,3,0.4408975057303904,0.4408975057303904,0,0,0.0,1.0,2.0,0.0,0.0
9500,2019-04-03,Tottenham Hotspur,Crystal Palace,0.8421,0.1228,0.0351,2,1,26,17,2.5737659893929954,2.1084941718727346,1,0,1.0,5.0,20.0,0.0,0.0,0,0,5,4,0.5643168129026886,0.4958883114159105,0,0,0.0,1.0,4.0,0.0,0.0
9522,2019-04-03,Manchester City,Cardiff City,0.9821,0.0166,0.0013,2,2,27,22,3.5391314774751663,3.254321977496147,0,0,2.0,10.0,14.0,0.0,1.0,0,0,4,3,0.1357879023998974,0.1189454011619089,3,0,0.0,3.0,1.0,0.0,0.0
9520,2019-04-05,Southampton,Liverpool,0.0808,0.1986,0.7206,1,1,11,8,0.7183938082307575,0.6451697815209626,2,0,0.0,6.0,4.0,0.0,1.0,3,3,17,12,2.0629368843510747,1.842403072863817,4,0,0.0,4.0,13.0,0.0,0.0
9521,2019-04-06,Newcastle United,Crystal Palace,0.2979,0.355,0.3471,0,0,18,13,0.9431746061891312,0.7044287957251069,1,0,2.0,4.0,11.0,0.0,1.0,1,0,3,2,0.9079880118370056,0.146818995475769,2,0,0.0,0.0,2.0,1.0,0.0
9523,2019-04-06,Huddersfield Town,Leicester City,0.0574,0.1266,0.816,1,0,10,6,1.6552192363888023,0.7865405213087794,3,0,0.0,2.0,7.0,1.0,0.0,4,1,18,12,3.6313616260886192,2.1473246794193983,0,0,2.0,4.0,11.0,1.0,0.0
9526,2019-04-06,Bournemouth,Burnley,0.2917,0.3019,0.4064,0,0,10,7,1.209166096523404,1.1065875077620146,2,0,1.0,2.0,6.0,0.0,1.0,3,2,10,7,1.3891920819878578,1.2131121847778557,3,0,1.0,3.0,5.0,0.0,2.0
9524,2019-04-07,Everton,Arsenal,0.9313,0.0611,0.0076,1,0,23,14,2.7238057963550086,1.1900003114715216,1,0,0.0,5.0,18.0,0.0,0.0,0,0,7,5,0.2018844997510312,0.1222454989328978,4,0,0.0,2.0,5.0,0.0,0.0
9525,2019-04-08,Chelsea,West Ham United,0.813,0.1357,0.0513,2,2,16,14,2.2328663356602187,2.123009294271469,2,0,2.0,0.0,14.0,0.0,0.0,0,0,9,6,0.4711953997611997,0.3741475027054546,1,0,0.0,3.0,5.0,0.0,1.0
9532,2019-04-12,Leicester City,Newcastle United,0.3063,0.338,0.3557,0,0,12,11,0.877377016469836,0.8101758817210792,2,0,1.0,1.0,10.0,0.0,0.0,1,1,11,7,0.945804169401526,0.4376447671093043,3,0,1.0,1.0,9.0,0.0,0.0
9528,2019-04-13,Tottenham Hotspur,Huddersfield Town,0.8091,0.1362,0.0547,4,4,22,17,2.7980383094400167,2.3268271144479518,2,0,1.0,3.0,16.0,0.0,2.0,0,0,7,5,0.9835274051874874,0.92978997528553,2,0,1.0,1.0,5.0,0.0,0.0
9529,2019-04-13,Southampton,Wolverhampton Wanderers,0.9621,0.0287,0.0092,3,3,13,8,3.8766422029584646,2.9014781024307013,1,0,0.0,6.0,7.0,0.0,0.0,1,1,17,8,0.6443777075037356,0.3331767991185186,3,0,0.0,8.0,6.0,0.0,3.0
9533,2019-04-13,Fulham,Everton,0.454,0.2794,0.2666,2,2,12,11,1.6630289182066915,1.6434851763769982,2,0,0.0,3.0,8.0,0.0,1.0,0,0,8,7,1.2910719141364098,1.1743113165721295,1,0,0.0,0.0,7.0,0.0,1.0
9535,2019-04-13,Burnley,Cardiff City,0.8572,0.1076,0.0352,2,1,14,10,2.8435846976935863,1.2769201919436457,2,0,0.0,6.0,6.0,0.0,2.0,0,0,14,10,0.8722240924835203,0.6771687027066945,3,0,1.0,3.0,10.0,0.0,0.0
9536,2019-04-13,Brighton,Bournemouth,0.0061,0.0463,0.9476,0,0,8,5,0.2067307997494934,0.1610402949154374,2,1,0.0,1.0,7.0,0.0,0.0,5,5,14,13,2.7688452880829573,2.752113975584507,4,0,0.0,0.0,13.0,0.0,1.0
9530,2019-04-13,Manchester United,West Ham United,0.6925,0.1864,0.1211,2,0,14,8,2.67202653363347,0.9481491167098282,1,0,0.0,4.0,8.0,2.0,0.0,1,1,18,13,1.4303476046770809,1.2824893724173303,1,0,1.0,7.0,9.0,0.0,1.0
9534,2019-04-14,Crystal Palace,Manchester City,0.0105,0.0577,0.9318,1,0,7,4,0.3183577088639138,0.1104778964072465,0,0,1.0,1.0,5.0,0.0,0.0,3,3,20,15,2.8623568639159203,2.6195081695914264,0,0,0.0,1.0,19.0,0.0,0.0
9531,2019-04-14,Liverpool,Chelsea,0.4666,0.3108,0.2226,2,2,15,13,1.308384383097291,1.188364505767822,0,0,0.0,3.0,12.0,0.0,0.0,0,0,6,5,0.8731763958930969,0.7820716984570025,1,0,0.0,1.0,5.0,0.0,0.0
9527,2019-04-15,Watford,Arsenal,0.1151,0.2079,0.677,0,0,11,6,1.1284954994916914,0.8825981914997099,2,1,1.0,1.0,7.0,0.0,2.0,1,0,19,16,2.2751850113272662,2.0307136960327625,0,0,0.0,2.0,17.0,0.0,0.0
9505,2019-04-16,Brighton,Cardiff City,0.2287,0.3782,0.3931,0,0,14,11,0.5885389912873504,0.3968173023313279,0,0,1.0,2.0,10.0,0.0,1.0,2,2,10,9,0.8194711264222859,0.803473599255085,1,0,0.0,3.0,6.0,0.0,1.0
9540,2019-04-20,Manchester City,Tottenham Hotspur,0.5969,0.2346,0.1685,1,1,15,12,2.061849765479564,1.859865568578243,1,0,0.0,1.0,13.0,0.0,1.0,0,0,10,7,1.1992940828204153,0.6353021040558813,2,0,0.0,2.0,8.0,0.0,0.0
9537,2019-04-20,Wolverhampton Wanderers,Brighton,0.9436,0.0507,0.0057,0,0,22,17,2.6059201043099165,1.715236786752939,0,0,0.0,5.0,15.0,0.0,2.0,0,0,5,4,0.1150504974648354,0.1060446966439485,1,0,0.0,1.0,4.0,0.0,0.0
9538,2019-04-20,West Ham United,Leicester City,0.5116,0.2912,0.1972,2,1,11,10,1.37388108856976,0.9760004952549932,2,0,0.0,1.0,10.0,0.0,0.0,2,2,11,10,0.806500708684325,0.7452233061194417,0,0,0.0,1.0,9.0,0.0,1.0
9541,2019-04-20,Huddersfield Town,Watford,0.3513,0.3152,0.3335,1,1,13,8,1.0968919098377223,0.8515866138041019,2,0,1.0,4.0,8.0,0.0,0.0,2,0,11,5,1.1240188181400297,0.3922545984387397,2,0,1.0,0.0,10.0,0.0,0.0
9545,2019-04-20,Bournemouth,Fulham,0.4288,0.2357,0.3355,0,0,15,10,2.8870833478868008,1.7891630195081232,1,0,1.0,1.0,12.0,0.0,1.0,1,0,17,13,2.617407625541091,1.297606289386749,3,0,0.0,7.0,9.0,1.0,0.0
9539,2019-04-20,Newcastle United,Southampton,0.3524,0.2857,0.3619,3,3,14,7,1.230332128703594,0.8443156853318213,0,0,1.0,3.0,9.0,0.0,1.0,1,1,15,12,1.271021991036832,1.1482908111065626,2,0,1.0,5.0,9.0,0.0,0.0
9542,2019-04-21,Everton,Manchester United,0.7363,0.2125,0.0512,4,3,15,11,1.5580451935529704,1.042838141322136,1,0,0.0,7.0,8.0,0.0,0.0,0,0,7,4,0.305982402525842,0.2399300038814544,1,0,1.0,0.0,6.0,0.0,0.0
9544,2019-04-21,Cardiff City,Liverpool,0.0928,0.1958,0.7114,0,0,7,6,1.126283824443817,1.0742712728679178,1,0,0.0,3.0,4.0,0.0,0.0,2,1,17,14,2.424035923555493,1.5597467981278894,1,0,1.0,3.0,11.0,1.0,1.0
9546,2019-04-21,Arsenal,Crystal Palace,0.1677,0.2032,0.6291,2,1,12,9,1.5424456074833863,1.3939411044120786,4,0,0.0,2.0,10.0,0.0,0.0,3,3,16,15,2.6143059246242046,2.5401124916970725,1,0,0.0,5.0,7.0,0.0,4.0
9543,2019-04-22,Chelsea,Burnley,0.4701,0.323,0.2069,2,2,22,16,1.281970681622624,1.0738763734698291,2,0,0.0,3.0,19.0,0.0,0.0,2,1,6,4,0.8194359205663204,0.7862518988549709,1,0,0.0,1.0,3.0,0.0,2.0
9499,2019-04-23,Watford,Southampton,0.1779,0.2217,0.6004,1,1,15,10,1.3753455281257627,0.9111092947423456,5,0,0.0,0.0,15.0,0.0,0.0,1,0,8,4,2.119990099221468,1.0470866672694683,2,0,1.0,0.0,7.0,0.0,0.0
9519,2019-04-23,Tottenham Hotspur,Brighton,0.605,0.3466,0.0484,1,1,29,21,1.0116614103317256,0.639084400609135,1,0,1.0,1.0,22.0,0.0,5.0,0,0,6,6,0.1431378005072473,0.1431377660483119,2,0,0.0,1.0,4.0,0.0,1.0
9497,2019-04-24,Wolverhampton Wanderers,Arsenal,0.3351,0.3347,0.3302,3,1,11,8,0.9820179939270016,0.6967319026589393,2,0,2.0,3.0,6.0,0.0,0.0,1,1,11,9,0.9397538043558592,0.8613086976110933,3,0,1.0,2.0,8.0,0.0,0.0
9501,2019-04-24,Manchester United,Manchester City,0.2632,0.4551,0.2817,0,0,12,10,0.5172832095995544,0.3993266047909854,2,0,1.0,0.0,10.0,0.0,1.0,2,2,8,7,0.5304807052016256,0.4534824937582015,2,0,0.0,0.0,8.0,0.0,0.0
9551,2019-04-26,Liverpool,Huddersfield Town,0.9787,0.0188,0.0025,5,5,21,18,3.589223053306341,3.420845717191696,0,0,0.0,1.0,19.0,0.0,1.0,0,0,5,4,0.1623996002599595,0.1498324014246462,0,0,0.0,1.0,4.0,0.0,0.0
9548,2019-04-27,Tottenham Hotspur,West Ham United,0.454,0.2832,0.2628,0,0,14,11,1.3537820205092426,1.2148357108235357,0,0,1.0,0.0,13.0,0.0,0.0,1,1,16,12,0.992344982922077,0.6356479879468677,2,0,0.0,2.0,14.0,0.0,0.0
9547,2019-04-27,Watford,Wolverhampton Wanderers,0.0542,0.1501,0.7957,1,0,10,8,0.9127746894955632,0.7864931114017961,3,0,0.0,3.0,7.0,0.0,0.0,2,2,11,7,2.4435730716213584,1.9479699088260527,2,0,0.0,5.0,5.0,0.0,1.0
9549,2019-04-27,Southampton,Bournemouth,0.3977,0.2459,0.3564,3,3,22,13,2.9705128874629736,1.3139925003051756,2,0,1.0,6.0,14.0,0.0,1.0,3,2,9,7,2.63054658100009,2.09877759963274,1,0,0.0,3.0,6.0,0.0,0.0
9553,2019-04-27,Fulham,Cardiff City,0.1533,0.3232,0.5235,1,1,8,7,0.5190726891160011,0.4346395954489706,0,0,0.0,0.0,8.0,0.0,0.0,0,0,13,12,1.134791105985641,0.7818731814622876,0,0,0.0,1.0,11.0,0.0,1.0
9554,2019-04-27,Crystal Palace,Everton,0.0838,0.3091,0.6071,0,0,8,4,0.2613436002284287,0.1332983970642089,2,0,0.0,3.0,3.0,0.0,2.0,0,0,22,13,1.152315605431795,0.8168392032384869,0,0,0.0,6.0,16.0,0.0,0.0
9556,2019-04-27,Brighton,Newcastle United,0.6085,0.2805,0.111,1,1,9,7,1.2048200722783802,1.1407844871282575,2,0,0.0,3.0,5.0,0.0,1.0,1,1,9,8,0.437969401478767,0.4246530942618844,3,0,0.0,2.0,6.0,0.0,1.0
9552,2019-04-28,Leicester City,Arsenal,0.9466,0.042,0.0114,3,2,24,19,3.84401854686439,2.68529181368649,3,0,1.0,2.0,20.0,0.0,1.0,0,0,6,6,0.6006967090070245,0.6006971132010219,1,1,0.0,0.0,6.0,0.0,0.0
9555,2019-04-28,Burnley,Manchester City,0.0065,0.0734,0.9201,0,0,2,2,0.08998079970479,0.08998079970479,1,0,0.0,0.0,1.0,0.0,1.0,1,0,25,19,2.3817585725337267,1.8486400768160816,1,0,0.0,2.0,23.0,0.0,0.0
9550,2019-04-28,Manchester United,Chelsea,0.2291,0.2701,0.5008,1,1,7,4,1.124828204512596,0.95408096909523,3,0,1.0,3.0,2.0,0.0,1.0,1,0,16,11,1.6358908144757147,0.9796170303598044,2,0,2.0,3.0,11.0,0.0,0.0
9562,2019-05-03,Everton,Burnley,0.7564,0.1879,0.0557,1,0,20,11,1.9003572985529893,0.4414744954556225,0,0,0.0,4.0,16.0,0.0,0.0,0,0,5,5,0.473291697911918,0.4582286980003117,2,0,0.0,0.0,3.0,0.0,3.0
9565,2019-05-04,Bournemouth,Tottenham Hotspur,0.7519,0.168,0.0801,1,1,20,17,2.233997451141476,2.087245864793658,1,0,1.0,6.0,12.0,0.0,1.0,0,0,11,8,0.7133619114756583,0.6326584834605453,5,2,0.0,2.0,9.0,0.0,0.0
9557,2019-05-04,Wolverhampton Wanderers,Fulham,0.7987,0.1543,0.047,1,1,19,13,2.093967951834202,1.9123388035222888,1,0,0.0,4.0,11.0,0.0,4.0,0,0,6,4,0.5124769695103166,0.4546792693436144,3,0,0.0,0.0,5.0,0.0,1.0
9558,2019-05-04,West Ham United,Southampton,0.8315,0.1316,0.0369,3,1,17,11,1.999231597408652,0.8800569940358397,1,0,1.0,0.0,16.0,0.0,0.0,0,0,11,9,0.4458434069529174,0.3638185001909729,1,0,0.0,3.0,8.0,0.0,0.0
9564,2019-05-04,Cardiff City,Crystal Palace,0.3133,0.2434,0.4433,1,1,18,16,1.4995987024158235,1.4375606244429944,0,0,0.0,5.0,11.0,0.0,2.0,3,2,21,15,1.8164926730096336,1.092375375330448,0,0,1.0,2.0,18.0,0.0,1.0
9559,2019-05-04,Newcastle United,Liverpool,0.3094,0.2944,0.3962,2,1,14,9,1.409747892059385,0.5867320001125335,1,0,1.0,1.0,12.0,0.0,0.0,3,3,11,11,1.4808073975145817,1.48080812767148,1,0,0.0,1.0,9.0,0.0,1.0
9561,2019-05-05,Huddersfield Town,Manchester United,0.127,0.2193,0.6537,1,1,7,6,0.736629009246826,0.678175002336502,1,0,1.0,0.0,6.0,0.0,0.0,1,0,23,17,1.8812103159725664,1.6284138737246394,1,0,2.0,4.0,16.0,0.0,1.0
9563,2019-05-05,Chelsea,Watford,0.7586,0.1427,0.0987,3,3,19,17,2.9822753556072708,2.223615592345595,0,0,0.0,3.0,15.0,0.0,1.0,0,0,15,11,1.2760539799928663,0.9424770101904868,1,0,0.0,3.0,10.0,0.0,2.0
9566,2019-05-05,Arsenal,Brighton,0.4761,0.2596,0.2643,1,0,20,12,2.361782792955637,0.7758533209562298,5,0,2.0,4.0,13.0,1.0,0.0,1,0,11,8,2.075637232512236,0.7451031971722839,2,0,1.0,0.0,9.0,1.0,0.0
9560,2019-05-06,Manchester City,Leicester City,0.5021,0.3276,0.1703,1,1,19,10,1.0861676046624775,0.7524066157639023,3,0,0.0,7.0,11.0,0.0,1.0,0,0,7,4,0.5442760027945039,0.4219672027975318,2,0,0.0,0.0,7.0,0.0,0.0
9567,2019-05-12,Watford,West Ham United,0.1565,0.1899,0.6536,1,0,17,10,2.125457309186458,1.292933791875839,1,1,0.0,4.0,13.0,0.0,0.0,4,1,16,9,3.2882209978997707,1.1003766879439354,0,0,2.0,1.0,11.0,1.0,1.0
9568,2019-05-12,Tottenham Hotspur,Everton,0.0779,0.2088,0.7133,2,0,11,7,0.8826080821454523,0.2741122022271154,0,0,1.0,4.0,6.0,0.0,0.0,2,1,17,12,2.529627345502377,0.974026009440422,2,0,1.0,4.0,10.0,0.0,2.0
9569,2019-05-12,Southampton,Huddersfield Town,0.3533,0.3511,0.2956,1,1,10,8,0.9410179508849976,0.9157734103500842,0,0,0.0,0.0,10.0,0.0,0.0,1,0,10,6,0.8571520140394566,0.4709971901029347,1,0,0.0,2.0,7.0,0.0,1.0
9570,2019-05-12,Manchester United,Cardiff City,0.4048,0.2589,0.3363,0,0,26,22,1.897791357710957,1.6985294148325916,3,0,1.0,2.0,22.0,0.0,1.0,2,1,13,8,1.7114267628639934,0.8330346187576649,3,0,0.0,1.0,9.0,1.0,2.0
9571,2019-05-12,Liverpool,Wolverhampton Wanderers,0.5894,0.2449,0.1657,2,1,13,7,1.7019744068384168,0.7697852030396459,0,0,1.0,2.0,10.0,0.0,0.0,0,0,7,7,0.8838616274297236,0.8838607966899871,2,0,0.0,0.0,7.0,0.0,0.0
9572,2019-05-12,Leicester City,Chelsea,0.0796,0.2696,0.6508,0,0,9,6,0.3453062064945695,0.2366815991699692,0,0,0.0,3.0,5.0,0.0,1.0,0,0,14,13,1.2673507779836652,1.214274909347295,1,0,0.0,0.0,14.0,0.0,0.0
9573,2019-05-12,Fulham,Newcastle United,0.0613,0.1596,0.7791,0,0,16,9,0.5700375987216827,0.3489871025085448,1,0,0.0,3.0,13.0,0.0,0.0,4,2,13,9,2.152318563312292,0.8232439085841177,0,0,0.0,3.0,10.0,0.0,0.0
9574,2019-05-12,Crystal Palace,Bournemouth,0.6162,0.1984,0.1854,4,3,17,14,2.9128709584474564,2.202388972043991,3,0,0.0,0.0,17.0,0.0,0.0,3,3,16,15,1.919340562075376,1.8748191958293317,0,0,1.0,3.0,13.0,0.0,0.0
9575,2019-05-12,Burnley,Arsenal,0.1514,0.1901,0.6585,1,1,14,12,1.7410296052694318,0.8343335054814813,5,0,0.0,3.0,11.0,0.0,0.0,3,2,17,13,2.872765902429819,2.321485936641693,1,0,0.0,0.0,16.0,0.0,1.0
9576,2019-05-12,Brighton,Manchester City,0.0571,0.1626,0.7803,1,1,6,4,0.5953136319294571,0.5293217115104196,0,0,1.0,1.0,2.0,0.0,2.0,4,3,20,15,2.222335055470466,1.7033703848719597,0,0,2.0,1.0,17.0,0.0,0.0
11643,2019-08-09,Liverpool,Norwich City,0.7377,0.1732,0.0891,3,3,15,12,2.2361173629760738,2.054855233058333,0,0,1.0,1.0,12.0,0.0,1.0,1,1,12,10,0.8428495787084098,0.7550060003995894,2,0,1.0,1.0,11.0,0.0,0.0
11644,2019-08-10,West Ham United,Manchester City,0.0452,0.1166,0.8382,0,0,5,2,1.2003026008605957,0.5473708882927895,2,0,1.0,0.0,3.0,0.0,1.0,5,4,14,12,3.1837714724242687,2.3613322973251343,2,0,0.0,0.0,13.0,1.0,0.0
11645,2019-08-10,Bournemouth,Sheffield United,0.2083,0.3923,0.3994,1,0,13,7,1.934553368017077,1.09381509386003,2,0,1.0,3.0,4.0,0.0,5.0,1,0,8,5,2.0111766532063484,0.6875539720058439,1,0,0.0,2.0,4.0,0.0,2.0
11646,2019-08-10,Burnley,Southampton,0.266,0.3442,0.3898,3,2,10,7,0.9092403221875428,0.6433144211769102,0,0,0.0,2.0,8.0,0.0,0.0,0,0,11,5,1.0875189080834384,0.8672113232314583,0,0,1.0,3.0,6.0,0.0,1.0
11647,2019-08-10,Crystal Palace,Everton,0.2427,0.3231,0.4342,0,0,6,5,0.8715899214148519,0.8222831226885315,2,0,0.0,1.0,4.0,0.0,1.0,0,0,10,7,1.241121731698513,0.3827567063271996,1,1,0.0,1.0,9.0,0.0,0.0
11648,2019-08-10,Watford,Brighton,0.2434,0.362,0.3946,0,0,11,5,0.6715347031131382,0.440895989537239,0,0,2.0,1.0,6.0,0.0,3.0,2,2,5,4,0.8555155117064712,0.8384146112948655,1,0,0.0,0.0,5.0,0.0,0.0
11649,2019-08-10,Tottenham Hotspur,Aston Villa,0.822,0.1273,0.0507,3,2,31,22,2.582005219534039,1.7395985685288902,1,0,2.0,5.0,24.0,0.0,0.0,1,1,7,7,0.6395982261747121,0.6395992971956728,0,0,0.0,0.0,6.0,0.0,1.0
11650,2019-08-11,Newcastle United,Arsenal,0.1052,0.3057,0.5891,0,0,9,7,0.3805506015196441,0.3126837015151977,1,0,0.0,2.0,7.0,0.0,0.0,1,1,8,8,1.133088082075119,1.1330874152481554,3,0,0.0,1.0,6.0,0.0,1.0
11651,2019-08-11,Leicester City,Wolverhampton Wanderers,0.2174,0.3819,0.4007,0,0,16,11,0.5437599001452322,0.3703789990395304,0,0,0.0,2.0,11.0,0.0,3.0,0,0,8,8,0.8129482958465813,0.8129484057426449,2,0,0.0,2.0,6.0,0.0,0.0
11652,2019-08-11,Manchester United,Chelsea,0.7148,0.1782,0.107,4,3,11,9,2.374427314847708,1.5707774870097635,3,0,0.0,0.0,10.0,1.0,0.0,0,0,18,15,1.097956411540508,0.7629011906683443,4,0,0.0,3.0,14.0,0.0,1.0
11653,2019-08-17,Arsenal,Burnley,0.2899,0.2836,0.4265,2,2,15,15,1.1672223024070258,1.133919792249798,2,0,0.0,2.0,12.0,0.0,1.0,1,0,18,12,1.3997920788824554,0.82145139016211,1,0,0.0,6.0,9.0,0.0,3.0
11654,2019-08-17,Aston Villa,Bournemouth,0.3658,0.2724,0.3618,1,1,22,18,1.6506945006549356,1.4788839071989055,0,0,1.0,3.0,16.0,0.0,2.0,2,0,12,10,1.6277734898030756,0.839103914797306,2,0,0.0,1.0,10.0,1.0,0.0
11655,2019-08-17,Brighton,West Ham United,0.7183,0.179,0.1027,1,0,16,13,2.405653685331344,2.317301422357559,0,0,0.0,3.0,12.0,0.0,1.0,1,1,8,7,1.0085644088685513,0.9792073983699084,2,0,0.0,1.0,7.0,0.0,0.0
11656,2019-08-17,Everton,Watford,0.231,0.322,0.447,1,1,12,9,0.8329146057367324,0.7354414090514181,2,0,1.0,2.0,7.0,0.0,2.0,0,0,8,6,1.1901818029582498,0.8216596879065036,3,0,0.0,3.0,5.0,0.0,0.0
11657,2019-08-17,Norwich City,Newcastle United,0.68,0.1975,0.1225,3,2,15,14,2.095719968900084,2.047444846481085,1,0,0.0,3.0,12.0,0.0,0.0,1,1,12,9,0.9223427586257452,0.8231940967962144,3,0,0.0,3.0,8.0,0.0,1.0
11658,2019-08-17,Southampton,Liverpool,0.5327,0.2278,0.2395,1,0,14,8,2.141409382224083,1.7975814566016195,2,0,0.0,4.0,9.0,0.0,1.0,2,2,15,12,1.5218963995575905,1.421222409233451,1,0,1.0,3.0,10.0,0.0,1.0
11659,2019-08-17,Manchester City,Tottenham Hotspur,0.9674,0.0301,0.0025,2,2,30,22,3.212667940184473,2.382599350064993,1,0,0.0,6.0,23.0,0.0,1.0,2,2,3,3,0.0745419696904717,0.0745419696904717,0,0,0.0,1.0,2.0,0.0,0.0
11660,2019-08-18,Sheffield United,Crystal Palace,0.8326,0.1408,0.0266,1,0,15,10,1.8528864914551373,1.094301995821297,3,0,0.0,4.0,10.0,0.0,1.0,0,0,6,4,0.2419118024408815,0.1476309988647698,1,0,1.0,0.0,5.0,0.0,0.0
11661,2019-08-18,Chelsea,Leicester City,0.4391,0.3008,0.2601,1,0,14,11,1.2262927861884234,1.0935267116874454,1,0,1.0,1.0,11.0,0.0,1.0,1,1,12,7,0.9491777122020718,0.541179910302162,0,0,0.0,4.0,8.0,0.0,0.0
11662,2019-08-19,Wolverhampton Wanderers,Manchester United,0.0594,0.2597,0.6809,1,1,6,5,0.3073564935475585,0.245350996032357,2,0,0.0,2.0,3.0,0.0,1.0,1,1,9,5,1.14331760071218,0.2103078942745922,2,0,1.0,3.0,4.0,1.0,0.0
11663,2019-08-23,Aston Villa,Everton,0.2213,0.3058,0.4729,2,2,7,7,0.8559254780411719,0.8559256810694931,2,0,0.0,0.0,7.0,0.0,0.0,0,0,12,10,1.256678539328277,1.1638999003916977,3,0,0.0,4.0,8.0,0.0,0.0
11664,2019-08-24,Norwich City,Chelsea,0.1759,0.2595,0.5646,2,2,6,5,1.081082684919238,0.9765691850334406,1,0,0.0,1.0,3.0,0.0,2.0,3,3,23,20,1.9059887919574972,1.748442869633436,1,0,0.0,2.0,21.0,0.0,0.0
11665,2019-08-24,Sheffield United,Leicester City,0.2916,0.4017,0.3067,1,1,8,5,0.6543183010071514,0.5342467948794363,1,0,1.0,2.0,5.0,0.0,0.0,2,2,10,8,0.7048797886818645,0.5895063821226356,0,0,2.0,1.0,7.0,0.0,0.0
11666,2019-08-24,Brighton,Southampton,0.1192,0.2115,0.6693,0,0,12,12,1.0050663873553272,1.0050659030675886,1,1,0.0,4.0,7.0,0.0,1.0,2,2,12,10,2.0924071483314037,1.976062899455428,3,0,2.0,3.0,7.0,0.0,0.0
11667,2019-08-24,Watford,West Ham United,0.1537,0.1778,0.6685,1,1,23,22,2.2934749815613027,2.2822709698230024,1,0,0.0,3.0,18.0,0.0,2.0,3,1,16,14,3.5746695278212424,1.8772817384451623,1,0,0.0,5.0,10.0,1.0,0.0
11669,2019-08-24,Manchester United,Crystal Palace,0.7755,0.1616,0.0629,1,1,22,15,2.27923190034926,0.7777024079114195,2,0,3.0,3.0,12.0,1.0,3.0,2,1,5,2,0.6769941933453081,0.4119789972901344,4,0,0.0,0.0,4.0,0.0,1.0
11670,2019-08-24,Liverpool,Arsenal,0.7948,0.1361,0.0691,3,2,25,19,2.7882077246904373,1.7273779232054949,1,0,0.0,5.0,19.0,1.0,0.0,1,0,9,5,0.9855418056249616,0.4666406102478502,1,0,1.0,1.0,7.0,0.0,0.0
11671,2019-08-25,Bournemouth,Manchester City,0.1625,0.1736,0.6639,1,0,10,6,1.8934529982507229,0.7908465042710303,1,0,1.0,0.0,7.0,0.0,2.0,3,3,19,18,3.136846560984849,2.953892011195421,3,0,0.0,3.0,15.0,0.0,1.0
11668,2019-08-25,Wolverhampton Wanderers,Burnley,0.3879,0.307,0.3051,1,0,17,12,1.331275491043925,0.4133016970008609,0,0,0.0,2.0,14.0,1.0,0.0,1,1,13,9,1.2288707979023452,0.7103688828647134,2,0,0.0,3.0,10.0,0.0,0.0
11672,2019-08-25,Tottenham Hotspur,Newcastle United,0.5898,0.2775,0.1327,0,0,17,13,1.2612381074577568,1.0175559930503366,2,0,0.0,1.0,16.0,0.0,0.0,1,1,8,7,0.5142799913883206,0.4988454952836036,2,0,0.0,3.0,5.0,0.0,0.0
11673,2019-08-31,Southampton,Manchester United,0.1186,0.2211,0.6603,1,1,10,7,0.7696152199059723,0.7085753139108416,1,1,0.0,3.0,7.0,0.0,0.0,1,1,21,18,1.9035587888211007,1.7074510920792816,2,0,0.0,1.0,20.0,0.0,0.0
11674,2019-08-31,West Ham United,Norwich City,0.6298,0.2265,0.1437,2,1,18,14,2.2179706953465934,1.638023784384131,2,0,0.0,5.0,13.0,0.0,0.0,0,0,8,5,1.1674035750329492,1.02016918733716,1,0,0.0,1.0,7.0,0.0,0.0
11675,2019-08-31,Chelsea,Sheffield United,0.6944,0.1949,0.1107,2,0,13,9,2.3057937920093536,1.3354589901864526,0,0,1.0,1.0,11.0,0.0,1.0,1,1,8,7,1.046492489054799,1.0164989195764065,1,0,0.0,0.0,8.0,0.0,0.0
11676,2019-08-31,Crystal Palace,Aston Villa,0.6771,0.2444,0.0785,1,0,22,16,1.415966801345348,1.106587605550885,2,0,1.0,9.0,10.0,0.0,2.0,0,0,10,7,0.3035400062799452,0.1728011993691323,4,1,2.0,1.0,6.0,0.0,1.0
11677,2019-08-31,Leicester City,Bournemouth,0.8226,0.1353,0.0421,3,3,15,14,2.2544438056647778,2.1200562696903944,1,0,0.0,2.0,13.0,0.0,0.0,1,1,8,8,0.5547256963327524,0.554725009948015,3,0,0.0,1.0,7.0,0.0,0.0
11678,2019-08-31,Manchester City,Brighton,0.7359,0.1772,0.0869,4,4,15,15,2.30817911028862,2.2309529706835747,1,0,1.0,3.0,11.0,0.0,0.0,0,0,6,4,0.8610358107835052,0.7866412214934826,1,0,0.0,0.0,6.0,0.0,0.0
11679,2019-08-31,Newcastle United,Watford,0.3299,0.3121,0.358,1,1,13,10,1.0437611853703854,0.9216329138725994,2,0,1.0,3.0,8.0,0.0,1.0,1,0,13,8,1.1144535988569255,0.4715439006686209,3,0,0.0,4.0,9.0,0.0,0.0
11680,2019-08-31,Burnley,Liverpool,0.1772,0.3171,0.5057,0,0,7,6,0.6173902098089454,0.5979976095259187,0,0,0.0,0.0,7.0,0.0,1.0,2,2,15,14,1.2005728837102647,1.001432111486792,0,0,0.0,1.0,12.0,0.0,2.0
11681,2019-09-01,Everton,Wolverhampton Wanderers,0.2455,0.2459,0.5086,3,3,15,12,1.4884182196110485,1.2667005769908426,1,0,0.0,4.0,9.0,0.0,2.0,2,1,8,5,2.0017278399318457,1.31602868437767,4,1,0.0,0.0,7.0,0.0,1.0
11682,2019-09-01,Arsenal,Tottenham Hotspur,0.3461,0.2536,0.4003,2,2,26,18,1.9321653209626672,1.663056295365095,3,0,2.0,5.0,18.0,0.0,1.0,2,0,13,8,2.027005029842257,0.540772311389446,5,0,1.0,3.0,8.0,1.0,0.0
11683,2019-09-14,Liverpool,Newcastle United,0.9452,0.0464,0.0084,3,2,21,19,2.932812565937638,2.155029030516744,0,0,0.0,4.0,16.0,0.0,1.0,1,1,8,6,0.2910729041323063,0.246709208935499,0,0,0.0,0.0,8.0,0.0,0.0
11684,2019-09-14,Manchester United,Leicester City,0.5865,0.3062,0.1073,1,0,10,6,1.1035552062094212,0.2111399024724958,1,0,2.0,2.0,5.0,1.0,0.0,0,0,9,4,0.4591408036649225,0.2418505027890204,2,0,1.0,1.0,6.0,0.0,1.0
11685,2019-09-14,Brighton,Burnley,0.7641,0.1893,0.0466,1,1,14,11,1.6872647292912006,1.1388993840664623,0,0,0.0,3.0,11.0,0.0,0.0,1,1,7,6,0.348931500688195,0.2872677017003296,2,0,0.0,2.0,5.0,0.0,0.0
11686,2019-09-14,Sheffield United,Southampton,0.4428,0.2527,0.3045,0,0,17,16,1.8803423121571543,1.8439435884356496,1,1,0.0,2.0,14.0,0.0,1.0,1,1,11,9,1.576588712632656,1.5067580267786975,1,0,0.0,1.0,8.0,0.0,2.0
11687,2019-09-14,Tottenham Hotspur,Crystal Palace,0.4879,0.3328,0.1793,3,3,13,10,1.0494443960487838,0.9640701897442338,4,0,1.0,1.0,11.0,0.0,0.0,0,0,11,9,0.5773234050720926,0.5000775996595618,3,0,0.0,2.0,8.0,0.0,2.0
11688,2019-09-14,Wolverhampton Wanderers,Chelsea,0.0809,0.1625,0.7566,1,0,11,6,1.5205849576741457,0.2217565998435019,1,0,0.0,2.0,6.0,0.0,3.0,5,3,15,11,3.067991665564477,2.3650297671556477,2,0,0.0,3.0,11.0,0.0,2.0
11689,2019-09-14,Norwich City,Manchester City,0.2487,0.2462,0.5051,3,3,7,6,1.7413004860281944,1.6967373862862587,3,0,1.0,3.0,3.0,0.0,0.0,2,2,25,16,2.3453390151262283,2.0031223800033326,1,0,0.0,6.0,17.0,0.0,2.0
11690,2019-09-15,Bournemouth,Everton,0.3385,0.2793,0.3822,3,2,13,9,1.4154212214052675,1.158741373568773,0,0,3.0,3.0,6.0,0.0,1.0,1,1,14,9,1.5152777228504417,1.142096772789955,4,0,0.0,2.0,12.0,0.0,0.0
11691,2019-09-15,Watford,Arsenal,0.8062,0.1365,0.0573,2,1,31,23,2.8414942370727654,1.7426847983151672,3,0,1.0,4.0,25.0,1.0,0.0,2,2,7,6,1.0061548948287964,0.9346864968538284,3,0,0.0,0.0,7.0,0.0,0.0
11692,2019-09-16,Aston Villa,West Ham United,0.6373,0.2496,0.1131,0,0,10,8,1.4050238430500028,1.319951020181179,2,0,0.0,1.0,9.0,0.0,0.0,0,0,13,11,0.5352785009890793,0.4991100076586005,1,1,0.0,1.0,10.0,0.0,2.0
11693,2019-09-20,Southampton,Bournemouth,0.5961,0.2395,0.1644,1,0,25,18,2.1802044957876205,0.8021085951477285,1,0,0.0,1.0,23.0,1.0,0.0,3,3,6,4,1.2977264057844875,1.2419010065495968,3,0,1.0,1.0,4.0,0.0,0.0
11694,2019-09-21,Leicester City,Tottenham Hotspur,0.3433,0.2798,0.3769,2,1,16,11,1.2879500035196545,0.7095909100025889,1,0,0.0,1.0,15.0,0.0,0.0,1,1,11,11,1.3373456206172705,1.3373444117605684,2,0,0.0,0.0,11.0,0.0,0.0
11695,2019-09-21,Manchester City,Watford,0.9996,0.0004,0.0,8,4,28,21,6.638956151902676,4.867372803390026,2,0,2.0,4.0,20.0,1.0,1.0,0,0,5,4,0.3447178937494753,0.3051692992448805,2,0,1.0,0.0,4.0,0.0,0.0
11696,2019-09-21,Burnley,Norwich City,0.7897,0.1472,0.0631,2,2,13,12,2.3931168168783183,2.231042448431253,0,0,1.0,2.0,8.0,0.0,2.0,0,0,11,8,0.8014281168580054,0.4152009896934031,1,0,0.0,0.0,11.0,0.0,0.0
11698,2019-09-21,Everton,Sheffield United,0.5598,0.3092,0.131,0,0,16,11,1.2653035037219522,1.0063003962859507,1,0,1.0,4.0,11.0,0.0,1.0,1,1,2,2,0.5080110058188438,0.5080110058188438,3,0,0.0,0.0,2.0,0.0,0.0
11699,2019-09-21,Newcastle United,Brighton,0.3232,0.3006,0.3762,0,0,11,11,1.0980689041316507,1.0980698131024835,2,0,0.0,2.0,9.0,0.0,0.0,0,0,16,15,1.2373281903564928,1.088516805320978,1,0,0.0,1.0,15.0,0.0,0.0
11697,2019-09-22,Crystal Palace,Wolverhampton Wanderers,0.1739,0.2419,0.5842,0,0,13,7,0.985729396343231,0.7464622966945169,2,0,1.0,2.0,8.0,0.0,2.0,1,1,13,10,1.7557240985333915,1.68869698792696,1,1,0.0,2.0,11.0,0.0,1.0
11700,2019-09-22,West Ham United,Manchester United,0.1197,0.2714,0.6089,2,1,8,5,0.5137594901025292,0.3258544988930223,2,0,2.0,0.0,5.0,0.0,1.0,0,0,9,8,1.278264408931136,1.2194610172882674,2,0,0.0,1.0,8.0,0.0,0.0
11701,2019-09-22,Chelsea,Liverpool,0.4027,0.311,0.2863,1,1,13,11,1.233212386257946,1.1650518001988528,3,0,0.0,3.0,10.0,0.0,0.0,2,2,6,6,1.0300308763980863,1.0300308763980863,3,0,0.0,2.0,2.0,0.0,2.0
11702,2019-09-22,Arsenal,Aston Villa,0.5722,0.2195,0.2083,3,0,21,16,2.5664171501994133,1.4826525114476676,5,1,2.0,5.0,13.0,1.0,0.0,2,2,14,11,1.7154576592147348,1.4737230911850927,1,0,2.0,2.0,9.0,0.0,1.0
11703,2019-09-28,Sheffield United,Liverpool,0.18,0.2402,0.5798,0,0,12,9,1.193654593080282,0.9719609199091792,1,0,0.0,2.0,10.0,0.0,0.0,1,0,16,6,1.9707899224013088,1.1742346212267876,1,0,1.0,2.0,13.0,0.0,0.0
11704,2019-09-28,Tottenham Hotspur,Southampton,0.3564,0.3113,0.3323,2,2,9,9,1.1900846064090724,1.1900844294577837,0,1,0.0,2.0,7.0,0.0,0.0,1,0,14,10,1.162558792158961,0.5431859027594325,2,0,1.0,2.0,9.0,0.0,2.0
11705,2019-09-28,Wolverhampton Wanderers,Watford,0.3492,0.3828,0.268,1,1,6,6,1.1636286769062278,1.163628512993455,0,0,0.0,0.0,6.0,0.0,0.0,0,0,14,11,1.091338664293289,0.4058610983192918,1,0,0.0,1.0,14.0,0.0,0.0
11706,2019-09-28,Aston Villa,Burnley,0.1745,0.2428,0.5827,2,2,16,14,0.9142650067806244,0.7666488057002423,1,0,1.0,2.0,13.0,0.0,0.0,2,2,10,8,1.669189975596964,1.569398500025272,4,0,2.0,3.0,5.0,0.0,0.0
11707,2019-09-28,Bournemouth,West Ham United,0.6247,0.2012,0.1741,2,2,13,12,2.3195660039782524,2.20839649066329,3,0,0.0,6.0,6.0,0.0,1.0,2,2,17,14,1.3024745136499405,1.0668432042002676,1,0,1.0,2.0,14.0,0.0,0.0
11708,2019-09-28,Chelsea,Brighton,0.9712,0.0225,0.0063,2,1,24,18,4.282773092389107,2.8984347879886627,2,0,0.0,2.0,21.0,1.0,0.0,0,0,8,7,0.6162637080997225,0.5965895075350998,3,0,0.0,2.0,6.0,0.0,0.0
11709,2019-09-28,Crystal Palace,Norwich City,0.6775,0.2208,0.1017,2,1,15,12,1.80496821925044,0.8817057870328423,3,0,0.0,1.0,13.0,1.0,0.0,0,0,10,9,0.7121291048824786,0.6719514057040215,1,0,0.0,0.0,8.0,0.0,2.0
11711,2019-09-28,Everton,Manchester City,0.2424,0.2121,0.5455,1,1,12,10,2.362703002989292,2.1553420275449757,2,0,1.0,3.0,5.0,0.0,3.0,3,1,20,17,3.108202949166298,2.8512410707771774,2,0,1.0,0.0,19.0,0.0,0.0
11710,2019-09-29,Leicester City,Newcastle United,0.8912,0.1032,0.0056,4,3,13,11,1.8243771567940712,1.7136984057724471,1,0,0.0,0.0,13.0,0.0,0.0,0,0,3,2,0.0541340997442601,0.0441111000254749,1,1,0.0,0.0,4.0,0.0,0.0
11712,2019-09-30,Manchester United,Arsenal,0.2214,0.2554,0.5232,1,1,16,11,1.1340074194595215,0.8953006863594054,4,0,1.0,4.0,11.0,0.0,0.0,1,1,10,7,1.7161247879266737,1.453217014670372,2,0,1.0,0.0,9.0,0.0,0.0
11713,2019-10-05,Brighton,Tottenham Hotspur,0.9194,0.067,0.0136,3,1,17,12,2.7074964828789234,0.8640929087996481,2,0,1.0,2.0,13.0,0.0,1.0,0,0,8,6,0.4785039126873014,0.414310513064265,1,0,1.0,1.0,6.0,0.0,0.0
11714,2019-10-05,Burnley,Everton,0.1354,0.2707,0.5939,1,1,9,7,0.5589123032987116,0.4742925930768248,2,0,1.0,1.0,6.0,0.0,1.0,0,0,11,9,1.336675764992833,1.165442513301968,1,1,1.0,3.0,7.0,0.0,0.0
11715,2019-10-05,Liverpool,Leicester City,0.9902,0.009,0.0008,2,1,18,14,3.7486749459058046,2.254715332761407,1,0,1.0,2.0,14.0,1.0,0.0,1,1,2,2,0.0982106979936361,0.0676774978637695,4,0,0.0,0.0,2.0,0.0,0.0
11717,2019-10-05,Norwich City,Aston Villa,0.0918,0.1263,0.7819,1,0,21,12,1.8672967869788404,0.7431463897228239,1,0,0.0,3.0,18.0,0.0,0.0,5,5,22,15,4.179700769484043,2.0675963349640365,2,0,0.0,3.0,17.0,1.0,1.0
11719,2019-10-05,Watford,Sheffield United,0.7252,0.212,0.0628,0,0,8,7,1.4431781098246572,1.4239257983863354,0,0,0.0,2.0,5.0,0.0,1.0,0,0,9,6,0.3537230966612692,0.1892626993358133,2,0,0.0,2.0,6.0,0.0,1.0
11720,2019-10-05,West Ham United,Crystal Palace,0.1412,0.2336,0.6252,1,1,9,7,1.2357722856104372,1.1043433248996737,3,0,0.0,0.0,7.0,0.0,2.0,2,1,7,5,2.0682011041790247,1.2966806869953869,2,0,0.0,1.0,3.0,1.0,2.0
11716,2019-10-06,Manchester City,Wolverhampton Wanderers,0.4735,0.2691,0.2574,0,0,18,13,1.618843616917729,1.2853663861751552,5,0,2.0,1.0,15.0,0.0,0.0,2,2,7,5,1.192718233913183,1.039966123178601,2,0,0.0,1.0,6.0,0.0,0.0
11718,2019-10-06,Southampton,Chelsea,0.1721,0.2325,0.5954,1,0,10,6,1.2704423731192942,0.2398782530799507,0,0,1.0,2.0,5.0,0.0,2.0,4,4,13,11,2.152011021971702,1.9752233624458309,1,0,0.0,2.0,11.0,0.0,0.0
11722,2019-10-06,Arsenal,Bournemouth,0.5216,0.3114,0.167,1,1,12,10,1.2410906013101335,1.1669601928442714,1,0,0.0,3.0,9.0,0.0,0.0,0,0,10,8,0.6839668015018101,0.6419594893231984,2,0,0.0,2.0,7.0,0.0,1.0
11721,2019-10-06,Newcastle United,Manchester United,0.2281,0.346,0.4259,1,1,12,11,0.6502952044829724,0.6045070122927426,3,0,1.0,1.0,9.0,0.0,1.0,0,0,12,11,0.9725684067234394,0.906440820544958,3,0,1.0,4.0,6.0,0.0,1.0
11727,2019-10-19,Everton,West Ham United,0.8303,0.1277,0.042,2,2,19,12,2.298821114003658,1.388778207823634,2,0,1.0,5.0,11.0,0.0,2.0,0,0,8,6,0.4591124020516869,0.358670203015208,2,0,2.0,1.0,5.0,0.0,0.0
11723,2019-10-19,Aston Villa,Brighton,0.7539,0.1481,0.098,2,2,24,17,3.1194131616503,1.950144223868847,1,0,3.0,1.0,19.0,0.0,1.0,1,1,20,17,1.3237756993621586,1.2048581838607786,2,1,0.0,1.0,18.0,0.0,1.0
11724,2019-10-19,Bournemouth,Norwich City,0.3837,0.4302,0.1861,0,0,11,6,0.6755547057837245,0.5083947014063595,1,0,1.0,4.0,6.0,0.0,0.0,0,0,10,10,0.4028732031583784,0.4028728064149614,3,0,0.0,2.0,8.0,0.0,0.0
11725,2019-10-19,Chelsea,Newcastle United,0.8936,0.0932,0.0132,1,1,16,12,2.3195886258035894,1.6398758739233017,2,0,1.0,4.0,10.0,0.0,1.0,0,0,5,4,0.1970821991562841,0.1782816015183925,1,0,0.0,0.0,5.0,0.0,0.0
11728,2019-10-19,Leicester City,Burnley,0.1307,0.2209,0.6484,2,2,19,15,0.8342052940279242,0.6463367901742455,0,0,1.0,4.0,14.0,0.0,0.0,1,1,13,8,1.818987061269581,0.9996289135888218,3,0,1.0,0.0,9.0,0.0,3.0
11731,2019-10-19,Tottenham Hotspur,Watford,0.3498,0.3494,0.3008,1,0,12,8,0.8916172161698338,0.2926589027047154,4,0,1.0,2.0,9.0,0.0,0.0,1,1,7,4,0.8468519896268845,0.6774080097675322,3,0,2.0,0.0,5.0,0.0,0.0
11732,2019-10-19,Wolverhampton Wanderers,Southampton,0.2018,0.3345,0.4637,1,0,4,2,0.8874952197074889,0.0573126003146171,3,0,0.0,0.0,3.0,1.0,0.0,1,0,14,10,1.3769525885581966,0.6873590983450409,2,0,1.0,2.0,9.0,0.0,2.0
11726,2019-10-19,Crystal Palace,Manchester City,0.007,0.0293,0.9637,0,0,7,5,0.6333602070808408,0.2356973998248575,1,0,1.0,1.0,4.0,0.0,1.0,2,2,21,20,4.022365849465132,3.974660020321608,1,0,0.0,3.0,18.0,0.0,0.0
11729,2019-10-20,Manchester United,Liverpool,0.2391,0.3812,0.3797,1,1,7,7,0.7918627765029668,0.7918614111840724,0,0,0.0,0.0,7.0,0.0,0.0,1,1,10,9,1.0321162212640045,1.0008220858871937,1,0,0.0,0.0,9.0,0.0,1.0
11730,2019-10-21,Sheffield United,Arsenal,0.2926,0.3964,0.311,1,1,8,7,0.8957224264740942,0.8626179322600365,4,0,0.0,2.0,5.0,0.0,1.0,0,0,9,7,0.9497352344915266,0.8798518907278774,4,0,1.0,1.0,7.0,0.0,0.0
11740,2019-10-25,Southampton,Leicester City,0.0032,0.0132,0.9836,0,0,6,4,0.4573338106274603,0.3947436138987541,0,1,1.0,0.0,5.0,0.0,0.0,9,4,25,16,4.411887222900987,2.4085348304361105,0,0,1.0,2.0,21.0,1.0,0.0
11737,2019-10-26,Manchester City,Aston Villa,0.8517,0.1,0.0483,3,1,25,20,3.2512817736715074,1.8429401926696296,1,1,0.0,7.0,18.0,0.0,0.0,0,0,11,5,1.0749572254717348,0.2802102975547312,1,0,0.0,0.0,11.0,0.0,0.0
11734,2019-10-26,Brighton,Everton,0.3737,0.3492,0.2771,2,0,8,5,1.1527911759912963,0.2444663029164074,2,0,2.0,1.0,5.0,1.0,0.0,1,1,10,7,1.0492298286408184,0.9556944128125904,1,0,0.0,4.0,7.0,0.0,0.0
11741,2019-10-26,Watford,Bournemouth,0.2583,0.3633,0.3784,0,0,7,3,0.6749036964029071,0.0990517009049653,5,0,0.0,2.0,5.0,0.0,0.0,0,0,15,11,0.8998534120619293,0.7313869129866359,3,0,2.0,4.0,9.0,0.0,0.0
11742,2019-10-26,West Ham United,Sheffield United,0.7017,0.1979,0.1004,1,1,12,11,2.5289301835000515,2.5015376452356577,2,0,0.0,1.0,10.0,0.0,1.0,1,1,10,9,1.2537769731134174,1.1364386230707166,2,0,0.0,3.0,6.0,0.0,1.0
11735,2019-10-26,Burnley,Chelsea,0.7194,0.1734,0.1072,2,2,13,11,2.238805096596479,2.1762571334838863,3,0,0.0,2.0,10.0,0.0,1.0,4,3,16,12,0.988320995122194,0.7070872038602826,2,0,1.0,4.0,10.0,0.0,1.0
11738,2019-10-27,Newcastle United,Wolverhampton Wanderers,0.0764,0.1803,0.7433,1,1,13,10,0.6048350967466829,0.4913039039820429,2,1,0.0,0.0,10.0,0.0,3.0,1,0,13,12,1.9325517667457457,1.4320194795727728,2,0,0.0,1.0,11.0,0.0,1.0
11733,2019-10-27,Arsenal,Crystal Palace,0.2675,0.2977,0.4348,2,1,15,11,1.5715992152690883,0.6966630946844813,2,0,1.0,6.0,8.0,0.0,0.0,2,1,10,8,1.7789172306656833,0.927968382835388,0,0,0.0,0.0,8.0,1.0,1.0
11736,2019-10-27,Liverpool,Tottenham Hotspur,0.5907,0.2368,0.1725,2,0,21,16,2.190901486203074,1.2317225113511083,3,0,1.0,3.0,15.0,1.0,1.0,1,0,11,8,1.374012912623584,0.663237323053181,3,0,0.0,1.0,9.0,0.0,1.0
11739,2019-10-27,Norwich City,Manchester United,0.0079,0.0224,0.9697,1,0,10,6,0.8943500965833662,0.7334692142903803,2,0,0.0,1.0,8.0,0.0,1.0,3,2,21,12,4.512317009270191,2.335949221625924,2,0,1.0,7.0,11.0,2.0,0.0
11745,2019-11-02,Bournemouth,Manchester United,0.7315,0.1875,0.081,1,1,12,7,1.9121231026947496,1.0904711708426476,4,0,1.0,0.0,10.0,0.0,1.0,0,0,15,14,0.6411290960386391,0.5949193937703963,3,0,0.0,2.0,12.0,0.0,1.0
11743,2019-11-02,Arsenal,Wolverhampton Wanderers,0.2334,0.281,0.4856,1,1,10,7,1.0314385965466497,0.8351750075817108,0,0,0.0,2.0,7.0,0.0,1.0,1,1,25,16,1.5148655846714971,1.144062705338001,2,0,1.0,5.0,19.0,0.0,0.0
11744,2019-11-02,Aston Villa,Liverpool,0.0731,0.1563,0.7706,1,1,5,4,0.7416152134537696,0.650575689971447,1,0,0.0,2.0,2.0,0.0,1.0,2,2,25,20,2.4025130029767747,2.0194350890815254,2,0,1.0,5.0,19.0,0.0,0.0
11746,2019-11-02,Brighton,Norwich City,0.8783,0.094,0.0277,2,2,21,14,2.6549638323485847,2.087547877803445,0,0,0.0,4.0,16.0,0.0,1.0,0,0,7,6,0.4550814926624296,0.3977091014385222,1,0,1.0,2.0,4.0,0.0,0.0
11749,2019-11-02,Manchester City,Southampton,0.9119,0.074,0.0141,2,1,26,15,3.366413533687592,2.433011159300804,3,0,1.0,7.0,17.0,0.0,1.0,1,0,3,2,0.9201776850968598,0.0519926995038986,1,0,0.0,0.0,3.0,0.0,0.0
11750,2019-11-02,Sheffield United,Burnley,0.83,0.1251,0.0449,3,3,13,11,2.583915039896965,2.4629967389628287,1,0,0.0,1.0,12.0,0.0,0.0,0,0,6,3,0.7166132032871245,0.080339499749243,2,0,1.0,1.0,4.0,0.0,0.0
11752,2019-11-02,West Ham United,Newcastle United,0.271,0.258,0.471,2,1,17,13,1.6066455878317354,0.7756950166076421,2,0,0.0,7.0,10.0,0.0,0.0,3,2,12,8,1.931917196139693,1.6979877948760986,1,0,1.0,1.0,9.0,0.0,1.0
11751,2019-11-02,Watford,Chelsea,0.2033,0.2538,0.5429,1,0,12,11,1.474396016448736,0.7132275123149152,4,0,0.0,1.0,8.0,1.0,2.0,2,2,16,12,2.1913466975092883,1.6178620979189873,2,0,1.0,1.0,14.0,0.0,0.0
11747,2019-11-03,Crystal Palace,Leicester City,0.155,0.3517,0.4933,0,0,12,5,0.4429092910140749,0.2638031020760535,2,0,0.0,2.0,9.0,0.0,1.0,2,1,14,12,0.9811667948961252,0.8323931898921726,2,0,1.0,5.0,4.0,0.0,4.0
11748,2019-11-03,Everton,Tottenham Hotspur,0.6632,0.2752,0.0616,1,1,7,6,1.1553231142461298,0.6762838046997783,1,0,0.0,0.0,7.0,0.0,0.0,1,1,4,4,0.2433926314115522,0.2433926314115522,2,1,0.0,0.0,3.0,0.0,1.0
11757,2019-11-08,Norwich City,Watford,0.1585,0.28,0.5615,0,0,17,9,0.6211279025301333,0.2760917004197832,1,0,1.0,3.0,12.0,0.0,1.0,2,1,12,8,1.3601754130795596,0.9038663925603032,2,1,0.0,1.0,11.0,0.0,0.0
11754,2019-11-09,Chelsea,Crystal Palace,0.9423,0.0481,0.0096,2,1,23,15,3.3578710332512856,1.9508039131760595,3,0,4.0,1.0,18.0,0.0,0.0,0,0,3,3,0.4794889129698276,0.4794889129698276,2,0,0.0,0.0,2.0,0.0,1.0
11753,2019-11-09,Burnley,West Ham United,0.8586,0.1051,0.0363,2,2,14,10,2.4157982319593425,1.9988702554255724,2,0,0.0,5.0,7.0,0.0,2.0,0,0,7,6,0.4742807913571593,0.433857114985585,1,0,0.0,2.0,6.0,0.0,0.0
11756,2019-11-09,Newcastle United,Bournemouth,0.4754,0.2446,0.28,2,0,20,9,2.373264372348785,0.596744507551193,2,0,0.0,3.0,17.0,0.0,0.0,1,1,16,9,1.92217406630516,0.3817512001842258,0,0,1.0,6.0,9.0,0.0,0.0
11758,2019-11-09,Southampton,Everton,0.0761,0.2071,0.7168,1,0,4,2,0.742281476035714,0.0287270005792379,1,0,1.0,1.0,1.0,0.0,1.0,2,2,24,17,2.1042863177135582,1.807660277932882,1,0,0.0,9.0,14.0,0.0,1.0
11759,2019-11-09,Tottenham Hotspur,Sheffield United,0.5262,0.2654,0.2084,1,0,17,14,1.5103969965130086,1.066539796069264,2,0,0.0,4.0,13.0,0.0,0.0,1,1,14,10,0.9279522150754926,0.7281288020312784,2,0,0.0,4.0,9.0,0.0,1.0
11762,2019-11-09,Leicester City,Arsenal,0.4439,0.3099,0.2462,2,2,19,14,1.3705496974289413,1.1301594329997893,1,0,1.0,2.0,16.0,0.0,0.0,0,0,8,6,1.035211123526096,0.9011529218405484,1,0,0.0,0.0,8.0,0.0,0.0
11760,2019-11-10,Wolverhampton Wanderers,Aston Villa,0.7939,0.1511,0.055,2,2,17,12,2.1038078069686885,0.8767061643302438,4,0,0.0,0.0,16.0,0.0,1.0,1,0,13,7,0.4732252005487677,0.31900979578495,3,0,1.0,2.0,9.0,0.0,1.0
11761,2019-11-10,Manchester United,Brighton,0.8833,0.0828,0.0339,2,2,21,16,3.652986973524093,2.6414644233882423,2,0,2.0,1.0,17.0,0.0,1.0,1,1,6,6,1.1451984755694864,1.1451975926756857,5,0,0.0,1.0,2.0,0.0,4.0
11755,2019-11-10,Liverpool,Manchester City,0.3127,0.2881,0.3992,3,2,12,8,1.3318949975073338,1.1511701904237268,0,0,0.0,1.0,10.0,0.0,1.0,1,0,18,11,1.4837703043594954,1.215327970683575,2,0,0.0,5.0,12.0,0.0,1.0
11772,2019-11-23,West Ham United,Tottenham Hotspur,0.0614,0.1533,0.7853,2,2,11,10,0.661449212580919,0.6207238063216208,3,0,1.0,2.0,7.0,0.0,1.0,3,3,15,12,2.212343748658895,1.933728480711579,2,0,1.0,5.0,8.0,0.0,1.0
11763,2019-11-23,Arsenal,Southampton,0.1668,0.2108,0.6224,2,0,12,8,1.6179236359894271,0.5269669890403746,6,0,0.0,3.0,7.0,0.0,2.0,2,1,21,15,3.098105933517217,1.6148202121257778,2,0,0.0,3.0,15.0,1.0,2.0
11765,2019-11-23,Bournemouth,Wolverhampton Wanderers,0.2059,0.3272,0.4669,1,1,9,5,0.8798351148143408,0.7811505869030951,2,1,0.0,3.0,0.0,0.0,6.0,2,1,17,13,1.2764984024688597,1.1649939976632593,1,0,1.0,4.0,11.0,0.0,1.0
11766,2019-11-23,Brighton,Leicester City,0.017,0.0549,0.9281,0,0,7,7,0.7847064211964605,0.7847050074487923,2,0,0.0,1.0,6.0,0.0,0.0,2,1,19,12,3.509171545505524,2.3185530453920364,0,0,1.0,2.0,14.0,1.0,1.0
11767,2019-11-23,Crystal Palace,Liverpool,0.1967,0.2659,0.5374,1,1,16,12,1.0254809912294145,0.9681011065840716,0,0,0.0,2.0,13.0,0.0,1.0,2,1,12,10,1.7106102071702476,0.9863539971411226,1,0,0.0,5.0,7.0,0.0,0.0
11768,2019-11-23,Everton,Norwich City,0.1424,0.2108,0.6468,0,0,18,13,0.8126939013600345,0.5580031014978881,3,0,1.0,5.0,11.0,0.0,1.0,2,1,13,11,1.8124540038406844,1.3288083933293815,5,0,0.0,3.0,9.0,0.0,1.0
11771,2019-11-23,Watford,Burnley,0.0541,0.1127,0.8332,0,0,13,9,0.9023844040930268,0.5597397908568381,1,0,3.0,1.0,7.0,0.0,2.0,3,0,11,5,2.9259286103770137,0.5254438994452356,3,0,0.0,2.0,6.0,1.0,2.0
11769,2019-11-23,Manchester City,Chelsea,0.4647,0.3041,0.2312,2,1,15,9,1.242411703802645,0.5521226078271863,1,0,0.0,3.0,11.0,0.0,1.0,1,1,11,8,0.8204735871404407,0.6945192124694584,1,0,1.0,2.0,8.0,0.0,0.0
11770,2019-11-24,Sheffield United,Manchester United,0.4198,0.3029,0.2773,3,2,12,9,1.7806468233466148,1.1585311871021984,1,0,0.0,3.0,9.0,0.0,0.0,3,2,11,9,1.3306482993066309,1.2300552837550638,2,0,0.0,1.0,10.0,0.0,0.0
11764,2019-11-25,Aston Villa,Newcastle United,0.8515,0.1083,0.0402,2,2,17,18,2.698501035571098,2.6068400740623474,1,0,1.0,1.0,13.0,0.0,2.0,0,0,11,9,0.6978396940976377,0.6088201925158498,1,0,1.0,1.0,9.0,0.0,0.0
11777,2019-11-30,Newcastle United,Manchester City,0.0129,0.0872,0.8999,2,2,6,4,0.2082515992224214,0.1290156990289686,1,0,2.0,0.0,3.0,0.0,1.0,2,1,24,16,2.484986182302236,1.3090226855129,2,0,0.0,4.0,20.0,0.0,0.0
11773,2019-11-30,Burnley,Crystal Palace,0.617,0.2446,0.1384,0,0,15,10,1.9521118253469465,0.758560014888644,2,0,0.0,6.0,8.0,0.0,1.0,2,1,7,4,0.9367321804165838,0.7049949020147322,0,0,1.0,0.0,6.0,0.0,0.0
11774,2019-11-30,Chelsea,West Ham United,0.7651,0.1557,0.0792,0,0,19,11,2.74197538010776,1.3244214989244938,0,0,0.0,4.0,14.0,0.0,1.0,1,1,5,5,1.1203360930085182,1.1203370988368988,3,0,0.0,2.0,3.0,0.0,0.0
11776,2019-11-30,Liverpool,Brighton,0.5044,0.2797,0.2159,2,2,15,8,1.388875490054488,0.6881006993353366,0,1,0.0,3.0,11.0,0.0,1.0,1,0,12,10,0.8676007026806469,0.7984659094363447,0,0,1.0,2.0,9.0,0.0,0.0
11779,2019-11-30,Tottenham Hotspur,Bournemouth,0.8068,0.1241,0.0691,3,3,15,12,2.9704241631552577,2.762199117802083,0,0,0.0,1.0,14.0,0.0,0.0,2,0,20,13,1.0294915903359647,0.6553748762235043,2,0,1.0,4.0,14.0,0.0,1.0
11778,2019-11-30,Southampton,Watford,0.826,0.1455,0.0285,2,1,11,6,1.9671006472781296,1.7612609919160602,1,0,2.0,1.0,8.0,0.0,0.0,1,0,6,4,0.5040049068629741,0.1585619933903216,0,0,0.0,1.0,4.0,0.0,1.0
11780,2019-12-01,Wolverhampton Wanderers,Sheffield United,0.3147,0.2737,0.4116,1,1,13,8,1.2870387136936188,0.7698990181088445,1,0,0.0,4.0,7.0,0.0,2.0,1,1,9,7,1.4729640036821363,1.3621667139232156,5,0,0.0,0.0,8.0,0.0,1.0
11781,2019-12-01,Norwich City,Arsenal,0.1015,0.191,0.7075,2,2,15,11,0.8140802998095749,0.5873520988970993,2,0,0.0,1.0,14.0,0.0,0.0,2,0,16,8,2.025658275932073,0.3832520991563794,1,0,0.0,7.0,8.0,1.0,0.0
11775,2019-12-01,Leicester City,Everton,0.6223,0.2153,0.1624,2,2,16,12,2.2847719322890043,2.0347950514405966,0,0,0.0,1.0,14.0,0.0,1.0,1,1,11,11,1.2498614788055418,1.2498626112937927,1,0,0.0,2.0,6.0,0.0,3.0
11782,2019-12-01,Manchester United,Aston Villa,0.5014,0.2793,0.2193,1,0,16,11,1.8480415046215053,1.012457719072699,4,0,0.0,3.0,13.0,0.0,0.0,2,2,9,7,1.3390603810548782,0.5862384028732773,1,0,0.0,3.0,6.0,0.0,1.0
11791,2019-12-03,Crystal Palace,Bournemouth,0.2392,0.5482,0.2126,1,1,7,5,0.3837625011801716,0.3150866851210593,3,1,1.0,2.0,3.0,0.0,1.0,0,0,6,5,0.3427986949682234,0.2615785971283911,3,0,0.0,1.0,4.0,0.0,1.0
11784,2019-12-03,Burnley,Manchester City,0.025,0.0891,0.8859,1,1,4,3,0.4865482039749622,0.4345451034605503,1,0,1.0,0.0,3.0,0.0,0.0,4,3,17,14,2.5621444657444954,1.9771306812763212,1,0,0.0,1.0,16.0,0.0,0.0
11785,2019-12-04,Leicester City,Watford,0.9199,0.0706,0.0095,2,1,12,8,2.287354409694671,1.3033760040998457,3,0,0.0,1.0,9.0,1.0,1.0,0,0,4,4,0.1997326007112859,0.1997326007112859,2,0,0.0,0.0,4.0,0.0,0.0
11787,2019-12-04,Wolverhampton Wanderers,West Ham United,0.735,0.1951,0.0699,2,2,13,12,1.8223756123334167,1.7837542071938517,1,0,0.0,3.0,8.0,0.0,2.0,0,0,6,5,0.5019770190119741,0.4912256076931952,2,0,0.0,1.0,5.0,0.0,0.0
11788,2019-12-04,Manchester United,Tottenham Hotspur,0.6568,0.2512,0.092,2,0,12,7,1.4768284708261488,0.5700170919299125,0,0,1.0,0.0,10.0,1.0,0.0,1,0,8,5,0.5423148889094589,0.2300686016678808,1,0,1.0,0.0,7.0,0.0,0.0
11789,2019-12-04,Chelsea,Aston Villa,0.6494,0.2192,0.1314,2,2,25,20,1.979409312829375,1.6730607151985168,2,0,1.0,4.0,20.0,0.0,0.0,1,1,9,8,0.8608595095574854,0.7863633111119269,1,0,0.0,1.0,6.0,0.0,2.0
11790,2019-12-04,Southampton,Norwich City,0.6864,0.2089,0.1047,2,2,14,11,2.027185797691345,1.9119296595454216,1,0,0.0,5.0,8.0,0.0,1.0,1,1,10,9,0.9012889862060544,0.833797089755535,1,0,0.0,0.0,10.0,0.0,0.0
11792,2019-12-04,Liverpool,Everton,0.5327,0.2329,0.2344,5,5,11,11,2.4158491361886263,2.3986492268741126,1,0,0.0,0.0,10.0,0.0,1.0,2,1,12,7,1.7645338159054518,0.9465020745992658,2,0,1.0,4.0,6.0,0.0,1.0
11786,2019-12-05,Sheffield United,Newcastle United,0.5039,0.3343,0.1618,0,0,13,10,1.091752095147967,0.7950975131243464,2,0,1.0,2.0,9.0,0.0,1.0,2,2,6,5,0.5337754078209398,0.5007654055953024,0,0,1.0,0.0,5.0,0.0,0.0
11783,2019-12-05,Arsenal,Brighton,0.229,0.2568,0.5142,1,1,12,10,0.9653773028403516,0.8434773925691841,3,0,1.0,4.0,7.0,0.0,0.0,2,1,20,16,1.541638003662228,1.1717495098710058,1,0,1.0,6.0,10.0,0.0,3.0
11796,2019-12-07,Everton,Chelsea,0.5741,0.2352,0.1907,3,1,13,8,2.04108682833612,1.1509134061634536,3,0,0.0,1.0,11.0,0.0,1.0,1,0,15,12,1.2616579979658122,1.1590646170079706,0,0,0.0,1.0,12.0,0.0,2.0
11794,2019-12-07,Bournemouth,Liverpool,0.0046,0.0368,0.9586,0,0,3,3,0.1546084955334663,0.1546085961163043,0,0,0.0,0.0,3.0,0.0,0.0,3,3,22,19,3.0723995566368103,2.864414282143116,1,0,0.0,2.0,19.0,0.0,1.0
11800,2019-12-07,Tottenham Hotspur,Burnley,0.7218,0.1919,0.0863,5,5,13,12,2.396840736269951,2.387956388294697,1,0,0.0,0.0,12.0,0.0,1.0,0,0,7,5,1.107704982161522,0.7689510108903049,1,0,0.0,0.0,6.0,0.0,1.0
11801,2019-12-07,Watford,Crystal Palace,0.7994,0.1733,0.0273,0,0,13,11,1.5713220871984956,1.438179891556501,4,0,1.0,1.0,9.0,0.0,2.0,0,0,3,2,0.2107467055320739,0.1486757025122642,2,0,0.0,0.0,3.0,0.0,0.0
11797,2019-12-07,Manchester City,Manchester United,0.4696,0.2472,0.2832,1,1,21,16,2.079211823642254,1.7642726749181743,3,0,2.0,4.0,15.0,0.0,0.0,2,1,11,10,1.6338512003421783,0.8726831972599027,2,0,0.0,0.0,10.0,1.0,0.0
11793,2019-12-08,Aston Villa,Leicester City,0.0239,0.0624,0.9137,1,1,15,14,1.2414077129214998,1.2001578882336614,6,0,0.0,4.0,9.0,0.0,2.0,4,3,23,20,4.103632986545563,3.765987977385521,2,0,0.0,2.0,15.0,0.0,6.0
11798,2019-12-08,Newcastle United,Southampton,0.1687,0.2549,0.5764,2,1,12,8,1.119293889030814,0.3594584017992017,1,0,0.0,3.0,7.0,0.0,2.0,1,1,19,9,1.947456502355635,1.2404807321727274,3,0,2.0,10.0,7.0,0.0,0.0
11799,2019-12-08,Norwich City,Sheffield United,0.2498,0.4017,0.3485,1,1,14,13,0.5858045015484091,0.5630500949919222,0,0,0.0,5.0,9.0,0.0,0.0,2,1,9,7,0.7128994017839428,0.5475397910922762,4,0,0.0,0.0,9.0,0.0,0.0
11795,2019-12-08,Brighton,Wolverhampton Wanderers,0.1487,0.2284,0.6229,2,2,13,7,0.9687866102904078,0.6454426944255827,3,0,0.0,1.0,11.0,0.0,1.0,2,2,13,9,1.8962518591433764,1.6463130861520767,0,0,0.0,1.0,12.0,0.0,0.0
11802,2019-12-09,West Ham United,Arsenal,0.073,0.1861,0.7409,1,1,11,6,0.5218473179265853,0.3271970180794595,2,0,0.0,3.0,7.0,0.0,1.0,3,2,10,7,1.791814310476184,1.1338076218962667,0,0,0.0,1.0,9.0,0.0,0.0
11808,2019-12-14,Liverpool,Watford,0.518,0.2644,0.2176,2,2,16,7,1.620660590007901,0.9807278923690316,2,0,0.0,0.0,16.0,0.0,0.0,0,0,8,6,1.0116636157035823,0.5783900953829288,1,0,0.0,0.0,7.0,0.0,1.0
11804,2019-12-14,Burnley,Newcastle United,0.4421,0.3378,0.2201,1,1,7,6,1.4360233731567855,1.1150991320610044,0,0,0.0,2.0,5.0,0.0,0.0,0,0,9,5,1.0872590094804764,0.9427502024918794,2,0,0.0,1.0,8.0,0.0,0.0
11805,2019-12-14,Chelsea,Bournemouth,0.566,0.2294,0.2046,0,0,18,10,2.033015580847859,1.5079977121204136,1,0,1.0,8.0,9.0,0.0,0.0,1,1,11,8,1.2123965844511984,0.9608987942337988,2,0,0.0,5.0,6.0,0.0,0.0
11807,2019-12-14,Leicester City,Norwich City,0.3044,0.3038,0.3918,0,0,18,12,1.065082114189863,0.8334247097373007,0,0,0.0,6.0,9.0,0.0,3.0,1,1,10,8,1.1640834994614122,1.0503343064337969,5,0,1.0,3.0,6.0,0.0,1.0
11810,2019-12-14,Sheffield United,Aston Villa,0.632,0.2565,0.1115,2,2,7,6,1.888001725077629,1.732353001832962,2,0,0.0,0.0,7.0,0.0,0.0,0,0,8,7,0.9725795164704322,0.2114108987152575,2,0,0.0,1.0,6.0,1.0,0.0
11811,2019-12-14,Southampton,West Ham United,0.311,0.3452,0.3438,0,0,11,8,0.8251235987991091,0.4470722023397682,1,0,1.0,2.0,8.0,0.0,0.0,1,1,11,10,0.9032409898936746,0.8377741090953348,3,0,0.0,2.0,8.0,0.0,1.0
11809,2019-12-15,Manchester United,Everton,0.7171,0.2244,0.0585,1,1,24,17,1.485647216439247,0.7159821111708875,1,0,2.0,3.0,18.0,0.0,2.0,0,0,8,3,0.279088497161865,0.1218574959784744,2,0,1.0,2.0,4.0,0.0,1.0
11812,2019-12-15,Wolverhampton Wanderers,Tottenham Hotspur,0.2404,0.3386,0.421,1,1,18,12,0.7203833051025864,0.5160880926996467,4,0,0.0,0.0,16.0,0.0,2.0,2,2,9,9,0.9892053101211784,0.9892051238566636,4,0,0.0,1.0,8.0,0.0,0.0
11803,2019-12-15,Arsenal,Manchester City,0.042,0.1757,0.7823,0,0,6,3,0.2816096991300579,0.1147890966385601,1,0,0.0,0.0,6.0,0.0,0.0,3,3,14,12,1.6955350283533333,1.2995363194495435,4,0,0.0,0.0,14.0,0.0,0.0
11806,2019-12-16,Crystal Palace,Brighton,0.0214,0.081,0.8976,1,1,11,8,0.4848589086905118,0.372748404741287,1,0,0.0,1.0,10.0,0.0,0.0,1,1,15,9,2.5492719402536745,0.8442809823900459,1,0,0.0,4.0,10.0,0.0,1.0
11816,2019-12-21,Everton,Arsenal,0.1606,0.3613,0.4781,0,0,9,5,0.4865228030830619,0.3202329128980634,2,0,1.0,0.0,8.0,0.0,0.0,0,0,6,5,0.8902282146736978,0.8285179743543266,3,0,0.0,2.0,4.0,0.0,0.0
11813,2019-12-21,Aston Villa,Southampton,0.0701,0.1332,0.7967,1,0,19,15,0.9210538174957034,0.7549618808552618,2,0,2.0,5.0,12.0,0.0,0.0,3,1,17,9,2.739396307617426,1.3347761817276476,1,0,2.0,3.0,10.0,0.0,2.0
11814,2019-12-21,Bournemouth,Burnley,0.1153,0.7656,0.1191,0,0,3,2,0.1385317035019397,0.1151250042021274,2,0,0.0,2.0,1.0,0.0,0.0,1,1,2,1,0.1443187054246663,0.1298100054264068,4,0,0.0,0.0,2.0,0.0,0.0
11815,2019-12-21,Brighton,Sheffield United,0.0649,0.1924,0.7427,0,0,9,6,0.4283710904419419,0.3203690014779566,1,0,1.0,1.0,6.0,0.0,1.0,1,0,7,5,1.6593353375792503,0.6469134986400603,3,0,0.0,0.0,6.0,0.0,1.0
11818,2019-12-21,Newcastle United,Crystal Palace,0.2554,0.3549,0.3897,1,0,8,6,0.7143679028376934,0.2271492569707333,2,0,0.0,1.0,7.0,0.0,0.0,0,0,16,14,0.985368391498923,0.923167174682021,0,0,1.0,2.0,11.0,0.0,2.0
11819,2019-12-21,Norwich City,Wolverhampton Wanderers,0.2615,0.2668,0.4717,1,0,13,9,1.2653554771095514,1.0589599609375,2,0,1.0,1.0,8.0,0.0,3.0,2,1,14,11,1.8173489319160576,1.373122602701187,4,0,0.0,1.0,13.0,0.0,0.0
11817,2019-12-21,Manchester City,Leicester City,0.9032,0.0714,0.0254,3,2,23,21,3.591385953128338,2.772237237542868,2,0,1.0,2.0,19.0,1.0,0.0,1,1,5,5,1.0138825736939907,1.0138835869729517,2,0,0.0,0.0,5.0,0.0,0.0
11821,2019-12-22,Watford,Manchester United,0.3791,0.2811,0.3398,2,1,11,6,1.592906080186367,0.451865507289767,3,0,0.0,1.0,7.0,1.0,2.0,0,0,17,14,1.531826864928007,1.3811549879610538,1,0,2.0,2.0,12.0,0.0,1.0
11820,2019-12-22,Tottenham Hotspur,Chelsea,0.0406,0.1922,0.7672,0,0,5,4,0.2766674011945723,0.2245261967182158,4,1,1.0,0.0,4.0,0.0,0.0,2,1,13,10,1.4937444319948552,0.6072644144296644,3,0,1.0,2.0,9.0,1.0,0.0
11831,2019-12-26,Tottenham Hotspur,Brighton,0.3168,0.3158,0.3674,2,1,11,7,1.031740877777338,0.8218120988458393,4,0,1.0,0.0,9.0,0.0,1.0,1,1,11,7,1.090068146586418,0.9092714991420509,2,0,1.0,1.0,6.0,0.0,3.0
11823,2019-12-26,Aston Villa,Norwich City,0.1589,0.2584,0.5827,1,1,11,11,0.6541934087872501,0.6541940029710529,2,0,0.0,3.0,8.0,0.0,0.0,0,0,16,10,1.4514253996312614,1.1158294081687925,3,0,1.0,4.0,10.0,0.0,1.0
11824,2019-12-26,Bournemouth,Arsenal,0.4082,0.2741,0.3177,1,1,12,8,1.554628390818834,1.2305859029293058,4,0,1.0,2.0,9.0,0.0,0.0,1,0,17,12,1.4513167105615137,0.7904190914705392,4,0,0.0,1.0,16.0,0.0,0.0
11825,2019-12-26,Chelsea,Southampton,0.2827,0.3415,0.3758,0,0,10,9,0.8599725142121313,0.8005911856889723,3,0,1.0,4.0,5.0,0.0,0.0,2,1,5,3,0.9813209865242244,0.5023995153605937,2,0,0.0,1.0,3.0,0.0,1.0
11826,2019-12-26,Crystal Palace,West Ham United,0.7301,0.1812,0.0887,2,2,13,8,2.141947688534856,1.2980846669524906,0,0,0.0,3.0,10.0,0.0,0.0,1,1,10,9,0.7963377907872199,0.7735402975231407,2,0,0.0,1.0,8.0,0.0,1.0
11827,2019-12-26,Everton,Burnley,0.6218,0.2726,0.1056,1,1,21,17,1.4752141293138263,1.2772589121013875,0,0,1.0,3.0,12.0,0.0,5.0,0,0,6,5,0.565252606756985,0.5317340558394789,0,0,0.0,2.0,2.0,0.0,2.0
11830,2019-12-26,Sheffield United,Watford,0.7843,0.1616,0.0541,1,0,16,12,2.0491686947643752,1.1727997101843357,0,0,0.0,4.0,9.0,1.0,2.0,1,1,5,3,0.5966106131672858,0.4594058096408842,3,0,2.0,0.0,3.0,0.0,0.0
11829,2019-12-26,Manchester United,Newcastle United,0.612,0.2376,0.1504,4,2,22,15,1.9963853321969507,1.2980995923280712,2,0,2.0,4.0,16.0,0.0,0.0,1,1,7,7,1.0501764779910443,1.0501768002286551,2,0,0.0,0.0,6.0,0.0,1.0
11828,2019-12-26,Leicester City,Liverpool,0.0003,0.0086,0.9911,0,0,3,2,0.1209943015128373,0.1023796014487743,1,0,0.0,0.0,3.0,0.0,0.0,4,3,15,13,3.769734729081392,2.5802157130092382,1,0,0.0,3.0,11.0,1.0,0.0
11832,2019-12-27,Wolverhampton Wanderers,Manchester City,0.6128,0.2356,0.1516,3,3,20,19,2.3940501771867275,2.343848737888038,0,0,1.0,2.0,16.0,0.0,1.0,2,1,7,4,1.9816536493599413,0.4923862852156161,1,1,1.0,0.0,4.0,1.0,1.0
11834,2019-12-28,Brighton,Bournemouth,0.5128,0.3292,0.158,2,2,16,14,1.0628401190042494,0.9134234897792336,0,0,0.0,2.0,14.0,0.0,0.0,0,0,10,7,0.5007258914411064,0.3533143978565928,2,0,0.0,2.0,7.0,0.0,1.0
11838,2019-12-28,Newcastle United,Everton,0.1581,0.1764,0.6655,1,1,20,15,1.6321067120879886,1.5217668060213323,2,0,0.0,3.0,16.0,0.0,1.0,2,1,22,16,2.879497159272432,2.0771369710564613,2,0,1.0,7.0,11.0,0.0,3.0
11840,2019-12-28,Southampton,Crystal Palace,0.7755,0.1989,0.0256,1,0,14,8,1.4843383487313984,0.9231314323842522,1,0,1.0,2.0,10.0,0.0,1.0,1,1,5,3,0.137837001122534,0.0850264001637696,2,0,0.0,1.0,3.0,0.0,1.0
11841,2019-12-28,Watford,Aston Villa,0.9266,0.0573,0.0161,3,1,20,12,3.271205904893577,1.3591708801686764,3,1,0.0,3.0,14.0,1.0,2.0,0,0,11,9,0.610996686853468,0.5841581113636493,1,0,0.0,0.0,9.0,0.0,2.0
11839,2019-12-28,Norwich City,Tottenham Hotspur,0.0263,0.141,0.8327,1,1,5,4,0.268052104860544,0.1865667030215262,3,0,0.0,1.0,4.0,0.0,0.0,2,0,15,13,1.8218851219862695,0.9380506016314027,3,0,1.0,0.0,14.0,1.0,0.0
11842,2019-12-28,West Ham United,Leicester City,0.0516,0.1144,0.834,1,1,14,12,0.7821036195382471,0.6572173936292526,4,0,0.0,5.0,9.0,0.0,0.0,2,2,13,9,2.6276630256325,1.670629685744643,1,0,1.0,2.0,9.0,1.0,0.0
11835,2019-12-28,Burnley,Manchester United,0.0282,0.1155,0.8563,0,0,8,6,0.3866612985730168,0.2851598039269445,4,0,1.0,2.0,4.0,0.0,1.0,2,2,14,8,2.133877580985427,1.486421024426818,3,0,3.0,2.0,9.0,0.0,0.0
11833,2019-12-29,Arsenal,Chelsea,0.1634,0.2709,0.5657,1,1,7,6,0.7852141857147215,0.7418861091136931,5,0,1.0,3.0,3.0,0.0,0.0,2,2,13,10,1.4966559745371335,1.395768966525793,4,0,0.0,2.0,8.0,0.0,3.0
11836,2019-12-29,Liverpool,Wolverhampton Wanderers,0.7092,0.224,0.0668,1,1,10,9,1.4912433028221128,1.4179684557020662,1,0,0.0,3.0,7.0,0.0,0.0,0,0,10,6,0.3637643996626135,0.2215816006064412,0,0,1.0,1.0,8.0,0.0,0.0
11837,2019-12-29,Manchester City,Sheffield United,0.3044,0.3003,0.3953,2,2,16,13,1.0862803850322955,0.8959637992084023,1,0,2.0,1.0,13.0,0.0,0.0,0,0,8,7,1.233461920171976,1.1926855016499756,1,0,0.0,1.0,7.0,0.0,0.0
11845,2020-01-01,Brighton,Chelsea,0.3583,0.2959,0.3458,1,1,16,11,1.6278174743056295,1.3450746238231654,2,0,1.0,2.0,9.0,0.0,4.0,1,0,16,11,1.6719648130238056,0.6600666940212246,3,0,0.0,3.0,13.0,0.0,0.0
11846,2020-01-01,Burnley,Aston Villa,0.532,0.2321,0.2359,1,1,20,16,2.374429658986628,2.232135228812694,1,0,1.0,5.0,14.0,0.0,0.0,2,1,11,9,1.748236296698451,1.2452006042003632,1,0,0.0,1.0,9.0,0.0,1.0
11849,2020-01-01,Newcastle United,Leicester City,0.0438,0.1446,0.8116,0,0,5,4,0.7801174046471713,0.7418960155919193,1,0,0.0,0.0,5.0,0.0,0.0,3,2,17,12,2.652073193341493,1.6931640505790708,1,0,1.0,3.0,12.0,0.0,1.0
11851,2020-01-01,Southampton,Tottenham Hotspur,0.4731,0.2856,0.2413,1,1,12,10,1.511924088001251,1.4055518005043264,3,0,0.0,2.0,10.0,0.0,0.0,0,0,11,6,1.0822400860488413,0.8385224994271991,4,0,1.0,1.0,7.0,0.0,2.0
11852,2020-01-01,Watford,Wolverhampton Wanderers,0.3114,0.298,0.3906,2,2,9,8,1.070533890277147,1.0480930954217909,3,1,0.0,1.0,8.0,0.0,0.0,1,1,16,12,1.2325241975486276,1.1143938228487968,1,0,1.0,4.0,11.0,0.0,0.0
11843,2020-01-01,West Ham United,Bournemouth,0.8034,0.1575,0.0391,4,3,14,10,2.3282478116452694,1.4775437228381632,1,0,1.0,3.0,9.0,1.0,0.0,0,0,3,3,0.72070949152112,0.7207089960575104,2,0,0.0,0.0,3.0,0.0,0.0
11848,2020-01-01,Manchester City,Everton,0.6084,0.2598,0.1318,2,2,16,15,1.797566533088684,1.7779878005385397,0,0,0.0,2.0,12.0,0.0,2.0,1,0,7,5,0.8645864110440012,0.2084071971476076,4,0,0.0,3.0,4.0,0.0,0.0
11850,2020-01-01,Norwich City,Crystal Palace,0.4478,0.2915,0.2607,1,1,15,11,1.7253642976284027,1.5412340164184568,5,0,1.0,2.0,11.0,0.0,1.0,1,1,12,9,1.2989599686115978,1.1984334755688903,0,0,0.0,1.0,9.0,0.0,2.0
11844,2020-01-01,Arsenal,Manchester United,0.7141,0.2018,0.0841,2,0,10,8,1.947670020163059,0.7253709807991982,2,0,0.0,2.0,8.0,0.0,0.0,0,0,10,8,0.715563405305147,0.6306783081963655,0,0,1.0,0.0,8.0,0.0,1.0
11847,2020-01-02,Liverpool,Sheffield United,0.9328,0.0591,0.0081,2,1,19,16,3.4694414399564266,2.69037752225995,0,0,0.0,2.0,16.0,0.0,1.0,0,0,3,2,0.6346076056361196,0.5927144065499305,0,0,0.0,0.0,3.0,0.0,0.0
11855,2020-01-10,Sheffield United,West Ham United,0.6699,0.207,0.1231,1,1,13,10,2.02906459197402,1.87342669442296,1,0,0.0,3.0,9.0,0.0,1.0,0,0,7,4,0.9047706965357064,0.4452691935002802,0,0,1.0,0.0,5.0,0.0,1.0
11859,2020-01-11,Crystal Palace,Arsenal,0.0317,0.1698,0.7985,1,1,6,3,0.3178619034588335,0.2209695000201463,2,0,0.0,0.0,2.0,0.0,4.0,1,1,7,3,1.689774718135595,0.533173494040966,3,1,1.0,2.0,4.0,0.0,0.0
11853,2020-01-11,Wolverhampton Wanderers,Newcastle United,0.8999,0.089,0.0111,1,0,9,5,2.0798816978931427,0.981573784723878,0,0,0.0,2.0,6.0,0.0,1.0,1,1,5,5,0.1844955012202262,0.184495098888874,3,0,0.0,0.0,5.0,0.0,0.0
11858,2020-01-11,Chelsea,Burnley,0.8783,0.097,0.0247,3,2,18,14,2.896606596186757,1.853970158845186,0,0,1.0,2.0,14.0,1.0,0.0,0,0,7,2,0.8108963035047052,0.4377219974994659,3,0,2.0,4.0,1.0,0.0,0.0
11860,2020-01-11,Everton,Brighton,0.4903,0.2518,0.2579,1,1,14,11,2.025330813601613,1.6302441153675316,2,0,0.0,2.0,12.0,0.0,0.0,0,0,9,5,1.533241668716073,0.4196817986667155,1,0,0.0,1.0,7.0,0.0,1.0
11861,2020-01-11,Leicester City,Southampton,0.0603,0.151,0.7887,1,1,5,5,0.7801143787801265,0.7801140025258064,0,0,0.0,1.0,3.0,0.0,1.0,2,2,16,12,2.4502327870577574,1.8008288871496916,3,0,1.0,2.0,12.0,0.0,1.0
11862,2020-01-11,Manchester United,Norwich City,0.9713,0.0254,0.0033,4,2,13,8,3.134560162201524,1.5532293058931828,0,0,0.0,1.0,11.0,1.0,0.0,0,0,8,4,0.2764981156215068,0.1751580033451317,0,0,1.0,2.0,5.0,0.0,0.0
11854,2020-01-11,Tottenham Hotspur,Liverpool,0.2095,0.2573,0.5332,0,0,14,11,1.1058407388627525,0.9603153131902216,0,0,0.0,2.0,12.0,0.0,0.0,1,1,13,11,1.745639462023973,1.5796443819999693,2,0,0.0,1.0,12.0,0.0,0.0
11857,2020-01-12,Bournemouth,Watford,0.0223,0.1044,0.8733,0,0,10,6,0.3204476963728665,0.2131183966994285,1,0,1.0,1.0,7.0,0.0,1.0,3,2,18,14,2.351422373205423,1.633135907351971,1,0,0.0,2.0,16.0,0.0,0.0
11856,2020-01-12,Aston Villa,Manchester City,0.0269,0.0804,0.8927,1,0,7,5,1.1256495192646978,0.225639998912811,2,0,0.0,1.0,5.0,1.0,0.0,6,6,22,18,3.7942524310201406,2.815205348655581,1,0,1.0,4.0,17.0,0.0,0.0
11871,2020-01-18,Watford,Tottenham Hotspur,0.5385,0.2236,0.2379,0,0,15,11,2.391746435314417,1.4882126431912184,2,0,1.0,0.0,12.0,1.0,1.0,0,0,16,13,1.7669708104804156,1.5073061399161811,3,0,0.0,0.0,16.0,0.0,0.0
11863,2020-01-18,Arsenal,Sheffield United,0.3527,0.3268,0.3205,1,0,11,8,1.2288203146308656,0.3515589889138936,1,0,1.0,1.0,8.0,0.0,1.0,1,0,12,6,1.1934838648885486,0.984072022140026,2,0,0.0,4.0,7.0,0.0,1.0
11864,2020-01-18,Manchester City,Crystal Palace,0.83,0.1309,0.0391,2,2,25,19,2.479722822085023,2.1744542606174946,1,0,1.0,3.0,22.0,0.0,0.0,1,1,5,4,0.5867162896320222,0.5747500918805597,2,0,0.0,2.0,2.0,0.0,1.0
11867,2020-01-18,Brighton,Aston Villa,0.433,0.3044,0.2626,1,1,10,8,1.3002841789275406,0.6730391029268499,3,0,0.0,1.0,7.0,0.0,2.0,1,1,8,5,1.0204531066119669,0.7853335067629812,3,0,1.0,0.0,5.0,0.0,2.0
11869,2020-01-18,Norwich City,Bournemouth,0.7257,0.2016,0.0727,1,0,16,11,1.761023333296179,0.9073889981955284,2,1,1.0,1.0,13.0,1.0,0.0,0,0,6,6,0.5582984033972024,0.426490494981408,2,1,0.0,3.0,2.0,0.0,1.0
11870,2020-01-18,Southampton,Wolverhampton Wanderers,0.0779,0.1631,0.759,2,1,11,8,0.7869744095951317,0.6146799847483635,2,0,0.0,1.0,8.0,0.0,2.0,3,2,8,5,2.177209632471204,1.2551933098584414,1,0,0.0,0.0,6.0,1.0,1.0
11872,2020-01-18,West Ham United,Everton,0.3048,0.2539,0.4413,1,1,12,10,1.6843560887500642,1.585753194987774,1,0,0.0,0.0,11.0,0.0,1.0,1,1,11,8,1.954727970063686,1.8105881623923776,0,0,0.0,4.0,6.0,0.0,1.0
11868,2020-01-18,Newcastle United,Chelsea,0.1176,0.2097,0.6727,1,1,7,6,0.8929885085672139,0.8720369786024094,1,0,0.0,1.0,5.0,0.0,1.0,0,0,19,15,2.0543605685234065,1.567837420850992,1,0,1.0,1.0,17.0,0.0,0.0
11866,2020-01-19,Burnley,Leicester City,0.1548,0.2598,0.5854,2,0,8,4,1.5546242967247963,0.1421590987592934,1,0,1.0,2.0,5.0,0.0,0.0,1,1,18,15,2.383139074780047,1.4407703951001165,0,0,0.0,1.0,13.0,1.0,3.0
11865,2020-01-19,Liverpool,Manchester United,0.5023,0.258,0.2397,2,2,16,14,2.00655011087656,1.9691971093416207,1,0,0.0,2.0,13.0,0.0,1.0,0,0,9,5,1.420549439266324,1.274342518299818,3,0,0.0,2.0,7.0,0.0,0.0
11873,2020-01-21,Aston Villa,Watford,0.1601,0.2474,0.5925,2,1,16,14,1.1002333937212825,0.6213491056114432,2,0,0.0,3.0,9.0,0.0,4.0,1,1,8,6,1.837749645113945,1.1283553242683408,2,0,0.0,0.0,8.0,0.0,0.0
11875,2020-01-21,Sheffield United,Manchester City,0.0228,0.0931,0.8841,0,0,4,3,0.7749435026198624,0.6738865021616219,4,0,0.0,1.0,2.0,0.0,1.0,1,1,18,16,2.873002769425512,2.0634481888264418,3,0,1.0,6.0,10.0,1.0,0.0
11877,2020-01-21,Everton,Newcastle United,0.7659,0.1706,0.0635,2,2,17,12,2.052541350014508,1.8911453820765016,1,0,1.0,4.0,12.0,0.0,0.0,2,0,9,3,0.5945238936692473,0.115878403186798,1,0,0.0,4.0,2.0,0.0,3.0
11878,2020-01-21,Bournemouth,Brighton,0.3485,0.2752,0.3763,2,1,11,9,1.9231474176049228,0.9505359102040526,1,0,0.0,1.0,9.0,0.0,1.0,1,0,21,13,2.087275378406048,1.05097821354866,1,0,0.0,4.0,18.0,0.0,0.0
11882,2020-01-21,Crystal Palace,Southampton,0.1976,0.3236,0.4788,0,0,6,5,0.674589306116104,0.6171765029430388,1,0,0.0,0.0,5.0,0.0,1.0,2,2,15,16,1.1306007131934162,1.1306014284491537,2,0,0.0,3.0,12.0,0.0,0.0
11881,2020-01-21,Chelsea,Arsenal,0.9524,0.0418,0.0058,2,1,19,16,3.386117924004793,2.066697086207568,2,0,0.0,6.0,11.0,1.0,1.0,2,2,2,2,0.5680765844881535,0.5680765844881535,1,1,0.0,0.0,2.0,0.0,0.0
11876,2020-01-22,Leicester City,West Ham United,0.829,0.1353,0.0357,4,3,19,15,3.03143061697483,2.066268903203308,1,0,0.0,1.0,16.0,1.0,1.0,1,0,6,3,1.1625407077372072,0.2481448948383331,1,0,0.0,3.0,2.0,1.0,0.0
11880,2020-01-22,Tottenham Hotspur,Norwich City,0.5976,0.2549,0.1475,2,1,14,12,2.329585075378418,1.2953771129250524,0,0,1.0,0.0,13.0,0.0,0.0,1,0,13,11,1.4247168172150848,0.624119497835636,1,0,0.0,3.0,8.0,1.0,1.0
11879,2020-01-22,Manchester United,Burnley,0.5315,0.2893,0.1792,0,0,24,20,1.4165986012667413,1.0560135161504145,0,0,1.0,1.0,21.0,0.0,1.0,2,2,5,4,0.71728428453207,0.6649871841073035,2,0,1.0,0.0,1.0,0.0,3.0
11874,2020-01-23,Wolverhampton Wanderers,Liverpool,0.4512,0.25,0.2988,1,1,10,9,1.8544206544756885,1.7998456060886383,0,0,0.0,1.0,8.0,0.0,1.0,2,2,13,8,1.6071824096143243,0.7455031983554361,1,0,1.0,1.0,9.0,0.0,2.0
11822,2020-01-29,West Ham United,Liverpool,0.0492,0.1417,0.8091,0,0,7,5,0.8783412007614968,0.7352457074448465,2,0,0.0,1.0,4.0,0.0,2.0,2,1,13,9,2.599914029240608,1.2675776705145834,0,0,1.0,0.0,10.0,1.0,1.0
11886,2020-02-01,Leicester City,Chelsea,0.5887,0.2617,0.1496,2,2,14,12,1.6595590114593504,1.544468281790614,2,0,2.0,3.0,9.0,0.0,0.0,2,2,7,5,0.8069949969649313,0.5984887965023516,2,0,1.0,1.0,4.0,0.0,1.0
11883,2020-02-01,Bournemouth,Aston Villa,0.7011,0.1708,0.1281,2,1,16,8,2.7597599141299725,1.9471627715975044,1,1,2.0,0.0,8.0,0.0,6.0,1,0,17,15,1.452452018857002,0.8774122931063173,3,0,0.0,1.0,14.0,0.0,2.0
11885,2020-02-01,Crystal Palace,Sheffield United,0.3565,0.3416,0.3019,0,0,13,11,0.9700630996376274,0.9058501012623308,3,0,0.0,3.0,11.0,0.0,0.0,0,0,10,7,0.870815795846283,0.5967885032296181,2,0,1.0,2.0,6.0,0.0,1.0
11887,2020-02-01,Liverpool,Southampton,0.9565,0.035,0.0085,4,4,16,13,3.8674175497144456,3.3080914560705423,0,0,1.0,3.0,12.0,0.0,0.0,0,0,17,12,0.7162987906485793,0.4474825039505957,2,0,0.0,4.0,12.0,0.0,1.0
11889,2020-02-01,Newcastle United,Norwich City,0.0835,0.1615,0.755,0,0,15,11,0.9886657893657682,0.4174479003995656,2,0,2.0,3.0,9.0,0.0,1.0,0,0,19,12,2.421484265476465,2.1724982373416424,1,0,0.0,6.0,12.0,0.0,1.0
11891,2020-02-01,Watford,Everton,0.0386,0.12,0.8414,2,2,11,6,0.919248105958104,0.7005408983677623,2,0,0.0,2.0,6.0,0.0,3.0,3,2,12,8,2.962306834757328,1.812900621443987,2,1,1.0,3.0,7.0,0.0,1.0
11892,2020-02-01,West Ham United,Brighton,0.2142,0.2356,0.5502,3,1,12,9,1.307739958167076,1.1751983910799024,1,0,0.0,2.0,8.0,0.0,3.0,2,1,19,12,2.031788501888513,1.6890319883823393,1,0,2.0,3.0,14.0,0.0,0.0
11888,2020-02-01,Manchester United,Wolverhampton Wanderers,0.2764,0.2711,0.4525,0,0,16,9,1.1916307099163528,0.6040629046037791,3,0,1.0,1.0,12.0,0.0,2.0,0,0,15,10,1.5421060938388107,1.193330980837345,2,0,1.0,3.0,9.0,0.0,2.0
11884,2020-02-02,Burnley,Arsenal,0.5772,0.2186,0.2042,0,0,15,15,2.2476714104413986,2.2476688660681248,1,0,0.0,0.0,11.0,0.0,4.0,0,0,13,11,1.4802503921091552,1.4436943903565405,3,0,0.0,3.0,10.0,0.0,0.0
11890,2020-02-02,Tottenham Hotspur,Manchester City,0.0069,0.0363,0.9568,2,2,3,3,0.4202933050692081,0.4202928915619849,2,0,0.0,1.0,2.0,0.0,0.0,0,0,19,12,3.2600461859256025,1.7015400137752292,3,1,0.0,1.0,16.0,1.0,1.0
11897,2020-02-08,Everton,Crystal Palace,0.8528,0.1105,0.0367,3,2,14,10,2.8338303305208683,1.348169634118676,0,0,1.0,2.0,10.0,0.0,1.0,1,1,10,6,0.86773269996047,0.3179815933108327,1,0,0.0,2.0,8.0,0.0,0.0
11895,2020-02-08,Brighton,Watford,0.4631,0.4184,0.1185,0,0,10,5,0.7620096076279876,0.5028522964566944,2,0,0.0,1.0,8.0,0.0,1.0,1,1,5,4,0.2800472974777219,0.2438131980597969,2,0,0.0,1.0,5.0,0.0,0.0
11900,2020-02-09,Sheffield United,Bournemouth,0.6383,0.226,0.1357,2,1,16,10,2.127177264541388,1.1605493053793907,2,0,1.0,5.0,10.0,0.0,0.0,1,0,10,8,1.132222121581435,0.6194188967347144,3,0,0.0,2.0,7.0,0.0,1.0
11902,2020-02-14,Wolverhampton Wanderers,Leicester City,0.5283,0.311,0.1607,0,0,15,11,1.1449129218235607,0.9123587906360624,2,0,2.0,4.0,8.0,0.0,1.0,0,0,9,7,0.52763669937849,0.3993938993662593,2,1,0.0,0.0,5.0,0.0,4.0
11901,2020-02-15,Southampton,Burnley,0.2518,0.3497,0.3985,1,0,10,7,0.6940252184867859,0.5847290996462106,2,0,0.0,1.0,8.0,0.0,1.0,2,1,9,7,0.8926992136985061,0.8680419921874999,2,0,0.0,1.0,8.0,0.0,0.0
11899,2020-02-15,Norwich City,Liverpool,0.0262,0.1252,0.8486,0,0,5,5,0.3834949005395172,0.3834945000708101,1,0,0.0,1.0,4.0,0.0,0.0,1,1,17,13,2.136745527386665,1.2001245282590387,2,0,0.0,3.0,14.0,0.0,0.0
11894,2020-02-16,Aston Villa,Tottenham Hotspur,0.0761,0.1094,0.8145,1,1,18,14,1.7131289867684245,1.4940871912986038,2,0,1.0,7.0,10.0,0.0,0.0,3,1,23,16,4.343211140483618,2.094228997826576,0,0,0.0,3.0,17.0,1.0,3.0
11893,2020-02-16,Arsenal,Newcastle United,0.8118,0.126,0.0622,4,4,15,13,3.022574186325073,2.9144859313964844,2,0,1.0,2.0,12.0,0.0,0.0,0,0,10,9,1.166621286422014,1.109990937635302,0,0,1.0,3.0,6.0,0.0,0.0
11896,2020-02-17,Chelsea,Manchester United,0.3915,0.3491,0.2594,0,0,17,11,0.9402040932327504,0.6405767947435376,4,0,1.0,6.0,10.0,0.0,0.0,2,2,9,7,0.6818139906972644,0.5884078890085218,3,0,1.0,3.0,5.0,0.0,0.0
11898,2020-02-19,Manchester City,West Ham United,0.8968,0.0955,0.0077,2,2,20,16,2.207054358907044,1.8212403394281864,0,0,0.0,2.0,17.0,0.0,1.0,0,0,3,3,0.0895892297849058,0.0895892297849058,1,0,0.0,0.0,2.0,0.0,1.0
11906,2020-02-22,Chelsea,Tottenham Hotspur,0.8213,0.1481,0.0306,2,1,17,11,1.8453883342444892,0.6364374980330464,1,0,1.0,1.0,14.0,0.0,2.0,0,0,5,4,0.2658786028623578,0.2199157029390334,2,0,1.0,2.0,2.0,0.0,0.0
11905,2020-02-22,Crystal Palace,Newcastle United,0.8231,0.1531,0.0238,1,0,18,14,1.755520403385162,1.563090857118368,2,0,2.0,4.0,9.0,0.0,3.0,0,0,8,6,0.1644946997985241,0.1300073685124515,6,1,0.0,2.0,6.0,0.0,0.0
11907,2020-02-22,Burnley,Bournemouth,0.6945,0.1712,0.1343,3,2,16,11,3.099356710910797,1.944265617057681,4,0,0.0,0.0,13.0,1.0,2.0,0,0,12,9,1.7571831364184616,1.6303607132285831,3,0,1.0,2.0,9.0,0.0,0.0
11908,2020-02-22,Southampton,Aston Villa,0.9014,0.0788,0.0198,2,2,28,19,3.029256138950586,1.7898312322795389,1,0,1.0,5.0,20.0,0.0,2.0,0,0,4,4,0.4723508097231387,0.4723508097231387,4,0,0.0,0.0,4.0,0.0,0.0
11909,2020-02-22,Sheffield United,Brighton,0.5221,0.2759,0.202,1,0,13,10,1.6596982516348358,1.5212344750761984,0,0,0.0,6.0,7.0,0.0,0.0,1,1,9,8,1.0603489987552164,0.956110277213156,2,0,0.0,3.0,4.0,0.0,2.0
11904,2020-02-22,Leicester City,Manchester City,0.054,0.1328,0.8132,0,0,10,6,0.7232682909816501,0.5279766842722892,0,0,2.0,2.0,6.0,0.0,0.0,1,1,18,14,2.427487980574369,1.531101308763027,0,0,2.0,3.0,12.0,1.0,0.0
11910,2020-02-23,Manchester United,Watford,0.9024,0.0808,0.0168,3,1,21,16,2.504420810379088,1.2333924807608123,0,0,0.0,0.0,18.0,1.0,2.0,0,0,7,5,0.2949565090239044,0.1635976023972032,1,0,1.0,2.0,4.0,0.0,0.0
11912,2020-02-23,Wolverhampton Wanderers,Norwich City,0.9761,0.0212,0.0027,3,2,19,13,3.698120668530464,1.974189925938844,2,0,2.0,5.0,12.0,0.0,0.0,0,0,6,6,0.3606461007148024,0.3606454078108068,3,0,0.0,0.0,6.0,0.0,0.0
11903,2020-02-23,Arsenal,Everton,0.0959,0.1757,0.7284,3,3,9,9,1.3356733135879038,1.3356724716722963,0,0,0.0,2.0,7.0,0.0,0.0,2,1,17,14,2.7277925834059715,2.598707932978868,4,0,0.0,4.0,11.0,0.0,2.0
11911,2020-02-24,Liverpool,West Ham United,0.8423,0.1185,0.0392,3,3,25,21,2.521903757005929,1.7386214341968296,0,0,1.0,8.0,14.0,0.0,2.0,2,2,7,5,0.6382354982197281,0.4869794044643639,3,0,0.0,3.0,3.0,0.0,1.0
11919,2020-02-28,Norwich City,Leicester City,0.1394,0.2704,0.5902,1,1,11,7,0.5917158108204601,0.4393849857151507,1,0,2.0,1.0,7.0,0.0,1.0,0,0,19,13,1.42653757892549,0.8775160089135169,2,0,0.0,3.0,15.0,0.0,1.0
11915,2020-02-29,Brighton,Crystal Palace,0.2966,0.2252,0.4782,0,0,23,18,1.787119782529771,1.2590025039389725,1,0,0.0,7.0,16.0,0.0,0.0,1,1,12,9,2.1715922821313143,1.9091320056468248,1,0,0.0,3.0,8.0,0.0,1.0
11914,2020-02-29,Bournemouth,Chelsea,0.2643,0.2632,0.4725,2,2,9,9,1.5903667882084844,1.5903673730790613,2,0,0.0,1.0,8.0,0.0,0.0,2,0,23,17,2.0406295154243708,1.2702778819948433,2,0,0.0,7.0,16.0,0.0,0.0
11918,2020-02-29,Newcastle United,Burnley,0.4773,0.3307,0.192,0,0,21,13,1.12045831233263,0.7026684014126655,4,0,1.0,6.0,13.0,0.0,1.0,0,0,7,6,0.6176125966012477,0.299809196963906,3,0,0.0,1.0,5.0,0.0,1.0
11922,2020-02-29,West Ham United,Southampton,0.8335,0.1123,0.0542,3,3,14,12,2.786816768348217,2.714067287743092,1,0,0.0,2.0,12.0,0.0,0.0,1,1,10,7,0.8700253013521432,0.7934541814029215,1,0,0.0,4.0,5.0,0.0,1.0
11921,2020-02-29,Watford,Liverpool,0.95,0.0442,0.0058,3,3,14,10,2.848259389400482,2.008217997848987,0,0,0.0,0.0,14.0,0.0,0.0,0,0,7,5,0.2060311101377008,0.1613836102187631,0,0,1.0,1.0,5.0,0.0,0.0
11916,2020-03-01,Everton,Manchester United,0.7023,0.1877,0.11,1,0,16,8,2.446911812759936,1.5157432109117506,3,0,2.0,3.0,7.0,0.0,4.0,1,1,14,11,1.2003067918121813,0.4818072058260436,4,0,0.0,2.0,12.0,0.0,0.0
11920,2020-03-01,Tottenham Hotspur,Wolverhampton Wanderers,0.1427,0.2177,0.6396,2,1,13,9,1.941498391330242,0.6464235931634901,3,0,0.0,2.0,11.0,0.0,0.0,3,1,14,10,2.6913331486284733,1.1185007803142069,2,0,0.0,3.0,10.0,0.0,1.0
11928,2020-03-07,Liverpool,Bournemouth,0.524,0.2751,0.2009,2,2,14,12,1.8945335242897272,1.7657446078956125,0,0,0.0,2.0,12.0,0.0,0.0,1,1,6,6,1.2954444140195849,1.2954440042376516,1,0,0.0,1.0,5.0,0.0,0.0
11923,2020-03-07,Arsenal,West Ham United,0.3429,0.2922,0.3649,1,1,9,9,1.5597364902496331,1.5597355812788007,1,0,0.0,1.0,8.0,0.0,0.0,0,0,14,10,1.6324752438813444,1.530863670632243,2,0,1.0,2.0,11.0,0.0,0.0
11926,2020-03-07,Crystal Palace,Watford,0.4571,0.3684,0.1745,1,1,10,10,0.8561073951423166,0.8561071027070283,4,0,0.0,2.0,6.0,0.0,2.0,0,0,10,7,0.4491609986871478,0.2555583985522388,4,0,0.0,1.0,8.0,0.0,1.0
11929,2020-03-07,Sheffield United,Norwich City,0.0689,0.1609,0.7702,1,1,10,6,1.1978773176670072,0.8445771634578704,0,0,0.0,4.0,6.0,0.0,0.0,0,0,12,7,2.726618999615312,0.968803724274039,0,0,0.0,6.0,5.0,0.0,1.0
11930,2020-03-07,Southampton,Newcastle United,0.0066,0.0362,0.9572,0,0,6,5,0.3488714043051001,0.3148915003985165,0,1,0.0,1.0,4.0,0.0,1.0,1,0,14,9,3.243160771206021,1.4796047303825617,3,0,0.0,3.0,10.0,1.0,0.0
11931,2020-03-07,Wolverhampton Wanderers,Brighton,0.5107,0.3715,0.1178,0,0,11,7,0.908618692308664,0.5029515000060198,1,0,0.0,0.0,11.0,0.0,0.0,0,0,7,6,0.3088739002123473,0.2895321017131207,3,0,0.0,0.0,7.0,0.0,0.0
11924,2020-03-07,Burnley,Tottenham Hotspur,0.8821,0.0881,0.0298,1,0,21,9,3.394621144980192,1.4593760184943674,5,0,2.0,5.0,13.0,0.0,1.0,1,0,13,8,1.1366853863000868,0.3043873962014911,4,0,0.0,3.0,9.0,1.0,0.0
11925,2020-03-08,Chelsea,Everton,0.7935,0.1647,0.0418,4,4,17,14,2.028830477967858,1.862981392070651,1,0,1.0,3.0,13.0,0.0,0.0,0,0,3,2,0.4459211155772208,0.3727460112422704,2,0,0.0,0.0,2.0,0.0,1.0
11932,2020-03-08,Manchester United,Manchester City,0.7359,0.2192,0.0449,2,1,12,7,1.7388972621411083,0.5481754057109353,2,0,1.0,1.0,9.0,0.0,1.0,0,0,7,7,0.6037687081843613,0.603768792003393,4,0,0.0,2.0,5.0,0.0,0.0
11927,2020-03-09,Leicester City,Aston Villa,0.8191,0.1377,0.0432,4,2,15,13,2.4123914632946253,1.573814811185002,2,0,0.0,4.0,9.0,1.0,1.0,0,0,4,3,0.6724474132061005,0.6564874053001404,1,0,0.0,0.0,3.0,0.0,1.0
11913,2020-06-17,Aston Villa,Sheffield United,0.5797,0.3411,0.0792,0,0,14,12,1.008770309388637,0.9781870171427725,1,0,0.0,9.0,2.0,0.0,3.0,0,0,5,3,0.2359089972451326,0.2031569965183733,1,0,0.0,1.0,4.0,0.0,0.0
11917,2020-06-17,Manchester City,Arsenal,0.8987,0.0832,0.0181,3,0,20,14,2.7966076843440533,1.6487113572657106,1,0,2.0,1.0,15.0,1.0,1.0,0,0,3,2,0.496758997440338,0.1243950007483362,1,1,0.0,0.0,3.0,0.0,0.0
11937,2020-06-19,Norwich City,Southampton,0.1121,0.2043,0.6836,0,0,9,8,0.6549318023025987,0.6400956138968465,1,0,0.0,2.0,6.0,0.0,1.0,3,3,22,16,1.8857697434723373,1.541204690933227,1,0,2.0,4.0,16.0,0.0,0.0
11936,2020-06-19,Tottenham Hotspur,Manchester United,0.0707,0.1876,0.7417,1,1,10,6,0.5348522923886773,0.3907968029379843,0,0,2.0,2.0,6.0,0.0,0.0,1,0,12,10,1.7730737067759037,0.6399454129859802,1,0,0.0,0.0,11.0,1.0,0.0
11935,2020-06-20,Watford,Leicester City,0.3263,0.3235,0.3502,1,1,8,6,1.007646433077752,0.9320438951253888,0,0,0.0,2.0,4.0,0.0,2.0,1,1,15,12,1.0529354019090529,0.956929290667176,1,0,1.0,0.0,13.0,0.0,1.0
11941,2020-06-20,Brighton,Arsenal,0.3098,0.3906,0.2996,2,1,9,6,0.6709729284048079,0.472545903176069,2,0,0.0,3.0,6.0,0.0,0.0,1,1,13,8,0.6976147852838036,0.4415565878152845,1,0,0.0,2.0,10.0,0.0,1.0
11934,2020-06-20,West Ham United,Wolverhampton Wanderers,0.106,0.3138,0.5802,0,0,7,6,0.4420697158202526,0.4248793162405489,1,0,0.0,1.0,6.0,0.0,0.0,2,2,10,9,1.0643284143880007,1.0554479286074636,1,0,0.0,2.0,8.0,0.0,0.0
11942,2020-06-20,Bournemouth,Crystal Palace,0.1479,0.3899,0.4622,0,0,12,10,0.3636374985799191,0.2537109991535542,3,0,1.0,4.0,7.0,0.0,0.0,2,1,7,5,0.7884521856904029,0.6968209929764269,2,0,1.0,1.0,4.0,0.0,1.0
11938,2020-06-21,Newcastle United,Sheffield United,0.809,0.1441,0.0469,3,3,12,10,2.1514862701296806,2.1065254788845773,2,0,1.0,1.0,10.0,0.0,0.0,0,0,7,7,0.5710700955241916,0.5710707977414129,0,1,0.0,1.0,6.0,0.0,0.0
11933,2020-06-21,Aston Villa,Chelsea,0.5017,0.2766,0.2217,1,0,8,5,1.9030675413087008,1.170003374107182,2,0,1.0,1.0,2.0,0.0,4.0,2,2,19,15,1.1401132140308614,1.043478993698954,1,0,0.0,5.0,14.0,0.0,0.0
11940,2020-06-21,Everton,Liverpool,0.2873,0.4072,0.3055,0,0,9,7,0.6392394192516803,0.4506631977856157,2,0,0.0,2.0,6.0,0.0,1.0,0,0,10,7,0.6591223021969198,0.4752572122961282,2,0,3.0,2.0,4.0,0.0,1.0
11939,2020-06-22,Manchester City,Burnley,0.9754,0.0241,0.0005,5,4,19,17,2.7188646532595158,1.9106706082820888,1,0,1.0,2.0,15.0,1.0,0.0,0,0,1,0,0.0303408000618219,0.0,1,0,1.0,0.0,0.0,0.0,0.0
11945,2020-06-23,Leicester City,Brighton,0.12,0.3138,0.5662,0,0,11,8,0.5069993026554582,0.3403794001787898,2,0,1.0,0.0,6.0,0.0,4.0,0,0,9,5,1.1045228745788336,0.2317101974040269,2,0,1.0,4.0,3.0,1.0,0.0
11944,2020-06-23,Tottenham Hotspur,West Ham United,0.7495,0.1693,0.0812,1,1,15,12,2.241246692836284,1.0262632891535757,2,0,0.0,2.0,13.0,0.0,0.0,0,0,10,10,0.8310403097420929,0.8310412261635061,2,0,0.0,3.0,6.0,0.0,2.0
11947,2020-06-24,Wolverhampton Wanderers,Bournemouth,0.5032,0.4655,0.0313,1,1,10,6,0.7150020380504427,0.6351801902055738,3,0,1.0,1.0,7.0,0.0,1.0,0,0,4,3,0.0619009006768464,0.0447993995621799,3,0,0.0,1.0,2.0,0.0,1.0
11948,2020-06-24,Norwich City,Everton,0.1807,0.4444,0.3749,0,0,9,6,0.3835140988230702,0.2133876001462337,0,0,1.0,1.0,7.0,0.0,0.0,1,1,12,10,0.6549117006361482,0.566680697724223,1,0,1.0,4.0,7.0,0.0,0.0
11949,2020-06-24,Newcastle United,Aston Villa,0.1822,0.2927,0.5251,1,1,13,12,0.6618081033229823,0.6464074011892077,2,0,0.0,1.0,10.0,0.0,2.0,1,1,14,13,1.2298540910705922,1.1838137935847042,2,0,1.0,2.0,10.0,0.0,1.0
11950,2020-06-24,Manchester United,Sheffield United,0.9616,0.0349,0.0035,3,3,15,12,2.8415951691567893,2.56142396107316,1,0,1.0,1.0,13.0,0.0,0.0,0,0,4,4,0.108082198537886,0.1080821966752409,0,0,0.0,0.0,4.0,0.0,0.0
11951,2020-06-24,Liverpool,Crystal Palace,0.9511,0.0466,0.0023,4,3,21,11,2.603472407907247,1.6087597012519834,0,0,2.0,1.0,16.0,0.0,2.0,0,0,3,2,0.0645285006612538,0.0396451000124215,0,0,0.0,0.0,3.0,0.0,0.0
11943,2020-06-25,Burnley,Watford,0.4852,0.3483,0.1665,1,1,9,7,1.0592685993760822,0.7259386982768772,1,0,0.0,0.0,8.0,0.0,1.0,0,0,10,6,0.4955427981913087,0.2913786005228756,0,0,1.0,6.0,2.0,0.0,1.0
11952,2020-06-25,Southampton,Arsenal,0.0711,0.1582,0.7707,0,0,12,8,0.7437039874494074,0.4788351040333507,0,1,0.0,1.0,10.0,0.0,1.0,2,0,10,5,2.308488473296165,0.813535926863551,2,0,1.0,0.0,7.0,0.0,2.0
11946,2020-06-25,Chelsea,Manchester City,0.9765,0.0182,0.0053,2,0,15,6,4.574382981285453,1.3047689720988274,1,0,0.0,4.0,10.0,1.0,0.0,1,0,11,10,0.6905937138944861,0.6482047047466036,1,1,1.0,1.0,6.0,0.0,3.0
11954,2020-06-27,Aston Villa,Wolverhampton Wanderers,0.18,0.4278,0.3922,0,0,11,9,0.4034186974167819,0.2588834948837754,1,0,0.0,1.0,7.0,0.0,3.0,1,1,9,7,0.7035483233630655,0.3808768996968863,1,0,0.0,1.0,6.0,0.0,2.0
11961,2020-06-28,Watford,Southampton,0.087,0.2589,0.6541,0,0,8,2,0.3653467986732719,0.1352793015539645,3,0,0.0,3.0,4.0,0.0,1.0,3,1,11,6,1.3364002108573911,1.007613308727741,0,0,3.0,1.0,8.0,0.0,0.0
11957,2020-06-29,Crystal Palace,Burnley,0.5505,0.3305,0.119,0,0,17,6,1.0677419845014808,0.325030595064163,1,0,2.0,6.0,8.0,0.0,1.0,1,1,8,5,0.3599064983427522,0.2006285004317759,1,0,0.0,1.0,5.0,0.0,2.0
11956,2020-06-30,Brighton,Manchester United,0.082,0.2859,0.6321,0,0,8,4,0.310129705816507,0.1404739022254943,0,0,0.0,1.0,6.0,0.0,1.0,3,3,12,9,1.210783392190933,1.0429813265800474,1,0,1.0,1.0,10.0,0.0,0.0
11953,2020-07-01,Arsenal,Norwich City,0.8241,0.1551,0.0208,4,1,13,7,1.764962093904614,0.8477549888193606,1,0,2.0,3.0,8.0,0.0,0.0,0,0,8,6,0.15387110132724,0.0927798198536034,4,0,1.0,0.0,7.0,0.0,0.0
11955,2020-07-01,Bournemouth,Newcastle United,0.1598,0.2189,0.6213,1,1,12,10,1.3211773894727228,1.1526030078530307,2,0,1.0,1.0,6.0,0.0,4.0,4,4,12,9,2.2345655784010883,1.614599570631981,0,0,0.0,0.0,12.0,0.0,0.0
11958,2020-07-01,Everton,Leicester City,0.1919,0.2749,0.5332,2,1,7,5,1.176664700731635,0.4020211882889269,1,0,0.0,1.0,5.0,1.0,0.0,1,0,15,12,1.8046870045363896,1.2300952076911922,1,0,0.0,3.0,12.0,0.0,0.0
11962,2020-07-01,West Ham United,Chelsea,0.5173,0.2526,0.2301,3,3,11,8,2.10496641881764,1.5736783687025306,2,0,0.0,2.0,9.0,0.0,0.0,2,0,17,13,1.5760854072868822,0.7027193903923029,1,0,1.0,3.0,11.0,1.0,1.0
11960,2020-07-02,Sheffield United,Tottenham Hotspur,0.543,0.3008,0.1562,3,3,7,7,1.5999356023967266,1.599935421720147,2,0,0.0,0.0,7.0,0.0,0.0,1,1,9,7,1.015234596095979,0.9396119238808748,0,0,2.0,3.0,4.0,0.0,0.0
11959,2020-07-02,Manchester City,Liverpool,0.8124,0.1305,0.0571,3,2,14,11,2.654327973723412,1.7590154260396955,2,0,0.0,0.0,13.0,1.0,0.0,0,0,11,10,0.8220836892724034,0.6000181920826432,2,0,1.0,0.0,11.0,0.0,0.0
11969,2020-07-04,Norwich City,Brighton,0.1898,0.3523,0.4579,0,0,12,11,0.5450694933533664,0.5109510049223898,2,0,0.0,0.0,12.0,0.0,0.0,1,1,8,7,0.9030463788658378,0.8716442305594682,2,0,0.0,0.0,6.0,0.0,2.0
11965,2020-07-04,Leicester City,Crystal Palace,0.808,0.1429,0.0491,3,3,15,13,2.206823435612023,1.947505248710513,2,0,0.0,3.0,12.0,0.0,0.0,0,0,7,5,0.5075368881225584,0.4003328029066322,1,0,1.0,2.0,3.0,0.0,1.0
11967,2020-07-04,Manchester United,Bournemouth,0.6435,0.2102,0.1463,5,3,19,14,2.632586857303977,1.6030603554099796,0,0,3.0,3.0,12.0,1.0,0.0,2,1,7,3,1.5348093099892135,0.428382497280836,1,0,0.0,0.0,5.0,1.0,1.0
11972,2020-07-04,Wolverhampton Wanderers,Arsenal,0.2571,0.3029,0.44,0,0,10,10,0.9851661846041676,0.9146426953375336,2,0,1.0,0.0,8.0,0.0,1.0,2,1,8,4,1.2827300764620302,0.9903517849743364,4,0,0.0,1.0,6.0,0.0,1.0
11964,2020-07-04,Chelsea,Watford,0.8812,0.092,0.0268,3,2,21,10,2.79126741271466,1.15947999805212,0,0,4.0,1.0,13.0,1.0,2.0,0,0,7,4,0.6089704036712644,0.4308648118749259,2,0,2.0,1.0,3.0,0.0,1.0
11963,2020-07-05,Burnley,Sheffield United,0.2814,0.2771,0.4415,1,1,9,7,1.3196601876989007,1.1952759101986885,0,0,0.0,0.0,7.0,0.0,2.0,1,1,10,9,1.63343308866024,1.1607451997697351,0,0,0.0,3.0,6.0,0.0,1.0
11968,2020-07-05,Newcastle United,West Ham United,0.2292,0.2624,0.5084,2,2,11,8,1.491209947504103,1.4062840957194565,1,0,1.0,2.0,8.0,0.0,0.0,2,1,17,14,2.09985399711877,1.90629490558058,0,0,0.0,4.0,13.0,0.0,0.0
11966,2020-07-05,Liverpool,Aston Villa,0.4708,0.335,0.1942,2,2,6,5,1.0837021023035047,1.0702480953186748,1,0,0.0,0.0,6.0,0.0,0.0,0,0,9,9,0.6897751968353983,0.6897746939212082,1,0,0.0,1.0,7.0,0.0,1.0
11970,2020-07-05,Southampton,Manchester City,0.017,0.0606,0.9224,1,1,8,5,0.6287644952535628,0.4913670085370539,1,0,1.0,0.0,7.0,0.0,0.0,0,0,26,17,3.422792268916964,2.620862409472465,2,0,1.0,3.0,22.0,0.0,0.0
11971,2020-07-06,Tottenham Hotspur,Everton,0.2951,0.4878,0.2171,0,0,12,6,0.5118285957723853,0.2226581946015355,3,0,2.0,1.0,8.0,0.0,1.0,0,0,11,5,0.4037617025896903,0.2120397016406057,2,0,1.0,2.0,6.0,0.0,3.0
11977,2020-07-07,Crystal Palace,Chelsea,0.101,0.1868,0.7122,2,1,13,8,1.294041598215699,1.101757504045963,1,0,0.0,3.0,8.0,0.0,2.0,3,3,14,12,2.6575314439833164,2.4919689688831568,0,0,1.0,2.0,10.0,0.0,1.0
11981,2020-07-07,Watford,Norwich City,0.1997,0.322,0.4783,2,1,9,6,0.7251995932310819,0.5787369906902311,2,0,0.0,2.0,5.0,0.0,2.0,1,1,12,7,1.1384569033980363,0.9251147992908954,4,0,1.0,2.0,8.0,0.0,1.0
11973,2020-07-07,Arsenal,Leicester City,0.4342,0.308,0.2578,1,1,11,8,1.2902295850217338,1.1999645419418812,1,1,1.0,4.0,6.0,0.0,0.0,1,1,13,11,1.0023839138448238,0.954616621136665,0,0,1.0,1.0,11.0,0.0,0.0
11979,2020-07-08,Manchester City,Newcastle United,0.9575,0.0363,0.0062,4,3,23,21,3.286614649929106,3.180971466004848,0,0,1.0,3.0,19.0,0.0,0.0,0,0,6,5,0.2164299003779886,0.1971933990716933,0,0,0.0,1.0,5.0,0.0,1.0
11980,2020-07-08,Sheffield United,Wolverhampton Wanderers,0.2959,0.5174,0.1867,1,1,7,6,0.4763592891395089,0.3845975957810877,2,0,0.0,3.0,4.0,0.0,0.0,0,0,6,4,0.3269090987741946,0.2366043925285338,0,0,1.0,0.0,4.0,0.0,1.0
11982,2020-07-08,West Ham United,Burnley,0.6154,0.2222,0.1624,0,0,22,17,2.0421159164980054,1.4662950113415714,1,0,0.0,5.0,15.0,0.0,2.0,1,1,8,7,1.0529058426618574,0.5744738057255743,1,0,0.0,0.0,7.0,0.0,1.0
11976,2020-07-08,Brighton,Liverpool,0.3527,0.2139,0.4334,1,1,12,10,2.3894029315561056,2.017682822421193,1,0,0.0,4.0,8.0,0.0,0.0,3,3,19,16,2.616240464150905,2.104543812572956,4,0,0.0,2.0,16.0,0.0,1.0
11975,2020-07-09,Bournemouth,Tottenham Hotspur,0.4893,0.3526,0.1581,0,0,8,6,0.9603480156511066,0.8648709058761596,3,0,0.0,1.0,5.0,0.0,2.0,0,0,9,4,0.4792733956128356,0.2398791946470736,2,0,1.0,3.0,5.0,0.0,0.0
11978,2020-07-09,Everton,Southampton,0.0437,0.1349,0.8214,1,1,11,6,0.6820064019411799,0.4654336078092454,3,0,2.0,2.0,5.0,0.0,2.0,1,1,17,10,2.336387595161796,1.2753409054130314,3,0,2.0,3.0,11.0,1.0,0.0
11974,2020-07-09,Aston Villa,Manchester United,0.0244,0.0809,0.8947,0,0,9,7,0.5988733954727646,0.2728390954434869,2,0,1.0,0.0,7.0,0.0,1.0,3,2,14,11,2.865312242880463,1.8807373791933055,3,0,1.0,1.0,11.0,1.0,0.0
11988,2020-07-11,Norwich City,West Ham United,0.0069,0.029,0.9641,0,0,11,9,0.6132501093670722,0.55026020668447,1,0,1.0,0.0,10.0,0.0,0.0,4,3,19,17,3.977357167750597,3.61839996278286,0,0,0.0,2.0,13.0,0.0,4.0
11991,2020-07-11,Watford,Newcastle United,0.782,0.1508,0.0672,2,0,17,13,3.1285479217767715,1.4764959141612053,1,0,0.0,0.0,8.0,2.0,7.0,1,1,8,6,1.509923549368977,1.3872727127745743,4,0,0.0,3.0,5.0,0.0,0.0
11986,2020-07-11,Liverpool,Burnley,0.8039,0.1477,0.0484,1,1,23,18,2.210181971080601,1.6615888802334666,1,0,1.0,4.0,18.0,0.0,0.0,1,1,6,3,0.4523306041955947,0.1480843983590601,2,0,0.0,2.0,3.0,0.0,1.0
11989,2020-07-11,Sheffield United,Chelsea,0.6044,0.2302,0.1654,3,1,9,6,2.0478737391531467,0.8882525004446504,1,0,0.0,2.0,7.0,0.0,0.0,0,0,15,13,1.1931904219090936,1.055428462103009,0,0,1.0,2.0,11.0,0.0,1.0
11985,2020-07-11,Brighton,Manchester City,0.0,0.0003,0.9997,0,0,3,3,0.1495887022465466,0.1495886035263538,1,0,0.0,0.0,2.0,0.0,1.0,5,4,26,22,5.650441832840443,5.46374973654747,0,0,1.0,4.0,19.0,0.0,2.0
11992,2020-07-12,Wolverhampton Wanderers,Everton,0.9515,0.04,0.0085,3,2,14,10,2.920837704092264,1.9098617807030676,0,0,0.0,1.0,10.0,1.0,2.0,0,0,6,6,0.2865606024861333,0.2865606024861333,2,0,0.0,0.0,5.0,0.0,1.0
11983,2020-07-12,Aston Villa,Crystal Palace,0.5655,0.2501,0.1844,2,1,12,11,1.6976970359683037,1.1674685105681415,2,0,1.0,1.0,9.0,0.0,1.0,0,0,9,7,0.9820276722311972,0.8021324984729288,4,1,0.0,0.0,7.0,0.0,2.0
11990,2020-07-12,Tottenham Hotspur,Arsenal,0.6852,0.2064,0.1084,2,1,15,14,1.8184549044817684,1.5744209196418522,5,0,0.0,2.0,13.0,0.0,0.0,1,1,13,6,0.6926935035735364,0.3076589014381168,3,0,2.0,2.0,8.0,0.0,1.0
11984,2020-07-12,Bournemouth,Leicester City,0.6175,0.2228,0.1597,3,1,10,7,2.5431152042001486,0.7693605944514272,2,0,0.0,0.0,6.0,1.0,3.0,1,0,13,9,1.6608351487666366,0.5744136050343511,1,1,0.0,2.0,12.0,0.0,0.0
11987,2020-07-13,Manchester United,Southampton,0.2591,0.3093,0.4316,2,2,8,5,1.5033007841557264,1.143476128578186,1,0,0.0,0.0,8.0,0.0,0.0,2,2,9,7,1.8539294749498365,1.7077119797468183,3,0,0.0,2.0,7.0,0.0,0.0
11995,2020-07-14,Chelsea,Norwich City,0.971,0.0274,0.0016,1,1,22,17,3.051194327883422,2.389139585196972,2,0,1.0,4.0,17.0,0.0,0.0,0,0,2,2,0.0631109997630119,0.0631109997630119,2,0,0.0,0.0,2.0,0.0,0.0
11994,2020-07-15,Burnley,Wolverhampton Wanderers,0.4308,0.3045,0.2647,1,0,9,8,1.534344338811934,0.7731783762574193,0,0,0.0,0.0,6.0,1.0,2.0,1,0,14,10,1.286749368533492,1.0935505889356134,0,0,0.0,1.0,12.0,0.0,1.0
11999,2020-07-15,Manchester City,Bournemouth,0.1546,0.2441,0.6013,2,1,8,6,0.8275500088930128,0.7027265056967732,1,0,1.0,0.0,7.0,0.0,0.0,1,1,14,9,1.6663506515324111,1.4354977644979952,1,0,1.0,1.0,12.0,0.0,0.0
12000,2020-07-15,Newcastle United,Tottenham Hotspur,0.159,0.2568,0.5842,1,0,22,17,1.05748438835144,0.8471021857112643,2,0,1.0,2.0,18.0,0.0,1.0,3,2,8,6,1.9965817965567112,1.0887174028903246,3,0,0.0,1.0,6.0,0.0,1.0
11993,2020-07-15,Arsenal,Liverpool,0.1866,0.2257,0.5877,2,1,3,2,1.3151589930057526,0.6686730086803436,3,0,0.0,0.0,3.0,0.0,0.0,1,1,24,19,2.2511877119541164,1.8777710795402525,1,0,0.0,5.0,19.0,0.0,0.0
11997,2020-07-16,Everton,Aston Villa,0.1951,0.2819,0.523,1,1,9,8,0.94443467259407,0.9313670713454482,2,0,0.0,0.0,8.0,0.0,1.0,1,1,15,12,1.520209155976772,1.388841453939676,1,0,1.0,0.0,13.0,0.0,1.0
11998,2020-07-16,Leicester City,Sheffield United,0.9014,0.0746,0.024,2,2,15,12,3.0590121932327747,2.635122161358595,1,0,0.0,1.0,14.0,0.0,0.0,0,0,5,4,0.6602151133120058,0.5775439105927943,2,0,0.0,2.0,2.0,0.0,1.0
11996,2020-07-16,Crystal Palace,Manchester United,0.0851,0.191,0.7239,0,0,13,8,0.5721409032121298,0.3175004059448837,1,0,1.0,2.0,10.0,0.0,0.0,2,1,17,12,1.904480363242328,1.2119581857696171,2,0,1.0,3.0,13.0,0.0,0.0
12002,2020-07-16,Southampton,Brighton,0.7883,0.1493,0.0624,1,1,21,15,2.363273662514984,1.5153057165443893,1,0,1.0,2.0,17.0,0.0,1.0,1,1,10,5,0.6807649023830888,0.3363675028085706,0,0,0.0,0.0,8.0,0.0,2.0
12001,2020-07-17,West Ham United,Watford,0.2662,0.3363,0.3975,3,2,10,7,0.8339954111725087,0.4047438018023967,0,0,1.0,2.0,7.0,0.0,0.0,1,0,14,10,1.109117856249213,0.6466781459748743,2,0,0.0,1.0,13.0,0.0,0.0
12008,2020-07-18,Norwich City,Burnley,0.0925,0.2089,0.6986,0,0,6,4,0.5766018908470867,0.1875136047601699,0,2,0.0,5.0,2.0,0.0,0.0,1,1,23,18,1.8232981190085409,1.5185257131233807,0,0,2.0,4.0,16.0,0.0,1.0
12004,2020-07-19,Bournemouth,Southampton,0.0504,0.1363,0.8133,0,0,11,9,0.5831165956333276,0.5488220015540716,2,0,0.0,6.0,5.0,0.0,0.0,2,2,16,12,2.245275996625423,1.3800009153783317,2,0,0.0,4.0,11.0,1.0,0.0
12010,2020-07-19,Tottenham Hotspur,Leicester City,0.227,0.3092,0.4638,2,2,7,7,0.7669216878712177,0.7669219821691512,2,0,0.0,0.0,6.0,0.0,1.0,0,0,24,17,1.2213324299082156,0.7522822953760621,1,0,2.0,6.0,17.0,0.0,0.0
12005,2020-07-20,Brighton,Newcastle United,0.3094,0.3412,0.3494,0,0,11,9,0.8558961041271684,0.8041996955871579,4,0,0.0,3.0,6.0,0.0,2.0,0,0,12,9,0.9290909972041842,0.8128623813390728,2,0,0.0,5.0,5.0,0.0,2.0
12009,2020-07-20,Sheffield United,Everton,0.2122,0.4242,0.3636,0,0,8,6,0.4684607069939371,0.3932325113564728,1,0,0.0,1.0,6.0,0.0,1.0,1,1,5,5,0.6248137857764957,0.6248136907815931,3,0,0.0,1.0,3.0,0.0,1.0
12012,2020-07-20,Wolverhampton Wanderers,Crystal Palace,0.7139,0.2176,0.0685,2,1,11,8,1.5275098653510213,1.252540403045714,2,0,0.0,1.0,9.0,0.0,1.0,0,0,7,5,0.4401191025972363,0.3473541997373103,1,0,1.0,0.0,6.0,0.0,0.0
12011,2020-07-21,Watford,Manchester City,0.0002,0.0069,0.9929,0,0,2,1,0.1318682022392749,0.080680102109909,2,0,0.0,0.0,2.0,0.0,0.0,4,2,26,18,4.401029776781797,2.000346705317497,0,0,1.0,3.0,18.0,1.0,3.0
12003,2020-07-21,Aston Villa,Arsenal,0.247,0.3967,0.3563,1,1,8,7,0.5740802083164452,0.5169848892837763,2,0,0.0,3.0,5.0,0.0,0.0,0,0,7,5,0.7371376175433395,0.5801355335861443,4,0,0.0,2.0,4.0,0.0,1.0
12007,2020-07-22,Manchester United,West Ham United,0.2391,0.325,0.4359,1,1,11,9,0.9841625122353432,0.8382139001041647,3,0,0.0,0.0,11.0,0.0,0.0,1,0,12,9,1.2911690743640063,0.3718797126784919,1,0,0.0,3.0,6.0,1.0,2.0
12006,2020-07-22,Liverpool,Chelsea,0.1498,0.2219,0.6283,5,3,10,7,1.4517886620014904,1.3135025277733805,1,0,1.0,3.0,5.0,0.0,1.0,3,2,10,8,2.623398633673787,1.9170433375984428,0,0,0.0,0.0,10.0,0.0,0.0
12013,2020-07-26,West Ham United,Aston Villa,0.2721,0.3463,0.3816,1,1,10,6,0.7814645990729331,0.1494529964402316,2,0,2.0,0.0,7.0,0.0,1.0,1,1,13,10,1.007882408797741,0.6535060852766035,1,0,1.0,1.0,10.0,0.0,1.0
12014,2020-07-26,Arsenal,Watford,0.0736,0.1256,0.8008,3,2,13,11,1.9528148472309108,1.1087706908583637,3,0,0.0,3.0,9.0,1.0,0.0,2,1,19,13,3.9923631101846695,2.691159535199404,3,0,1.0,4.0,12.0,1.0,1.0
12015,2020-07-26,Southampton,Sheffield United,0.4064,0.2985,0.2951,3,1,13,6,1.6528891697525976,0.3458586987107989,0,0,0.0,1.0,11.0,1.0,0.0,1,1,5,5,1.4105144739151,1.4105144739151,1,0,0.0,0.0,5.0,0.0,0.0
12016,2020-07-26,Newcastle United,Liverpool,0.1985,0.4726,0.3289,1,1,3,3,0.3392938096076248,0.3392941933125257,1,0,0.0,1.0,1.0,0.0,1.0,3,3,14,10,0.5681796036660668,0.3799534030258652,0,0,0.0,1.0,11.0,0.0,2.0
12017,2020-07-26,Manchester City,Norwich City,0.9055,0.0714,0.0231,5,2,31,25,3.5766927674412723,2.607410476543009,1,0,0.0,3.0,27.0,0.0,1.0,0,0,5,4,0.7964327968657016,0.763915978372097,1,0,0.0,0.0,5.0,0.0,0.0
12018,2020-07-26,Leicester City,Manchester United,0.153,0.281,0.566,0,0,14,11,0.7546679065562781,0.6110128951258954,2,1,1.0,0.0,11.0,0.0,2.0,2,0,7,4,1.4101862236857412,0.2732968032360076,4,0,0.0,1.0,5.0,1.0,0.0
12019,2020-07-26,Everton,Bournemouth,0.4243,0.3157,0.26,1,1,13,12,1.7469832710921762,1.6932562105357645,1,0,0.0,1.0,12.0,0.0,0.0,3,2,13,9,1.464609883725643,0.5944657996296882,0,0,1.0,3.0,7.0,1.0,1.0
12020,2020-07-26,Crystal Palace,Tottenham Hotspur,0.5715,0.3333,0.0952,1,1,13,12,1.0404959656298158,0.9702879656106232,3,0,0.0,6.0,5.0,0.0,2.0,1,1,7,4,0.3103025071322914,0.1976523995399474,2,0,0.0,1.0,5.0,0.0,1.0
12021,2020-07-26,Chelsea,Wolverhampton Wanderers,0.659,0.2977,0.0433,2,1,11,8,1.15937752649188,0.9644933976233006,2,0,1.0,2.0,6.0,0.0,2.0,0,0,5,4,0.1645607976242898,0.1502176979556678,3,0,0.0,2.0,2.0,0.0,1.0
12022,2020-07-26,Burnley,Brighton,0.3839,0.2779,0.3382,1,1,13,12,1.468742026016116,1.411098504438996,3,0,0.0,2.0,11.0,0.0,0.0,2,1,14,10,1.3898145556449888,1.1342759914696212,0,0,0.0,1.0,13.0,0.0,0.0
14086,2020-09-12,Fulham,Arsenal,0.0037,0.0476,0.9487,0,0,5,3,0.1263264524750409,0.100171398371458,2,0,0.0,0.0,4.0,0.0,1.0,3,2,13,8,2.719890035688877,1.0675184801220892,2,0,2.0,2.0,8.0,0.0,1.0
14087,2020-09-12,Crystal Palace,Southampton,0.3916,0.3022,0.3062,1,1,5,5,1.3956860974431036,1.3956860005855558,2,0,0.0,1.0,2.0,0.0,2.0,0,0,9,6,1.2626740932464595,1.1555954813957212,1,0,2.0,1.0,5.0,0.0,1.0
14090,2020-09-12,Liverpool,Leeds United,0.9658,0.0296,0.0046,4,1,22,14,3.1635422352701426,1.2865748088806868,1,0,0.0,3.0,16.0,2.0,1.0,3,2,6,3,0.2698132097721097,0.1628377065062522,0,0,1.0,0.0,5.0,0.0,0.0
14091,2020-09-12,West Ham United,Newcastle United,0.1506,0.248,0.6014,0,0,15,11,0.87775641400367,0.6330254944041369,2,0,0.0,4.0,10.0,0.0,1.0,2,2,15,13,1.659113511443138,1.485381409525871,2,0,1.0,1.0,13.0,0.0,0.0
14092,2020-09-13,West Bromwich Albion,Leicester City,0.007,0.0358,0.9572,0,0,7,4,0.3529970068484543,0.2228452060371634,1,0,1.0,0.0,5.0,0.0,1.0,3,1,13,5,2.985831569880247,0.7526498176157472,1,0,1.0,1.0,8.0,2.0,1.0
14093,2020-09-13,Tottenham Hotspur,Everton,0.22,0.2977,0.4823,0,0,9,9,0.8229439146816728,0.8229437023401259,1,0,0.0,2.0,7.0,0.0,0.0,1,1,15,13,1.2679272033274172,0.7247764915227888,0,0,0.0,0.0,14.0,0.0,1.0
14094,2020-09-14,Sheffield United,Wolverhampton Wanderers,0.1683,0.2906,0.5411,0,0,9,8,0.9507568832486863,0.91787479724735,2,0,0.0,3.0,6.0,0.0,0.0,2,2,11,9,1.6130649596452713,0.9727030955255028,1,0,0.0,3.0,8.0,0.0,0.0
14095,2020-09-14,Brighton,Chelsea,0.3871,0.3153,0.2976,1,1,13,10,1.4436943810433145,1.3656531237065792,1,0,0.0,2.0,10.0,0.0,1.0,3,2,10,9,1.2706248257309196,0.5094559099525211,0,0,0.0,2.0,7.0,1.0,0.0
14096,2020-09-19,Everton,West Bromwich Albion,0.9973,0.0022,0.0005,5,3,17,12,4.2761136293411255,2.127941519021988,1,0,1.0,3.0,9.0,0.0,4.0,2,1,6,4,0.3153463974595067,0.2166901975870131,0,1,1.0,0.0,5.0,0.0,0.0
14097,2020-09-19,Leeds United,Fulham,0.3157,0.3137,0.3706,4,2,10,6,1.457078110426664,0.5372623987495897,1,0,1.0,2.0,5.0,1.0,1.0,3,2,14,9,1.5550296586006878,0.6691103056073187,2,0,1.0,2.0,10.0,1.0,0.0
14098,2020-09-19,Manchester United,Crystal Palace,0.1695,0.2378,0.5927,1,0,17,12,1.1013477751985188,0.6427232995629311,2,0,1.0,4.0,12.0,0.0,0.0,3,1,14,11,1.914562437683344,0.9883391950279472,1,0,0.0,2.0,11.0,1.0,0.0
14099,2020-09-19,Arsenal,West Ham United,0.1916,0.2407,0.5677,2,2,7,6,1.3290193043649194,1.2817493230104446,0,0,0.0,0.0,7.0,0.0,0.0,1,1,14,9,2.064684758894145,1.4273643484339116,1,0,1.0,1.0,12.0,0.0,0.0
14100,2020-09-20,Southampton,Tottenham Hotspur,0.3533,0.2765,0.3702,2,1,14,7,2.3503174483776093,0.3082294929772614,4,0,1.0,0.0,9.0,1.0,3.0,5,4,9,8,2.3448449447751045,1.6667742282152176,3,0,0.0,0.0,9.0,0.0,0.0
14101,2020-09-20,Newcastle United,Brighton,0.0459,0.1757,0.7784,0,0,6,5,0.5206782594323156,0.5046848729252814,3,0,0.0,1.0,4.0,0.0,1.0,3,2,13,8,1.87659677863121,0.9839793052524326,0,1,0.0,0.0,11.0,1.0,1.0
14102,2020-09-20,Chelsea,Liverpool,0.0572,0.195,0.7478,0,0,5,2,0.9041828168556092,0.0727275004610418,0,1,0.0,1.0,3.0,1.0,0.0,2,1,18,12,2.302193166688084,0.8880523182451724,0,0,1.0,3.0,13.0,0.0,1.0
14103,2020-09-20,Leicester City,Burnley,0.2291,0.2639,0.507,3,2,14,12,0.9873654134571548,0.75684779882431,1,0,0.0,3.0,11.0,0.0,0.0,2,1,16,11,1.5240396596491337,1.2935594022274013,2,0,1.0,3.0,11.0,0.0,2.0
14104,2020-09-21,Aston Villa,Sheffield United,0.2616,0.3753,0.3631,1,1,18,18,0.8052700059488412,0.8052701894193883,3,0,0.0,4.0,13.0,0.0,1.0,0,0,4,2,0.8497094130143523,0.0745361987501382,1,1,0.0,1.0,1.0,1.0,1.0
14105,2020-09-21,Wolverhampton Wanderers,Manchester City,0.0838,0.1706,0.7456,1,1,10,10,0.7276775995269416,0.7276765787973997,0,0,0.0,2.0,7.0,0.0,1.0,3,2,14,10,2.076515743508935,1.172694297507405,3,0,2.0,1.0,10.0,1.0,0.0
14106,2020-09-26,Brighton,Manchester United,0.7204,0.1779,0.1017,2,1,18,14,2.977881774306297,2.071235455572605,4,0,0.0,3.0,13.0,1.0,2.0,2,1,7,4,1.575827810913324,0.6887989118695258,2,0,0.0,1.0,3.0,1.0,2.0
14107,2020-09-26,Crystal Palace,Everton,0.0286,0.1089,0.8625,1,1,8,5,0.4431147947907445,0.3661530949175355,3,0,0.0,4.0,2.0,0.0,2.0,2,1,10,6,2.2718974733725186,1.2777638845145702,1,0,1.0,2.0,5.0,1.0,1.0
14108,2020-09-26,West Bromwich Albion,Chelsea,0.0777,0.1726,0.7497,3,2,9,7,0.9111851900815962,0.8262164816260337,1,0,0.0,2.0,7.0,0.0,0.0,3,2,22,16,2.3928538784384723,1.4790017064660783,3,0,1.0,3.0,18.0,0.0,0.0
14109,2020-09-26,Burnley,Southampton,0.1508,0.4188,0.4304,0,0,9,4,0.3471357971429822,0.1313595008105039,1,0,1.0,0.0,7.0,0.0,1.0,1,1,5,4,0.7066318057477473,0.6729493141174314,0,0,0.0,1.0,4.0,0.0,0.0
14110,2020-09-27,Sheffield United,Leeds United,0.3921,0.2709,0.337,0,0,15,14,1.5327762905508278,1.4856232851743696,2,0,0.0,2.0,12.0,0.0,1.0,1,1,17,16,1.466413915157318,1.428195685148239,1,0,0.0,2.0,14.0,0.0,1.0
14111,2020-09-27,Tottenham Hotspur,Newcastle United,0.886,0.0894,0.0246,1,1,23,13,3.3275740258395667,1.900902066379785,1,0,2.0,5.0,14.0,0.0,2.0,1,0,6,4,0.9427265189588068,0.1449459008872507,4,0,0.0,2.0,2.0,1.0,1.0
14112,2020-09-27,Manchester City,Leicester City,0.0894,0.1492,0.7614,2,1,16,9,1.446331809274852,1.1002378705888984,1,0,1.0,2.0,12.0,0.0,1.0,5,2,7,4,2.8672080039978027,0.5837038978934287,3,0,0.0,0.0,4.0,3.0,0.0
14113,2020-09-27,West Ham United,Wolverhampton Wanderers,0.9395,0.0484,0.0121,3,2,15,12,3.098532222211361,1.5508919414132831,0,0,0.0,1.0,12.0,0.0,2.0,0,0,11,7,0.385152196511626,0.2650540964677927,1,0,0.0,3.0,9.0,0.0,0.0
14114,2020-09-28,Fulham,Aston Villa,0.0665,0.1687,0.7648,0,0,16,13,0.5353971989825365,0.4771151002496477,6,0,0.0,0.0,14.0,0.0,2.0,3,3,12,11,2.0322179347276688,1.9910912942141292,3,0,0.0,1.0,8.0,0.0,3.0
14115,2020-09-28,Liverpool,Arsenal,0.7546,0.1695,0.0759,3,1,21,15,2.80371244251728,1.7491777874529355,2,0,0.0,3.0,18.0,0.0,0.0,1,0,4,3,1.1781734488904476,0.6682923994958399,2,0,0.0,0.0,4.0,0.0,0.0
14467,2020-10-03,Chelsea,Crystal Palace,0.9641,0.034,0.0019,4,1,17,13,2.514332676306366,0.9152764957398174,2,0,0.0,3.0,11.0,2.0,1.0,0,0,4,4,0.1032484974712131,0.1032484974712132,0,0,0.0,0.0,3.0,0.0,1.0
14468,2020-10-03,Everton,Brighton,0.6864,0.2051,0.1085,4,4,11,10,2.3416480626910925,2.322087626904249,0,0,0.0,1.0,9.0,0.0,1.0,2,1,11,6,1.2033906020224092,0.3064967012032864,1,0,1.0,1.0,9.0,0.0,0.0
14469,2020-10-03,Leeds United,Manchester City,0.6582,0.1825,0.1593,1,0,12,9,2.5666187442839146,1.4761893115937708,2,0,0.0,1.0,11.0,0.0,0.0,1,1,23,18,1.4153263028711076,1.1435278952121732,1,0,1.0,3.0,19.0,0.0,0.0
14472,2020-10-03,Newcastle United,Burnley,0.8267,0.1338,0.0395,3,2,10,7,1.956287749111652,1.09625438041985,2,0,0.0,0.0,9.0,1.0,0.0,1,0,7,6,0.4388485960662362,0.4169330000877379,3,0,0.0,2.0,3.0,0.0,2.0
14470,2020-10-04,Leicester City,West Ham United,0.0488,0.163,0.7882,0,0,4,2,0.4560213023796676,0.387906104326248,2,0,0.0,0.0,4.0,0.0,0.0,3,3,14,13,2.0322743225842714,2.012473739683628,2,0,0.0,1.0,11.0,0.0,2.0
14473,2020-10-04,Southampton,West Bromwich Albion,0.5842,0.3636,0.0522,2,1,13,9,0.9490784890949722,0.477160597220063,2,0,0.0,2.0,9.0,0.0,2.0,0,0,5,3,0.1624864991754292,0.113401399925351,1,0,0.0,0.0,3.0,0.0,2.0
14465,2020-10-04,Arsenal,Sheffield United,0.481,0.4495,0.0695,2,2,6,6,0.667131196707487,0.6671308055520055,0,0,0.0,0.0,6.0,0.0,0.0,1,1,6,4,0.1449942523613571,0.0827674511820076,1,0,0.0,0.0,6.0,0.0,0.0
14474,2020-10-04,Wolverhampton Wanderers,Fulham,0.2918,0.3533,0.3549,1,0,14,7,0.9101017136126752,0.2738373018801211,1,0,1.0,3.0,10.0,0.0,0.0,0,0,10,7,0.969392333179712,0.8662724159657952,1,0,1.0,3.0,4.0,0.0,2.0
14471,2020-10-04,Manchester United,Tottenham Hotspur,0.0166,0.0804,0.903,1,0,5,4,0.8734355177730322,0.1122666001319883,2,1,0.0,0.0,3.0,1.0,1.0,6,4,22,17,3.3017064938321705,2.015559818595648,1,0,1.0,6.0,13.0,1.0,1.0
14466,2020-10-04,Aston Villa,Liverpool,0.6988,0.1605,0.1407,7,6,18,13,3.1169406566768885,2.9569800086319447,2,0,0.0,1.0,16.0,0.0,1.0,2,1,14,11,1.657049514353275,1.2760419473052025,1,0,1.0,0.0,13.0,0.0,0.0
14477,2020-10-17,Everton,Liverpool,0.1599,0.1957,0.6444,2,2,11,11,1.3599792011082172,1.3246249333024025,3,1,0.0,1.0,10.0,0.0,0.0,2,1,22,14,2.5276640001684423,1.9092712104320524,2,0,2.0,1.0,17.0,0.0,2.0
14475,2020-10-17,Chelsea,Southampton,0.5201,0.2782,0.2017,3,2,11,9,1.9870759602636097,0.9393934011459348,1,0,0.0,3.0,8.0,0.0,0.0,3,2,13,8,1.4238148871809242,0.7158362232148646,1,0,0.0,1.0,9.0,0.0,3.0
14480,2020-10-17,Manchester City,Arsenal,0.5302,0.2829,0.1869,1,0,13,11,1.5409913212060928,1.049912793561816,4,0,0.0,2.0,11.0,0.0,0.0,0,0,11,7,0.8383222967386244,0.6245201826095579,1,0,2.0,5.0,3.0,0.0,1.0
14481,2020-10-17,Newcastle United,Manchester United,0.0765,0.1952,0.7283,0,0,7,7,0.8674957919865846,0.8674960676580665,1,0,0.0,0.0,6.0,0.0,1.0,4,4,28,24,2.2172901853919025,1.350337909534573,1,0,0.0,5.0,23.0,1.0,0.0
14482,2020-10-18,Sheffield United,Fulham,0.4387,0.3183,0.243,1,0,10,8,1.6636335924267769,0.8487849980592725,0,0,0.0,0.0,9.0,1.0,0.0,1,0,15,12,1.3561145011335607,0.3323792014271017,2,0,1.0,4.0,9.0,1.0,0.0
14476,2020-10-18,Crystal Palace,Brighton,0.2443,0.3704,0.3853,1,0,1,0,0.7611690163612366,0.0,3,0,0.0,0.0,0.0,1.0,0.0,1,1,20,14,1.0935038831084962,0.7417683918029064,2,1,0.0,5.0,13.0,0.0,2.0
14483,2020-10-18,Tottenham Hotspur,West Ham United,0.4284,0.2958,0.2758,3,3,11,9,1.7760202921926975,1.7214537784457205,0,0,1.0,0.0,11.0,0.0,0.0,2,1,13,8,1.5827867370098825,0.6872344985604283,5,0,1.0,2.0,7.0,0.0,3.0
14479,2020-10-18,Leicester City,Aston Villa,0.2525,0.3567,0.3908,0,0,11,7,0.6715954057872293,0.3965254947543143,4,0,2.0,0.0,7.0,0.0,2.0,1,1,10,7,0.873777003958821,0.7927654236555098,3,0,1.0,3.0,5.0,0.0,1.0
14484,2020-10-19,West Bromwich Albion,Burnley,0.2211,0.3288,0.4501,0,0,13,11,0.789982724934816,0.63866401463747,2,0,0.0,8.0,5.0,0.0,0.0,0,0,9,6,1.1214597932994363,0.6686055064201353,2,0,1.0,0.0,6.0,0.0,2.0
14478,2020-10-19,Leeds United,Wolverhampton Wanderers,0.4733,0.3334,0.1933,0,0,13,10,1.083321377635002,0.5451476983726022,2,0,0.0,3.0,9.0,0.0,1.0,1,1,7,6,0.6181905828416346,0.5171826984733341,1,0,0.0,1.0,6.0,0.0,0.0
14486,2020-10-23,Aston Villa,Leeds United,0.2041,0.2113,0.5846,0,0,12,10,1.5410020053386686,1.0214469972997902,2,0,0.0,1.0,11.0,0.0,0.0,3,2,27,22,2.384690653532743,2.0835378095507617,2,0,1.0,4.0,22.0,0.0,0.0
14493,2020-10-24,West Ham United,Manchester City,0.0966,0.3869,0.5165,1,1,6,5,0.2640776075422762,0.2316515035927294,2,0,0.0,0.0,6.0,0.0,0.0,1,1,14,10,0.8924562912434336,0.7768055982887743,0,0,1.0,1.0,12.0,0.0,0.0
14489,2020-10-24,Fulham,Crystal Palace,0.0666,0.1314,0.802,1,1,16,15,1.0747900903224945,0.6693288981914519,0,1,0.0,1.0,12.0,0.0,3.0,2,2,14,11,2.8678272515535355,2.6460409872233863,1,0,1.0,1.0,12.0,0.0,0.0
14491,2020-10-24,Manchester United,Chelsea,0.4197,0.4747,0.1056,0,0,14,12,0.6484273020178077,0.5746957994997498,3,0,0.0,5.0,9.0,0.0,0.0,0,0,6,4,0.2199064036831258,0.1346110031008719,1,0,0.0,2.0,4.0,0.0,0.0
14490,2020-10-24,Liverpool,Sheffield United,0.6498,0.2161,0.1341,2,1,17,11,2.6553979199379683,1.6466283313930032,0,0,1.0,3.0,11.0,0.0,2.0,1,0,13,10,1.3978750733658667,0.5756972962990401,3,0,0.0,1.0,11.0,1.0,0.0
14492,2020-10-25,Southampton,Everton,0.4409,0.4299,0.1292,2,2,12,11,0.7415108121931548,0.7253776118159293,1,0,0.0,2.0,10.0,0.0,0.0,0,0,6,4,0.2870539044961331,0.2158335968852042,2,1,1.0,1.0,3.0,0.0,1.0
14494,2020-10-25,Wolverhampton Wanderers,Newcastle United,0.4507,0.4333,0.116,1,0,16,12,0.7626247908920046,0.6704437062144277,0,0,0.0,0.0,14.0,0.0,2.0,1,0,5,4,0.2536854017525909,0.1905811000615355,1,0,1.0,0.0,4.0,0.0,0.0
14485,2020-10-25,Arsenal,Leicester City,0.2978,0.379,0.3232,0,0,12,10,0.7466731071472165,0.6010013911873099,3,0,1.0,4.0,7.0,0.0,0.0,1,1,6,3,0.7361714839935303,0.6809411104768515,5,0,1.0,0.0,5.0,0.0,0.0
14487,2020-10-26,Brighton,West Bromwich Albion,0.366,0.4803,0.1537,0,0,5,4,0.5468070851638911,0.4916220949962734,2,0,0.0,1.0,4.0,0.0,0.0,1,0,9,5,0.2956537976860997,0.1402023006230589,0,0,0.0,1.0,9.0,0.0,0.0
14488,2020-10-26,Burnley,Tottenham Hotspur,0.3729,0.3409,0.2862,0,0,13,9,0.95044981688261,0.8195626977831124,2,0,1.0,2.0,10.0,0.0,0.0,1,1,9,8,0.8143993839621543,0.7978201061487196,0,0,0.0,2.0,6.0,0.0,1.0
14504,2020-10-30,Wolverhampton Wanderers,Crystal Palace,0.509,0.293,0.198,2,1,15,12,1.3489445056766267,1.2653367090970276,0,0,0.0,3.0,12.0,0.0,0.0,0,0,11,6,0.8027672059833999,0.3555355072021481,2,1,2.0,1.0,7.0,0.0,1.0
14502,2020-10-31,Sheffield United,Manchester City,0.0699,0.2127,0.7174,0,0,4,4,0.6875441148877143,0.6875434070825576,0,0,0.0,0.0,4.0,0.0,0.0,1,1,16,10,1.896430902183056,1.5101401060819626,0,0,2.0,1.0,12.0,0.0,1.0
14496,2020-10-31,Burnley,Chelsea,0.1035,0.2914,0.6051,0,0,5,4,0.4073413079604505,0.3928429111838339,1,0,0.0,0.0,4.0,0.0,1.0,3,3,14,10,1.2307727113366125,1.0099177993834014,0,0,1.0,4.0,9.0,0.0,0.0
14499,2020-10-31,Liverpool,West Ham United,0.7962,0.171,0.0328,2,1,9,6,1.5630167014896863,0.6397733129560945,0,0,1.0,0.0,6.0,1.0,1.0,1,0,4,1,0.2690474018454551,0.0377864018082618,1,0,0.0,0.0,3.0,0.0,1.0
14495,2020-11-01,Aston Villa,Southampton,0.7378,0.172,0.0902,3,2,19,15,2.448546883650124,1.5480759218335152,1,0,1.0,5.0,10.0,1.0,2.0,4,2,9,7,1.0033296123147009,0.7789675220847128,2,0,2.0,1.0,5.0,0.0,1.0
14501,2020-11-01,Newcastle United,Everton,0.7653,0.1563,0.0784,2,0,11,6,2.631095226854086,0.6706572845578191,2,0,0.0,3.0,6.0,1.0,1.0,1,0,15,12,1.2180464752018452,0.6928634820505972,5,0,0.0,0.0,13.0,0.0,2.0
14500,2020-11-01,Manchester United,Arsenal,0.1004,0.3182,0.5814,0,0,8,8,0.3941143499687312,0.3941135583445427,3,0,0.0,1.0,6.0,0.0,1.0,1,0,7,5,0.9980727182701228,0.203625996597111,3,0,0.0,1.0,5.0,1.0,0.0
14503,2020-11-01,Tottenham Hotspur,Brighton,0.8592,0.1151,0.0257,2,1,9,6,1.97236517816782,1.1163323223590849,2,0,1.0,2.0,5.0,1.0,0.0,1,1,6,6,0.3244567047804592,0.3244566079229115,1,0,0.0,2.0,3.0,0.0,1.0
14497,2020-11-02,Fulham,West Bromwich Albion,0.7108,0.2057,0.0835,2,2,13,8,1.630187617614865,0.885217100381851,3,0,0.0,1.0,12.0,0.0,0.0,0,0,10,7,0.4826857969164846,0.3669135048985478,2,0,1.0,0.0,9.0,0.0,0.0
14498,2020-11-02,Leeds United,Leicester City,0.1116,0.1818,0.7066,1,1,11,8,1.7730668466538189,1.6765175759792328,1,0,0.0,3.0,8.0,0.0,0.0,4,2,10,6,3.1264598444104195,1.6703254915773869,1,0,0.0,0.0,9.0,1.0,0.0
14506,2020-11-06,Brighton,Burnley,0.7227,0.2148,0.0625,0,0,19,14,1.5921810856088994,1.3279756084084509,1,0,1.0,1.0,16.0,0.0,1.0,0,0,4,3,0.3269320987164973,0.2166561000049113,0,0,0.0,1.0,2.0,0.0,1.0
14512,2020-11-06,Southampton,Newcastle United,0.5809,0.3577,0.0614,2,1,15,12,0.9858283065259454,0.7678121943026778,1,0,0.0,3.0,12.0,0.0,0.0,0,0,4,3,0.1756325997412202,0.1055651009082793,2,0,1.0,1.0,2.0,0.0,0.0
14509,2020-11-07,Everton,Manchester United,0.069,0.2068,0.7242,1,0,7,5,0.3764634057879445,0.3002385050058362,4,0,0.0,1.0,6.0,0.0,0.0,3,3,13,9,1.597623899579048,1.4293888192623851,2,0,2.0,1.0,9.0,0.0,1.0
14508,2020-11-07,Crystal Palace,Leeds United,0.4854,0.292,0.2226,3,2,10,8,1.3016917034983633,1.176874918863177,0,0,1.0,1.0,8.0,0.0,0.0,1,1,9,7,0.8479128675535319,0.7232136847451328,2,0,1.0,4.0,5.0,0.0,0.0
14507,2020-11-07,Chelsea,Sheffield United,0.8726,0.0989,0.0285,4,4,20,15,2.8875901214778423,2.562673091888428,0,0,1.0,4.0,13.0,0.0,2.0,1,1,6,5,0.7730899918824432,0.7182861957699059,2,0,0.0,2.0,4.0,0.0,0.0
14514,2020-11-07,West Ham United,Fulham,0.2509,0.2638,0.4853,1,1,16,10,1.4374183062463997,1.056545205414295,2,0,1.0,5.0,10.0,0.0,0.0,0,0,13,8,1.8504832889884708,0.7598290182650087,2,0,2.0,1.0,6.0,1.0,3.0
14513,2020-11-08,West Bromwich Albion,Tottenham Hotspur,0.1207,0.2169,0.6624,0,0,12,9,0.8005145126953719,0.6164888907223939,1,0,0.0,3.0,8.0,0.0,1.0,1,1,19,14,1.8917994005605576,1.225404701195657,0,0,1.0,1.0,15.0,0.0,2.0
14510,2020-11-08,Leicester City,Wolverhampton Wanderers,0.8134,0.144,0.0426,1,0,10,6,2.0545044988393784,0.3922237940132616,2,0,0.0,2.0,5.0,2.0,1.0,0,0,7,6,0.579360185191035,0.4418466892093419,3,0,1.0,0.0,6.0,0.0,0.0
14511,2020-11-08,Manchester City,Liverpool,0.4692,0.3291,0.2017,1,1,7,6,1.5848757810890677,0.8237066138535737,3,0,0.0,0.0,6.0,1.0,0.0,1,0,10,6,1.190367670729756,0.2253947034478186,1,0,1.0,0.0,7.0,1.0,1.0
14505,2020-11-08,Arsenal,Aston Villa,0.2332,0.2465,0.5203,0,0,13,8,1.3903704993426795,0.6049275044351814,0,0,0.0,2.0,10.0,0.0,2.0,2,2,15,14,1.9855298623442648,1.8756749182939527,0,0,0.0,1.0,13.0,0.0,1.0
14521,2020-11-21,Newcastle United,Chelsea,0.0513,0.1759,0.7728,0,0,8,7,0.3682859037071465,0.3524865936487912,2,0,0.0,3.0,6.0,0.0,0.0,1,1,14,13,1.819228369742632,1.748362988233566,0,0,0.0,2.0,12.0,0.0,0.0
14515,2020-11-21,Aston Villa,Brighton,0.4473,0.2738,0.2789,1,1,15,10,1.943984242156148,1.0163218099623914,2,0,0.0,2.0,10.0,0.0,3.0,2,2,7,6,1.5198759883642197,1.36252298951149,1,1,0.0,0.0,7.0,0.0,0.0
14523,2020-11-21,Tottenham Hotspur,Manchester City,0.1445,0.2444,0.6111,2,2,4,2,0.7611424066126345,0.6444139778614044,2,0,1.0,0.0,3.0,0.0,0.0,0,0,22,19,1.6786030139774082,1.5007344726473089,2,0,0.0,5.0,14.0,0.0,3.0
14520,2020-11-21,Manchester United,West Bromwich Albion,0.8842,0.0918,0.024,1,0,17,12,2.431039808318019,1.5226047523319717,1,0,1.0,6.0,8.0,1.0,1.0,0,0,7,6,0.4386459011584517,0.369497001171112,1,0,0.0,2.0,5.0,0.0,0.0
14517,2020-11-22,Fulham,Everton,0.2729,0.2637,0.4634,2,2,14,13,1.8702816031873224,1.1091116778552528,2,0,0.0,0.0,13.0,1.0,0.0,3,2,9,8,2.250794917345047,1.6093084812164304,0,0,0.0,0.0,8.0,0.0,1.0
14522,2020-11-22,Sheffield United,West Ham United,0.0757,0.1728,0.7515,0,0,9,7,0.6954814959317444,0.6417138967663047,0,0,0.0,1.0,8.0,0.0,0.0,1,0,15,14,2.1169902253896,2.072944916784763,0,0,0.0,4.0,10.0,0.0,1.0
14518,2020-11-22,Leeds United,Arsenal,0.6937,0.2006,0.1057,0,0,25,16,1.9770862786099312,1.578547682613134,3,0,0.0,2.0,22.0,0.0,1.0,0,0,9,6,0.710778111591935,0.6042158957570791,0,1,2.0,1.0,6.0,0.0,0.0
14519,2020-11-22,Liverpool,Leicester City,0.7591,0.1383,0.1026,2,2,24,18,4.2191246971488,3.21490746550262,0,0,0.0,5.0,18.0,0.0,1.0,0,0,11,9,1.9839724730700248,0.7965171858668324,2,0,0.0,2.0,8.0,0.0,2.0
14516,2020-11-23,Burnley,Crystal Palace,0.4942,0.2612,0.2446,1,0,10,8,1.753425780683756,0.8415152151137588,2,0,0.0,0.0,8.0,0.0,2.0,0,0,15,14,1.2833076845854516,1.0529841855168338,0,0,0.0,2.0,10.0,0.0,3.0
14524,2020-11-23,Wolverhampton Wanderers,Southampton,0.4908,0.2832,0.226,1,0,20,14,1.627575983293354,0.7046172842383382,2,0,1.0,1.0,12.0,0.0,6.0,1,1,7,7,1.0785041749477386,1.0785045139491558,0,0,0.0,0.0,6.0,0.0,1.0
14530,2020-11-27,Crystal Palace,Newcastle United,0.1382,0.2907,0.5711,0,0,12,9,0.5348923988640306,0.3645335985347625,2,0,1.0,2.0,9.0,0.0,0.0,2,2,14,8,1.2792894411832092,1.0069620274007318,2,0,2.0,0.0,10.0,0.0,2.0
14528,2020-11-28,Brighton,Liverpool,0.9205,0.0683,0.0112,1,0,11,6,2.307219030335545,0.6065879855304953,2,0,1.0,2.0,6.0,2.0,0.0,1,1,6,3,0.2810898981988429,0.1921754032373428,1,0,0.0,1.0,5.0,0.0,0.0
14533,2020-11-28,Manchester City,Burnley,0.8292,0.1283,0.0425,5,5,19,16,2.2612847760319705,2.1200906857848167,0,0,0.0,4.0,15.0,0.0,0.0,0,0,9,7,0.4198769927024839,0.2083775121718643,0,0,1.0,0.0,7.0,0.0,1.0
14531,2020-11-28,Everton,Leeds United,0.077,0.1377,0.7853,0,0,15,13,1.2922897823154924,1.2474249079823492,1,0,0.0,1.0,12.0,0.0,2.0,1,1,23,18,3.4465963263064623,3.10200760141015,2,0,0.0,0.0,23.0,0.0,0.0
14527,2020-11-28,West Bromwich Albion,Sheffield United,0.112,0.1416,0.7464,1,0,17,13,1.723855376243591,0.8887392953038215,2,0,1.0,8.0,7.0,0.0,1.0,0,0,22,17,3.659361824393272,2.8613346293568607,3,0,0.0,2.0,19.0,0.0,1.0
14534,2020-11-29,Southampton,Manchester United,0.0381,0.1118,0.8501,2,1,10,6,0.4987835064530369,0.3263819031417367,1,0,1.0,3.0,6.0,0.0,0.0,3,2,15,10,2.5066677555441856,1.5984032824635503,0,0,0.0,4.0,10.0,0.0,1.0
14529,2020-11-29,Chelsea,Tottenham Hotspur,0.5514,0.3637,0.0849,0,0,13,11,0.9747541015967726,0.9012127816677092,4,0,0.0,1.0,11.0,0.0,1.0,0,0,5,3,0.2268893085420131,0.170182105153799,2,0,1.0,2.0,2.0,0.0,0.0
14525,2020-11-29,Arsenal,Wolverhampton Wanderers,0.1526,0.2366,0.6108,1,1,13,6,1.1185024976730342,0.8084763959050176,3,0,2.0,3.0,8.0,0.0,0.0,2,0,11,8,2.315018966794014,1.2739659771323204,4,0,0.0,1.0,10.0,0.0,0.0
14532,2020-11-30,Leicester City,Fulham,0.1823,0.2401,0.5776,1,1,16,9,1.327061783522367,0.5731183979660271,0,0,1.0,5.0,6.0,0.0,4.0,2,1,10,8,2.037189932540059,1.2213813811540604,2,0,1.0,0.0,7.0,1.0,1.0
14526,2020-11-30,West Ham United,Aston Villa,0.0322,0.1121,0.8557,2,2,6,5,0.5716327074915168,0.4837905969470738,1,0,0.0,1.0,5.0,0.0,0.0,1,1,16,14,2.3905088696628805,1.4854965060949323,1,0,2.0,3.0,9.0,1.0,1.0
14537,2020-12-05,Burnley,Everton,0.0537,0.144,0.8023,1,1,8,7,0.7304348088800906,0.705862112343311,0,0,0.0,2.0,5.0,0.0,1.0,1,1,13,11,2.281390909105539,2.237604286521673,0,0,0.0,1.0,12.0,0.0,0.0
14540,2020-12-05,Manchester City,Fulham,0.9658,0.0301,0.0041,2,1,16,11,3.2896054070442915,2.275281086564064,0,0,0.0,2.0,12.0,1.0,1.0,0,0,6,5,0.2874437626451252,0.28104380518198,0,0,0.0,2.0,4.0,0.0,0.0
14544,2020-12-05,West Ham United,Manchester United,0.5546,0.2197,0.2257,1,1,19,13,2.5858455868437886,1.6420846600085497,0,0,1.0,4.0,12.0,0.0,2.0,3,3,15,14,1.7870784765109418,1.7749952822923658,0,0,0.0,0.0,15.0,0.0,0.0
14538,2020-12-05,Chelsea,Leeds United,0.9757,0.0189,0.0054,3,3,23,19,5.009610012173653,4.123109461739659,0,0,0.0,7.0,15.0,0.0,1.0,1,1,8,6,1.0299929957836864,0.8967259973287582,2,0,0.0,2.0,6.0,0.0,0.0
14543,2020-12-06,West Bromwich Albion,Crystal Palace,0.1028,0.2216,0.6756,1,1,9,7,0.5672332067042586,0.4390035960823296,2,1,0.0,2.0,7.0,0.0,1.0,4,4,18,17,1.6885837167501447,1.6636399012058969,2,0,0.0,4.0,13.0,0.0,1.0
14541,2020-12-06,Sheffield United,Leicester City,0.0609,0.2424,0.6967,1,1,4,4,0.2907432913780211,0.2907424047589299,1,0,0.0,2.0,2.0,0.0,0.0,2,1,13,7,1.4289679098874326,0.7113991994410751,3,0,1.0,0.0,9.0,0.0,3.0
14542,2020-12-06,Tottenham Hotspur,Arsenal,0.1973,0.4601,0.3426,2,2,6,4,0.390628198161721,0.3211550042033195,1,0,1.0,0.0,4.0,0.0,1.0,0,0,11,6,0.5952154025435445,0.4093349017202851,2,0,1.0,0.0,9.0,0.0,1.0
14539,2020-12-06,Liverpool,Wolverhampton Wanderers,0.7432,0.1988,0.058,3,2,11,9,1.5945400707423687,1.1060662958770988,1,0,1.0,1.0,9.0,0.0,0.0,0,0,9,5,0.3577535040676591,0.2518446967005729,1,0,1.0,1.0,8.0,0.0,0.0
14536,2020-12-07,Brighton,Southampton,0.5465,0.2771,0.1764,1,0,12,8,2.0337579045444723,1.074924688786268,3,0,0.0,0.0,9.0,1.0,2.0,2,1,10,8,1.348008397966623,0.5732421055436132,3,0,0.0,2.0,6.0,1.0,1.0
14548,2020-12-11,Leeds United,West Ham United,0.3202,0.2674,0.4124,1,0,13,9,1.5664447881281371,0.5312328003346918,1,0,0.0,2.0,8.0,1.0,2.0,2,2,19,14,1.7850947007536884,1.5211463645100591,2,0,1.0,3.0,13.0,0.0,2.0
14552,2020-12-12,Wolverhampton Wanderers,Aston Villa,0.288,0.3207,0.3913,0,0,16,11,1.1401646155863996,0.9085072912275788,2,1,1.0,1.0,12.0,0.0,2.0,1,0,13,8,1.2687212107703083,0.3190650045871732,5,1,1.0,2.0,9.0,1.0,0.0
14550,2020-12-12,Newcastle United,West Bromwich Albion,0.4254,0.3604,0.2142,2,2,12,10,0.9041619319468736,0.8174015879631039,2,0,0.0,4.0,7.0,0.0,1.0,1,1,13,9,0.5731895901262757,0.4194416943937537,3,0,1.0,1.0,10.0,0.0,1.0
14549,2020-12-12,Manchester United,Manchester City,0.1496,0.2848,0.5656,0,0,11,10,0.5916159991174933,0.5375198964029549,1,0,1.0,3.0,7.0,0.0,0.0,0,0,9,7,1.309516031295061,1.1860203109681606,1,0,1.0,0.0,8.0,0.0,0.0
14546,2020-12-12,Everton,Chelsea,0.4004,0.3507,0.2489,1,0,9,7,1.2215969040989874,0.4242688044905661,2,0,1.0,3.0,4.0,1.0,0.0,0,0,10,6,1.006267601624131,0.340958399698138,3,0,2.0,1.0,6.0,0.0,1.0
14551,2020-12-13,Southampton,Sheffield United,0.8969,0.089,0.0141,3,3,16,13,2.2842296818271275,2.072918675839901,0,0,1.0,3.0,11.0,0.0,1.0,0,0,3,3,0.2191148996353148,0.2191146984696387,1,0,0.0,1.0,2.0,0.0,0.0
14545,2020-12-13,Crystal Palace,Tottenham Hotspur,0.4846,0.2605,0.2549,1,0,16,12,1.8444272130727768,0.9812817759811876,1,0,2.0,4.0,7.0,0.0,3.0,1,1,14,7,1.4193515330553053,0.8272371161729095,1,0,3.0,1.0,9.0,0.0,1.0
14547,2020-12-13,Fulham,Liverpool,0.3366,0.2847,0.3787,1,1,10,7,1.7556032128632066,0.9929092191159724,3,0,0.0,2.0,7.0,0.0,1.0,1,0,12,6,1.8244462609291077,0.8187779933214187,1,0,1.0,0.0,9.0,1.0,1.0
14553,2020-12-13,Leicester City,Brighton,0.6082,0.2453,0.1465,3,3,15,13,1.6435135807842014,1.1592720262706278,2,0,0.0,4.0,11.0,0.0,0.0,0,0,12,9,0.7916735960170623,0.753929798491299,1,0,0.0,3.0,6.0,0.0,3.0
14554,2020-12-13,Arsenal,Burnley,0.6447,0.2211,0.1342,0,0,18,16,1.8536250069737437,1.753226255998015,2,1,0.0,4.0,14.0,0.0,1.0,0,0,10,8,0.8221509009599682,0.7310148980468509,1,0,0.0,2.0,5.0,0.0,3.0
14562,2020-12-15,Wolverhampton Wanderers,Chelsea,0.1287,0.2507,0.6206,2,2,12,9,0.6837827367708084,0.5938951000571248,2,0,0.0,3.0,8.0,0.0,1.0,1,1,13,10,1.5677161440253258,0.9235913939774034,2,0,1.0,4.0,7.0,0.0,1.0
14564,2020-12-15,Manchester City,West Bromwich Albion,0.9138,0.0742,0.012,1,1,26,20,2.597260656766593,2.0274190874770284,2,0,2.0,6.0,18.0,0.0,1.0,0,0,5,2,0.2102430965751407,0.0482714995741843,3,0,0.0,1.0,3.0,0.0,1.0
14555,2020-12-16,Arsenal,Southampton,0.1907,0.3312,0.4781,1,1,9,8,0.6611354015767572,0.6478069098666308,1,1,0.0,0.0,7.0,0.0,2.0,1,1,13,6,1.1129566757008431,0.991766202263534,3,0,0.0,1.0,10.0,0.0,2.0
14558,2020-12-16,Leeds United,Newcastle United,0.7302,0.1724,0.0974,5,4,25,20,2.9848061539232726,2.204479679465294,3,0,0.0,3.0,21.0,0.0,1.0,2,2,10,9,1.475924365222454,1.425154305063188,1,0,1.0,2.0,6.0,0.0,1.0
14559,2020-12-16,Leicester City,Everton,0.1305,0.2971,0.5724,0,0,14,11,0.8388305893167851,0.7531282994896171,2,0,0.0,4.0,10.0,0.0,0.0,2,1,11,8,2.2193997781723738,0.5496133062988517,3,0,0.0,6.0,3.0,0.0,2.0
14557,2020-12-16,Fulham,Brighton,0.5269,0.337,0.1361,0,0,9,7,1.0044804178178308,0.4269936010241507,1,0,0.0,1.0,7.0,0.0,1.0,0,0,9,7,0.4716753624379633,0.3291056044399737,0,0,1.0,4.0,4.0,0.0,0.0
14561,2020-12-16,West Ham United,Crystal Palace,0.1279,0.3153,0.5568,1,1,9,7,0.4494690038263796,0.3909738920629023,0,0,1.0,0.0,8.0,0.0,0.0,1,1,8,7,1.0910797771066425,1.061504004523158,1,1,0.0,1.0,7.0,0.0,0.0
14563,2020-12-16,Liverpool,Tottenham Hotspur,0.2781,0.2611,0.4608,2,1,17,15,1.217831568792462,1.053132083266973,0,0,0.0,1.0,14.0,0.0,2.0,1,1,8,5,1.516101889312267,1.1206974722445011,2,0,1.0,1.0,6.0,0.0,0.0
14556,2020-12-17,Aston Villa,Burnley,0.7678,0.1799,0.0523,0,0,27,22,1.815025132149458,1.1871600728482006,1,0,1.0,6.0,19.0,0.0,1.0,0,0,6,5,0.3167370967566966,0.2547873966395854,1,0,1.0,0.0,4.0,0.0,1.0
14560,2020-12-17,Sheffield United,Manchester United,0.2175,0.2633,0.5192,2,1,12,10,1.2352508753538127,1.0474235005676744,3,0,1.0,1.0,10.0,0.0,0.0,3,2,14,9,1.7866700850427149,0.8135835835710166,2,0,1.0,2.0,10.0,0.0,1.0
14568,2020-12-19,Crystal Palace,Liverpool,0.0192,0.074,0.9068,0,0,5,4,0.4893180462531743,0.4817047063261269,1,0,0.0,1.0,3.0,0.0,1.0,7,7,14,12,2.874049875885248,2.6155937742441893,0,0,1.0,3.0,10.0,0.0,0.0
14572,2020-12-19,Southampton,Manchester City,0.161,0.3106,0.5284,0,0,9,7,0.5869716014713047,0.3674302920699118,2,0,0.0,2.0,7.0,0.0,0.0,1,1,11,9,1.1559930741786957,1.1003679074347017,2,0,0.0,2.0,9.0,0.0,0.0
14569,2020-12-19,Everton,Arsenal,0.1508,0.2951,0.5541,1,1,9,5,0.6665650019422171,0.425531500019133,1,0,1.0,3.0,4.0,0.0,1.0,1,0,13,10,1.2520625907927747,0.3906584978103635,3,0,1.0,1.0,11.0,1.0,0.0
14571,2020-12-19,Newcastle United,Fulham,0.4058,0.3137,0.2805,1,0,12,8,1.267252905294299,0.3369765020906923,1,0,2.0,3.0,6.0,1.0,1.0,0,0,11,7,1.10644993558526,0.8489041533321138,3,1,1.0,3.0,6.0,0.0,1.0
14565,2020-12-20,Brighton,Sheffield United,0.8142,0.1309,0.0549,1,0,21,18,2.933007018640637,1.6166462302207942,1,0,0.0,7.0,13.0,0.0,1.0,1,1,5,4,1.0371265951544044,0.9505809918045997,5,1,2.0,0.0,3.0,0.0,0.0
14573,2020-12-20,Tottenham Hotspur,Leicester City,0.1388,0.2862,0.575,0,0,8,6,0.9891945421695708,0.9095548084005712,2,0,2.0,5.0,2.0,0.0,0.0,1,0,17,15,1.7492220550775526,0.9720796030014752,2,0,0.0,0.0,13.0,1.0,3.0
14570,2020-12-20,Manchester United,Leeds United,0.9111,0.0538,0.0351,6,4,26,19,4.80799863114953,3.2601721361279488,1,0,0.0,8.0,17.0,1.0,0.0,2,2,17,13,1.6346681248396633,1.262788027524948,0,0,0.0,4.0,13.0,0.0,0.0
14574,2020-12-20,West Bromwich Albion,Aston Villa,0.0007,0.023,0.9763,0,0,1,0,0.0388442017138004,0.0,1,1,1.0,0.0,0.0,0.0,0.0,3,2,19,16,2.619639290496707,1.7721425220370293,2,0,1.0,0.0,16.0,1.0,1.0
14566,2020-12-21,Burnley,Wolverhampton Wanderers,0.2779,0.2962,0.4259,2,1,10,6,1.2046553697437046,0.9634477049112318,2,0,1.0,0.0,7.0,0.0,2.0,1,0,15,10,1.4572237916290756,0.3927142955362795,1,0,2.0,3.0,9.0,1.0,0.0
14567,2020-12-21,Chelsea,West Ham United,0.9248,0.0652,0.01,3,2,11,8,2.6817843532189727,2.3321680426597595,0,0,0.0,3.0,8.0,0.0,0.0,0,0,6,3,0.2777365967631338,0.1477281004190445,0,0,0.0,1.0,4.0,0.0,1.0
14579,2020-12-26,Leicester City,Manchester United,0.1358,0.217,0.6472,1,1,10,6,1.0395979136228557,0.3418149948120116,2,0,1.0,1.0,5.0,0.0,3.0,2,2,9,9,2.084234688431025,2.084232985973358,1,0,0.0,0.0,8.0,0.0,2.0
14576,2020-12-26,Aston Villa,Crystal Palace,0.9765,0.0188,0.0047,3,1,21,16,5.165991902351379,2.7668410390615463,0,1,0.0,2.0,16.0,0.0,3.0,0,0,13,8,0.8490858925506469,0.3666322985664007,4,0,2.0,1.0,9.0,0.0,1.0
14577,2020-12-26,Fulham,Southampton,0.5283,0.4211,0.0506,0,0,10,8,0.7818552050739523,0.7305827885866164,2,0,0.0,1.0,8.0,0.0,1.0,0,0,3,1,0.1197086982429026,0.0530234985053539,0,0,1.0,1.0,1.0,0.0,0.0
14575,2020-12-26,Arsenal,Chelsea,0.2853,0.2648,0.4499,3,1,15,6,1.952749103307724,0.4153320975601672,2,0,1.0,2.0,11.0,1.0,0.0,1,1,19,14,2.2541398033499718,1.3267526105046268,1,0,1.0,5.0,11.0,1.0,1.0
14581,2020-12-26,Manchester City,Newcastle United,0.9721,0.0238,0.0041,2,1,11,10,3.195752660743892,2.564835049211979,2,0,0.0,0.0,10.0,0.0,1.0,0,0,7,5,0.2009531995281575,0.1684296019375323,2,0,0.0,4.0,3.0,0.0,0.0
14582,2020-12-26,Sheffield United,Everton,0.5874,0.2991,0.1135,0,0,10,8,1.2510571144521234,1.1740409173071384,2,0,0.0,5.0,3.0,0.0,1.0,1,1,7,6,0.568803798407316,0.4879034999758003,4,0,0.0,0.0,6.0,0.0,1.0
14578,2020-12-27,Leeds United,Burnley,0.5321,0.2575,0.2104,1,0,11,7,2.1327100787311792,1.2632871083915231,0,0,0.0,0.0,9.0,1.0,1.0,0,0,14,12,1.5459102438762782,1.4978601457551124,3,0,0.0,4.0,9.0,0.0,1.0
14583,2020-12-27,West Ham United,Brighton,0.3232,0.2901,0.3867,2,1,11,8,1.388772007077932,0.8417822867631909,0,0,0.0,3.0,7.0,0.0,1.0,2,0,13,10,1.5080991275608535,0.4271234925836323,0,0,0.0,2.0,11.0,0.0,0.0
14580,2020-12-27,Liverpool,West Bromwich Albion,0.5437,0.2912,0.1651,1,1,17,13,1.4548484105616806,1.2964987792074676,0,0,2.0,4.0,10.0,0.0,1.0,1,1,5,4,0.7398447822779416,0.7128483951091765,1,0,0.0,1.0,4.0,0.0,0.0
14584,2020-12-27,Wolverhampton Wanderers,Tottenham Hotspur,0.4091,0.4096,0.1813,1,1,11,8,0.7425980865955351,0.6432387158274648,4,0,1.0,2.0,8.0,0.0,0.0,1,1,6,5,0.4081093017011879,0.365397199988365,1,0,1.0,1.0,3.0,0.0,1.0
14594,2020-12-28,Crystal Palace,Leicester City,0.0389,0.1668,0.7943,1,1,4,4,0.3213478103280066,0.3213479965925216,0,0,0.0,1.0,3.0,0.0,0.0,1,1,17,10,1.721325605176389,0.7170167975127695,1,0,2.0,0.0,10.0,1.0,4.0
14586,2020-12-28,Chelsea,Aston Villa,0.6007,0.2712,0.1281,1,1,16,11,1.537009738385677,0.5571291111409662,3,0,0.0,2.0,14.0,0.0,0.0,1,1,10,9,0.730858493596315,0.6829400919377802,1,0,0.0,1.0,7.0,0.0,2.0
14585,2020-12-29,Brighton,Arsenal,0.1948,0.2845,0.5207,0,0,13,10,0.7993681840598581,0.6461134906858204,2,0,0.0,5.0,8.0,0.0,0.0,1,1,11,9,1.3153653144836424,1.2436888888478277,0,0,1.0,2.0,7.0,0.0,1.0
14587,2020-12-29,Burnley,Sheffield United,0.5046,0.3332,0.1622,1,1,5,4,0.9738308936357496,0.9025879949331284,1,0,1.0,1.0,2.0,0.0,1.0,0,0,7,6,0.492578901350498,0.455989984795451,2,0,0.0,2.0,5.0,0.0,0.0
14588,2020-12-29,Southampton,West Ham United,0.1937,0.3418,0.4645,0,0,8,7,0.670995984226465,0.5434395093470811,3,0,1.0,1.0,6.0,0.0,0.0,0,0,9,5,1.0724626816809175,0.2527932021766899,1,0,0.0,0.0,5.0,0.0,4.0
14590,2020-12-29,West Bromwich Albion,Leeds United,0.0736,0.2468,0.6796,0,0,4,1,0.4355099927633999,0.0223216991871595,0,0,0.0,0.0,5.0,0.0,0.0,4,3,14,12,1.5422516744583843,1.4490660130977628,1,0,0.0,1.0,13.0,0.0,0.0
14592,2020-12-29,Manchester United,Wolverhampton Wanderers,0.7471,0.1978,0.0551,1,1,11,9,1.8160493299365044,1.0595063902437685,1,0,0.0,1.0,10.0,0.0,0.0,0,0,9,7,0.4110468011349436,0.343741502612829,1,0,0.0,0.0,7.0,0.0,2.0
14591,2020-12-30,Newcastle United,Liverpool,0.2097,0.2881,0.5022,0,0,8,7,0.8179346807301042,0.805208899080753,2,0,0.0,1.0,5.0,0.0,2.0,0,0,11,7,1.3204688020050523,1.241364190354943,3,0,0.0,5.0,6.0,0.0,0.0
14595,2021-01-01,Everton,West Ham United,0.0929,0.2811,0.626,0,0,10,7,0.3710446618497366,0.3243661951273676,2,0,0.0,3.0,5.0,0.0,2.0,1,0,11,6,1.2502765301614998,0.4951515924185512,0,0,1.0,2.0,8.0,0.0,0.0
14596,2021-01-01,Manchester United,Aston Villa,0.5885,0.2225,0.189,2,1,19,15,2.465212035924196,1.6467882161960004,4,0,0.0,5.0,13.0,1.0,0.0,1,1,15,11,1.564340505748987,1.3826924934983251,0,0,1.0,2.0,10.0,0.0,2.0
14599,2021-01-02,Tottenham Hotspur,Leeds United,0.7069,0.1737,0.1194,3,2,20,13,2.5286085978150368,1.4791710041463373,2,1,0.0,1.0,13.0,1.0,5.0,0,0,18,14,1.156261090189218,1.0120051018893714,1,0,0.0,1.0,17.0,0.0,0.0
14604,2021-01-02,Crystal Palace,Sheffield United,0.3625,0.4722,0.1653,2,1,9,8,0.5988877005875107,0.5132591985166071,1,0,0.0,0.0,8.0,0.0,1.0,0,0,7,4,0.3231579046696422,0.2625344237312673,3,0,0.0,2.0,5.0,0.0,0.0
14601,2021-01-02,Brighton,Wolverhampton Wanderers,0.5295,0.2673,0.2032,3,2,13,10,2.4474675022065635,1.0153067857027052,2,0,0.0,4.0,9.0,1.0,0.0,2,1,11,8,1.8185610836371773,0.9077159231528638,1,0,0.0,1.0,7.0,1.0,2.0
14600,2021-01-02,West Bromwich Albion,Arsenal,0.0061,0.033,0.9609,0,0,7,7,0.8698737137019632,0.8698734939098356,1,0,0.0,1.0,6.0,0.0,0.0,4,3,21,16,4.167563661932944,3.44053990021348,2,0,0.0,1.0,19.0,0.0,1.0
14597,2021-01-03,Newcastle United,Leicester City,0.12,0.433,0.447,1,0,7,3,0.2645839005708693,0.1332561038434505,0,0,0.0,2.0,2.0,0.0,3.0,2,2,9,7,0.702081501483917,0.6763340011239052,2,0,0.0,2.0,7.0,0.0,0.0
14603,2021-01-03,Chelsea,Manchester City,0.0236,0.0772,0.8992,1,1,9,9,0.6910131499171255,0.5396428927779195,3,0,1.0,1.0,6.0,0.0,1.0,3,2,18,14,3.253772519528866,2.5400669872760773,1,0,1.0,1.0,15.0,0.0,1.0
14598,2021-01-04,Southampton,Liverpool,0.1159,0.2744,0.6097,1,1,7,7,0.5004359884187576,0.5004360899329183,1,0,0.0,0.0,6.0,0.0,1.0,0,0,17,12,1.377692880108952,0.8093607053160665,3,0,0.0,5.0,11.0,0.0,1.0
14610,2021-01-12,Sheffield United,Newcastle United,0.6246,0.2342,0.1412,1,0,17,14,2.029117714613676,1.172839608043432,2,0,0.0,1.0,15.0,1.0,0.0,0,0,7,3,1.047446196898818,0.8470337986946106,3,1,2.0,2.0,3.0,0.0,0.0
14612,2021-01-12,Wolverhampton Wanderers,Everton,0.4722,0.3951,0.1327,1,1,13,10,0.8524941084906457,0.6914616785943507,2,0,1.0,3.0,7.0,0.0,2.0,2,2,5,5,0.3234449960291384,0.3234446011483667,2,0,0.0,2.0,3.0,0.0,0.0
14088,2021-01-12,Burnley,Manchester United,0.1875,0.3023,0.5102,0,0,12,6,0.6485820021480317,0.4064819961786267,1,0,0.0,1.0,10.0,0.0,1.0,1,1,13,11,1.239964097738266,1.058358002454042,2,0,0.0,1.0,12.0,0.0,0.0
14614,2021-01-13,Manchester City,Brighton,0.9559,0.0392,0.0049,1,1,16,12,2.9085447303950787,1.9284249693155289,0,0,0.0,3.0,11.0,1.0,1.0,0,0,5,4,0.1770841032266614,0.162687502801418,2,0,0.0,1.0,4.0,0.0,0.0
14589,2021-01-13,Tottenham Hotspur,Fulham,0.8342,0.1077,0.0581,1,1,15,10,3.157568635419011,2.9021051228046417,1,0,1.0,4.0,10.0,0.0,0.0,1,1,15,12,1.053293891251087,0.8508458845317362,2,0,1.0,4.0,10.0,0.0,0.0
14605,2021-01-14,Arsenal,Crystal Palace,0.1608,0.4365,0.4027,0,0,11,7,0.3696128949522968,0.2494155988097189,1,0,0.0,5.0,5.0,0.0,1.0,0,0,12,9,0.7173826992511746,0.4623582921922204,1,0,1.0,1.0,8.0,0.0,2.0
14624,2021-01-16,Wolverhampton Wanderers,West Bromwich Albion,0.244,0.2365,0.5195,2,1,23,17,1.943579042330384,1.1893017897382376,2,0,1.0,7.0,12.0,0.0,3.0,3,1,12,7,2.482987318187952,0.8050313983112571,1,0,0.0,0.0,8.0,2.0,2.0
14618,2021-01-16,Leeds United,Brighton,0.0547,0.2547,0.6906,0,0,7,4,0.2451934963464735,0.1664681956171988,1,0,0.0,1.0,6.0,0.0,0.0,1,1,7,6,1.1442364137619734,1.0410235170274973,1,0,0.0,0.0,6.0,0.0,1.0
14623,2021-01-16,West Ham United,Burnley,0.7582,0.1885,0.0533,1,0,15,9,1.7339715808629983,0.8570736125111579,2,0,1.0,6.0,8.0,0.0,0.0,0,0,10,6,0.3956682924181219,0.2372835017740724,1,0,1.0,0.0,7.0,0.0,2.0
14617,2021-01-16,Fulham,Chelsea,0.1163,0.2684,0.6153,0,0,10,5,0.4630898889154193,0.2803050074726342,2,1,1.0,1.0,8.0,0.0,0.0,1,0,21,18,1.379392196424305,1.2154023172333832,3,0,0.0,5.0,16.0,0.0,0.0
14619,2021-01-16,Leicester City,Southampton,0.8242,0.1382,0.0376,2,2,16,13,2.1201908327639103,1.661950908601284,2,0,0.0,1.0,15.0,0.0,0.0,0,0,8,6,0.3810026962310073,0.2990091964602468,2,0,0.0,1.0,7.0,0.0,0.0
14622,2021-01-17,Sheffield United,Tottenham Hotspur,0.2638,0.2989,0.4373,1,1,15,11,0.9781326744705436,0.8808996994048354,4,0,0.0,0.0,14.0,0.0,1.0,3,3,14,11,1.2838476933538912,1.1807234864681957,0,0,0.0,2.0,11.0,0.0,1.0
14620,2021-01-17,Liverpool,Manchester United,0.3456,0.308,0.3464,0,0,17,13,1.205290803685784,1.0129197873175142,2,0,0.0,1.0,16.0,0.0,0.0,0,0,8,5,1.189290326088667,0.6994119752198457,1,0,2.0,2.0,4.0,0.0,0.0
14621,2021-01-17,Manchester City,Crystal Palace,0.6417,0.3394,0.0189,4,1,13,7,0.9679448083043096,0.5868132933974264,0,0,2.0,7.0,4.0,0.0,0.0,0,0,2,2,0.0515835513360797,0.0515835513360797,0,0,0.0,0.0,2.0,0.0,0.0
14615,2021-01-18,Arsenal,Newcastle United,0.9022,0.0861,0.0117,3,3,20,15,2.330422597937285,1.7111919857561586,0,0,1.0,2.0,16.0,0.0,1.0,0,0,4,4,0.168796297162771,0.168796297162771,0,0,0.0,0.0,3.0,0.0,1.0
14611,2021-01-19,West Ham United,West Bromwich Albion,0.843,0.1265,0.0305,2,2,14,11,2.175115320831537,2.015214694663882,0,0,1.0,1.0,11.0,0.0,1.0,1,1,6,5,0.4640910048037766,0.4517351035028695,1,0,0.0,0.0,6.0,0.0,0.0
14609,2021-01-19,Leicester City,Chelsea,0.514,0.3091,0.1769,2,2,8,8,1.144901486113667,1.1449019908905027,1,0,0.0,1.0,6.0,0.0,1.0,0,0,9,8,0.6157279014587399,0.44949790276587,3,0,1.0,3.0,5.0,0.0,0.0
14089,2021-01-20,Manchester City,Aston Villa,0.933,0.0513,0.0157,2,1,28,22,3.713789068162441,1.9588157087564464,0,0,0.0,5.0,22.0,1.0,0.0,0,0,11,5,0.6032620035111901,0.3389303013682364,2,0,1.0,0.0,9.0,0.0,1.0
14607,2021-01-20,Fulham,Manchester United,0.1286,0.2406,0.6308,1,1,12,11,0.7536690989509222,0.6118521913886066,3,0,0.0,1.0,11.0,0.0,0.0,2,0,15,9,1.6840146090835328,0.9264104850590226,1,0,1.0,3.0,11.0,0.0,0.0
14613,2021-01-21,Liverpool,Burnley,0.4994,0.2767,0.2239,0,0,27,23,1.652721894904971,1.2458706870675085,2,0,0.0,3.0,23.0,0.0,1.0,1,0,6,4,1.080587211996317,0.2863630950450896,1,0,0.0,0.0,4.0,1.0,1.0
14535,2021-01-23,Aston Villa,Newcastle United,0.908,0.0743,0.0177,2,1,14,10,2.656672894023359,1.0637551322579384,0,0,0.0,3.0,8.0,0.0,3.0,0,0,7,6,0.4003641027957199,0.382864411920309,3,0,0.0,3.0,4.0,0.0,0.0
14631,2021-01-26,Newcastle United,Leeds United,0.4368,0.3274,0.2358,1,1,22,16,1.1363969128578897,0.90132350847125,1,0,4.0,4.0,11.0,0.0,3.0,2,2,9,8,0.7859148085117338,0.7519624121487138,3,0,0.0,0.0,8.0,0.0,1.0
14634,2021-01-26,Crystal Palace,West Ham United,0.0139,0.0546,0.9315,2,2,6,6,0.6290333839133381,0.629033302888274,0,0,0.0,0.0,6.0,0.0,0.0,3,3,17,14,3.4804196171462536,3.171643018722534,0,0,0.0,1.0,15.0,0.0,1.0
14629,2021-01-26,West Bromwich Albion,Manchester City,0.0239,0.1323,0.8438,0,0,4,2,0.5976474061608313,0.1627696976065635,2,0,0.0,1.0,3.0,0.0,0.0,5,4,18,14,2.2483843043446536,1.68338412232697,0,0,0.0,3.0,15.0,0.0,0.0
14632,2021-01-26,Southampton,Arsenal,0.0733,0.1715,0.7552,1,1,13,9,1.0301147103309627,0.4575046002864836,1,0,1.0,1.0,9.0,0.0,2.0,3,3,9,8,2.433900743722916,2.4017890095710754,2,0,0.0,1.0,8.0,0.0,0.0
14626,2021-01-27,Burnley,Aston Villa,0.0368,0.112,0.8512,3,3,10,7,0.7176819341257211,0.6680149370804427,1,0,0.0,1.0,9.0,0.0,0.0,2,2,18,15,2.8253995329141617,2.395311534404754,0,0,1.0,3.0,13.0,0.0,1.0
14630,2021-01-27,Chelsea,Wolverhampton Wanderers,0.2961,0.395,0.3089,0,0,14,13,0.6633237935602663,0.6306431032717225,1,0,0.0,3.0,10.0,0.0,1.0,0,0,4,2,0.6319193951785563,0.0747867003083228,1,0,1.0,0.0,2.0,0.0,1.0
14625,2021-01-27,Brighton,Fulham,0.8321,0.1258,0.0421,0,0,16,15,2.291288897395134,2.229033388197422,2,0,1.0,2.0,11.0,0.0,2.0,0,0,10,9,0.5132265016436575,0.4636609070003031,1,0,0.0,0.0,10.0,0.0,0.0
14627,2021-01-27,Everton,Leicester City,0.2061,0.3883,0.4056,1,0,8,4,0.4749807044863699,0.3495439961552619,1,0,0.0,4.0,4.0,0.0,0.0,1,1,18,13,0.7952393945306535,0.5126619078218935,1,0,2.0,4.0,12.0,0.0,0.0
14628,2021-01-27,Manchester United,Sheffield United,0.4096,0.3432,0.2472,1,1,16,10,0.9930997937917706,0.7572341840714214,1,0,2.0,4.0,10.0,0.0,0.0,2,2,5,5,0.68954748660326,0.6895475015044212,1,0,0.0,1.0,4.0,0.0,0.0
14633,2021-01-28,Tottenham Hotspur,Liverpool,0.001,0.0234,0.9756,1,1,3,2,0.1045860964804887,0.0976369976997375,1,0,0.0,0.0,3.0,0.0,0.0,3,2,14,12,2.5927047785371538,2.173140812665224,2,0,0.0,0.0,14.0,0.0,0.0
14644,2021-01-30,Everton,Newcastle United,0.1367,0.2001,0.6632,0,0,11,7,0.9660118995234368,0.3970080930739639,3,0,0.0,2.0,7.0,0.0,2.0,2,2,13,9,2.088318282738328,1.8609819542616608,4,0,2.0,3.0,8.0,0.0,0.0
14638,2021-01-30,Crystal Palace,Wolverhampton Wanderers,0.6637,0.252,0.0843,1,1,11,7,1.4211701080203054,0.825678514316678,1,0,2.0,0.0,9.0,0.0,0.0,0,0,6,6,0.4509062077850101,0.4509061928838488,2,0,0.0,3.0,3.0,0.0,0.0
14640,2021-01-30,West Bromwich Albion,Fulham,0.2182,0.2867,0.4951,2,1,5,4,0.9946636967360972,0.5146995075047015,1,0,0.0,0.0,5.0,0.0,0.0,2,2,12,11,1.520441782660782,1.5107011217623945,0,0,0.0,1.0,10.0,0.0,1.0
14642,2021-01-30,Manchester City,Sheffield United,0.8331,0.1503,0.0166,1,1,10,9,1.5311621427536009,1.48710111156106,0,0,0.0,2.0,8.0,0.0,0.0,0,0,4,3,0.1545365974307059,0.1192051991820335,3,0,0.0,0.0,4.0,0.0,0.0
14635,2021-01-30,Arsenal,Manchester United,0.1496,0.2491,0.6013,0,0,17,10,0.7471668096259233,0.4316410981118678,1,0,3.0,3.0,11.0,0.0,0.0,0,0,14,10,1.577750243246555,1.405771182850003,3,0,1.0,3.0,10.0,0.0,0.0
14641,2021-01-30,Southampton,Aston Villa,0.745,0.1783,0.0767,0,0,20,12,2.420312982052564,1.2102307118475435,1,0,1.0,5.0,14.0,0.0,0.0,1,1,8,5,0.8022236507385967,0.6362005136907098,0,0,0.0,0.0,7.0,0.0,1.0
14637,2021-01-31,Chelsea,Burnley,0.6509,0.2679,0.0812,2,2,19,18,1.4404946081340309,1.3499457947909828,0,0,0.0,0.0,19.0,0.0,0.0,0,0,1,1,0.3907139897346496,0.3907139897346496,1,0,0.0,1.0,0.0,0.0,0.0
14643,2021-01-31,Leicester City,Leeds United,0.3472,0.2628,0.39,1,1,18,14,1.7371479086577888,1.069936679676175,0,0,1.0,3.0,13.0,0.0,1.0,3,3,8,8,1.8141002338379624,1.814103351905942,3,0,0.0,2.0,6.0,0.0,0.0
14639,2021-01-31,West Ham United,Liverpool,0.0975,0.2051,0.6974,1,0,8,4,0.8830607905983923,0.1191172022372483,2,0,0.0,3.0,4.0,0.0,1.0,3,3,14,11,2.058091739192605,1.9319711048156016,0,0,0.0,0.0,13.0,0.0,1.0
14636,2021-01-31,Brighton,Tottenham Hotspur,0.7747,0.1711,0.0542,1,1,16,16,1.7738599143922325,1.7738589011132713,2,0,0.0,4.0,12.0,0.0,0.0,0,0,8,7,0.3725239001214502,0.3349132053554056,1,0,1.0,1.0,6.0,0.0,0.0
14649,2021-02-02,Sheffield United,West Bromwich Albion,0.2481,0.3174,0.4345,2,2,14,12,1.370224207639694,1.120172198861837,2,0,1.0,2.0,11.0,0.0,0.0,1,0,8,4,2.291384104639292,0.5724917016923426,1,0,0.0,0.0,5.0,0.0,3.0
14650,2021-02-02,Wolverhampton Wanderers,Arsenal,0.6219,0.2553,0.1228,2,1,11,10,1.561624877154827,0.8004563990980385,3,0,0.0,3.0,7.0,1.0,0.0,1,1,9,6,0.7232498088851569,0.5815810142084953,2,2,0.0,1.0,8.0,0.0,0.0
14651,2021-02-02,Manchester United,Southampton,0.9916,0.0075,0.0009,8,5,24,18,5.03391039557755,3.504392387345433,2,0,1.0,2.0,20.0,1.0,0.0,0,0,3,2,0.5078920125961304,0.3498827144503593,3,2,1.0,0.0,3.0,0.0,0.0
14652,2021-02-02,Newcastle United,Crystal Palace,0.6511,0.2222,0.1267,1,1,21,15,1.9223958030343051,1.266856515780091,1,0,1.0,4.0,15.0,0.0,1.0,2,1,6,4,0.8093121945858,0.7676959931850433,3,0,0.0,1.0,4.0,0.0,1.0
14646,2021-02-03,Burnley,Manchester City,0.002,0.0706,0.9274,0,0,2,2,0.0489155314862727,0.0489155314862727,2,0,0.0,0.0,2.0,0.0,0.0,2,1,13,10,2.165620129555464,1.5836231410503383,1,0,0.0,0.0,13.0,0.0,0.0
14647,2021-02-03,Fulham,Leicester City,0.0773,0.2402,0.6825,0,0,8,7,0.7312875911593435,0.7207734938710926,3,0,0.0,1.0,7.0,0.0,0.0,2,2,9,7,1.712990993633866,1.6427652686834333,1,0,0.0,1.0,7.0,0.0,1.0
14648,2021-02-03,Leeds United,Everton,0.1702,0.2423,0.5875,1,1,16,12,1.1662701833993194,0.573717603459954,2,0,0.0,2.0,13.0,0.0,1.0,2,2,10,7,2.00911227799952,1.885900408029556,3,0,0.0,1.0,8.0,0.0,1.0
14645,2021-02-03,Aston Villa,West Ham United,0.1371,0.2225,0.6404,1,1,9,7,0.7411541920155283,0.6220923159271476,1,0,1.0,1.0,5.0,0.0,2.0,3,3,20,14,1.7941689901053903,1.4860823675990102,1,0,1.0,1.0,17.0,0.0,1.0
14654,2021-02-03,Liverpool,Brighton,0.3094,0.3128,0.3778,0,0,11,6,1.096823375672102,0.8546752873808143,1,0,0.0,0.0,11.0,0.0,0.0,1,1,13,10,1.200100408867001,0.9903739038854836,0,0,0.0,3.0,8.0,0.0,2.0
14653,2021-02-04,Tottenham Hotspur,Chelsea,0.0393,0.1251,0.8356,0,0,7,4,0.5694452058523891,0.4243590030819175,2,0,1.0,0.0,5.0,0.0,1.0,1,0,18,13,2.3969672024250026,1.4284380823373797,3,0,0.0,2.0,15.0,1.0,0.0
14655,2021-02-06,Aston Villa,Arsenal,0.4986,0.3021,0.1993,1,1,12,11,1.1979227894917128,1.0499162040650842,3,0,0.0,1.0,11.0,0.0,0.0,0,0,14,10,0.6818935032933947,0.5165094006806608,2,0,1.0,2.0,10.0,0.0,1.0
14656,2021-02-06,Burnley,Brighton,0.728,0.1852,0.0868,1,0,20,13,1.956517094746232,1.6455464800819752,2,0,1.0,5.0,12.0,0.0,2.0,1,1,10,8,0.6129852915182707,0.5279047098010776,0,0,1.0,2.0,7.0,0.0,0.0
14661,2021-02-06,Newcastle United,Southampton,0.2193,0.2865,0.4942,3,2,6,4,0.9105518870055674,0.7928040027618408,1,1,1.0,0.0,5.0,0.0,0.0,2,1,14,9,1.434448517858982,0.790298221632838,1,0,1.0,3.0,8.0,0.0,2.0
14657,2021-02-06,Fulham,West Ham United,0.5319,0.2729,0.1952,0,0,20,14,1.617271216586232,1.2742079980671404,1,0,2.0,2.0,16.0,0.0,0.0,0,0,8,7,0.9435388641431928,0.899491208605468,3,1,1.0,2.0,2.0,0.0,3.0
14660,2021-02-06,Manchester United,Everton,0.4001,0.2778,0.3221,3,3,14,11,1.717688903212547,1.482654023915529,2,0,1.0,2.0,10.0,0.0,1.0,3,2,6,4,1.55710269883275,0.776097472757101,1,0,0.0,0.0,5.0,0.0,1.0
14663,2021-02-07,Tottenham Hotspur,West Bromwich Albion,0.7001,0.2046,0.0953,2,2,13,9,1.9690671116113665,1.1628029067069292,1,0,0.0,2.0,10.0,0.0,1.0,0,0,4,4,0.6986859701573848,0.6986860148608683,2,0,0.0,0.0,2.0,0.0,2.0
14664,2021-02-07,Wolverhampton Wanderers,Leicester City,0.5741,0.2754,0.1505,0,0,13,11,1.3550588060170408,1.2182462140917778,1,0,1.0,4.0,8.0,0.0,0.0,0,0,13,9,0.6482493113726375,0.3701961068436501,3,0,1.0,2.0,10.0,0.0,0.0
14659,2021-02-07,Liverpool,Manchester City,0.0077,0.0419,0.9504,1,0,8,4,1.1772781126201153,0.2183135990053414,2,0,1.0,1.0,5.0,1.0,0.0,4,3,8,5,3.891201224178076,2.3889368399977684,1,0,0.0,0.0,7.0,1.0,0.0
14662,2021-02-07,Sheffield United,Chelsea,0.0869,0.2349,0.6782,0,0,8,5,0.6244223993271586,0.5095146987587212,1,0,0.0,0.0,6.0,0.0,2.0,2,1,9,7,1.641437023878097,0.8213063031435011,0,0,0.0,2.0,7.0,1.0,0.0
14658,2021-02-08,Leeds United,Crystal Palace,0.9029,0.0772,0.0199,2,1,17,13,2.6757448874413967,1.6368036475032566,0,0,1.0,3.0,12.0,0.0,1.0,0,0,8,8,0.3702778071165083,0.3702784050256011,2,0,0.0,1.0,6.0,0.0,1.0
14670,2021-02-13,Leicester City,Liverpool,0.4663,0.2664,0.2673,3,1,11,6,2.113340955227613,1.0265940129756927,1,0,1.0,1.0,9.0,0.0,0.0,1,1,15,10,1.790864188224077,1.453949388116598,2,0,2.0,4.0,8.0,0.0,1.0
14668,2021-02-13,Crystal Palace,Burnley,0.0914,0.1803,0.7283,0,0,13,9,0.6456165984272954,0.4684704914689061,0,0,0.0,3.0,10.0,0.0,0.0,3,2,16,12,1.9686235450208185,1.3558464050292969,0,0,0.0,2.0,11.0,0.0,3.0
14671,2021-02-13,Manchester City,Tottenham Hotspur,0.8805,0.0952,0.0243,3,2,15,12,2.470955452881753,1.6040074825286863,1,0,0.0,3.0,11.0,1.0,0.0,0,0,7,2,0.4234990067780017,0.1214253976941108,3,0,1.0,0.0,6.0,0.0,0.0
14666,2021-02-13,Brighton,Aston Villa,0.9125,0.0777,0.0098,0,0,26,18,2.3331117015331984,2.0002106204628944,2,0,3.0,3.0,19.0,0.0,1.0,0,0,4,3,0.1440357994288205,0.1078491974622011,3,0,0.0,0.0,4.0,0.0,0.0
14672,2021-02-14,Southampton,Wolverhampton Wanderers,0.2361,0.3448,0.4191,1,1,7,5,0.8535998985171316,0.8017169982194898,2,0,0.0,0.0,7.0,0.0,0.0,2,1,10,7,1.0936090275645252,0.2752136960625645,2,0,0.0,2.0,6.0,1.0,1.0
14673,2021-02-14,West Bromwich Albion,Manchester United,0.5013,0.3551,0.1436,1,1,7,7,0.945964079350233,0.945963893085718,5,0,0.0,0.0,6.0,0.0,1.0,1,1,10,9,0.4296260941773651,0.3579724989831446,0,0,0.0,3.0,7.0,0.0,0.0
14665,2021-02-14,Arsenal,Leeds United,0.8375,0.123,0.0395,4,3,13,11,2.5109059661626816,1.7303289901465175,0,0,0.0,0.0,12.0,1.0,0.0,2,2,9,8,0.7707395981997249,0.745586992241442,2,0,0.0,1.0,8.0,0.0,0.0
14669,2021-02-14,Everton,Fulham,0.0068,0.0481,0.9451,0,0,7,5,0.3140753973275421,0.2170784957706927,1,0,0.0,2.0,5.0,0.0,0.0,2,1,12,9,2.5664244657382373,1.321453158743679,1,0,0.0,1.0,9.0,0.0,2.0
14674,2021-02-15,West Ham United,Sheffield United,0.7379,0.1827,0.0794,3,2,13,8,2.3273538909852505,0.911995772272348,0,0,2.0,2.0,8.0,1.0,0.0,0,0,8,8,0.9266520738601683,0.8344110026955602,2,0,0.0,0.0,8.0,0.0,0.0
14667,2021-02-15,Chelsea,Newcastle United,0.8826,0.0951,0.0223,2,0,18,15,2.542802933603525,1.3815892674028871,0,0,0.0,6.0,12.0,0.0,0.0,0,0,10,8,0.4336478067561981,0.3853878993541,0,0,1.0,2.0,7.0,0.0,0.0
14602,2021-02-17,Burnley,Fulham,0.5452,0.2995,0.1553,1,1,8,6,1.2064231960102914,0.8079042099416256,1,0,0.0,2.0,4.0,0.0,2.0,1,1,8,8,0.5944700874388216,0.594470117241144,1,0,0.0,3.0,5.0,0.0,0.0
14593,2021-02-17,Everton,Manchester City,0.2781,0.3846,0.3373,1,0,3,2,1.091368317604065,0.132110297679901,2,0,0.0,0.0,3.0,0.0,0.0,3,2,16,12,1.2321839816868303,1.0247481074184177,1,0,0.0,3.0,13.0,0.0,0.0
14684,2021-02-19,Wolverhampton Wanderers,Leeds United,0.0445,0.1246,0.8309,0,0,15,11,0.5923001011833544,0.494308301247656,1,0,0.0,2.0,13.0,0.0,0.0,0,0,18,12,2.512282382696867,1.804491485469043,0,0,0.0,5.0,9.0,0.0,5.0
14682,2021-02-20,Southampton,Chelsea,0.0713,0.2519,0.6768,1,1,4,2,0.4993022121489047,0.3941254131495952,1,0,0.0,3.0,1.0,0.0,0.0,1,0,9,7,1.4506458081305025,0.6205266593024132,1,0,1.0,2.0,4.0,1.0,1.0
14678,2021-02-20,Burnley,West Bromwich Albion,0.0492,0.1886,0.7622,0,0,6,5,0.5351537028327583,0.4987474093213676,3,0,1.0,0.0,5.0,0.0,0.0,0,0,10,8,1.7192227179184556,1.5602009911090136,0,1,2.0,0.0,7.0,0.0,1.0
14680,2021-02-20,Liverpool,Everton,0.2479,0.2577,0.4944,0,0,15,11,1.5404621828347442,1.3107521720230575,2,0,1.0,2.0,11.0,0.0,1.0,2,1,9,3,2.015241192653775,0.6965146921575069,1,0,1.0,2.0,5.0,1.0,0.0
14679,2021-02-20,Fulham,Sheffield United,0.401,0.3167,0.2823,1,0,15,10,1.2100640852004287,0.2982330052182076,1,0,0.0,2.0,13.0,0.0,0.0,0,0,4,2,0.9777481239289044,0.8968370258808136,2,0,0.0,1.0,1.0,0.0,2.0
14683,2021-02-21,West Ham United,Tottenham Hotspur,0.4855,0.3432,0.1713,2,1,4,3,1.7336097490042448,0.7926747929304837,4,0,0.0,1.0,3.0,0.0,0.0,1,1,20,15,0.7707056030631062,0.5910148005932567,3,0,2.0,3.0,13.0,0.0,2.0
14676,2021-02-21,Aston Villa,Leicester City,0.4989,0.2797,0.2214,1,0,11,7,1.7635541055351496,1.0595179945230484,2,0,0.0,4.0,6.0,0.0,1.0,2,1,16,12,1.2907721213996408,0.5832095909863708,1,0,1.0,3.0,12.0,0.0,0.0
14675,2021-02-21,Arsenal,Manchester City,0.0335,0.1341,0.8324,0,0,7,4,0.3311878023669123,0.1837930008769034,2,0,0.0,0.0,7.0,0.0,0.0,1,1,15,11,2.0919367447495456,1.522265303879976,2,0,0.0,2.0,13.0,0.0,0.0
14681,2021-02-21,Manchester United,Newcastle United,0.7921,0.1648,0.0431,3,2,15,14,1.7255995012819765,0.9644303955137729,1,0,0.0,3.0,11.0,1.0,0.0,1,0,10,6,0.3417784981429574,0.2038315981626509,2,0,0.0,3.0,6.0,0.0,1.0
14677,2021-02-22,Brighton,Crystal Palace,0.9263,0.0656,0.0081,1,0,25,14,2.665101824328303,1.8201274052262304,2,0,0.0,6.0,18.0,0.0,1.0,2,2,3,3,0.1798855029046535,0.1798856034874915,0,0,0.0,0.0,3.0,0.0,0.0
14608,2021-02-23,Leeds United,Southampton,0.452,0.2588,0.2892,3,2,11,9,1.84753018990159,1.6976260021328924,1,0,1.0,0.0,9.0,0.0,1.0,0,0,13,9,1.4798115883022545,1.0524403136223552,2,0,0.0,3.0,8.0,0.0,2.0
14689,2021-02-27,Manchester City,West Ham United,0.0637,0.1992,0.7371,2,2,10,8,0.7605740800499914,0.6827382091432806,1,0,0.0,3.0,7.0,0.0,0.0,1,1,9,8,2.4046326903626323,2.381520979106426,1,0,0.0,0.0,7.0,0.0,2.0
14692,2021-02-27,West Bromwich Albion,Brighton,0.0135,0.0646,0.9219,1,1,6,4,0.6870904080569744,0.6594440042972565,0,0,0.0,1.0,4.0,0.0,1.0,0,0,15,8,3.1544072106480594,0.8422916308045386,0,0,1.0,1.0,11.0,2.0,0.0
14691,2021-02-27,Leeds United,Aston Villa,0.3618,0.3531,0.2851,0,0,13,10,1.001062901690602,0.9653224740177392,3,0,0.0,3.0,9.0,0.0,1.0,1,1,9,6,0.8762541711330413,0.6985518932342527,2,0,0.0,3.0,5.0,0.0,1.0
14688,2021-02-27,Newcastle United,Wolverhampton Wanderers,0.539,0.2409,0.2201,1,1,19,16,1.952164096757769,1.8572098240256307,2,0,1.0,2.0,13.0,0.0,3.0,1,1,14,12,1.2782661952078342,1.181499801576137,0,0,1.0,1.0,12.0,0.0,0.0
14687,2021-02-28,Crystal Palace,Fulham,0.0365,0.4295,0.534,0,0,3,2,0.0880146995186804,0.0374352000653743,1,0,0.0,1.0,1.0,0.0,1.0,0,0,16,12,0.8137110210955139,0.7118591051548716,1,0,1.0,4.0,8.0,0.0,3.0
14690,2021-02-28,Leicester City,Arsenal,0.0266,0.1097,0.8637,1,0,8,5,0.533575005829334,0.1779766976833341,2,0,0.0,2.0,6.0,0.0,0.0,3,1,11,7,2.2321117594838142,0.5062848180532454,1,0,0.0,1.0,8.0,1.0,1.0
14693,2021-02-28,Tottenham Hotspur,Burnley,0.8138,0.1319,0.0543,4,3,16,14,2.3578835744410758,2.224842254072428,0,0,0.0,1.0,15.0,0.0,0.0,0,0,10,5,0.6032115053385494,0.4505551066249608,0,0,0.0,1.0,7.0,0.0,2.0
14685,2021-02-28,Chelsea,Manchester United,0.621,0.2899,0.0891,0,0,18,14,1.1807685866951938,1.0694684926420446,1,0,0.0,0.0,15.0,0.0,3.0,0,0,11,9,0.3595397025346753,0.2743340991437433,2,0,1.0,0.0,9.0,0.0,1.0
14694,2021-02-28,Sheffield United,Liverpool,0.0461,0.1081,0.8458,0,0,8,7,0.7771483808755872,0.752833817154169,0,0,0.0,1.0,7.0,0.0,1.0,1,0,16,14,2.805512268096209,2.340671382844448,0,0,0.0,1.0,15.0,0.0,0.0
14686,2021-03-01,Everton,Southampton,0.5895,0.2921,0.1184,1,1,7,5,1.420534811913967,1.262297585606575,0,0,1.0,0.0,2.0,0.0,4.0,0,0,9,2,0.7017009183764454,0.0851616002619266,2,0,0.0,7.0,2.0,0.0,0.0
14720,2021-03-02,Manchester City,Wolverhampton Wanderers,0.9559,0.0369,0.0072,3,0,22,13,3.299416722729802,1.3327308427542446,0,0,0.0,1.0,21.0,0.0,0.0,1,1,6,4,0.3234155979007481,0.2213619053363799,1,0,0.0,1.0,5.0,0.0,1.0
14716,2021-03-03,Burnley,Leicester City,0.365,0.297,0.338,1,0,12,9,1.2679303828626869,0.8029364841058849,0,0,1.0,0.0,9.0,0.0,2.0,1,1,15,13,1.2410874776542185,1.1847387030720709,2,0,0.0,4.0,11.0,0.0,0.0
14721,2021-03-03,Sheffield United,Aston Villa,0.157,0.283,0.56,1,1,9,7,0.7399026714265345,0.7201543897390362,1,1,0.0,2.0,6.0,0.0,1.0,0,0,16,13,1.4417613856494422,1.3782239668071268,0,0,1.0,3.0,12.0,0.0,0.0
14717,2021-03-03,Crystal Palace,Manchester United,0.3773,0.3779,0.2448,0,0,8,5,0.7423980906605718,0.552577994763851,1,0,1.0,1.0,5.0,0.0,1.0,0,0,11,10,0.5875295847654339,0.5709647014737126,0,0,0.0,2.0,9.0,0.0,0.0
14723,2021-03-04,West Bromwich Albion,Everton,0.2458,0.2813,0.4729,0,0,11,8,1.0203786157071588,0.8935170080512759,3,0,0.0,1.0,10.0,0.0,0.0,1,1,11,8,1.407885711640119,1.0068132951855655,1,0,0.0,1.0,10.0,0.0,0.0
14757,2021-03-04,Fulham,Tottenham Hotspur,0.2445,0.2814,0.4741,0,0,11,9,1.1720261974260209,1.1045592986047263,2,0,0.0,1.0,10.0,0.0,1.0,0,0,9,6,1.5888516157865522,1.424843097105622,1,0,2.0,0.0,7.0,0.0,0.0
14719,2021-03-04,Liverpool,Chelsea,0.0629,0.271,0.6661,0,0,7,6,0.2470339993014927,0.2279670080170032,0,0,0.0,1.0,6.0,0.0,0.0,1,1,11,10,1.254081979393959,1.1483590975403783,0,0,0.0,0.0,11.0,0.0,0.0
14697,2021-03-06,Burnley,Arsenal,0.1026,0.1738,0.7236,1,0,9,4,1.1037408681586385,0.5157890096306801,1,0,0.0,1.0,8.0,0.0,0.0,1,1,15,8,2.546143843792379,1.0868958011269567,1,0,0.0,0.0,15.0,0.0,0.0
14701,2021-03-06,Sheffield United,Southampton,0.0726,0.1717,0.7557,0,0,8,6,0.9081559022888538,0.8762986212968825,4,0,0.0,1.0,6.0,0.0,1.0,2,1,15,10,2.3738639056682582,1.3473018649965522,3,0,0.0,3.0,11.0,1.0,0.0
14695,2021-03-06,Aston Villa,Wolverhampton Wanderers,0.0783,0.1901,0.7316,0,0,9,5,0.9639115910977124,0.6653800290077925,1,0,0.0,3.0,5.0,0.0,1.0,0,0,11,8,2.173514313995838,1.312372777611017,0,0,2.0,2.0,4.0,0.0,3.0
14696,2021-03-06,Brighton,Leicester City,0.2386,0.3338,0.4276,1,1,7,6,0.754710879176855,0.6844959072768686,0,0,0.0,1.0,4.0,0.0,2.0,2,2,8,7,1.0380088044330475,1.0266027934849258,1,0,0.0,2.0,6.0,0.0,0.0
14703,2021-03-07,West Bromwich Albion,Newcastle United,0.6665,0.2392,0.0943,0,0,13,11,1.4650287032127378,1.3348819017410276,0,0,0.0,3.0,9.0,0.0,1.0,0,0,9,6,0.4545775009319182,0.283360995352268,0,0,0.0,2.0,5.0,0.0,2.0
14699,2021-03-07,Liverpool,Fulham,0.1574,0.2768,0.5658,0,0,16,12,0.7017642036080357,0.5763864926993844,2,0,1.0,4.0,11.0,0.0,0.0,1,0,10,7,1.4024281129240987,0.5591983944177625,3,0,0.0,0.0,9.0,0.0,1.0
14700,2021-03-07,Manchester City,Manchester United,0.1821,0.2071,0.6108,0,0,23,22,1.276765702292323,1.171791417524218,0,0,1.0,3.0,19.0,0.0,0.0,2,1,8,5,2.1141064055264,0.6965208090841768,3,0,0.0,0.0,7.0,1.0,0.0
14702,2021-03-07,Tottenham Hotspur,Crystal Palace,0.8314,0.1326,0.036,4,4,12,11,2.244346011430025,2.165245436131954,2,0,1.0,1.0,10.0,0.0,0.0,1,1,5,4,0.5593824870884416,0.5243739113211631,3,0,0.0,1.0,2.0,0.0,2.0
14698,2021-03-08,Chelsea,Everton,0.9309,0.0583,0.0108,1,0,19,14,2.68646127730608,1.5263236984610555,0,0,1.0,3.0,13.0,1.0,1.0,0,0,7,5,0.2707573026418682,0.1565965022891757,3,0,1.0,1.0,6.0,0.0,0.0
14704,2021-03-08,West Ham United,Leeds United,0.6568,0.2033,0.1399,2,1,16,9,2.8914690427482124,1.2362438831478355,1,0,1.0,3.0,7.0,1.0,4.0,0,0,17,12,1.3506575655192132,1.1339844139292834,1,0,0.0,2.0,15.0,0.0,0.0
14761,2021-03-10,Manchester City,Southampton,0.7399,0.1695,0.0906,5,2,17,13,3.2846103506162763,1.789044715464115,1,0,0.0,1.0,16.0,0.0,0.0,2,0,11,6,1.637148786336183,0.3729345984756944,0,0,2.0,2.0,5.0,1.0,1.0
14712,2021-03-12,Newcastle United,Aston Villa,0.3578,0.3501,0.2921,1,1,12,11,0.8731719031929965,0.8418603055179115,2,0,0.0,1.0,12.0,0.0,0.0,0,0,15,13,0.7492209011688826,0.7141981068998572,3,0,0.0,0.0,13.0,0.0,2.0
14709,2021-03-13,Leeds United,Chelsea,0.1358,0.3647,0.4995,0,0,7,5,0.3829569071531292,0.2726289015263317,3,0,0.0,3.0,4.0,0.0,0.0,0,0,15,14,0.9710540892556304,0.8558692950755352,0,0,0.0,0.0,15.0,0.0,0.0
14706,2021-03-13,Crystal Palace,West Bromwich Albion,0.6416,0.2594,0.099,1,0,6,2,1.3069366291165352,0.1191127020865677,3,0,0.0,0.0,5.0,1.0,0.0,0,0,12,9,0.5134381949901577,0.4332143962383268,1,0,1.0,1.0,7.0,0.0,3.0
14707,2021-03-13,Everton,Burnley,0.6458,0.2217,0.1325,1,1,14,13,1.6984833646565674,1.6574403457343576,0,0,0.0,2.0,9.0,0.0,3.0,2,1,14,10,0.7485197996720666,0.5857353955507277,4,0,1.0,2.0,10.0,0.0,1.0
14708,2021-03-13,Fulham,Manchester City,0.0073,0.0514,0.9413,0,0,3,3,0.449498990550637,0.4494989905506371,0,0,0.0,0.0,3.0,0.0,0.0,3,1,8,4,2.725778751075268,1.0112076327204704,0,0,0.0,1.0,5.0,1.0,1.0
14713,2021-03-14,Southampton,Brighton,0.3796,0.3355,0.2849,1,0,9,4,1.0349546149373057,0.1796570997685193,0,0,1.0,2.0,6.0,0.0,0.0,2,2,8,5,0.8959663938730952,0.791019709780812,0,0,1.0,1.0,6.0,0.0,0.0
14710,2021-03-14,Leicester City,Sheffield United,0.9969,0.0028,0.0003,4,4,19,16,4.545708566904068,3.4142630044370885,0,0,0.0,3.0,16.0,0.0,0.0,0,0,1,1,0.0934777036309242,0.0934777036309242,2,0,0.0,0.0,2.0,0.0,0.0
14705,2021-03-14,Arsenal,Tottenham Hotspur,0.6294,0.2781,0.0925,2,1,13,11,1.565501572564244,0.7913639061152933,1,0,0.0,0.0,12.0,1.0,0.0,1,1,6,3,0.7235809862613677,0.1143928002566098,2,1,2.0,1.0,2.0,0.0,1.0
14711,2021-03-14,Manchester United,West Ham United,0.7121,0.2097,0.0782,0,0,15,15,1.7012779861688614,1.7012783158570524,4,0,0.0,1.0,14.0,0.0,0.0,0,0,7,5,0.4691553078591822,0.3598753027617928,0,0,0.0,1.0,7.0,0.0,0.0
14714,2021-03-15,Wolverhampton Wanderers,Liverpool,0.4272,0.2998,0.273,0,0,10,6,1.291747627779841,0.47034141048789,2,0,1.0,2.0,7.0,0.0,0.0,1,1,12,12,1.0552049893885849,1.0552049130201338,1,0,0.0,0.0,10.0,0.0,2.0
14718,2021-03-19,Fulham,Leeds United,0.3806,0.2745,0.3449,1,1,13,11,1.4885990768671034,1.3231350388377905,2,0,0.0,6.0,6.0,0.0,1.0,2,2,13,9,1.4070562049746511,1.2534201741218567,2,0,1.0,4.0,7.0,0.0,1.0
14715,2021-03-20,Brighton,Newcastle United,0.6071,0.3553,0.0376,3,3,11,10,0.9519213987514374,0.8573673032224176,0,0,0.0,1.0,10.0,0.0,0.0,0,0,3,3,0.1009450023993849,0.1009449986740946,1,0,0.0,1.0,2.0,0.0,0.0
14724,2021-03-21,West Ham United,Arsenal,0.6805,0.1962,0.1233,3,3,15,12,2.544576706364751,2.2067292258143425,3,0,0.0,0.0,15.0,0.0,2.0,1,1,16,14,1.3521690778434274,1.1980883954092856,1,0,0.0,2.0,14.0,0.0,0.0
14606,2021-03-21,Aston Villa,Tottenham Hotspur,0.0436,0.1674,0.789,0,0,8,7,0.4396802922710773,0.4206175953149793,3,0,0.0,2.0,6.0,0.0,0.0,2,1,9,6,1.7201098883524537,0.8644871227443217,2,0,0.0,3.0,5.0,1.0,0.0
14727,2021-04-03,Chelsea,West Bromwich Albion,0.6651,0.1824,0.1525,2,1,18,14,2.5861770641058683,1.5477998852729795,1,1,2.0,5.0,10.0,0.0,1.0,5,4,14,10,1.3831485006958244,1.0023581776767967,1,0,2.0,1.0,11.0,0.0,0.0
14729,2021-04-03,Leeds United,Sheffield United,0.7805,0.1599,0.0596,1,1,23,14,2.5110782794654365,2.066087393090129,1,0,1.0,3.0,19.0,0.0,0.0,1,0,9,5,0.8676527254283425,0.2067603208124636,2,0,0.0,1.0,7.0,0.0,2.0
14730,2021-04-03,Leicester City,Manchester City,0.0283,0.1346,0.8371,0,0,5,5,0.2847809083759784,0.2847801968455312,2,0,0.0,0.0,4.0,0.0,1.0,2,1,11,9,1.9843806773424144,1.7941343411803243,3,0,1.0,0.0,10.0,0.0,0.0
14725,2021-04-03,Arsenal,Liverpool,0.0079,0.0691,0.923,0,0,3,2,0.1611612001433967,0.1486379951238632,1,0,0.0,1.0,2.0,0.0,0.0,3,2,16,10,2.4373197685927157,1.9631140669807792,1,0,0.0,0.0,15.0,0.0,1.0
14733,2021-04-04,Southampton,Burnley,0.6005,0.2275,0.172,3,3,24,15,2.4254024457186456,1.8597462307661767,0,0,0.0,3.0,21.0,0.0,0.0,2,1,7,6,1.5050792936235666,0.7439085152000187,0,0,0.0,0.0,6.0,1.0,0.0
14732,2021-04-04,Newcastle United,Tottenham Hotspur,0.597,0.225,0.178,2,1,22,11,4.047485936433077,2.0446763550862666,3,0,0.0,4.0,17.0,0.0,1.0,2,1,11,5,2.436825647950173,1.1164762079715729,2,0,3.0,1.0,6.0,0.0,1.0
14726,2021-04-04,Aston Villa,Fulham,0.3485,0.2992,0.3523,3,3,14,10,1.5222909860312936,1.454445995390415,1,0,0.0,2.0,9.0,0.0,3.0,1,0,15,10,1.5217193793505428,0.3513518981635568,2,0,0.0,0.0,14.0,0.0,1.0
14731,2021-04-04,Manchester United,Brighton,0.4341,0.3034,0.2625,2,2,15,12,1.7585917450487616,1.674185791052878,2,0,0.0,1.0,13.0,0.0,1.0,1,0,5,3,1.8259521946310997,0.8546055182814597,2,0,0.0,2.0,2.0,0.0,1.0
14728,2021-04-05,Everton,Crystal Palace,0.8213,0.1246,0.0541,1,1,15,13,2.5338653037324548,2.414351999759674,2,0,1.0,2.0,11.0,0.0,1.0,1,1,13,9,0.6037486083805558,0.3629944007843731,0,0,0.0,0.0,12.0,0.0,1.0
14734,2021-04-05,Wolverhampton Wanderers,West Ham United,0.4676,0.2413,0.2911,2,2,20,16,2.096048096194863,1.4930713800713418,1,0,0.0,2.0,16.0,0.0,2.0,3,3,9,8,1.5969370007514951,1.4884376041591163,4,0,0.0,1.0,8.0,0.0,0.0
14738,2021-04-09,Fulham,Wolverhampton Wanderers,0.4003,0.4043,0.1954,0,0,14,10,0.7331543955951926,0.6264505889266727,0,0,0.0,1.0,9.0,0.0,4.0,1,1,7,6,0.4281339943408964,0.2893218025565146,0,0,1.0,1.0,2.0,0.0,3.0
14740,2021-04-10,Manchester City,Leeds United,0.842,0.1385,0.0195,1,1,29,23,1.9917057007551189,1.5894227065145965,3,0,1.0,4.0,20.0,0.0,4.0,2,2,2,2,0.1752499938011169,0.175249397754669,1,1,0.0,0.0,2.0,0.0,0.0
14739,2021-04-10,Liverpool,Aston Villa,0.7214,0.1886,0.09,2,0,23,16,2.168797260150313,1.2007010057568548,2,0,1.0,5.0,16.0,0.0,1.0,1,1,9,8,0.761639496311545,0.7421128936111925,4,0,0.0,0.0,8.0,0.0,1.0
14737,2021-04-10,Crystal Palace,Chelsea,0.004,0.0373,0.9587,1,1,1,1,0.602167010307312,0.602167010307312,1,0,0.0,0.0,1.0,0.0,0.0,4,3,23,22,3.854722384363413,3.151358937844634,0,0,0.0,4.0,18.0,0.0,1.0
14736,2021-04-11,Burnley,Newcastle United,0.4886,0.259,0.2524,1,1,24,15,1.8432203121483324,1.359041983261704,1,0,1.0,6.0,15.0,0.0,2.0,2,2,10,8,1.3427940271794794,1.2371617853641508,0,0,0.0,1.0,8.0,0.0,1.0
14744,2021-04-11,West Ham United,Leicester City,0.302,0.3279,0.3701,3,3,4,4,1.024075984954834,1.0240759700536728,3,0,0.0,0.0,4.0,0.0,0.0,2,1,15,11,1.1718793809413908,0.5373089890927075,3,0,0.0,3.0,12.0,0.0,0.0
14742,2021-04-11,Tottenham Hotspur,Manchester United,0.0924,0.1919,0.7157,1,1,12,9,0.9271822832524774,0.7842045202851292,1,0,0.0,3.0,8.0,0.0,1.0,3,2,12,10,2.1687829252332445,1.5088958293199537,5,0,0.0,1.0,11.0,0.0,0.0
14741,2021-04-11,Sheffield United,Arsenal,0.032,0.1343,0.8337,0,0,7,5,0.3151214057579636,0.2589270966127513,1,0,0.0,1.0,6.0,0.0,0.0,3,2,14,9,2.00323604978621,1.1182312965393064,1,0,1.0,1.0,12.0,0.0,0.0
14743,2021-04-12,West Bromwich Albion,Southampton,0.6857,0.1872,0.1271,3,2,15,12,2.7708859890699387,1.902835004031658,0,0,1.0,2.0,9.0,1.0,2.0,0,0,14,9,1.500194730237126,0.4839431047439572,1,0,1.0,2.0,9.0,1.0,1.0
14735,2021-04-12,Brighton,Everton,0.5916,0.3146,0.0938,0,0,23,15,1.1664836071431632,0.7810798026621338,1,0,2.0,5.0,15.0,0.0,1.0,0,0,8,4,0.3062867987900971,0.1964224055409431,2,0,1.0,0.0,7.0,0.0,0.0
14748,2021-04-16,Everton,Tottenham Hotspur,0.5766,0.2344,0.189,2,1,18,13,2.2970173973590136,1.0025886818766592,1,0,1.0,3.0,12.0,1.0,1.0,2,0,12,9,1.4814964961260555,0.492671846412122,1,0,0.0,1.0,11.0,0.0,0.0
14752,2021-04-17,Newcastle United,West Ham United,0.4656,0.2547,0.2797,2,1,16,13,2.4314036564901467,1.4189247786998749,2,0,0.0,1.0,13.0,0.0,2.0,2,1,16,11,2.067410469055176,1.201267010532319,0,1,0.0,2.0,12.0,1.0,2.0
14754,2021-04-17,Wolverhampton Wanderers,Sheffield United,0.682,0.2514,0.0666,1,1,10,9,1.2636395134031773,1.148210112005472,1,0,0.0,1.0,7.0,0.0,2.0,0,0,8,5,0.2959248023107645,0.2061317972838877,2,0,0.0,1.0,7.0,0.0,0.0
14745,2021-04-18,Arsenal,Fulham,0.8755,0.1066,0.0179,1,0,18,12,2.9231899054721,1.8812484629452229,0,0,1.0,6.0,11.0,0.0,0.0,1,0,3,1,0.8401942048221825,0.0172712001949548,3,0,0.0,0.0,2.0,1.0,0.0
14751,2021-04-18,Manchester United,Burnley,0.8479,0.1129,0.0392,3,3,17,16,3.0044648461043835,2.2798004131764174,1,0,0.0,4.0,13.0,0.0,0.0,1,1,10,9,0.9598034974187613,0.9422344248741864,2,0,0.0,1.0,6.0,0.0,3.0
14749,2021-04-19,Leeds United,Liverpool,0.6186,0.193,0.1884,1,1,12,10,2.6206866316497326,1.9458440244197843,2,0,0.0,3.0,8.0,0.0,1.0,1,1,17,13,1.6004295684397216,1.0519035048782823,1,0,0.0,4.0,13.0,0.0,0.0
14747,2021-04-20,Chelsea,Brighton,0.4424,0.3754,0.1822,0,0,7,6,0.8073483947664498,0.3731743972748514,2,0,0.0,0.0,6.0,0.0,1.0,0,0,11,7,0.4606920070946213,0.3353385999798771,0,1,1.0,0.0,8.0,0.0,2.0
14722,2021-04-21,Tottenham Hotspur,Southampton,0.3738,0.3948,0.2314,2,0,12,6,1.2934749908745289,0.2361044073477385,2,0,1.0,1.0,9.0,1.0,0.0,1,1,10,5,1.3146959003061052,0.5290379915386436,1,0,0.0,2.0,6.0,0.0,2.0
14746,2021-04-21,Aston Villa,Manchester City,0.1609,0.2592,0.5799,1,1,8,8,0.8017336018383501,0.8017333038151262,0,1,0.0,1.0,6.0,0.0,1.0,2,2,13,11,1.5634026210755108,1.4041160233318803,1,1,2.0,4.0,7.0,0.0,0.0
14750,2021-04-22,Leicester City,West Bromwich Albion,0.9217,0.0646,0.0137,3,2,17,15,2.67120510712266,2.133597861975431,0,0,1.0,2.0,14.0,0.0,0.0,0,0,3,2,0.2771258987486361,0.2396880984306334,2,0,0.0,1.0,2.0,0.0,0.0
14755,2021-04-23,Arsenal,Everton,0.3705,0.4035,0.226,0,0,14,12,0.7386716865003106,0.6306396964937445,1,0,0.0,2.0,12.0,0.0,1.0,0,0,8,4,0.5305663030594586,0.3673309981822967,3,0,2.0,2.0,4.0,0.0,0.0
14760,2021-04-24,Liverpool,Newcastle United,0.8163,0.1263,0.0574,1,0,22,15,2.847080033272505,1.794802717864513,2,0,1.0,4.0,17.0,0.0,0.0,1,1,7,6,0.8606942109763619,0.8302315957844255,1,0,0.0,0.0,6.0,0.0,1.0
14763,2021-04-24,West Ham United,Chelsea,0.0114,0.0683,0.9203,0,0,9,5,0.2681644009426234,0.1160400016233322,0,1,1.0,1.0,6.0,0.0,1.0,1,1,17,14,2.537772551178932,1.8840726837515829,4,0,1.0,0.0,15.0,0.0,1.0
14762,2021-04-24,Sheffield United,Brighton,0.0692,0.1939,0.7369,1,0,7,5,0.7863237932324408,0.2808165960013865,3,0,0.0,1.0,6.0,0.0,0.0,0,0,17,15,2.061804614961147,1.9751300290226927,0,0,0.0,2.0,14.0,0.0,1.0
14764,2021-04-25,Wolverhampton Wanderers,Burnley,0.022,0.0914,0.8866,0,0,12,8,0.3516728021204467,0.2388253984972831,1,0,1.0,3.0,7.0,0.0,1.0,4,4,14,11,2.240494255907833,2.118861585855484,2,0,0.0,2.0,11.0,0.0,1.0
14758,2021-04-25,Leeds United,Manchester United,0.0668,0.3229,0.6103,0,0,6,5,0.2168336194008587,0.1699637994170188,4,0,0.0,0.0,5.0,0.0,1.0,0,0,16,13,1.1163491010665891,0.927670996636152,1,0,3.0,1.0,9.0,0.0,3.0
14756,2021-04-25,Aston Villa,West Bromwich Albion,0.6499,0.209,0.1411,2,0,24,20,2.665153995156288,1.1626947075128553,0,0,0.0,5.0,18.0,1.0,1.0,1,0,10,5,1.5676425099372862,0.2961935009807348,2,0,2.0,0.0,6.0,1.0,1.0
14759,2021-04-26,Leicester City,Crystal Palace,0.4787,0.3373,0.184,2,2,13,11,1.2341900877654548,1.1082321032881737,0,0,1.0,1.0,11.0,0.0,0.0,1,1,4,4,0.7231130003929138,0.7231120876967906,1,0,0.0,1.0,2.0,0.0,1.0
14772,2021-04-30,Southampton,Leicester City,0.0622,0.1703,0.7675,1,0,5,4,0.9540569204837084,0.1928879022598265,1,1,0.0,0.0,3.0,1.0,1.0,1,1,23,18,2.518389975652098,2.263213189318776,0,0,1.0,4.0,18.0,0.0,0.0
14768,2021-05-01,Crystal Palace,Manchester City,0.0363,0.1388,0.8249,0,0,9,6,0.3618663959205149,0.1979856994003055,2,0,0.0,0.0,8.0,0.0,1.0,2,1,20,13,2.15597059763968,1.224810905754566,0,0,1.0,5.0,14.0,0.0,0.0
14765,2021-05-01,Brighton,Leeds United,0.8643,0.1069,0.0288,2,0,17,13,2.525415690615773,1.6584374308586118,1,0,0.0,0.0,14.0,1.0,2.0,0,0,11,7,0.5108743677847084,0.3076773765496907,1,0,0.0,3.0,8.0,0.0,0.0
14767,2021-05-01,Chelsea,Fulham,0.8231,0.1413,0.0356,2,2,9,7,1.855231970548629,1.633455505594611,1,0,1.0,0.0,5.0,0.0,3.0,0,0,10,8,0.290041899308562,0.2555915024131534,1,0,0.0,4.0,5.0,0.0,1.0
14769,2021-05-01,Everton,Aston Villa,0.2579,0.2757,0.4664,1,1,16,12,1.2229966251179574,1.0253192987293005,0,0,0.0,1.0,14.0,0.0,1.0,2,1,13,7,1.7962778620421884,1.2880278304219246,2,0,1.0,0.0,12.0,0.0,0.0
14771,2021-05-02,Newcastle United,Arsenal,0.0241,0.1411,0.8348,0,0,5,5,0.1729877982288596,0.172987800091505,2,1,0.0,1.0,3.0,0.0,1.0,2,2,19,17,1.7875163890421388,1.69885603711009,1,0,1.0,6.0,11.0,0.0,1.0
14773,2021-05-02,Tottenham Hotspur,Sheffield United,0.8305,0.127,0.0425,4,4,20,15,2.260938750579953,1.6517077577300368,1,0,2.0,2.0,15.0,0.0,1.0,0,0,8,7,0.4690262973308561,0.4514522980898616,1,0,0.0,1.0,7.0,0.0,0.0
14774,2021-05-03,West Bromwich Albion,Wolverhampton Wanderers,0.4226,0.3202,0.2572,1,1,10,7,1.0713267810642717,0.964049898087978,2,0,0.0,1.0,8.0,0.0,1.0,1,0,20,14,0.8485239958390589,0.4867565073072907,0,0,0.0,2.0,18.0,0.0,0.0
14766,2021-05-03,Burnley,West Ham United,0.2109,0.2441,0.545,1,0,8,3,1.799684902653098,0.25991190969944,2,0,0.0,2.0,5.0,1.0,0.0,2,2,22,20,2.438838580623269,2.366243693977594,1,0,1.0,3.0,18.0,0.0,0.0
14779,2021-05-07,Leicester City,Newcastle United,0.2655,0.2085,0.526,2,2,25,22,2.327555878087878,2.1753290593624115,1,0,1.0,3.0,18.0,0.0,3.0,4,1,14,6,3.0711424350738525,1.7120928242802618,1,0,2.0,2.0,7.0,0.0,3.0
14778,2021-05-08,Leeds United,Tottenham Hotspur,0.7578,0.1565,0.0857,3,2,16,15,2.552165482193232,1.940469093620777,1,0,0.0,2.0,14.0,0.0,0.0,1,1,11,10,1.0338388942182062,0.9523538164794444,2,0,1.0,1.0,9.0,0.0,0.0
14782,2021-05-08,Sheffield United,Crystal Palace,0.07,0.1595,0.7705,0,0,7,5,0.6410425081849095,0.5119394063949583,1,0,1.0,3.0,3.0,0.0,0.0,2,2,21,15,2.253816995769739,1.926897428929805,1,0,1.0,6.0,13.0,0.0,1.0
14781,2021-05-08,Manchester City,Chelsea,0.7182,0.2005,0.0813,1,1,16,12,1.7916824240237472,0.9422045163810248,2,0,0.0,2.0,13.0,1.0,0.0,2,2,12,10,0.6197250010445712,0.5182138960808513,0,0,1.0,0.0,11.0,0.0,0.0
14780,2021-05-08,Liverpool,Southampton,0.6337,0.2173,0.149,2,2,14,12,2.263668518513441,2.121386457234621,0,0,0.0,4.0,10.0,0.0,0.0,0,0,12,9,1.2289029946550722,0.9800614975392816,1,0,0.0,1.0,11.0,0.0,0.0
14784,2021-05-09,Wolverhampton Wanderers,Brighton,0.6073,0.3084,0.0843,2,1,16,9,1.130178910680115,0.7157652042806146,2,0,1.0,2.0,13.0,0.0,0.0,1,1,5,5,0.2757096998393533,0.2757097035646438,2,2,0.0,3.0,2.0,0.0,0.0
14776,2021-05-09,Aston Villa,Manchester United,0.0706,0.1774,0.752,1,0,11,7,0.565472302958369,0.3356976956129072,1,1,0.0,0.0,10.0,0.0,1.0,3,2,18,15,1.8895879220217464,1.0944314021617172,1,0,0.0,1.0,16.0,1.0,0.0
14783,2021-05-09,West Ham United,Everton,0.2139,0.3101,0.476,0,0,11,8,1.125335600227117,0.4181602029129861,2,0,0.0,2.0,9.0,0.0,0.0,1,1,9,7,1.5622201040387151,1.4659460559487345,1,0,1.0,2.0,6.0,0.0,0.0
14775,2021-05-09,Arsenal,West Bromwich Albion,0.1771,0.242,0.5809,3,2,15,9,1.071882905438542,0.8124892171472309,1,0,1.0,4.0,10.0,0.0,0.0,1,1,12,9,1.8307607080787416,1.786545805633068,2,0,0.0,2.0,9.0,0.0,1.0
14777,2021-05-10,Fulham,Burnley,0.1531,0.2403,0.6066,0,0,21,15,0.7780735027045009,0.6057661082595585,2,0,0.0,3.0,18.0,0.0,0.0,2,2,14,11,1.6583138108253477,1.5622459910809992,0,0,0.0,3.0,9.0,0.0,2.0
14788,2021-05-11,Manchester United,Leicester City,0.0739,0.3307,0.5954,1,1,4,3,0.2128732968121764,0.151426302269101,0,0,0.0,0.0,3.0,0.0,1.0,2,2,12,9,0.991521682590246,0.5080987047404049,0,0,1.0,2.0,9.0,0.0,0.0
14753,2021-05-11,Southampton,Crystal Palace,0.4176,0.3071,0.2753,3,3,13,11,1.619784604758024,1.5203034989535809,2,0,1.0,4.0,8.0,0.0,0.0,1,0,11,4,1.3258583843708036,0.1650064997375009,3,0,1.0,2.0,6.0,1.0,1.0
14790,2021-05-12,Chelsea,Arsenal,0.5977,0.2762,0.1261,0,0,19,16,1.5789716169238088,0.825776798650622,0,0,0.0,5.0,14.0,0.0,0.0,1,1,5,3,0.6920427829027176,0.6707031801342963,1,0,0.0,0.0,4.0,0.0,1.0
14770,2021-05-13,Manchester United,Liverpool,0.1547,0.173,0.6723,2,2,18,13,1.841682583093643,1.2170240879058836,3,0,1.0,2.0,15.0,0.0,0.0,4,3,17,13,3.035236842930317,2.486367382109165,0,0,0.0,5.0,11.0,0.0,1.0
14616,2021-05-13,Aston Villa,Everton,0.2001,0.3438,0.4561,0,0,13,11,0.5589762907475232,0.4971821829676626,2,0,1.0,6.0,6.0,0.0,0.0,0,0,15,11,0.9788953056558964,0.7573241926729677,1,0,1.0,0.0,11.0,0.0,3.0
14791,2021-05-14,Newcastle United,Manchester City,0.5786,0.2559,0.1655,3,1,11,6,2.7294227704405785,0.3687447011470793,2,0,1.0,1.0,6.0,2.0,1.0,4,3,15,11,1.485437974333763,0.939898796379566,2,0,1.0,0.0,13.0,0.0,1.0
14786,2021-05-15,Burnley,Leeds United,0.2605,0.2571,0.4824,0,0,16,12,1.4244294157251711,0.988979876041412,1,0,1.0,3.0,12.0,0.0,0.0,4,4,16,11,1.8607451356947415,1.6354243010282512,1,0,0.0,4.0,12.0,0.0,0.0
14792,2021-05-15,Southampton,Fulham,0.7254,0.1717,0.1029,3,3,11,10,2.291454009711742,2.1449667923152447,0,0,1.0,1.0,8.0,0.0,1.0,1,1,10,9,0.8759564049541948,0.8660358805209396,1,0,0.0,3.0,7.0,0.0,0.0
14785,2021-05-15,Brighton,West Ham United,0.1388,0.2215,0.6397,1,1,10,7,0.9271723274141548,0.5709211006760595,1,0,0.0,0.0,10.0,0.0,0.0,1,0,15,13,1.923784727230668,1.87790809571743,0,0,0.0,2.0,13.0,0.0,0.0
14794,2021-05-16,Crystal Palace,Aston Villa,0.5805,0.2413,0.1782,3,2,23,16,2.0313598029315467,0.7573167029768226,3,0,2.0,6.0,14.0,0.0,1.0,2,1,19,12,1.234914999455213,0.8862637951970099,2,0,2.0,3.0,11.0,0.0,3.0
14793,2021-05-16,Tottenham Hotspur,Wolverhampton Wanderers,0.8344,0.1112,0.0544,2,1,24,17,3.455827973783016,1.5505011100322004,1,0,1.0,5.0,16.0,0.0,2.0,0,0,15,15,1.092064492404461,1.0920644057914612,0,0,0.0,1.0,12.0,0.0,2.0
14789,2021-05-16,West Bromwich Albion,Liverpool,0.1776,0.2271,0.5953,1,1,10,9,1.1420168336480854,1.102448623627424,0,0,1.0,3.0,4.0,0.0,2.0,2,2,26,24,2.0785408020019527,1.680729322135448,0,0,1.0,5.0,20.0,0.0,0.0
14787,2021-05-16,Everton,Sheffield United,0.2805,0.3451,0.3744,0,0,16,14,1.4099704800173638,0.726425013504922,1,0,0.0,4.0,12.0,0.0,0.0,1,1,10,7,1.3913155458867548,1.0426208823919294,3,0,0.0,2.0,7.0,0.0,1.0
14800,2021-05-18,Manchester United,Fulham,0.3388,0.3338,0.3274,1,1,13,7,0.9224299946799872,0.6832866957411169,2,0,2.0,1.0,10.0,0.0,0.0,1,1,8,5,0.8750871941447256,0.8167510144412514,3,0,0.0,1.0,4.0,0.0,3.0
14802,2021-05-18,Southampton,Leeds United,0.2758,0.2938,0.4304,0,0,18,12,1.3083984823897477,0.5008903946727512,0,0,1.0,3.0,12.0,0.0,2.0,2,1,15,10,1.6205988749861715,1.07255339063704,3,0,0.0,2.0,13.0,0.0,0.0
14795,2021-05-18,Brighton,Manchester City,0.3705,0.3206,0.3089,3,1,19,12,1.2476705275475977,0.6687551159411665,3,0,1.0,2.0,15.0,0.0,1.0,2,1,8,5,1.0750595293939111,0.8267099224030969,3,1,1.0,1.0,6.0,0.0,0.0
14797,2021-05-18,Chelsea,Leicester City,0.8552,0.1094,0.0354,2,0,17,12,2.8622726071625944,1.2765452116727825,2,0,0.0,4.0,10.0,1.0,2.0,1,1,7,5,0.832595020532608,0.683173196390271,4,0,0.0,1.0,6.0,0.0,0.0
14799,2021-05-19,Everton,Wolverhampton Wanderers,0.4117,0.4584,0.1299,1,1,14,12,0.670996896922588,0.6088061966001985,0,0,0.0,5.0,9.0,0.0,0.0,0,0,9,4,0.2655262015759942,0.0937350969761608,1,0,0.0,4.0,3.0,0.0,2.0
14801,2021-05-19,Newcastle United,Sheffield United,0.6308,0.2284,0.1408,1,1,16,12,1.9073253907263277,1.5900097973644731,0,0,2.0,2.0,11.0,0.0,1.0,0,0,11,10,0.8822417259216306,0.7137254923582075,2,0,1.0,3.0,6.0,0.0,1.0
14803,2021-05-19,Tottenham Hotspur,Aston Villa,0.1764,0.26,0.5636,1,0,10,7,0.8927900735288856,0.3596892021596428,1,0,0.0,1.0,10.0,0.0,0.0,1,1,20,16,1.6531162876635788,1.5393101070076225,1,0,0.0,3.0,16.0,0.0,1.0
14798,2021-05-19,Crystal Palace,Arsenal,0.1501,0.2421,0.6078,1,1,12,12,0.9983768239617344,0.998376732692122,2,0,0.0,3.0,7.0,0.0,2.0,3,2,6,5,1.79450374096632,1.6898614447563889,1,0,0.0,0.0,6.0,0.0,0.0
14796,2021-05-19,Burnley,Liverpool,0.0603,0.1284,0.8113,0,0,10,9,0.8370478805154561,0.8246610891073938,0,0,0.0,2.0,8.0,0.0,0.0,3,3,20,17,2.749455578625202,2.045845493674278,0,0,1.0,4.0,15.0,0.0,0.0
14804,2021-05-19,West Bromwich Albion,West Ham United,0.0175,0.0659,0.9166,1,0,14,7,1.114253124222159,0.2845686003565785,2,0,1.0,1.0,10.0,0.0,2.0,3,3,21,15,3.57074842043221,2.6390602272003885,2,0,1.0,5.0,14.0,1.0,0.0
14805,2021-05-23,Arsenal,Brighton,0.4749,0.4374,0.0877,2,2,16,15,0.7729035969823597,0.737057790160179,0,0,1.0,3.0,12.0,0.0,0.0,0,0,5,2,0.1939682392403481,0.1116197966039179,0,0,0.0,0.0,5.0,0.0,0.0
14806,2021-05-23,Aston Villa,Chelsea,0.0296,0.0819,0.8885,2,1,6,4,0.9804128743708134,0.1819512005895375,3,0,0.0,1.0,3.0,1.0,1.0,1,1,23,19,3.4341400023549795,2.833170510828495,4,1,0.0,2.0,19.0,0.0,2.0
14807,2021-05-23,Fulham,Newcastle United,0.177,0.2746,0.5484,0,0,14,8,0.9900925243273374,0.7439680173993108,1,0,0.0,2.0,12.0,0.0,0.0,2,0,10,6,1.6015732288360591,0.6580969989299772,0,0,0.0,1.0,7.0,1.0,1.0
14808,2021-05-23,Leeds United,West Bromwich Albion,0.7524,0.1582,0.0894,3,1,17,12,2.499100239947438,1.3926995955407615,2,0,1.0,4.0,11.0,1.0,0.0,1,0,14,8,1.0226997956633563,0.5170389041304586,1,0,0.0,1.0,11.0,0.0,2.0
14809,2021-05-23,Leicester City,Tottenham Hotspur,0.3328,0.3403,0.3269,2,0,10,7,1.825537649914622,0.2555715031921862,0,0,0.0,4.0,5.0,2.0,0.0,3,1,11,8,2.2813426312059164,0.4557088036090133,2,0,0.0,4.0,7.0,0.0,0.0
14810,2021-05-23,Liverpool,Crystal Palace,0.7516,0.173,0.0754,2,2,19,16,2.2034769002348185,2.060812696814537,2,0,1.0,7.0,11.0,0.0,0.0,0,0,5,3,0.772317185997963,0.4312936980277299,2,0,1.0,0.0,3.0,0.0,1.0
14811,2021-05-23,Manchester City,Everton,0.7906,0.1483,0.0611,5,5,21,19,2.8835499733686447,2.7604449689388275,2,0,0.0,3.0,15.0,0.0,3.0,0,0,8,4,1.1159309940412638,0.2014943831600247,2,0,0.0,1.0,5.0,1.0,1.0
14812,2021-05-23,Sheffield United,Burnley,0.2153,0.467,0.3177,1,1,12,8,0.4200061028823253,0.2610213011503218,3,0,0.0,3.0,8.0,0.0,1.0,0,0,10,7,0.5585080981254574,0.4431631024926899,1,0,0.0,6.0,3.0,0.0,1.0
14813,2021-05-23,West Ham United,Southampton,0.5303,0.2337,0.236,3,2,14,9,2.0180611908435817,1.426725499331951,0,0,0.0,0.0,12.0,0.0,2.0,0,0,17,16,1.3517905082553618,1.3357987040653825,3,0,0.0,3.0,13.0,0.0,1.0
14814,2021-05-23,Wolverhampton Wanderers,Manchester United,0.0767,0.1725,0.7508,1,1,14,10,0.7012565871700641,0.4863356975838539,4,0,0.0,2.0,12.0,0.0,0.0,2,1,9,7,2.052285904064774,1.279106259346008,1,0,0.0,1.0,7.0,1.0,0.0
16376,2021-08-13,Brentford,Arsenal,0.6289,0.2287,0.1424,2,1,8,6,1.88817598298192,0.9481182768940924,0,0,0.0,1.0,7.0,0.0,0.0,0,0,22,19,1.023850198835134,0.8572432920336719,0,0,1.0,3.0,18.0,0.0,0.0
16377,2021-08-14,Manchester United,Leeds United,0.6618,0.2327,0.1055,5,5,16,14,1.6424776986241336,1.5948647223412988,1,0,0.0,2.0,14.0,0.0,0.0,1,1,10,7,0.5683413948863741,0.5067030042409895,2,0,0.0,2.0,5.0,0.0,3.0
16378,2021-08-14,Burnley,Brighton,0.3894,0.2877,0.3229,1,1,14,9,1.959612548351288,0.9715529056265948,2,0,1.0,4.0,9.0,0.0,0.0,2,2,14,10,1.6892467960715292,1.5606256015598772,1,0,1.0,5.0,8.0,0.0,0.0
16379,2021-08-14,Chelsea,Crystal Palace,0.6405,0.2822,0.0773,3,1,13,6,1.1870851162821054,0.3231316935271023,0,0,4.0,1.0,8.0,0.0,0.0,0,0,4,4,0.3216999918222425,0.3216999918222425,0,0,0.0,2.0,2.0,0.0,0.0
16380,2021-08-14,Everton,Southampton,0.8359,0.1234,0.0407,3,3,14,11,2.388632230460644,2.2483239881694312,2,0,1.0,2.0,11.0,0.0,0.0,1,1,6,4,0.5806005056947467,0.5089483857154845,0,0,0.0,1.0,3.0,0.0,2.0
16381,2021-08-14,Leicester City,Wolverhampton Wanderers,0.1683,0.275,0.5567,1,1,9,8,0.6680808048695325,0.6140114963054655,1,0,0.0,0.0,9.0,0.0,0.0,0,0,17,12,1.3271401906386016,1.0892475228756664,2,0,0.0,1.0,16.0,0.0,0.0
16382,2021-08-14,Watford,Aston Villa,0.3877,0.3205,0.2918,3,2,13,11,1.3635831773281095,1.2161872051656244,3,0,0.0,1.0,11.0,0.0,1.0,2,1,11,6,1.137180514633655,0.2648421954363581,1,0,1.0,1.0,8.0,1.0,0.0
16383,2021-08-14,Norwich City,Liverpool,0.2578,0.2601,0.4821,0,0,14,11,1.4147313954308625,1.2605781927704809,1,0,0.0,3.0,8.0,0.0,3.0,3,2,19,13,1.789377490058541,1.5679080113768575,1,0,1.0,8.0,10.0,0.0,0.0
16384,2021-08-15,Newcastle United,West Ham United,0.1222,0.1825,0.6953,2,2,17,12,1.6834172550588842,1.377958266995847,1,0,0.0,7.0,10.0,0.0,0.0,4,3,18,12,3.5110414177179337,1.9512307140976188,0,0,1.0,3.0,12.0,1.0,1.0
16385,2021-08-15,Tottenham Hotspur,Manchester City,0.143,0.2222,0.6348,1,1,13,10,1.0634089978411791,0.4017974101006982,2,0,0.0,0.0,9.0,0.0,4.0,0,0,18,12,2.1070548649877305,1.359614100307226,1,0,1.0,3.0,13.0,0.0,1.0
16386,2021-08-21,Liverpool,Burnley,0.8118,0.1329,0.0553,2,2,27,23,2.640333102084696,2.4692310579121117,0,0,0.0,6.0,18.0,0.0,3.0,0,0,9,8,0.6904645022004839,0.6709565035998818,0,0,0.0,1.0,6.0,0.0,2.0
16387,2021-08-21,Manchester City,Norwich City,0.9626,0.0367,0.0007,4,3,16,11,2.440747372806072,2.1429656371474266,1,0,1.0,3.0,12.0,0.0,0.0,0,0,1,0,0.0250087995082139,0.0,0,0,0.0,0.0,2.0,0.0,0.0
16388,2021-08-21,Aston Villa,Newcastle United,0.5426,0.3163,0.1411,2,1,10,8,1.184260223060846,0.3641484007239339,3,0,0.0,1.0,5.0,1.0,3.0,0,0,9,9,0.6316305100917814,0.6316306870430706,4,0,0.0,3.0,5.0,0.0,1.0
16389,2021-08-21,Crystal Palace,Brentford,0.2744,0.3907,0.3349,0,0,7,6,0.6063135853037235,0.5913639999926088,3,0,0.0,1.0,5.0,0.0,1.0,0,0,14,11,0.7143322415649889,0.613704092800617,1,0,1.0,4.0,7.0,0.0,2.0
16390,2021-08-21,Leeds United,Everton,0.1373,0.232,0.6307,2,2,17,13,0.9684741003438828,0.8402751851826902,2,0,0.0,4.0,10.0,0.0,3.0,2,1,17,15,1.857128962874412,1.078102212399244,4,0,0.0,2.0,14.0,1.0,0.0
16391,2021-08-21,Brighton,Watford,0.7795,0.1682,0.0523,2,2,13,10,1.80300398170948,0.6602717954665421,4,0,0.0,5.0,8.0,0.0,0.0,0,0,10,10,0.4072240963578221,0.4072238076478238,0,0,0.0,0.0,10.0,0.0,0.0
16392,2021-08-22,Southampton,Manchester United,0.0446,0.1431,0.8123,0,0,8,5,0.5875270050019024,0.4781382866203784,2,0,2.0,1.0,5.0,0.0,0.0,1,1,15,11,2.26173229329288,1.4423230867832897,3,0,1.0,1.0,9.0,0.0,5.0
16393,2021-08-22,Wolverhampton Wanderers,Tottenham Hotspur,0.2871,0.276,0.4369,0,0,25,23,1.5112692834809418,1.4687311174347992,1,0,0.0,5.0,18.0,0.0,2.0,1,0,8,5,1.729017399251461,0.8067029062658546,4,0,0.0,1.0,6.0,1.0,0.0
16394,2021-08-22,Arsenal,Chelsea,0.0088,0.0395,0.9517,0,0,6,6,0.6300990935415027,0.6300986967980859,3,0,0.0,2.0,4.0,0.0,0.0,2,2,22,18,3.641319453716278,3.4479970037937164,0,0,0.0,3.0,18.0,0.0,1.0
16395,2021-08-23,West Ham United,Leicester City,0.7776,0.1655,0.0569,4,4,19,16,2.2861302196979523,2.1726546734571457,0,0,0.0,5.0,14.0,0.0,0.0,1,0,5,3,0.6573109850287434,0.1679769977927206,1,1,0.0,0.0,5.0,0.0,0.0
16396,2021-08-28,Manchester City,Arsenal,0.9943,0.0054,0.0003,5,4,25,21,4.475972417742014,3.810472348704934,1,0,0.0,6.0,18.0,0.0,1.0,0,0,1,1,0.1168050020933151,0.1168050020933151,2,1,0.0,0.0,1.0,0.0,0.0
16397,2021-08-28,Newcastle United,Southampton,0.0173,0.0763,0.9064,2,1,10,8,1.227014899253845,0.7491204142570494,2,0,1.0,2.0,7.0,0.0,0.0,2,0,22,18,3.984063120558858,2.16361129656434,3,0,1.0,2.0,17.0,1.0,1.0
16398,2021-08-28,Norwich City,Leicester City,0.3977,0.309,0.2933,1,0,14,8,1.4419701937586065,0.5086029991507527,2,0,1.0,1.0,11.0,1.0,0.0,2,2,9,5,1.2737142853438852,0.5601453967392444,1,0,0.0,2.0,7.0,0.0,0.0
16399,2021-08-28,Aston Villa,Brentford,0.1214,0.3143,0.5643,1,1,7,6,0.4429884068667885,0.3151054009795186,3,0,0.0,0.0,4.0,0.0,3.0,1,1,9,9,1.1331216022372244,1.1331222057342527,3,0,0.0,2.0,7.0,0.0,0.0
16400,2021-08-28,Brighton,Everton,0.1307,0.2493,0.62,0,0,14,10,0.7016227403655643,0.4561848221346732,1,0,2.0,2.0,10.0,0.0,0.0,2,1,14,12,1.5486750248819587,0.7738839015364642,2,0,0.0,1.0,12.0,1.0,0.0
16401,2021-08-28,West Ham United,Crystal Palace,0.2841,0.2824,0.4335,2,1,14,12,1.4568200334906578,1.1139828991144891,1,0,0.0,0.0,12.0,0.0,2.0,2,1,9,6,1.676578680053353,1.425461506471038,0,0,0.0,2.0,5.0,0.0,2.0
16402,2021-08-28,Liverpool,Chelsea,0.7743,0.1646,0.0611,1,0,23,15,2.084617229178548,0.8410242833197115,0,0,0.0,8.0,13.0,1.0,1.0,1,1,6,6,0.5736378878355025,0.5736395865678784,2,1,0.0,1.0,5.0,0.0,0.0
16403,2021-08-29,Burnley,Leeds United,0.3969,0.3278,0.2753,1,1,12,9,1.7135156169533727,1.5467163212597368,4,0,0.0,6.0,6.0,0.0,0.0,1,0,12,9,1.5639506848528977,0.6165720801800487,3,0,0.0,3.0,8.0,0.0,1.0
16404,2021-08-29,Tottenham Hotspur,Watford,0.4144,0.361,0.2246,1,0,15,8,0.9209621082991356,0.6350451000034807,3,0,3.0,5.0,6.0,0.0,1.0,0,0,9,8,0.596016604453325,0.5452037975192067,3,0,1.0,1.0,7.0,0.0,0.0
16405,2021-08-29,Wolverhampton Wanderers,Manchester United,0.6025,0.267,0.1305,0,0,15,10,1.850101782940328,0.6503808004781602,3,0,0.0,3.0,12.0,0.0,0.0,1,1,10,7,0.9623352866619824,0.8631363846361635,4,0,1.0,2.0,5.0,0.0,2.0
16406,2021-09-11,Crystal Palace,Tottenham Hotspur,0.9872,0.012,0.0008,3,2,18,10,3.304848963394761,1.608217470347881,2,0,1.0,5.0,10.0,1.0,1.0,0,0,2,2,0.0775645971298217,0.0775646008551119,1,1,0.0,0.0,2.0,0.0,0.0
16407,2021-09-11,Arsenal,Norwich City,0.8611,0.1008,0.0381,1,1,30,24,2.7192352823913093,1.9500792883336544,2,0,1.0,5.0,23.0,0.0,1.0,0,0,10,7,0.5772923966869711,0.4271570993587372,2,0,1.0,0.0,8.0,0.0,1.0
16408,2021-09-11,Brentford,Brighton,0.4446,0.4316,0.1238,0,0,7,7,0.7297855857759712,0.7297861967235801,3,0,0.0,0.0,6.0,0.0,1.0,1,1,4,4,0.2879018951207397,0.2879017945379017,2,0,0.0,0.0,4.0,0.0,0.0
16409,2021-09-11,Leicester City,Manchester City,0.0524,0.1247,0.8229,0,0,6,5,0.8001001849770544,0.7426822967827318,1,0,0.0,1.0,5.0,0.0,0.0,1,0,25,17,2.7822186797857285,1.7051611337810753,2,0,0.0,2.0,21.0,0.0,2.0
16410,2021-09-11,Manchester United,Newcastle United,0.8917,0.0845,0.0238,4,3,21,17,2.7951469197869296,1.795565193518996,1,0,0.0,4.0,17.0,0.0,0.0,1,1,12,7,0.6222070772200821,0.4442421183921395,0,0,0.0,1.0,10.0,0.0,1.0
16411,2021-09-11,Southampton,West Ham United,0.306,0.3717,0.3223,0,0,11,8,0.6921351030468939,0.6171109974384305,3,0,0.0,4.0,7.0,0.0,0.0,0,0,13,7,0.725407691672444,0.4031753987073897,1,1,2.0,1.0,9.0,0.0,1.0
16412,2021-09-11,Watford,Wolverhampton Wanderers,0.0034,0.033,0.9636,0,0,6,3,0.185407302342355,0.1471923021599649,3,0,0.0,2.0,4.0,0.0,1.0,1,0,14,11,2.9094397686421867,1.9022862911224363,3,0,1.0,3.0,9.0,0.0,1.0
16413,2021-09-11,Chelsea,Aston Villa,0.3501,0.3138,0.3361,3,2,12,8,1.2243886142969127,0.7721473071724174,1,0,0.0,1.0,11.0,0.0,0.0,0,0,18,10,1.1796781159937375,0.8589131431654093,4,0,0.0,3.0,13.0,0.0,2.0
16414,2021-09-12,Leeds United,Liverpool,0.0071,0.024,0.9689,0,0,9,7,0.6525145992636678,0.5237329080700872,2,1,0.0,0.0,8.0,0.0,1.0,3,2,30,26,4.468454053625464,4.163114011287689,1,0,1.0,6.0,23.0,0.0,0.0
16415,2021-09-13,Everton,Burnley,0.3516,0.2706,0.3778,3,3,14,11,1.80385622382164,1.164022631943226,1,0,1.0,4.0,8.0,0.0,1.0,1,1,11,9,1.820610225200653,1.7902910113334656,1,0,0.0,2.0,8.0,0.0,1.0
16416,2021-09-17,Newcastle United,Leeds United,0.2984,0.2732,0.4284,1,1,17,13,1.2291718963533635,0.996056819334626,2,0,0.0,2.0,15.0,0.0,0.0,1,1,21,17,1.4653285071253774,1.051041698083281,2,0,0.0,2.0,19.0,0.0,0.0
16417,2021-09-18,Wolverhampton Wanderers,Brentford,0.0763,0.1796,0.7441,0,0,11,8,1.0231616660021243,0.5748949041590093,4,0,1.0,1.0,9.0,0.0,0.0,2,1,9,6,2.32921888679266,1.1105293603613973,2,1,0.0,0.0,8.0,1.0,0.0
16418,2021-09-18,Norwich City,Watford,0.068,0.1477,0.7843,1,1,12,9,0.7826651856303213,0.7099638096988199,1,0,1.0,2.0,8.0,0.0,1.0,3,2,12,11,2.5670178309082985,2.241347286850214,1,0,0.0,1.0,11.0,0.0,0.0
16419,2021-09-18,Burnley,Arsenal,0.2331,0.3205,0.4464,0,0,18,12,0.775574197992682,0.525200108066201,2,0,0.0,4.0,12.0,0.0,2.0,1,0,13,9,1.099406812340021,0.5483601111918686,1,0,1.0,1.0,11.0,0.0,0.0
16420,2021-09-18,Liverpool,Crystal Palace,0.8783,0.088,0.0337,3,1,25,14,3.0122709739953275,1.3323013018816705,3,0,1.0,5.0,17.0,0.0,2.0,0,0,13,8,0.6441680062562225,0.3034837990999219,1,0,1.0,4.0,7.0,0.0,1.0
16421,2021-09-18,Manchester City,Southampton,0.5597,0.297,0.1433,0,0,16,12,1.224512202665209,1.0310295894742008,0,0,1.0,4.0,9.0,0.0,2.0,0,0,10,8,0.4909226046875117,0.4047705028206106,2,0,0.0,1.0,9.0,0.0,0.0
16422,2021-09-18,Aston Villa,Everton,0.3236,0.365,0.3114,2,2,15,10,0.7777157053351397,0.5675117969512936,1,0,1.0,2.0,8.0,0.0,4.0,0,0,11,9,0.755035916343331,0.6649556979537007,1,0,1.0,3.0,7.0,0.0,1.0
16423,2021-09-19,Brighton,Leicester City,0.4099,0.3102,0.2799,2,1,12,9,1.4743780866265292,0.4858459960669276,2,0,2.0,2.0,5.0,1.0,2.0,1,1,14,13,1.2537256758660076,1.194854713976383,1,0,0.0,2.0,11.0,0.0,1.0
16424,2021-09-19,West Ham United,Manchester United,0.2947,0.3001,0.4052,1,1,13,10,1.671537108719349,0.8595065064728258,0,0,0.0,2.0,10.0,1.0,0.0,2,1,17,16,2.26677162013948,1.4236477259546516,0,0,0.0,4.0,13.0,0.0,0.0
16425,2021-09-19,Tottenham Hotspur,Chelsea,0.0491,0.1287,0.8222,0,0,8,6,0.7056695092469452,0.5280687026679513,0,0,1.0,1.0,6.0,0.0,0.0,3,3,20,17,2.603349264711141,2.406260192394256,1,0,0.0,5.0,15.0,0.0,0.0
16426,2021-09-25,Chelsea,Manchester City,0.0287,0.1742,0.7971,0,0,5,4,0.1942018046975134,0.1462101005017756,3,0,1.0,0.0,4.0,0.0,0.0,1,1,15,13,1.6924429768696423,1.2195185162127018,2,0,0.0,4.0,10.0,0.0,1.0
16431,2021-09-25,Manchester United,Aston Villa,0.4531,0.2656,0.2813,0,0,28,21,1.9258507695049043,0.9294107761234042,2,0,2.0,4.0,19.0,1.0,2.0,1,1,7,5,1.5724892504513264,1.1878476664423945,2,0,1.0,3.0,3.0,0.0,0.0
16427,2021-09-25,Watford,Newcastle United,0.0863,0.1454,0.7683,1,1,15,12,0.9040615139529108,0.8259570971131323,4,0,1.0,1.0,12.0,0.0,1.0,1,1,20,14,2.525550194084644,2.268961153924465,3,0,1.0,5.0,12.0,0.0,2.0
16428,2021-09-25,Everton,Norwich City,0.7957,0.1591,0.0452,2,1,11,9,2.278379020281136,1.4860981805250046,2,0,0.0,2.0,7.0,1.0,1.0,0,0,10,8,0.8009028984233735,0.717269195243716,3,0,1.0,2.0,6.0,0.0,1.0
16429,2021-09-25,Leeds United,West Ham United,0.1991,0.2264,0.5745,1,1,15,11,1.203851761296391,0.9658987270668148,3,0,0.0,1.0,15.0,0.0,0.0,1,1,20,15,1.989618412218988,1.6849901266396043,2,0,2.0,1.0,16.0,0.0,1.0
16430,2021-09-25,Leicester City,Burnley,0.8072,0.1483,0.0445,2,2,22,17,2.162328755483031,1.9516344498842952,2,0,0.0,4.0,19.0,0.0,0.0,1,1,9,5,0.4288653428666291,0.249369604513049,4,0,1.0,0.0,7.0,0.0,1.0
16432,2021-09-25,Brentford,Liverpool,0.552,0.2087,0.2393,3,1,12,6,3.014663315378129,1.8046559542417528,1,0,0.0,1.0,10.0,0.0,1.0,3,3,16,12,2.287523323670029,1.6246660035103555,1,0,1.0,2.0,13.0,0.0,0.0
16433,2021-09-26,Southampton,Wolverhampton Wanderers,0.3238,0.3319,0.3443,0,0,18,15,0.9233526913449166,0.8602894134819505,0,0,1.0,0.0,16.0,0.0,1.0,1,1,5,3,0.9123321939259764,0.4413577038794755,0,0,0.0,2.0,3.0,0.0,0.0
16434,2021-09-26,Arsenal,Tottenham Hotspur,0.4985,0.2844,0.2171,3,2,12,10,1.4449897240847347,0.8969254940748213,2,0,0.0,3.0,8.0,0.0,1.0,1,1,10,8,0.9801658056676386,0.8776708915829657,1,0,0.0,3.0,6.0,0.0,1.0
16435,2021-09-27,Crystal Palace,Brighton,0.5996,0.2765,0.1239,1,0,8,5,1.3683643154799938,0.5499405898153781,2,0,1.0,0.0,6.0,1.0,0.0,1,1,8,4,0.6495656184852122,0.5143394097685814,4,0,0.0,3.0,3.0,0.0,2.0
16442,2021-10-02,Manchester United,Everton,0.2749,0.2983,0.4268,1,1,13,13,1.0496000088751312,1.0495988801121707,1,0,0.0,3.0,10.0,0.0,0.0,1,1,12,12,1.3221057318150993,1.3221071306616066,1,0,0.0,0.0,10.0,0.0,2.0
16437,2021-10-02,Burnley,Norwich City,0.2597,0.406,0.3343,0,0,14,11,0.584724990651011,0.5030265944078562,5,0,1.0,1.0,11.0,0.0,1.0,0,0,11,7,0.679741101339459,0.3925029169768091,2,0,2.0,2.0,6.0,0.0,1.0
16438,2021-10-02,Chelsea,Southampton,0.8747,0.096,0.0293,3,2,20,15,4.180532872676849,3.433045946061611,1,0,0.0,4.0,16.0,0.0,0.0,1,0,6,4,1.5263420045375824,0.7480903174728154,3,1,0.0,1.0,4.0,1.0,0.0
16440,2021-10-02,Leeds United,Watford,0.775,0.1878,0.0372,1,0,20,12,1.5775126721709962,0.6594724915921686,0,0,1.0,1.0,16.0,0.0,2.0,0,0,5,4,0.1927935983985658,0.131830697879195,3,0,0.0,0.0,5.0,0.0,0.0
16445,2021-10-02,Wolverhampton Wanderers,Newcastle United,0.4258,0.3526,0.2216,2,2,7,7,1.1584899071604011,1.1584895104169846,0,0,0.0,0.0,7.0,0.0,0.0,1,1,8,5,0.8652159776538609,0.1793516017496585,2,0,1.0,1.0,5.0,0.0,1.0
16436,2021-10-02,Brighton,Arsenal,0.5517,0.3319,0.1164,0,0,21,18,1.1155138043686743,0.9139053020626302,2,0,0.0,6.0,15.0,0.0,0.0,0,0,8,5,0.3643099032342431,0.1984475031495093,1,0,1.0,2.0,5.0,0.0,0.0
16439,2021-10-03,Crystal Palace,Leicester City,0.369,0.3054,0.3256,2,0,18,14,1.1821846850216384,0.9227927997708318,1,0,0.0,1.0,16.0,0.0,1.0,2,1,9,5,1.0432171886786816,0.6290379129350184,3,0,0.0,1.0,7.0,0.0,1.0
16443,2021-10-03,Tottenham Hotspur,Aston Villa,0.5459,0.2622,0.1919,1,1,17,12,1.7912217788398264,1.5697451978921888,2,0,0.0,0.0,0.0,0.0,0.0,1,1,13,7,1.0739463306963442,0.931007008999586,1,0,0.0,0.0,0.0,0.0,0.0
16444,2021-10-03,West Ham United,Brentford,0.3646,0.291,0.3444,1,1,18,11,1.3842514269053934,1.1038419827818868,2,0,1.0,4.0,13.0,0.0,0.0,2,0,13,6,1.3746700221672652,0.4142312873154876,3,0,1.0,3.0,5.0,0.0,4.0
16441,2021-10-03,Liverpool,Manchester City,0.3183,0.3225,0.3592,2,2,6,5,0.9493693932890892,0.8956608921289443,3,0,1.0,1.0,3.0,0.0,1.0,2,1,12,9,1.0431917794048784,0.9316668920218942,3,0,1.0,0.0,11.0,0.0,0.0
16455,2021-10-16,Watford,Liverpool,0.0022,0.0123,0.9855,0,0,6,5,0.3023025784641503,0.2781656701117752,0,0,0.0,1.0,5.0,0.0,0.0,5,4,19,14,3.65553130954504,2.6867280192673206,0,0,0.0,1.0,18.0,0.0,0.0
16447,2021-10-16,Aston Villa,Wolverhampton Wanderers,0.1447,0.2184,0.6369,2,1,14,12,1.213988037779927,1.1381324809044595,2,0,0.0,1.0,13.0,0.0,0.0,3,2,9,7,2.19633377995342,1.820790389552712,2,0,1.0,4.0,4.0,0.0,0.0
16450,2021-10-16,Leicester City,Manchester United,0.8373,0.1119,0.0508,4,3,22,11,3.064923044294119,1.7995766215026376,0,0,1.0,4.0,15.0,0.0,2.0,2,2,18,16,1.0249438788741825,0.9883112711831924,3,0,0.0,2.0,16.0,0.0,0.0
16451,2021-10-16,Manchester City,Burnley,0.6665,0.2235,0.11,2,0,15,9,2.2711342722177505,0.905269093811512,1,0,0.0,1.0,14.0,0.0,0.0,0,0,7,5,1.0884270817041397,0.9870577752590176,0,0,0.0,0.0,6.0,0.0,1.0
16453,2021-10-16,Norwich City,Brighton,0.3239,0.3312,0.3449,0,0,15,10,1.161312595941126,0.76978269778192,3,0,1.0,2.0,10.0,0.0,2.0,0,0,11,9,1.175716996192932,1.1230865009129043,5,0,0.0,2.0,8.0,0.0,1.0
16454,2021-10-16,Southampton,Leeds United,0.7596,0.1866,0.0538,1,1,19,13,1.8564444174990056,1.2168219350278373,2,0,1.0,5.0,13.0,0.0,0.0,0,0,3,2,0.4461734052747486,0.1008904036134479,3,0,0.0,0.0,3.0,0.0,0.0
16448,2021-10-16,Brentford,Chelsea,0.7703,0.1904,0.0393,0,0,17,7,1.626304168254137,0.908901076763868,1,0,0.0,3.0,14.0,0.0,0.0,1,0,5,2,0.2482557967305182,0.0791402012109755,1,0,2.0,1.0,2.0,0.0,0.0
16449,2021-10-17,Everton,West Ham United,0.1082,0.1977,0.6941,0,0,15,11,0.8563218079507348,0.610273316502571,0,0,0.0,3.0,12.0,0.0,0.0,1,1,16,10,2.032551934942603,1.056769087910652,2,0,0.0,5.0,11.0,0.0,0.0
16452,2021-10-17,Newcastle United,Tottenham Hotspur,0.1015,0.2551,0.6434,1,1,7,7,0.6456588059663769,0.6456588078290221,4,1,0.0,2.0,5.0,0.0,0.0,3,3,14,10,1.5503928912803528,1.3650082778185606,1,0,1.0,4.0,9.0,0.0,1.0
16446,2021-10-18,Arsenal,Crystal Palace,0.7347,0.193,0.0723,2,0,17,10,1.8299582116305824,0.8701093848794693,1,0,1.0,7.0,8.0,0.0,1.0,2,3,9,7,0.4922382012009618,0.3933192938566205,1,0,0.0,1.0,8.0,0.0,0.0
16456,2021-10-22,Arsenal,Aston Villa,0.8436,0.1087,0.0477,3,2,22,15,3.864458824507892,1.905068514868617,2,0,1.0,4.0,14.0,1.0,2.0,1,1,10,8,1.410878190770745,1.3401543162763117,5,0,1.0,0.0,9.0,0.0,0.0
16459,2021-10-23,Chelsea,Norwich City,0.9608,0.0353,0.0039,6,5,23,21,3.105098206549883,2.3202547822147603,0,0,0.0,3.0,17.0,1.0,2.0,0,0,3,2,0.2674289615824816,0.2455450622364877,2,1,0.0,0.0,4.0,0.0,0.0
16460,2021-10-23,Crystal Palace,Newcastle United,0.7766,0.1673,0.0561,1,1,14,10,2.258697618730366,2.174916349351406,3,0,0.0,1.0,13.0,0.0,0.0,1,1,6,5,0.7638524211943147,0.2719795964658258,4,0,0.0,2.0,1.0,0.0,3.0
16461,2021-10-23,Everton,Watford,0.1422,0.1764,0.6814,2,2,15,13,1.8408908061683171,1.7327109053730962,4,0,0.0,0.0,13.0,0.0,2.0,5,5,20,14,3.1034375932067637,2.927900079637766,3,0,0.0,3.0,16.0,0.0,1.0
16462,2021-10-23,Leeds United,Wolverhampton Wanderers,0.6119,0.2536,0.1345,1,0,18,13,1.7131330799311395,0.8563076965510842,2,0,0.0,4.0,11.0,1.0,2.0,1,0,8,4,0.8998364023864268,0.240823298692703,3,0,1.0,0.0,6.0,0.0,1.0
16464,2021-10-23,Southampton,Burnley,0.5749,0.2845,0.1406,2,2,16,13,1.4256646418944,0.7475075051188466,1,0,0.0,2.0,14.0,0.0,0.0,2,2,9,8,0.6731953173875804,0.6468753963708875,3,0,0.0,0.0,8.0,0.0,1.0
16458,2021-10-23,Brighton,Manchester City,0.0199,0.0811,0.899,1,0,10,8,1.169503509998321,0.366303297691047,2,0,0.0,0.0,9.0,1.0,0.0,4,4,23,18,3.6635137163102622,3.317880004644394,3,0,1.0,3.0,19.0,0.0,0.0
16457,2021-10-24,Brentford,Leicester City,0.3902,0.3246,0.2852,1,1,15,13,1.1678917929530142,1.0354163832962509,1,0,0.0,5.0,9.0,0.0,1.0,2,1,10,8,1.0025383932515974,0.8851435855031011,1,0,0.0,0.0,9.0,0.0,1.0
16465,2021-10-24,West Ham United,Tottenham Hotspur,0.6769,0.2235,0.0996,1,1,13,9,1.738075818866491,1.5209910050034523,2,0,0.0,2.0,11.0,0.0,0.0,0,0,7,5,0.672199117951095,0.6110040098428726,1,0,0.0,1.0,5.0,0.0,1.0
16463,2021-10-24,Manchester United,Liverpool,0.0288,0.0659,0.9053,0,0,12,12,1.3558420306071637,1.355843774974346,6,1,0.0,2.0,9.0,0.0,1.0,5,5,19,17,4.049218744039536,3.668428052216768,0,0,0.0,2.0,15.0,0.0,2.0
16468,2021-10-30,Leicester City,Arsenal,0.6172,0.2317,0.1511,0,0,16,10,2.0569997932761903,1.1356046870350835,2,0,2.0,1.0,11.0,0.0,2.0,2,1,9,7,1.1028851140290497,0.8859340101480484,0,0,0.0,2.0,7.0,0.0,0.0
16467,2021-10-30,Burnley,Brentford,0.8299,0.1193,0.0508,3,2,15,8,2.921150851994753,2.226189937442541,1,0,1.0,3.0,10.0,0.0,1.0,1,1,12,5,0.8563184039667245,0.2981609012931583,1,0,1.0,1.0,9.0,0.0,1.0
16469,2021-10-30,Liverpool,Brighton,0.3222,0.279,0.3988,2,2,14,10,1.3987145852297542,1.277566401287913,2,0,0.0,2.0,10.0,0.0,2.0,2,2,9,8,1.510314848273992,1.491111621260643,2,0,0.0,1.0,8.0,0.0,0.0
16470,2021-10-30,Manchester City,Crystal Palace,0.2045,0.3281,0.4674,0,0,14,11,0.6618749126791951,0.5176610983908174,2,1,0.0,5.0,8.0,0.0,1.0,2,2,8,8,1.0502915987744923,1.0502916797995567,3,0,0.0,1.0,6.0,0.0,1.0
16471,2021-10-30,Newcastle United,Chelsea,0.0067,0.0614,0.9319,0,0,6,4,0.1576163992285726,0.1228128997609018,3,0,0.0,0.0,3.0,0.0,3.0,3,0,19,12,2.386828020215034,1.368627326563001,2,0,1.0,1.0,16.0,1.0,0.0
16474,2021-10-30,Watford,Southampton,0.1184,0.2165,0.6651,0,0,10,8,0.8525555096566675,0.7467461135238408,2,0,1.0,1.0,8.0,0.0,0.0,1,1,12,11,1.9075669050216677,1.8564808033406732,2,0,0.0,1.0,11.0,0.0,0.0
16473,2021-10-30,Tottenham Hotspur,Manchester United,0.2873,0.3069,0.4058,0,0,9,5,1.1578739807009697,1.0055841729044914,2,0,1.0,3.0,4.0,0.0,1.0,3,3,10,9,1.388203996233642,1.3126746742054818,3,0,0.0,0.0,10.0,0.0,0.0
16472,2021-10-31,Norwich City,Leeds United,0.1855,0.3103,0.5042,1,1,14,6,0.661886816844344,0.2448005005717277,1,0,3.0,3.0,6.0,0.0,2.0,2,2,13,12,1.168547801673412,1.0954225007444618,4,0,0.0,0.0,11.0,0.0,2.0
16466,2021-10-31,Aston Villa,West Ham United,0.0209,0.0903,0.8888,1,1,9,6,0.6875507934018968,0.5915887281298636,1,1,0.0,1.0,6.0,0.0,2.0,4,3,21,12,2.9999952688813205,1.7772706933319564,2,0,3.0,4.0,13.0,0.0,1.0
16475,2021-11-01,Wolverhampton Wanderers,Everton,0.3571,0.2722,0.3707,2,1,10,5,1.696082025766373,0.6095519121736287,1,0,1.0,3.0,6.0,0.0,0.0,1,1,14,10,1.6983210081234572,0.9714209046214818,1,0,0.0,1.0,11.0,0.0,2.0
16484,2021-11-05,Southampton,Aston Villa,0.4546,0.3594,0.186,1,0,9,7,0.8981802146881817,0.3555925972759722,2,0,0.0,3.0,5.0,0.0,1.0,0,0,14,11,0.536077609285712,0.4576513953506942,2,0,1.0,0.0,11.0,0.0,2.0
16483,2021-11-06,Manchester United,Manchester City,0.0837,0.1908,0.7255,0,0,5,3,0.7595611754804847,0.2075228039175271,1,0,0.0,0.0,5.0,0.0,1.0,1,1,16,13,2.1049894727766514,1.7876203991472717,2,0,0.0,5.0,11.0,0.0,0.0
16477,2021-11-06,Brentford,Norwich City,0.7832,0.1534,0.0634,1,1,19,15,2.842346813529729,2.7311959862709045,2,0,0.0,7.0,11.0,0.0,1.0,2,0,9,6,1.1579689234495163,0.3145670071244239,3,0,1.0,1.0,6.0,1.0,0.0
16479,2021-11-06,Chelsea,Burnley,0.8798,0.0929,0.0273,1,1,25,22,3.008198797702789,2.8204032117500897,1,0,0.0,11.0,14.0,0.0,0.0,1,1,5,5,0.6740718800574539,0.6740718800574539,4,0,0.0,1.0,4.0,0.0,0.0
16480,2021-11-06,Crystal Palace,Wolverhampton Wanderers,0.9354,0.057,0.0076,2,1,13,11,2.651608753949404,2.5395030081272125,2,0,0.0,2.0,10.0,0.0,1.0,0,0,4,2,0.2541595045477149,0.1656047031283377,1,0,1.0,1.0,1.0,0.0,1.0
16478,2021-11-06,Brighton,Newcastle United,0.7823,0.1837,0.034,1,0,14,12,1.4312313850969072,0.6415845938026901,3,1,0.0,1.0,12.0,1.0,0.0,1,1,6,4,0.2273212000727652,0.1970233991742132,4,0,0.0,2.0,1.0,0.0,3.0
16476,2021-11-07,Arsenal,Watford,0.6791,0.2449,0.076,1,0,14,8,1.492076783441007,0.4314709044992922,4,0,1.0,3.0,7.0,1.0,2.0,0,0,7,6,0.4916582088917492,0.4187785899266597,2,1,0.0,1.0,6.0,0.0,0.0
16481,2021-11-07,Everton,Tottenham Hotspur,0.2344,0.3843,0.3813,0,0,12,8,0.603145709261298,0.4747725054621694,2,1,0.0,1.0,9.0,0.0,2.0,0,0,8,7,0.801797620952129,0.635537192225456,4,0,0.0,0.0,8.0,0.0,0.0
16482,2021-11-07,Leeds United,Leicester City,0.7108,0.2078,0.0814,1,0,18,11,2.075171008706093,1.8150131981819864,1,0,1.0,9.0,8.0,0.0,0.0,1,1,9,5,0.7952925935387608,0.2838636040687557,1,0,0.0,3.0,6.0,0.0,0.0
16485,2021-11-07,West Ham United,Liverpool,0.3099,0.2842,0.4059,2,2,7,6,1.252979604527354,1.2385630160570145,1,0,0.0,2.0,4.0,0.0,1.0,2,2,16,13,1.4564123861491678,1.2053202018141749,1,0,1.0,1.0,13.0,0.0,2.0
16488,2021-11-20,Leicester City,Chelsea,0.0208,0.1023,0.8769,0,0,4,3,0.4995037261396645,0.4896539160981773,3,0,0.0,0.0,4.0,0.0,0.0,3,3,16,12,2.586738609708845,2.3476468175649643,1,0,2.0,1.0,11.0,0.0,2.0
16486,2021-11-20,Aston Villa,Brighton,0.4855,0.336,0.1785,2,1,9,6,1.098509568721056,0.6592995766550301,3,0,0.0,1.0,7.0,0.0,1.0,0,0,6,4,0.5929446965456008,0.511082001030445,3,0,0.0,0.0,6.0,0.0,0.0
16487,2021-11-20,Burnley,Crystal Palace,0.2089,0.2415,0.5496,3,3,15,9,1.042548524215817,0.8278381191194055,2,0,1.0,1.0,7.0,0.0,6.0,3,2,18,13,1.787309121340513,1.5081110969185827,3,0,1.0,5.0,12.0,0.0,0.0
16491,2021-11-20,Newcastle United,Brentford,0.6076,0.2257,0.1667,3,2,23,20,2.1852263808250427,1.488885886967182,2,0,0.0,3.0,18.0,0.0,3.0,2,2,10,7,1.2327542975544927,0.7630606237798927,2,0,1.0,1.0,8.0,0.0,0.0
16492,2021-11-20,Norwich City,Southampton,0.142,0.3171,0.5409,2,2,8,7,0.4377799890935417,0.424196198582649,3,0,0.0,1.0,7.0,0.0,0.0,1,1,17,13,1.1358813969418402,0.9895866028964516,2,0,0.0,0.0,17.0,0.0,0.0
16494,2021-11-20,Watford,Manchester United,0.6277,0.2073,0.165,4,4,20,13,2.7590711526572704,1.5577648878097532,2,0,2.0,4.0,13.0,1.0,0.0,1,1,9,8,1.6679366827011108,1.562782034277916,1,1,0.0,0.0,9.0,0.0,0.0
16495,2021-11-20,Wolverhampton Wanderers,West Ham United,0.6132,0.2733,0.1135,1,1,15,12,1.3190284902229903,1.217963495291769,1,0,0.0,3.0,11.0,0.0,1.0,0,0,9,6,0.4363306919112799,0.3641708996146916,1,0,0.0,1.0,8.0,0.0,0.0
16489,2021-11-20,Liverpool,Arsenal,0.9941,0.0055,0.0004,4,3,19,13,3.980460904538632,3.194801650941372,2,0,0.0,2.0,15.0,0.0,2.0,0,0,5,5,0.2680253535509109,0.2680256478488444,0,0,0.0,0.0,5.0,0.0,0.0
16490,2021-11-21,Manchester City,Everton,0.9179,0.0691,0.013,3,1,17,11,2.7256690301001067,1.8867507725954047,1,0,1.0,0.0,16.0,0.0,0.0,0,0,4,2,0.266893897205591,0.1088949963450431,1,0,1.0,0.0,3.0,0.0,0.0
16493,2021-11-21,Tottenham Hotspur,Leeds United,0.5951,0.2303,0.1746,2,1,13,7,2.385099660605192,1.2922793719917536,1,0,1.0,2.0,9.0,0.0,1.0,1,1,18,12,1.4685141183435917,1.219763400033116,4,0,1.0,7.0,10.0,0.0,0.0
16496,2021-11-27,Arsenal,Newcastle United,0.9577,0.0369,0.0054,2,2,23,17,3.097992628812789,2.2435604333877563,1,0,1.0,1.0,20.0,0.0,1.0,0,0,9,5,0.1853831000626083,0.1008704188279804,3,0,0.0,1.0,8.0,0.0,0.0
16501,2021-11-27,Crystal Palace,Aston Villa,0.5015,0.3502,0.1483,1,1,8,7,0.9621284771710632,0.8623216114938258,3,0,0.0,2.0,5.0,0.0,1.0,2,2,10,7,0.4543053014203904,0.3189020967110989,3,0,2.0,2.0,5.0,0.0,1.0
16503,2021-11-27,Liverpool,Southampton,0.8606,0.101,0.0384,4,3,20,16,3.072778852656484,2.869802262634039,0,0,0.0,2.0,18.0,0.0,0.0,0,0,7,4,1.0583529341965912,0.4876891151070593,1,0,0.0,1.0,6.0,0.0,0.0
16505,2021-11-27,Norwich City,Wolverhampton Wanderers,0.705,0.2329,0.0621,0,0,14,11,1.4046995062381027,1.2143763257190583,2,0,1.0,1.0,11.0,0.0,1.0,0,0,5,3,0.2971572056412694,0.219459693878889,2,0,0.0,1.0,4.0,0.0,0.0
16498,2021-11-27,Brighton,Leeds United,0.6441,0.224,0.1319,0,0,20,15,1.971638678573072,1.7346582040190697,1,0,0.0,0.0,19.0,0.0,1.0,0,0,11,8,0.8707540808245537,0.6938801100477573,3,0,1.0,1.0,8.0,0.0,1.0
16497,2021-11-28,Brentford,Everton,0.4215,0.329,0.2495,1,0,6,3,1.198125712573528,0.2733098044991492,4,0,0.0,0.0,5.0,1.0,0.0,0,0,14,10,0.9680747715756296,0.825323713943362,3,0,1.0,2.0,11.0,0.0,0.0
16502,2021-11-28,Leicester City,Watford,0.332,0.2403,0.4277,4,3,18,15,2.41832135245204,1.589998912066221,0,0,0.0,5.0,12.0,0.0,1.0,2,0,16,11,2.3852532319724555,1.1913183890283106,0,0,1.0,1.0,10.0,1.0,3.0
16504,2021-11-28,Manchester City,West Ham United,0.9519,0.0432,0.0049,2,1,19,15,2.766356879845261,1.536229409277439,2,0,0.0,3.0,16.0,0.0,0.0,1,0,5,3,0.1717624990269539,0.0845974991098045,0,0,1.0,0.0,4.0,0.0,0.0
16500,2021-11-28,Chelsea,Manchester United,0.8372,0.1357,0.0271,1,0,24,13,2.3452500440180297,0.765410305932164,2,0,0.0,5.0,17.0,1.0,1.0,1,0,3,1,0.563366706483066,0.0147097995504736,5,0,0.0,0.0,3.0,0.0,0.0
16513,2021-11-30,Newcastle United,Norwich City,0.2596,0.3006,0.4398,1,0,9,8,1.1563555207103489,0.3951879031956193,0,1,0.0,1.0,7.0,1.0,0.0,1,1,16,12,1.5119853205978866,1.0136183956637976,0,0,1.0,2.0,11.0,0.0,2.0
16508,2021-11-30,Leeds United,Crystal Palace,0.7505,0.1819,0.0676,1,0,16,9,1.9828880764544008,0.984215788543224,5,0,0.0,2.0,12.0,1.0,1.0,0,0,9,5,0.7098453119397161,0.4539415985345838,3,0,1.0,0.0,7.0,0.0,1.0
16509,2021-12-01,Watford,Chelsea,0.3546,0.3333,0.3121,1,1,13,9,0.9916122918948526,0.8682360909879204,4,0,2.0,0.0,9.0,0.0,2.0,2,2,8,5,0.9116335846483704,0.766997694969177,3,0,0.0,0.0,7.0,0.0,1.0
16510,2021-12-01,West Ham United,Brighton,0.3108,0.3198,0.3694,1,1,14,10,1.1467861868441105,1.0255375094711778,1,0,0.0,5.0,9.0,0.0,0.0,1,1,9,7,1.2606963124126194,1.200787318870425,1,0,1.0,3.0,5.0,0.0,0.0
16511,2021-12-01,Wolverhampton Wanderers,Burnley,0.4555,0.4569,0.0876,0,0,16,12,0.7127160932868714,0.5727887060493227,2,0,0.0,0.0,16.0,0.0,0.0,0,0,6,4,0.1955368062481282,0.1189543027430771,3,0,0.0,1.0,4.0,0.0,1.0
16514,2021-12-01,Southampton,Leicester City,0.4988,0.2516,0.2496,2,1,15,13,1.9711142387241125,1.2662837039679284,1,0,0.0,4.0,9.0,0.0,2.0,2,1,15,8,1.463938921689987,0.4844374954700467,3,0,0.0,3.0,11.0,0.0,1.0
16506,2021-12-01,Aston Villa,Manchester City,0.2603,0.3452,0.3945,1,1,9,9,0.7720824899151919,0.772082914598286,0,0,0.0,2.0,4.0,0.0,3.0,2,2,17,12,1.018968280404806,0.769999885931611,0,0,1.0,5.0,11.0,0.0,0.0
16507,2021-12-01,Everton,Liverpool,0.0212,0.0752,0.9036,1,1,8,6,0.5122636929154395,0.3775985948741434,4,0,1.0,0.0,7.0,0.0,0.0,4,3,16,12,2.860662333667278,2.229849249124527,3,0,1.0,2.0,12.0,0.0,1.0
16515,2021-12-02,Tottenham Hotspur,Brentford,0.8964,0.09,0.0136,1,1,11,9,2.0916614159941678,1.9894430004060268,0,0,0.0,4.0,7.0,0.0,0.0,0,0,6,4,0.2254919949918984,0.1817546980455517,0,0,0.0,2.0,5.0,0.0,0.0
16512,2021-12-02,Manchester United,Arsenal,0.5558,0.2561,0.1881,3,2,14,13,1.8559664245694876,1.0948023069649933,1,0,0.0,1.0,12.0,1.0,0.0,2,2,17,12,1.1957436213269823,0.9515502061694858,0,0,1.0,4.0,11.0,0.0,1.0
16524,2021-12-04,West Ham United,Chelsea,0.5469,0.238,0.2151,3,2,11,7,2.017397446557879,1.1398640871047974,1,0,0.0,1.0,9.0,1.0,0.0,2,2,19,15,1.3704904178157444,1.103595314547419,3,0,0.0,3.0,15.0,0.0,1.0
16520,2021-12-04,Newcastle United,Burnley,0.6761,0.2236,0.1003,1,1,19,11,1.7108271960169077,0.7318186946213242,1,0,0.0,5.0,14.0,0.0,0.0,0,0,10,6,0.6045993901789185,0.4210842978209255,1,0,2.0,1.0,7.0,0.0,0.0
16521,2021-12-04,Southampton,Brighton,0.3101,0.2802,0.4097,1,1,14,10,1.376417018473148,1.1311481110751624,4,0,1.0,4.0,9.0,0.0,0.0,1,1,14,8,1.554124435409903,1.2976737301796673,2,0,1.0,2.0,9.0,0.0,2.0
16525,2021-12-04,Wolverhampton Wanderers,Liverpool,0.005,0.0531,0.9419,0,0,3,3,0.095166902989149,0.0951670026406644,2,0,0.0,0.0,3.0,0.0,0.0,1,1,17,11,2.444984083995223,1.0775539213791487,2,0,0.0,7.0,10.0,0.0,0.0
16523,2021-12-04,Watford,Manchester City,0.0142,0.0375,0.9483,1,0,11,10,0.6947549022734162,0.3648839071393011,3,0,1.0,2.0,8.0,0.0,0.0,3,2,26,22,4.032225478440523,3.712011648342013,0,0,0.0,6.0,20.0,0.0,0.0
16518,2021-12-05,Leeds United,Brentford,0.4119,0.3026,0.2855,2,2,13,12,1.4823193084448574,1.467390529811382,5,0,0.0,2.0,8.0,0.0,3.0,2,1,9,7,1.1995921693742275,1.0896355919539926,3,0,1.0,0.0,8.0,0.0,0.0
16519,2021-12-05,Manchester United,Crystal Palace,0.4144,0.379,0.2066,1,1,16,14,0.8703758157789704,0.7668263055384155,2,0,2.0,2.0,12.0,0.0,0.0,0,0,8,6,0.520593715831637,0.4856319837272165,2,0,0.0,2.0,3.0,0.0,3.0
16522,2021-12-05,Tottenham Hotspur,Norwich City,0.6123,0.2365,0.1512,3,2,17,12,2.013220388442277,0.8922540992498397,1,0,0.0,4.0,12.0,0.0,1.0,0,0,10,9,1.1095405258238311,1.0907724276185031,2,0,0.0,2.0,6.0,0.0,2.0
16516,2021-12-05,Aston Villa,Leicester City,0.6012,0.2298,0.169,2,2,13,12,1.848180081695318,1.717971324920654,1,0,0.0,1.0,10.0,0.0,2.0,1,1,12,9,0.9826136808842418,0.8440508004277943,1,0,0.0,1.0,11.0,0.0,0.0
16517,2021-12-06,Everton,Arsenal,0.3397,0.3172,0.3431,2,1,11,7,1.0778324864804745,0.7033345270901918,2,0,0.0,1.0,10.0,0.0,0.0,1,1,9,9,1.0572308981791136,1.0572313908487558,2,0,0.0,0.0,8.0,0.0,1.0
16527,2021-12-10,Brentford,Watford,0.7457,0.1892,0.0651,2,1,14,9,1.8512637093663211,0.8741177991032598,4,0,0.0,2.0,10.0,1.0,1.0,1,1,6,5,0.5615542903542519,0.5095139872282741,0,0,1.0,2.0,3.0,0.0,0.0
16534,2021-12-11,Manchester City,Wolverhampton Wanderers,0.9707,0.0277,0.0016,1,0,24,18,3.019484650343656,1.994157204404473,3,0,0.0,3.0,20.0,1.0,0.0,0,0,2,2,0.0762839028611778,0.0762839028611778,2,1,0.0,0.0,1.0,0.0,1.0
16526,2021-12-11,Arsenal,Southampton,0.7915,0.1533,0.0552,3,3,15,13,2.086930306628346,2.0042820274829865,2,0,0.0,3.0,12.0,0.0,0.0,0,0,11,7,0.5022152066230772,0.3220268990844485,0,0,3.0,2.0,6.0,0.0,0.0
16530,2021-12-11,Chelsea,Leeds United,0.6283,0.22,0.1517,3,1,16,8,2.748440261930227,0.9254169091582296,2,0,2.0,3.0,9.0,2.0,0.0,2,1,12,8,1.7310137003660202,0.8175469152629373,5,0,2.0,1.0,7.0,1.0,1.0
16533,2021-12-11,Liverpool,Aston Villa,0.9577,0.0381,0.0042,1,0,20,13,2.71180715970695,0.754350289702415,1,0,0.0,2.0,15.0,1.0,2.0,0,0,4,3,0.1405727034434675,0.0798896029591559,2,0,1.0,0.0,3.0,0.0,0.0
16535,2021-12-11,Norwich City,Manchester United,0.1146,0.1998,0.6856,0,0,11,7,0.9888614062219856,0.4961089910939333,1,0,0.0,1.0,7.0,0.0,3.0,1,0,13,8,2.0981703391298647,1.1218932894989848,1,0,2.0,1.0,9.0,1.0,0.0
16529,2021-12-12,Burnley,West Ham United,0.1882,0.3477,0.4641,0,0,9,7,0.5480103334411975,0.4975727982819079,2,0,0.0,2.0,6.0,0.0,1.0,0,0,16,12,0.9996857792139052,0.5242030005902049,1,0,0.0,2.0,13.0,0.0,1.0
16532,2021-12-12,Leicester City,Newcastle United,0.8223,0.1348,0.0429,4,3,8,5,2.057707946747541,1.1732051894068718,2,0,1.0,0.0,5.0,1.0,1.0,0,0,12,7,0.5119332056492565,0.3219423070549962,3,0,0.0,1.0,10.0,0.0,1.0
16531,2021-12-12,Crystal Palace,Everton,0.5877,0.2329,0.1794,3,2,17,11,2.0986412530764937,1.609996488317847,0,0,1.0,5.0,11.0,0.0,0.0,1,0,12,6,1.3326318049803372,0.5639587929472326,2,0,1.0,0.0,11.0,0.0,0.0
16541,2021-12-14,Norwich City,Aston Villa,0.0307,0.1634,0.8059,0,0,7,5,0.5111954100430012,0.1192102991044519,3,0,0.0,2.0,2.0,0.0,3.0,2,2,17,14,1.9636715184897184,1.866681694984436,1,0,0.0,2.0,15.0,0.0,0.0
16545,2021-12-14,Manchester City,Leeds United,0.9625,0.0336,0.0039,7,5,31,24,3.62922690436244,2.5809871666133404,1,0,2.0,2.0,23.0,0.0,4.0,0,0,6,4,0.2274975003674623,0.1644724970683455,1,0,1.0,0.0,5.0,0.0,0.0
16538,2021-12-15,Brighton,Wolverhampton Wanderers,0.3704,0.3352,0.2944,0,0,12,8,1.2807545214891431,0.9892471963539716,2,0,2.0,1.0,5.0,0.0,4.0,1,1,8,5,1.1173631856217978,0.9204356223344802,0,0,1.0,3.0,4.0,0.0,0.0
16542,2021-12-15,Crystal Palace,Southampton,0.6182,0.2522,0.1296,2,1,9,5,1.5948645919561386,0.8086438998579977,2,0,0.0,0.0,8.0,0.0,1.0,2,1,15,9,0.6251832116395233,0.4555658921599386,4,0,1.0,4.0,6.0,0.0,4.0
16536,2021-12-15,Arsenal,West Ham United,0.9307,0.0568,0.0125,2,2,21,11,2.8396006552502517,1.0722735933959482,2,0,2.0,2.0,16.0,1.0,0.0,0,0,7,4,0.3388553969562052,0.1691919993609188,0,1,1.0,0.0,4.0,0.0,2.0
16543,2021-12-16,Chelsea,Everton,0.9086,0.0747,0.0167,1,1,23,17,3.2031710483133797,2.9168641120195384,2,0,2.0,5.0,10.0,0.0,6.0,1,1,5,3,0.6275287121534345,0.5887597128748893,3,0,0.0,0.0,4.0,0.0,1.0
16544,2021-12-16,Liverpool,Newcastle United,0.9714,0.0264,0.0022,3,1,23,13,3.4877350796014066,1.5377044128254052,1,0,0.0,8.0,14.0,0.0,1.0,1,0,4,1,0.2064001969993112,0.0214687995612621,3,0,1.0,0.0,3.0,0.0,0.0
16548,2021-12-18,Leeds United,Arsenal,0.0393,0.0919,0.8688,1,0,9,6,1.3140779957175257,0.533250395208597,3,0,0.0,1.0,7.0,1.0,0.0,4,3,21,17,3.6911308392882334,3.1220271848142143,1,0,0.0,2.0,18.0,0.0,1.0
16555,2021-12-19,Wolverhampton Wanderers,Chelsea,0.1252,0.4072,0.4676,0,0,4,3,0.3213707022368907,0.2890995899215339,0,0,0.0,1.0,3.0,0.0,0.0,0,0,8,7,0.7939510010182855,0.7237991960719226,2,0,0.0,2.0,5.0,0.0,1.0
16550,2021-12-19,Newcastle United,Manchester City,0.0004,0.0108,0.9888,0,0,5,4,0.174207543954253,0.1543680932372808,1,0,0.0,1.0,3.0,0.0,1.0,4,4,18,17,3.64685894176364,3.6248899698257446,2,0,0.0,6.0,11.0,0.0,1.0
16552,2021-12-19,Tottenham Hotspur,Liverpool,0.6918,0.1901,0.1181,2,1,10,7,2.797768756747246,1.937908984720707,4,0,0.0,2.0,8.0,0.0,0.0,2,2,18,13,1.551817673258483,1.3934156075119968,4,1,0.0,2.0,12.0,0.0,4.0
16560,2021-12-26,Manchester City,Leicester City,0.7058,0.1626,0.1316,6,3,17,9,3.9033937621861696,1.5612669959664345,1,0,1.0,6.0,6.0,2.0,2.0,3,2,14,11,2.447646349668503,1.6533083170652387,2,0,1.0,0.0,12.0,0.0,1.0
16562,2021-12-26,Norwich City,Arsenal,0.0023,0.0273,0.9704,0,0,4,4,0.154212301596999,0.1542125996202229,1,0,0.0,0.0,3.0,0.0,1.0,5,3,16,10,2.9314552322030067,1.195193976163864,2,0,1.0,2.0,12.0,1.0,0.0
16563,2021-12-26,Tottenham Hotspur,Crystal Palace,0.9536,0.0398,0.0066,3,3,17,15,2.8225213810801506,2.7180803958326574,1,0,0.0,2.0,15.0,0.0,0.0,0,0,4,4,0.178323796018958,0.1783242002129554,1,1,0.0,0.0,3.0,0.0,1.0
16564,2021-12-26,West Ham United,Southampton,0.4011,0.312,0.2869,2,2,11,10,1.537452885881066,1.5233960002660751,3,0,0.0,5.0,6.0,0.0,0.0,3,2,11,9,1.3564258180558677,0.5530510954558848,3,0,0.0,1.0,8.0,1.0,1.0
16556,2021-12-26,Aston Villa,Chelsea,0.0139,0.0557,0.9304,0,0,8,6,0.4740287968888876,0.3941219970583914,3,0,0.0,0.0,8.0,0.0,0.0,3,1,10,7,2.8284981809556484,1.2556783109903331,1,0,1.0,0.0,8.0,2.0,0.0
16557,2021-12-26,Brighton,Brentford,0.2916,0.3151,0.3933,2,2,15,9,0.943363212049007,0.7147287987172601,1,0,3.0,1.0,11.0,0.0,0.0,0,0,16,13,1.103420899249613,0.9395559998229144,3,0,0.0,5.0,10.0,0.0,1.0
16561,2021-12-27,Newcastle United,Manchester United,0.232,0.2848,0.4832,1,1,13,8,1.267719577997923,1.0812989138066766,3,0,0.0,0.0,13.0,0.0,0.0,1,0,13,11,1.7654472067952154,1.631860876455903,3,0,0.0,2.0,9.0,0.0,2.0
16569,2021-12-28,Watford,West Ham United,0.0603,0.121,0.8187,1,1,14,8,1.014297623187303,0.7464018948376177,0,0,0.0,2.0,9.0,0.0,3.0,4,3,13,11,2.852803021669388,2.036997377872467,1,0,0.0,1.0,11.0,1.0,0.0
16570,2021-12-28,Crystal Palace,Norwich City,0.8296,0.1241,0.0463,3,2,19,12,2.420913009904325,0.8469079956412314,1,0,0.0,4.0,10.0,1.0,4.0,0,0,12,8,0.594135005958378,0.3819495076313612,2,0,0.0,1.0,9.0,0.0,2.0
16575,2021-12-28,Southampton,Tottenham Hotspur,0.0137,0.062,0.9243,1,0,9,5,0.3530428856611249,0.2383049055933951,2,1,0.0,0.0,9.0,0.0,0.0,1,0,22,16,2.809667352586984,1.881668914109468,2,0,1.0,4.0,15.0,1.0,1.0
16573,2021-12-28,Leicester City,Liverpool,0.0217,0.0898,0.8885,1,1,6,6,0.6158917043358085,0.6158920023590323,0,0,0.0,0.0,6.0,0.0,0.0,0,0,21,13,3.0519967563450336,1.0381408054381605,1,0,0.0,7.0,9.0,1.0,4.0
16568,2021-12-29,Chelsea,Brighton,0.3109,0.3696,0.3195,1,1,11,8,0.763457596302032,0.5654064193367957,4,0,0.0,5.0,6.0,0.0,0.0,1,1,18,13,0.7866291152313348,0.6107825003564353,1,0,1.0,4.0,13.0,0.0,0.0
16567,2021-12-29,Brentford,Manchester City,0.0672,0.2944,0.6384,0,0,6,3,0.2388294269330798,0.1957721933722495,0,0,0.0,2.0,4.0,0.0,0.0,1,1,12,8,1.0188891123980284,0.8484961129724976,0,0,0.0,1.0,11.0,0.0,0.0
16574,2021-12-30,Manchester United,Burnley,0.6178,0.2285,0.1537,2,1,18,13,1.8374055866152048,1.0763547010719774,0,0,1.0,3.0,14.0,0.0,0.0,1,0,10,8,0.8717387765645978,0.7215293049812315,0,0,0.0,2.0,7.0,0.0,2.0
16576,2022-01-01,Arsenal,Manchester City,0.0951,0.2126,0.6923,1,1,7,3,0.8369491100311278,0.2078686021268367,3,1,0.0,1.0,6.0,0.0,0.0,2,0,15,11,1.9889147225767367,0.6763651911169287,2,0,0.0,3.0,10.0,1.0,1.0
16585,2022-01-01,Watford,Tottenham Hotspur,0.0346,0.1376,0.8278,0,0,6,4,0.3035142011940477,0.1591272018849848,0,0,1.0,2.0,3.0,0.0,0.0,1,1,21,17,1.94570193067193,1.7413426786661144,1,0,0.0,2.0,18.0,0.0,1.0
16579,2022-01-01,Crystal Palace,West Ham United,0.4861,0.2291,0.2848,2,1,22,18,2.6962299384176727,2.4728129319846626,0,0,2.0,1.0,19.0,0.0,0.0,3,2,10,5,2.243493504822254,1.194999001920223,2,0,0.0,0.0,9.0,1.0,0.0
16577,2022-01-02,Brentford,Aston Villa,0.1502,0.318,0.5318,2,1,10,7,0.5132094062864779,0.3574228994548319,2,0,0.0,1.0,9.0,0.0,0.0,1,1,16,14,1.1382157206535335,1.0408713035285473,2,0,0.0,3.0,11.0,0.0,2.0
16580,2022-01-02,Everton,Brighton,0.4435,0.2906,0.2659,2,2,17,11,1.826978118158877,0.576192509382963,1,0,0.0,3.0,11.0,1.0,2.0,3,3,12,7,1.4839677046984432,1.3313866965472698,1,0,0.0,3.0,9.0,0.0,0.0
16581,2022-01-02,Leeds United,Burnley,0.642,0.2279,0.1301,3,2,22,18,2.0456439107656474,1.897925082594156,2,0,0.0,4.0,18.0,0.0,0.0,1,0,8,6,0.9604927198961376,0.9017843194305896,1,0,1.0,1.0,6.0,0.0,0.0
16578,2022-01-02,Chelsea,Liverpool,0.26,0.2659,0.4741,2,1,15,9,1.4017325714230535,1.091614196076989,1,0,3.0,1.0,9.0,0.0,2.0,2,1,10,5,1.7889733016490936,0.8098485134541987,2,0,0.0,3.0,7.0,0.0,0.0
16583,2022-01-03,Manchester United,Wolverhampton Wanderers,0.2979,0.3534,0.3487,0,0,9,7,0.768751894123852,0.6682009957730767,3,0,1.0,0.0,8.0,0.0,0.0,1,0,19,14,0.8409252837300298,0.6946363002061842,1,0,1.0,6.0,11.0,0.0,1.0
16551,2022-01-11,Southampton,Brentford,0.6476,0.2451,0.1073,3,3,12,9,1.5930569097399707,1.4053932558745144,0,0,0.0,3.0,9.0,0.0,0.0,1,1,5,4,0.6214649975299834,0.4944126047194003,1,0,0.0,3.0,3.0,0.0,0.0
16554,2022-01-12,West Ham United,Norwich City,0.9379,0.0507,0.0114,2,2,13,12,2.892173182219267,2.7839078214019537,0,0,0.0,3.0,9.0,0.0,1.0,0,0,7,6,0.3433465994894502,0.3180453963577745,0,0,0.0,1.0,6.0,0.0,0.0
16587,2022-01-14,Brighton,Crystal Palace,0.8253,0.1462,0.0285,0,0,19,11,2.180534670129418,1.1891178153455255,0,0,0.0,6.0,12.0,1.0,0.0,1,1,3,3,0.5096802860498428,0.5096802897751329,2,0,0.0,0.0,4.0,0.0,0.0
16590,2022-01-15,Manchester City,Chelsea,0.3931,0.3805,0.2264,1,1,11,9,0.90170328784734,0.8482162747532126,0,0,1.0,1.0,9.0,0.0,0.0,0,0,4,3,0.630643995478749,0.5928086955100296,2,0,0.0,0.0,4.0,0.0,0.0
16591,2022-01-15,Newcastle United,Watford,0.245,0.2696,0.4854,1,0,12,8,1.0385465174913404,0.7902575219050049,3,0,0.0,3.0,7.0,0.0,2.0,1,1,18,13,1.4988719755783677,1.3245007181540127,2,0,2.0,3.0,11.0,0.0,2.0
16592,2022-01-15,Norwich City,Everton,0.5033,0.3336,0.1631,1,1,13,6,1.001533020287752,0.8154780976474284,3,0,0.0,5.0,6.0,0.0,2.0,1,0,12,6,0.5410270933061834,0.3173016048967836,1,0,1.0,3.0,8.0,0.0,1.0
16595,2022-01-15,Wolverhampton Wanderers,Southampton,0.763,0.1674,0.0696,3,1,9,5,2.3837365806102757,0.6956250965595244,2,0,0.0,0.0,6.0,1.0,2.0,1,0,13,9,0.9273664923384785,0.7754532052204011,3,0,2.0,2.0,8.0,0.0,1.0
16586,2022-01-15,Aston Villa,Manchester United,0.4953,0.2638,0.2409,2,1,13,12,1.827837198972702,1.4526894986629482,1,0,0.0,2.0,9.0,0.0,2.0,2,2,13,8,1.3543743044137957,0.679263614118099,2,0,1.0,0.0,10.0,0.0,2.0
16589,2022-01-16,Liverpool,Brentford,0.9546,0.0376,0.0078,3,3,27,18,3.4967054612934585,2.641222327947616,0,0,0.0,6.0,19.0,0.0,2.0,0,0,6,5,0.3766556037589905,0.3667056960985061,1,0,0.0,0.0,6.0,0.0,0.0
16594,2022-01-16,West Ham United,Leeds United,0.3868,0.2689,0.3443,2,2,15,11,2.354901220649481,1.393575847148895,3,0,0.0,4.0,11.0,0.0,0.0,3,3,18,15,2.33749870955944,2.202847020700574,2,0,2.0,2.0,12.0,0.0,2.0
16607,2022-01-18,Brighton,Chelsea,0.3731,0.382,0.2449,1,1,9,7,0.747556798160076,0.6327403858304023,1,0,0.0,1.0,8.0,0.0,0.0,1,1,15,9,0.5741335069760675,0.4015713967382905,2,0,1.0,2.0,12.0,0.0,0.0
16540,2022-01-19,Leicester City,Tottenham Hotspur,0.0659,0.1079,0.8262,2,1,13,7,1.9503120202571151,1.2523992843925953,1,0,0.0,3.0,9.0,0.0,1.0,3,3,27,19,4.29586123675108,2.742301434278488,2,0,1.0,7.0,19.0,0.0,0.0
16537,2022-01-19,Brentford,Manchester United,0.3775,0.2449,0.3776,1,1,18,12,2.0810008756816383,1.806106507778168,0,0,0.0,4.0,13.0,0.0,1.0,3,3,13,9,2.0596938803792,1.9992559775710104,0,0,0.0,3.0,9.0,0.0,1.0
16605,2022-01-21,Watford,Norwich City,0.4434,0.3179,0.2387,0,0,15,11,1.3283302187919612,0.8335797060281035,0,1,0.0,2.0,12.0,0.0,2.0,2,2,7,5,0.925212487578392,0.8220891207456589,1,0,1.0,1.0,5.0,0.0,0.0
16600,2022-01-22,Everton,Aston Villa,0.453,0.3178,0.2292,0,0,15,11,1.2383968047797678,1.0339182168245311,5,0,2.0,5.0,8.0,0.0,0.0,1,1,8,5,0.8602446950972078,0.6520588938146828,4,0,2.0,1.0,4.0,0.0,1.0
16597,2022-01-22,Brentford,Wolverhampton Wanderers,0.4573,0.444,0.0987,1,1,11,7,0.7425725199282167,0.3849199973046776,2,0,1.0,3.0,5.0,0.0,2.0,2,2,7,5,0.2182109989225863,0.1902839001268147,3,0,0.0,0.0,7.0,0.0,0.0
16601,2022-01-22,Leeds United,Newcastle United,0.3454,0.3061,0.3485,0,0,13,6,1.1441935189068315,0.6248449012637136,4,0,0.0,4.0,9.0,0.0,0.0,1,0,15,9,1.1655578091740604,0.8815461844205854,2,0,1.0,1.0,13.0,0.0,0.0
16603,2022-01-22,Manchester United,West Ham United,0.876,0.11,0.014,1,1,18,15,1.7585630780085917,1.606339011341333,1,0,1.0,1.0,15.0,0.0,1.0,0,0,6,3,0.2380276005715129,0.0958079006522893,1,0,0.0,2.0,4.0,0.0,0.0
16604,2022-01-22,Southampton,Manchester City,0.1829,0.298,0.5191,1,1,7,4,1.2252159724012015,0.2234734967350958,3,0,0.0,3.0,3.0,0.0,1.0,1,1,20,15,1.6334053985774517,1.4262044150382278,0,0,0.0,6.0,13.0,0.0,1.0
16596,2022-01-23,Arsenal,Burnley,0.6339,0.2698,0.0963,0,0,20,16,1.3673240970820184,1.1558860782533882,0,0,2.0,4.0,14.0,0.0,0.0,0,0,10,9,0.3889622054994104,0.3763210931792853,2,0,0.0,1.0,7.0,0.0,2.0
16599,2022-01-23,Crystal Palace,Liverpool,0.3937,0.2946,0.3117,1,1,8,5,1.626152455806732,1.4166005104780195,4,0,0.0,0.0,8.0,0.0,0.0,3,2,15,11,1.4983440786600113,0.67358448728919,1,0,0.0,2.0,12.0,1.0,0.0
16602,2022-01-23,Leicester City,Brighton,0.5104,0.2678,0.2218,1,0,15,8,2.015146791934967,0.7477895803749559,0,0,1.0,3.0,11.0,0.0,0.0,1,1,14,11,1.1973808994516726,1.032336415722966,1,0,0.0,2.0,12.0,0.0,0.0
16598,2022-01-23,Chelsea,Tottenham Hotspur,0.5568,0.3318,0.1114,2,2,15,13,1.0459049940109253,0.9889340959489344,2,0,0.0,2.0,12.0,0.0,1.0,0,0,6,6,0.3288187980651854,0.3288181982934474,1,0,0.0,1.0,5.0,0.0,0.0
16539,2022-02-05,Burnley,Watford,0.2769,0.346,0.3771,0,0,13,7,0.7671950086951252,0.4998044185340402,1,0,1.0,0.0,12.0,0.0,0.0,0,0,11,11,0.933964705094695,0.9339651064947244,2,0,0.0,1.0,10.0,0.0,0.0
16610,2022-02-08,West Ham United,Watford,0.533,0.3591,0.1079,1,1,9,7,1.0066907200962305,0.7053979840129612,1,0,0.0,1.0,8.0,0.0,0.0,0,0,6,5,0.3354735970497129,0.3259889986366031,0,0,0.0,0.0,6.0,0.0,0.0
16612,2022-02-08,Newcastle United,Everton,0.8331,0.1233,0.0436,2,0,20,12,2.742040440440177,1.4752517938613892,2,0,1.0,6.0,11.0,0.0,3.0,0,0,11,9,0.8246654970571394,0.7538010030984877,3,0,1.0,3.0,6.0,0.0,2.0
16608,2022-02-08,Burnley,Manchester United,0.1167,0.2366,0.6467,1,1,9,4,0.7727216854691503,0.6946128010749817,2,0,0.0,1.0,5.0,0.0,3.0,1,1,22,18,1.8405133858323093,1.1104900166392324,1,0,0.0,5.0,17.0,0.0,0.0
16609,2022-02-09,Norwich City,Crystal Palace,0.0558,0.2461,0.6981,1,1,5,4,0.2964111901819705,0.1988613940775392,1,0,0.0,2.0,3.0,0.0,0.0,1,1,13,6,1.2288309223949907,0.2123574055731295,2,0,1.0,3.0,8.0,1.0,0.0
16613,2022-02-09,Tottenham Hotspur,Southampton,0.3729,0.2694,0.3577,1,1,8,7,1.7428639195859432,1.6990755908191202,2,0,0.0,0.0,7.0,0.0,1.0,3,3,23,15,1.7337569026276467,1.5163724049925802,3,0,0.0,7.0,16.0,0.0,1.0
16615,2022-02-09,Manchester City,Brentford,0.7981,0.1558,0.0461,2,0,15,10,2.0016909521073103,0.7532668076455592,0,0,0.0,3.0,10.0,1.0,1.0,0,0,6,4,0.4613041114062069,0.4274895116686819,0,0,0.0,2.0,4.0,0.0,0.0
16606,2022-02-09,Aston Villa,Leeds United,0.1454,0.2112,0.6434,3,3,12,10,1.519913707859814,1.278054406866431,1,1,0.0,3.0,9.0,0.0,0.0,3,1,16,11,2.549878165125847,0.993760712444782,3,0,0.0,6.0,10.0,0.0,0.0
16611,2022-02-10,Wolverhampton Wanderers,Arsenal,0.104,0.2477,0.6483,0,0,15,10,0.6413590013980861,0.3974507022649048,2,0,2.0,3.0,10.0,0.0,0.0,1,1,12,9,1.583998231217265,1.4800589755177498,3,1,0.0,4.0,8.0,0.0,0.0
16614,2022-02-10,Liverpool,Leicester City,0.8752,0.0992,0.0256,2,1,22,14,2.74695457611233,1.2432075263932345,1,0,0.0,5.0,15.0,0.0,2.0,0,0,5,4,0.5449545122683047,0.4908671006560324,0,0,1.0,1.0,3.0,0.0,0.0
16621,2022-02-12,Manchester United,Southampton,0.9063,0.0701,0.0236,1,1,12,10,3.046752132475376,2.926929257810116,4,0,0.0,1.0,7.0,0.0,4.0,1,1,13,11,0.6773856906220312,0.5759026044979688,0,0,0.0,1.0,12.0,0.0,0.0
16616,2022-02-12,Brentford,Crystal Palace,0.8021,0.1551,0.0428,0,0,9,7,1.9757652916014192,1.9512058794498444,1,0,0.0,1.0,8.0,0.0,0.0,0,0,6,6,0.498019281774759,0.4980193022638555,0,0,0.0,1.0,4.0,0.0,1.0
16619,2022-02-12,Everton,Leeds United,0.938,0.0539,0.0081,3,2,21,17,2.591783985495567,1.2481683082878583,1,0,0.0,1.0,20.0,0.0,0.0,0,0,7,6,0.2426683939993379,0.1711816973984239,1,0,0.0,1.0,6.0,0.0,0.0
16625,2022-02-12,Watford,Brighton,0.0579,0.1835,0.7586,0,0,9,6,0.53297870606184,0.2583872973918913,3,0,1.0,3.0,4.0,0.0,1.0,2,1,11,7,2.146672144532204,1.110688703134656,2,0,0.0,3.0,6.0,0.0,2.0
16623,2022-02-12,Norwich City,Manchester City,0.0008,0.0051,0.9941,0,0,8,8,0.3567547015845773,0.3567544035613534,0,0,0.0,3.0,4.0,0.0,1.0,4,2,22,18,5.354576259851456,3.351917587220669,2,0,0.0,7.0,12.0,1.0,2.0
16617,2022-02-13,Burnley,Liverpool,0.1124,0.2695,0.6181,0,0,8,8,1.16081178933382,1.1608118116855617,0,0,0.0,1.0,6.0,0.0,1.0,1,0,12,8,2.8371783699840307,1.233153887093067,1,0,0.0,5.0,5.0,0.0,2.0
16622,2022-02-13,Newcastle United,Aston Villa,0.2938,0.4633,0.2429,1,0,10,7,0.5275707002729173,0.287772601470351,3,0,1.0,2.0,7.0,0.0,0.0,0,0,11,9,0.4552054945379492,0.3967601954936979,4,0,1.0,2.0,8.0,0.0,0.0
16624,2022-02-13,Tottenham Hotspur,Wolverhampton Wanderers,0.1087,0.2126,0.6787,0,0,17,12,0.8381960121914742,0.5314939096570012,3,0,2.0,3.0,11.0,0.0,1.0,2,0,11,6,1.9690935984253883,0.8468300029635427,1,0,0.0,1.0,7.0,0.0,3.0
16620,2022-02-13,Leicester City,West Ham United,0.5533,0.2898,0.1569,2,1,13,10,1.4069299027323718,0.5338986087590453,1,0,0.0,0.0,11.0,1.0,1.0,2,2,8,4,0.7450685948133466,0.575128987431526,2,0,0.0,2.0,6.0,0.0,0.0
16549,2022-02-15,Manchester United,Brighton,0.7164,0.1755,0.1081,2,2,19,15,2.7507403995841737,2.5473538916558027,3,0,2.0,4.0,11.0,0.0,2.0,0,0,10,8,1.261790920048952,1.1996281053870912,1,1,0.0,1.0,9.0,0.0,0.0
16634,2022-02-19,West Ham United,Newcastle United,0.3023,0.3338,0.3639,1,1,11,9,0.8479489833116528,0.7556895092129704,3,0,0.0,2.0,8.0,0.0,1.0,1,0,14,10,0.9343609958887098,0.7377160899341105,3,0,0.0,6.0,7.0,0.0,1.0
16626,2022-02-19,Arsenal,Brentford,0.5994,0.2707,0.1299,2,2,24,14,1.572636505588889,0.7845000904053446,1,0,0.0,5.0,19.0,0.0,0.0,1,1,6,4,0.6407259963452815,0.5575374104082583,1,0,0.0,0.0,4.0,0.0,2.0
16627,2022-02-19,Aston Villa,Watford,0.1601,0.2347,0.6052,0,0,20,18,1.026699904352426,0.9409578833729024,1,0,1.0,2.0,17.0,0.0,0.0,1,1,8,7,1.8205086756497624,1.7944890800863502,2,0,0.0,0.0,8.0,0.0,0.0
16628,2022-02-19,Brighton,Burnley,0.1732,0.3904,0.4364,0,0,11,8,0.4463058933615682,0.3618621993809937,1,0,0.0,0.0,9.0,0.0,2.0,3,3,10,9,0.8212285060435531,0.7658074926584957,4,0,0.0,0.0,9.0,0.0,1.0
16629,2022-02-19,Crystal Palace,Chelsea,0.1768,0.3128,0.5104,0,0,7,6,0.6240229066461322,0.5925859902054069,1,0,0.0,1.0,6.0,0.0,0.0,1,1,9,6,1.1243124343454838,0.612807998433709,3,0,1.0,0.0,7.0,0.0,1.0
16631,2022-02-19,Liverpool,Norwich City,0.8884,0.0846,0.027,3,3,29,25,3.154493082314729,3.036427322775125,0,0,0.0,3.0,26.0,0.0,0.0,1,1,6,5,0.6697498112916946,0.6529879178851842,1,0,0.0,2.0,3.0,0.0,1.0
16633,2022-02-19,Southampton,Everton,0.9461,0.0472,0.0067,2,2,19,17,2.728512873873114,2.6377940867096186,0,0,1.0,1.0,16.0,0.0,1.0,0,0,9,4,0.2006289577111599,0.0839658994227646,2,0,0.0,0.0,9.0,0.0,0.0
16632,2022-02-19,Manchester City,Tottenham Hotspur,0.4423,0.2534,0.3043,2,0,21,11,2.317730661481619,0.7049765102565285,0,0,0.0,5.0,15.0,1.0,0.0,3,3,6,6,2.0023477114737034,2.0023479759693146,3,0,0.0,0.0,6.0,0.0,0.0
16630,2022-02-20,Leeds United,Manchester United,0.1986,0.2134,0.588,2,2,16,14,1.7447611186653376,1.6808872846886511,6,0,0.0,0.0,15.0,0.0,1.0,4,4,15,12,2.615079138427973,2.4691908080130816,3,0,0.0,1.0,14.0,0.0,0.0
16635,2022-02-20,Wolverhampton Wanderers,Leicester City,0.0684,0.2026,0.729,2,2,11,9,0.4727764986455436,0.3693073000758883,4,0,1.0,5.0,4.0,0.0,1.0,1,1,17,10,1.5504726395010946,1.3154583945870395,4,0,1.0,1.0,13.0,0.0,2.0
16499,2022-02-23,Burnley,Tottenham Hotspur,0.6341,0.2428,0.1231,1,1,15,13,1.6233248449862003,1.4903013817965984,0,0,0.0,4.0,7.0,0.0,4.0,0,0,12,12,0.6916546039283272,0.6916542910039425,0,0,0.0,2.0,9.0,0.0,1.0
16553,2022-02-23,Watford,Crystal Palace,0.6465,0.2321,0.1214,1,1,8,8,1.7191717866808174,1.719173118472099,2,0,0.0,3.0,4.0,0.0,1.0,4,3,7,6,0.8184036873281001,0.7499809786677359,1,0,0.0,0.0,7.0,0.0,0.0
16559,2022-02-23,Liverpool,Leeds United,0.9989,0.0009,0.0002,6,3,23,17,5.330300979316236,2.66403703391552,0,0,0.0,2.0,18.0,2.0,1.0,0,0,3,2,0.1415471006184814,0.1224960014224051,3,0,0.0,0.0,3.0,0.0,0.0
16566,2022-02-24,Arsenal,Wolverhampton Wanderers,0.6983,0.1833,0.1184,1,1,26,21,2.5096077769994736,2.2060664966702457,1,0,1.0,2.0,21.0,0.0,2.0,1,0,6,4,1.1093442104756832,0.7995456978678703,1,0,0.0,1.0,6.0,0.0,0.0
16644,2022-02-25,Southampton,Norwich City,0.9377,0.0517,0.0106,2,0,27,15,3.170569028705358,1.8108660131692884,1,0,1.0,8.0,17.0,0.0,1.0,0,0,8,5,0.4263130109757183,0.2830364052206276,2,0,0.0,1.0,6.0,0.0,1.0
16642,2022-02-26,Leeds United,Tottenham Hotspur,0.2622,0.2219,0.5159,0,0,19,12,1.896111214533448,1.047586917877197,4,0,1.0,0.0,13.0,0.0,5.0,4,4,15,13,2.6341163180768485,2.1547525990754366,2,0,0.0,1.0,13.0,0.0,1.0
16637,2022-02-26,Brentford,Newcastle United,0.0526,0.1455,0.8019,0,0,6,5,0.4942317977547645,0.461372897028923,3,1,0.0,1.0,4.0,0.0,1.0,2,2,26,20,2.2872287016361947,1.843138303607702,1,0,2.0,3.0,20.0,0.0,1.0
16640,2022-02-26,Crystal Palace,Burnley,0.6096,0.3126,0.0778,1,1,11,8,1.0376499174162743,0.9391756933182476,0,0,2.0,1.0,9.0,0.0,0.0,0,0,5,2,0.2563693057745693,0.1993617042899131,2,0,0.0,3.0,1.0,0.0,1.0
16643,2022-02-26,Manchester United,Watford,0.8563,0.11,0.0337,0,0,22,20,2.41457297001034,2.290114425122737,0,0,1.0,2.0,18.0,0.0,1.0,0,0,10,6,0.4374631913378832,0.3730396926403044,0,0,0.0,3.0,7.0,0.0,0.0
16638,2022-02-26,Brighton,Aston Villa,0.1398,0.2854,0.5748,0,0,12,7,0.6275046896189447,0.5134653039276597,4,0,0.0,3.0,9.0,0.0,0.0,2,1,9,5,1.3026980161666868,0.4720188938081261,5,0,1.0,1.0,5.0,0.0,2.0
16641,2022-02-26,Everton,Manchester City,0.0832,0.2007,0.7161,0,0,6,5,0.7708187103271483,0.7207000926136969,3,0,1.0,0.0,5.0,0.0,0.0,1,0,13,8,1.949282392859459,0.8974649831652639,2,0,0.0,1.0,12.0,0.0,0.0
16645,2022-02-27,West Ham United,Wolverhampton Wanderers,0.5753,0.2599,0.1648,1,1,13,11,1.6224069688469167,1.5178777966648338,1,0,1.0,3.0,9.0,0.0,0.0,0,0,14,12,0.8920178841799494,0.7762723937630652,0,0,0.0,0.0,12.0,0.0,2.0
16588,2022-03-01,Burnley,Leicester City,0.1832,0.2556,0.5612,0,0,9,5,1.04214019048959,0.3676388040184973,1,0,0.0,2.0,5.0,0.0,2.0,2,2,22,12,1.8046007119119165,0.9494977835565804,1,0,1.0,6.0,13.0,0.0,2.0
16648,2022-03-05,Leicester City,Leeds United,0.0357,0.1297,0.8346,1,1,7,6,0.3591285943984983,0.3392423987388608,1,0,0.0,2.0,5.0,0.0,0.0,0,0,19,15,2.149364791810512,1.6226286143064497,2,0,0.0,7.0,12.0,0.0,0.0
16646,2022-03-05,Aston Villa,Southampton,0.7295,0.1611,0.1094,4,4,14,13,2.8537908010184765,2.791567981243133,1,0,0.0,2.0,10.0,0.0,2.0,0,0,11,9,1.329467295669019,1.265810903161764,1,0,1.0,2.0,8.0,0.0,0.0
16647,2022-03-05,Burnley,Chelsea,0.0457,0.1645,0.7898,0,0,6,3,0.855532195419073,0.2337416075170039,2,0,1.0,0.0,4.0,0.0,1.0,4,3,11,10,2.286804970353842,1.6398276332765815,0,0,0.0,0.0,11.0,0.0,0.0
16651,2022-03-05,Newcastle United,Brighton,0.3317,0.3001,0.3682,2,1,10,7,1.915361080318689,1.144766382873058,1,0,0.0,1.0,7.0,0.0,2.0,1,1,15,12,1.6517636999487877,1.5559954158961768,1,0,0.0,5.0,8.0,0.0,2.0
16652,2022-03-05,Norwich City,Brentford,0.0623,0.1576,0.7801,1,1,15,10,0.7874320028349754,0.5136454906314608,2,0,0.0,2.0,13.0,0.0,0.0,3,1,10,5,2.220643891021609,0.5499025061726568,5,0,0.0,3.0,5.0,2.0,0.0
16655,2022-03-05,Wolverhampton Wanderers,Crystal Palace,0.0251,0.1048,0.8701,0,0,12,9,0.710866110399365,0.6318440064787861,0,0,0.0,2.0,9.0,0.0,1.0,2,0,12,8,2.6912110671401024,0.8061635792255399,3,0,0.0,1.0,10.0,1.0,0.0
16649,2022-03-05,Liverpool,West Ham United,0.584,0.2236,0.1924,1,1,22,17,2.210363920778036,1.7926315516233442,2,0,1.0,0.0,19.0,0.0,2.0,0,0,13,8,1.3474830016493795,0.9521060157567262,1,0,0.0,2.0,11.0,0.0,0.0
16654,2022-03-06,Watford,Arsenal,0.4352,0.2822,0.2826,2,2,13,10,1.2960252575576303,1.1775392871350048,1,0,2.0,0.0,10.0,0.0,1.0,3,3,16,14,1.0045713912695642,0.9379671774804588,2,0,0.0,3.0,13.0,0.0,0.0
16650,2022-03-06,Manchester City,Manchester United,0.9161,0.0698,0.0141,4,3,24,16,3.025024577975273,2.0041497126221657,0,0,1.0,3.0,18.0,0.0,2.0,1,1,5,2,0.3617828097194432,0.1352014988660811,1,0,0.0,1.0,4.0,0.0,0.0
16653,2022-03-07,Tottenham Hotspur,Everton,0.9667,0.0292,0.0041,4,4,14,13,3.362260788679123,3.0297268852591515,2,0,0.0,2.0,11.0,0.0,1.0,0,0,6,5,0.2082630014047024,0.1635829992592334,0,0,1.0,0.0,6.0,0.0,0.0
16565,2022-03-10,Wolverhampton Wanderers,Watford,0.6761,0.232,0.0919,3,2,10,7,1.5503723099827764,1.3387060090899463,2,0,0.0,1.0,9.0,0.0,0.0,0,0,9,5,0.4996105115860699,0.3368674106895922,2,0,2.0,0.0,7.0,0.0,1.0
16584,2022-03-10,Southampton,Newcastle United,0.6582,0.2201,0.1217,1,0,14,9,1.821237398311496,0.9963543992489576,1,0,0.0,5.0,9.0,0.0,0.0,2,2,8,6,0.8141910973936316,0.7199048977345224,1,0,0.0,1.0,6.0,0.0,1.0
16672,2022-03-10,Norwich City,Chelsea,0.1051,0.2256,0.6693,1,0,8,4,0.9657236225903032,0.147134401835501,0,0,0.0,1.0,5.0,1.0,1.0,3,3,15,11,2.1307962145656347,1.8267737179994583,2,0,1.0,4.0,10.0,0.0,0.0
16572,2022-03-10,Leeds United,Aston Villa,0.0501,0.2776,0.6723,0,0,4,3,0.1940279025584457,0.1643580999225375,5,0,0.0,0.0,4.0,0.0,0.0,3,3,15,13,1.272903203964233,1.085039291530847,3,0,1.0,0.0,11.0,0.0,3.0
16658,2022-03-12,Brighton,Liverpool,0.0461,0.129,0.8249,0,0,8,8,0.629316186532378,0.6293161977082489,3,0,0.0,0.0,8.0,0.0,0.0,2,1,18,10,2.494301158934832,1.225762978196144,1,0,0.0,3.0,13.0,1.0,1.0
16657,2022-03-12,Brentford,Burnley,0.6573,0.2307,0.112,2,1,13,9,1.820018446072936,0.9576651155948638,1,0,0.0,1.0,11.0,1.0,0.0,0,0,7,3,0.8253109175711868,0.3605654910206792,1,1,1.0,1.0,5.0,0.0,0.0
16663,2022-03-12,Manchester United,Tottenham Hotspur,0.181,0.2835,0.5355,3,3,10,9,1.018103089183569,0.9815661832690238,2,0,0.0,1.0,9.0,0.0,1.0,1,0,10,7,1.6237396113574505,0.7774421013891695,1,0,1.0,2.0,6.0,1.0,0.0
16659,2022-03-13,Chelsea,Newcastle United,0.6359,0.2889,0.0752,1,1,8,6,1.0707161892205477,0.9985096901655196,4,0,1.0,2.0,5.0,0.0,0.0,0,0,7,4,0.2469516005367037,0.1282790005207059,3,0,0.0,1.0,3.0,0.0,3.0
16661,2022-03-13,Everton,Wolverhampton Wanderers,0.1826,0.4282,0.3892,0,0,8,6,0.3972685998305676,0.3115700036287305,1,1,1.0,1.0,6.0,0.0,0.0,1,1,14,11,0.7121351957321163,0.6331335995346304,1,0,0.0,2.0,10.0,0.0,2.0
16662,2022-03-13,Leeds United,Norwich City,0.7975,0.1353,0.0672,2,2,13,10,3.318431407213211,2.783133901655674,3,0,1.0,3.0,9.0,0.0,0.0,1,1,12,5,1.4031447824090717,1.0904883109033106,1,0,1.0,1.0,9.0,0.0,1.0
16664,2022-03-13,Southampton,Watford,0.3447,0.301,0.3543,1,1,13,10,1.2569625992327926,1.1073594838380811,3,0,1.0,4.0,4.0,0.0,4.0,2,1,9,7,1.2938448041677475,0.9298675917088984,2,0,0.0,0.0,9.0,0.0,0.0
16665,2022-03-13,West Ham United,Aston Villa,0.5163,0.2757,0.208,2,2,11,9,1.584676306694746,0.9222594210878012,1,0,0.0,3.0,8.0,0.0,0.0,1,1,13,10,1.0604288186877964,0.8993551116436718,0,0,1.0,5.0,7.0,0.0,0.0
16656,2022-03-13,Arsenal,Leicester City,0.9049,0.0764,0.0187,2,1,21,16,2.9366496503353114,1.3668381907045837,0,0,0.0,1.0,16.0,1.0,3.0,0,0,6,5,0.5491106025874612,0.510791316628456,3,0,0.0,1.0,4.0,0.0,1.0
16660,2022-03-14,Crystal Palace,Manchester City,0.0494,0.1491,0.8015,0,0,7,5,0.4740018062293527,0.393461402505636,3,0,0.0,1.0,6.0,0.0,0.0,0,0,18,13,2.051283608190715,1.4333324171602724,1,0,0.0,4.0,13.0,0.0,1.0
16528,2022-03-16,Brighton,Tottenham Hotspur,0.1605,0.2169,0.6226,0,0,15,10,1.0489812102168796,0.8915314879268404,2,0,0.0,3.0,12.0,0.0,0.0,2,2,17,14,2.060654755681753,1.3539552967995403,2,0,1.0,0.0,16.0,0.0,0.0
16636,2022-03-16,Arsenal,Liverpool,0.0976,0.2918,0.6106,0,0,9,7,0.5342649929225441,0.4744219072163103,0,0,0.0,1.0,8.0,0.0,0.0,2,2,9,7,1.2791117094457147,1.2315469980239868,1,0,0.0,3.0,6.0,0.0,0.0
16571,2022-03-17,Everton,Newcastle United,0.3027,0.379,0.3183,1,1,9,5,0.7117120064795015,0.5370945073664186,2,1,1.0,3.0,5.0,0.0,0.0,0,0,17,11,0.7609153026714918,0.5649508135393259,1,0,1.0,4.0,10.0,0.0,2.0
16675,2022-03-18,Wolverhampton Wanderers,Leeds United,0.0922,0.1545,0.7533,2,2,14,12,1.2407458070665591,1.2191869709640737,1,1,0.0,0.0,11.0,0.0,3.0,3,1,15,9,2.880422137677669,2.0174692142754798,4,0,1.0,2.0,11.0,0.0,1.0
16666,2022-03-19,Aston Villa,Arsenal,0.0769,0.2868,0.6363,0,0,8,4,0.3093753978610036,0.1353537021204827,3,0,2.0,1.0,5.0,0.0,0.0,1,0,10,8,1.1452231109142303,1.022703766822815,3,0,0.0,1.0,8.0,0.0,1.0
16668,2022-03-20,Leicester City,Brentford,0.252,0.2548,0.4932,2,1,12,9,1.278648991137743,1.0570978187024591,1,0,1.0,0.0,9.0,0.0,2.0,1,1,15,11,1.7275467980653043,1.541181996464729,2,0,0.0,3.0,12.0,0.0,0.0
16673,2022-03-20,Tottenham Hotspur,West Ham United,0.8351,0.1195,0.0454,2,2,17,14,2.5513185188174243,2.398478472605347,0,0,0.0,0.0,15.0,0.0,2.0,1,1,6,4,0.654394008219242,0.5820591039955615,1,0,0.0,2.0,5.0,0.0,0.0
16680,2022-04-02,Liverpool,Watford,0.7652,0.1699,0.0649,2,1,20,15,2.237678749486804,1.3467591777443884,1,0,0.0,6.0,11.0,1.0,2.0,0,0,5,5,0.7533075176179407,0.7533075176179406,1,0,0.0,1.0,4.0,0.0,0.0
16676,2022-04-02,Wolverhampton Wanderers,Aston Villa,0.2791,0.2878,0.4331,1,0,11,5,1.8352401107549663,0.6986575052142142,4,0,0.0,0.0,10.0,0.0,1.0,1,0,15,10,1.912566273473203,0.9973629117012022,3,0,1.0,3.0,9.0,1.0,2.0
16681,2022-04-02,Leeds United,Southampton,0.2164,0.2597,0.5239,1,0,12,8,1.5093942806124685,0.8064594976603983,1,0,0.0,1.0,11.0,0.0,0.0,1,0,14,11,2.0638716276735067,1.2054313756525514,1,0,1.0,4.0,8.0,0.0,1.0
16683,2022-04-02,Chelsea,Brentford,0.1611,0.188,0.6509,1,1,21,17,1.2901415247470136,1.1370262131094928,0,0,0.0,6.0,14.0,0.0,1.0,4,3,17,10,2.4472635239362712,1.8101763129234316,0,0,1.0,5.0,8.0,0.0,3.0
16684,2022-04-02,Burnley,Manchester City,0.009,0.1616,0.8294,0,0,3,3,0.0591222997754811,0.0591223994269966,1,0,0.0,1.0,2.0,0.0,0.0,2,2,18,15,1.6597783099859948,1.1939322762191291,0,0,0.0,2.0,15.0,0.0,1.0
16685,2022-04-02,Brighton,Norwich City,0.8485,0.1194,0.0321,0,0,31,21,2.4001417756080623,1.2422120049595833,1,0,1.0,9.0,19.0,1.0,1.0,0,0,6,3,0.4941124971956012,0.3984976978972553,1,0,0.0,0.0,6.0,0.0,0.0
16679,2022-04-02,Manchester United,Leicester City,0.2852,0.3279,0.3869,1,0,11,10,0.9270126018673178,0.4716011360287664,2,0,0.0,2.0,9.0,0.0,0.0,1,1,11,10,1.0763759817928074,0.7541920989751812,2,0,0.0,0.0,9.0,0.0,2.0
16677,2022-04-03,West Ham United,Everton,0.6251,0.2475,0.1274,2,0,11,8,1.6275562159717083,1.0378493033349512,1,0,2.0,1.0,8.0,0.0,0.0,1,1,13,11,0.6578451003879306,0.5345025006681678,1,1,0.0,1.0,11.0,0.0,1.0
16678,2022-04-03,Tottenham Hotspur,Newcastle United,0.9481,0.0412,0.0107,5,4,19,17,3.608093570917844,2.8900373112410307,2,0,1.0,2.0,16.0,0.0,0.0,1,0,8,4,0.5381515957415101,0.247782204300165,3,0,1.0,1.0,6.0,0.0,0.0
16682,2022-04-04,Crystal Palace,Arsenal,0.4606,0.3009,0.2385,3,2,6,4,1.3970750272274015,0.5515077915042638,0,0,1.0,0.0,3.0,1.0,1.0,0,0,12,10,1.0519856028258798,0.7364163156598803,2,0,0.0,1.0,11.0,0.0,0.0
16558,2022-04-06,Burnley,Everton,0.3419,0.2811,0.377,3,3,13,8,2.2478868737816806,2.027658861130476,2,0,0.0,1.0,10.0,0.0,2.0,2,0,16,11,2.315739713609218,0.6050255056470629,2,0,0.0,1.0,13.0,2.0,0.0
16689,2022-04-08,Newcastle United,Wolverhampton Wanderers,0.755,0.1963,0.0487,1,0,12,7,1.439911318942904,0.4122965000569817,1,0,1.0,0.0,7.0,1.0,3.0,0,0,5,2,0.3068674020469188,0.1417275965213775,1,0,0.0,0.0,5.0,0.0,0.0
16692,2022-04-09,Everton,Manchester United,0.1532,0.4059,0.4409,1,0,7,5,0.3572950921952723,0.2919331993907688,2,0,0.0,2.0,4.0,0.0,1.0,0,0,12,10,0.7623579949140544,0.6600279100239275,2,0,0.0,3.0,8.0,0.0,1.0
16686,2022-04-09,Watford,Leeds United,0.3941,0.3534,0.2525,0,0,8,5,1.0742149818688629,0.9714115839451548,2,0,1.0,1.0,5.0,0.0,1.0,3,2,10,7,0.8956117816269397,0.3680502921342848,0,0,0.0,4.0,6.0,0.0,0.0
16687,2022-04-09,Southampton,Chelsea,0.0014,0.0138,0.9848,0,0,4,4,0.5647249799221753,0.5647256877273319,1,0,0.0,1.0,3.0,0.0,0.0,6,1,24,16,4.866811914369464,2.0955401007086034,0,0,0.0,1.0,22.0,0.0,1.0
16695,2022-04-09,Arsenal,Brighton,0.8228,0.1343,0.0429,1,1,20,15,2.399985464289784,1.5044983932748437,3,0,2.0,5.0,12.0,0.0,1.0,2,2,8,6,0.5961049841716884,0.5047634067013858,4,0,0.0,1.0,7.0,0.0,0.0
16694,2022-04-09,Aston Villa,Tottenham Hotspur,0.4892,0.2806,0.2302,0,0,19,14,1.4871237073093648,1.1690381839871404,2,0,1.0,7.0,9.0,0.0,2.0,4,3,11,6,0.988404508680105,0.8152490258216857,3,0,0.0,2.0,9.0,0.0,0.0
16688,2022-04-10,Norwich City,Burnley,0.4191,0.2754,0.3055,2,1,17,16,1.7048767162486906,1.6515793595463035,1,0,0.0,3.0,11.0,0.0,3.0,0,0,18,11,1.4489036612212656,1.1222172938287256,1,0,1.0,4.0,12.0,0.0,1.0
16691,2022-04-10,Leicester City,Crystal Palace,0.1683,0.2787,0.553,2,2,12,8,0.8792359866201875,0.578128598630428,1,0,2.0,2.0,8.0,0.0,0.0,1,0,11,9,1.816659666597843,0.6758218929171559,1,0,0.0,2.0,6.0,1.0,2.0
16693,2022-04-10,Brentford,West Ham United,0.8373,0.1364,0.0263,2,2,15,13,1.8553407564759248,1.8047978840768333,0,0,0.0,2.0,13.0,0.0,0.0,0,0,5,4,0.244823597371578,0.212140081450343,1,0,0.0,3.0,2.0,0.0,0.0
16690,2022-04-10,Manchester City,Liverpool,0.3523,0.2984,0.3493,2,2,11,8,1.3464728947728872,1.208365514874458,1,0,1.0,1.0,8.0,0.0,1.0,2,2,6,5,1.299830666743219,1.2837991937994957,4,0,0.0,1.0,5.0,0.0,0.0
16699,2022-04-16,Tottenham Hotspur,Brighton,0.2559,0.4088,0.3353,0,0,5,3,0.5862404173240063,0.487864696420729,3,0,0.0,0.0,5.0,0.0,0.0,1,0,12,9,0.7111547924578185,0.283454194664955,3,0,0.0,4.0,7.0,0.0,1.0
16698,2022-04-16,Watford,Brentford,0.2041,0.2595,0.5364,1,1,17,9,1.7090671826153991,0.9081547204405066,2,0,2.0,3.0,10.0,0.0,2.0,2,2,16,14,2.124565217643976,2.050198856741189,1,0,0.0,4.0,10.0,0.0,2.0
16700,2022-04-16,Southampton,Arsenal,0.2731,0.3173,0.4096,1,1,9,6,1.0400663726031778,0.9171468727290628,2,0,1.0,3.0,4.0,0.0,1.0,0,0,23,16,1.3500173017382615,0.6487764008343216,1,0,1.0,3.0,18.0,0.0,1.0
16702,2022-04-16,Manchester United,Norwich City,0.3489,0.2449,0.4062,3,2,20,17,1.6673682965338228,1.4657929036766288,0,0,1.0,4.0,15.0,0.0,0.0,2,2,15,11,1.7975363135337827,1.7120820246636863,0,0,1.0,3.0,11.0,0.0,0.0
16697,2022-04-17,West Ham United,Burnley,0.6115,0.2322,0.1563,1,1,21,16,2.7944623026996847,1.755007097497582,2,0,0.0,4.0,15.0,0.0,2.0,1,0,9,4,1.985910028219223,0.4026402011513708,2,0,0.0,3.0,3.0,1.0,2.0
16701,2022-04-17,Newcastle United,Leicester City,0.895,0.0821,0.0229,2,0,16,11,2.9134115874767303,0.9775512944906948,2,0,1.0,5.0,9.0,0.0,1.0,1,1,8,8,0.5410830043256278,0.5410835072398182,2,0,0.0,2.0,5.0,0.0,1.0
16669,2022-04-19,Liverpool,Manchester United,0.915,0.0774,0.0076,4,4,14,13,2.259671400301158,2.2452234290540214,1,0,0.0,5.0,9.0,0.0,0.0,0,0,2,2,0.1102275028824805,0.1102275028824805,2,0,0.0,0.0,2.0,0.0,0.0
16547,2022-04-20,Everton,Leicester City,0.6266,0.2378,0.1356,1,1,13,12,1.6881882846355438,1.642178641632199,3,0,0.0,2.0,10.0,0.0,1.0,1,0,11,8,0.8084137812256812,0.5548358950763939,1,0,0.0,1.0,10.0,0.0,0.0
16618,2022-04-20,Chelsea,Arsenal,0.0793,0.1879,0.7328,2,1,11,8,0.5938012115657327,0.4822619929909703,3,0,0.0,1.0,10.0,0.0,0.0,4,1,14,9,1.8733083736151452,0.558237003162503,1,0,0.0,0.0,13.0,1.0,0.0
16671,2022-04-20,Newcastle United,Crystal Palace,0.4098,0.4012,0.189,1,1,13,8,0.7699269745498893,0.6179082114249466,1,0,0.0,0.0,10.0,0.0,3.0,0,0,10,8,0.4327875897288319,0.3704632995650169,1,0,0.0,4.0,6.0,0.0,0.0
16670,2022-04-20,Manchester City,Brighton,0.7751,0.2009,0.024,3,2,17,13,1.528434695675969,0.8882958646863697,0,0,0.0,4.0,13.0,0.0,0.0,0,0,2,1,0.1173540987074374,0.0591473989188671,3,0,1.0,1.0,0.0,0.0,0.0
16667,2022-04-21,Burnley,Southampton,0.585,0.2289,0.1861,2,2,16,13,2.3536086976528168,1.9530326649546623,2,0,0.0,8.0,8.0,0.0,0.0,0,0,11,9,1.3248987421393392,1.200741235166788,2,0,1.0,4.0,6.0,0.0,0.0
16715,2022-04-23,Arsenal,Manchester United,0.51,0.2479,0.2421,3,1,14,8,2.569820523262024,0.7965075299143789,3,0,1.0,3.0,9.0,1.0,0.0,1,1,14,11,2.0424375999718904,1.1922036968171594,4,0,0.0,3.0,10.0,1.0,0.0
16706,2022-04-23,Norwich City,Newcastle United,0.0832,0.1983,0.7185,0,0,5,4,0.6576613932847976,0.6041233986616132,0,0,1.0,0.0,4.0,0.0,0.0,3,2,13,10,1.935174576938152,1.4080657921731472,2,0,0.0,2.0,11.0,0.0,0.0
16707,2022-04-23,Manchester City,Watford,0.9691,0.0259,0.005,5,4,21,16,3.687620814889669,2.6984984688460822,1,0,0.0,5.0,15.0,1.0,0.0,1,1,5,5,0.426319610327482,0.4263196066021918,0,0,0.0,2.0,2.0,0.0,1.0
16709,2022-04-23,Leicester City,Aston Villa,0.1237,0.487,0.3893,0,0,5,2,0.2356346976011989,0.1023853961378335,3,0,2.0,0.0,3.0,0.0,0.0,0,0,11,9,0.5939681101590393,0.5435365978628394,2,0,0.0,3.0,8.0,0.0,0.0
16714,2022-04-23,Brentford,Tottenham Hotspur,0.5837,0.2863,0.13,0,0,15,11,1.3620854951441288,0.853763401508331,2,0,1.0,6.0,6.0,0.0,2.0,0,0,9,7,0.535241700708866,0.4245576905086634,1,0,0.0,1.0,8.0,0.0,0.0
16711,2022-04-24,Chelsea,West Ham United,0.8626,0.1106,0.0268,1,1,26,20,2.3495877198874946,1.2844205070286985,1,0,0.0,1.0,24.0,1.0,0.0,0,0,6,3,0.3974007032811641,0.1975621059536932,0,1,0.0,1.0,5.0,0.0,0.0
16712,2022-04-24,Burnley,Wolverhampton Wanderers,0.5697,0.2862,0.1441,1,1,14,12,1.2729811789467929,1.2298269979655745,3,0,0.0,2.0,11.0,0.0,1.0,0,0,10,8,0.5929022980853911,0.5008035972714422,1,0,0.0,1.0,9.0,0.0,0.0
16713,2022-04-24,Brighton,Southampton,0.6878,0.2058,0.1064,1,0,8,4,2.617399599403143,1.015278521925211,1,0,0.0,2.0,6.0,0.0,0.0,2,1,18,12,0.92676390055567,0.6366141103208061,0,0,1.0,3.0,14.0,0.0,1.0
16708,2022-04-24,Liverpool,Everton,0.734,0.2012,0.0648,2,2,18,13,1.7379691209644077,1.49351698718965,2,0,0.0,6.0,12.0,0.0,0.0,0,0,9,5,0.4249605927616355,0.2483733985573052,5,0,1.0,0.0,7.0,0.0,1.0
16710,2022-04-25,Crystal Palace,Leeds United,0.7322,0.2035,0.0643,0,0,17,13,1.6193013209849594,0.8752110153436659,2,0,0.0,2.0,11.0,0.0,4.0,0,0,9,8,0.3740439992398019,0.3475158996880052,2,0,0.0,3.0,6.0,0.0,0.0
16742,2022-04-28,Manchester United,Chelsea,0.0457,0.1281,0.8262,1,1,6,5,0.6184562891721724,0.5820670053362845,0,0,0.0,2.0,3.0,0.0,1.0,1,1,21,18,2.4705044953152533,2.334188401699066,1,0,0.0,4.0,16.0,0.0,1.0
16721,2022-04-30,Newcastle United,Liverpool,0.0014,0.0238,0.9748,0,0,4,1,0.1153529006987809,0.0245858002454042,1,0,1.0,0.0,3.0,0.0,0.0,1,1,24,15,2.735965611413121,2.2553976420313115,3,0,2.0,5.0,16.0,0.0,1.0
16716,2022-04-30,Wolverhampton Wanderers,Brighton,0.0198,0.0584,0.9218,0,0,11,7,0.5284326039254662,0.373008803464472,2,0,1.0,4.0,6.0,0.0,0.0,3,0,17,12,2.906789667904377,0.7436632029712197,1,0,0.0,2.0,13.0,2.0,0.0
16718,2022-04-30,Watford,Burnley,0.1972,0.2778,0.525,0,0,13,7,0.7857417985796926,0.4716493953019379,1,0,1.0,1.0,9.0,0.0,2.0,2,2,17,8,1.3788023218512533,0.8535733036696908,2,0,1.0,4.0,11.0,0.0,2.0
16720,2022-04-30,Southampton,Crystal Palace,0.284,0.3733,0.3427,1,1,8,7,0.6502564046531912,0.5587276872247455,1,0,0.0,1.0,7.0,0.0,0.0,2,2,14,11,0.7594958078116176,0.5554478820413347,3,0,0.0,3.0,10.0,0.0,1.0
16725,2022-04-30,Aston Villa,Norwich City,0.8501,0.1195,0.0304,2,2,21,17,2.311924923211336,1.9518422633409496,4,0,0.0,3.0,18.0,0.0,0.0,0,0,9,7,0.352211898192763,0.3184420038014647,1,0,0.0,1.0,5.0,0.0,3.0
16723,2022-04-30,Leeds United,Manchester City,0.0594,0.1226,0.818,0,0,7,4,1.103181581944227,0.9630944877862928,1,0,0.0,0.0,7.0,0.0,0.0,4,3,19,16,3.0143060870468616,2.884203840047121,2,0,0.0,1.0,15.0,0.0,3.0
16719,2022-05-01,Tottenham Hotspur,Leicester City,0.757,0.195,0.048,3,3,13,10,1.6533772237598894,1.1079122126102443,2,0,0.0,4.0,9.0,0.0,0.0,1,1,6,5,0.2741333022713659,0.2360478006303308,3,0,0.0,0.0,6.0,0.0,0.0
16724,2022-05-01,Everton,Chelsea,0.3188,0.3054,0.3758,1,1,9,7,1.1171165741980074,0.9696577880531548,3,0,1.0,0.0,8.0,0.0,0.0,0,0,17,13,1.250748828053474,0.8896129168570038,5,0,0.0,5.0,12.0,0.0,0.0
16717,2022-05-01,West Ham United,Arsenal,0.166,0.3572,0.4768,1,1,8,6,0.4519751034677026,0.348820101469755,2,0,0.0,1.0,7.0,0.0,0.0,2,2,13,12,0.9645640961825844,0.9215320907533168,2,0,0.0,2.0,11.0,0.0,0.0
16722,2022-05-02,Manchester United,Brentford,0.7204,0.1998,0.0798,3,2,9,6,1.841106288135052,0.9681191705167292,1,0,1.0,1.0,6.0,1.0,0.0,0,0,12,8,0.6814250014722345,0.5227380068972703,0,0,1.0,3.0,7.0,0.0,1.0
16730,2022-05-07,Crystal Palace,Watford,0.9269,0.0629,0.0102,1,0,15,12,2.5461400020867586,1.148494783788919,2,0,1.0,2.0,11.0,1.0,0.0,0,0,6,4,0.2553732963278886,0.2212470024824142,1,1,0.0,2.0,3.0,0.0,1.0
16731,2022-05-07,Chelsea,Wolverhampton Wanderers,0.4094,0.259,0.3316,2,1,19,12,1.822611141949892,0.7674171961843965,1,0,2.0,3.0,13.0,1.0,0.0,2,2,14,9,1.6989960875362156,1.4347473084926603,3,0,0.0,2.0,9.0,0.0,3.0
16732,2022-05-07,Burnley,Aston Villa,0.2284,0.2801,0.4915,1,1,14,11,1.3102758694440122,1.107430579140782,1,0,0.0,3.0,9.0,0.0,2.0,3,3,12,10,1.812563236802816,1.5224691256880758,2,0,1.0,1.0,10.0,0.0,0.0
16734,2022-05-07,Brentford,Southampton,0.9076,0.0664,0.026,3,3,18,14,3.695766761898994,3.449822962284088,0,0,1.0,3.0,12.0,0.0,2.0,0,0,19,13,0.988573985174298,0.6513072540983554,1,0,2.0,4.0,13.0,0.0,0.0
16733,2022-05-07,Brighton,Manchester United,0.8485,0.1119,0.0396,4,2,17,11,3.226068116724491,2.058534249663353,0,0,0.0,2.0,13.0,0.0,2.0,0,0,15,10,0.9316174983978268,0.694786416366696,2,0,1.0,5.0,9.0,0.0,0.0
16728,2022-05-07,Liverpool,Tottenham Hotspur,0.3415,0.3248,0.3337,1,1,22,16,1.0480998679995532,0.8303473647683856,3,0,1.0,6.0,12.0,0.0,3.0,1,1,8,6,0.9826347269117828,0.8036336041986941,2,0,0.0,0.0,8.0,0.0,0.0
16726,2022-05-08,Norwich City,West Ham United,0.0105,0.0483,0.9412,0,0,8,5,0.7789489151909945,0.6717663118615744,1,0,1.0,1.0,5.0,0.0,1.0,4,2,13,9,3.357235135510564,1.1268452964723106,1,0,0.0,2.0,10.0,1.0,0.0
16729,2022-05-08,Leicester City,Everton,0.3328,0.281,0.3862,1,0,16,14,1.4790123105049129,1.0599561985582109,3,0,0.0,3.0,13.0,0.0,0.0,2,1,10,7,1.6894460078328846,1.10160700045526,0,0,0.0,2.0,6.0,0.0,2.0
16735,2022-05-08,Arsenal,Leeds United,0.8509,0.1136,0.0355,2,1,19,12,2.722699004225433,1.329096877016127,2,0,2.0,2.0,13.0,0.0,2.0,1,1,3,2,0.6967851892113686,0.6736270189285278,2,1,0.0,2.0,0.0,0.0,1.0
16727,2022-05-08,Manchester City,Newcastle United,0.9449,0.0407,0.0144,5,4,21,18,4.546370763331652,3.2068983539938927,1,0,1.0,5.0,15.0,0.0,0.0,0,0,7,6,0.995099391788244,0.9684688039124012,3,0,0.0,2.0,5.0,0.0,0.0
16705,2022-05-10,Aston Villa,Liverpool,0.2466,0.3355,0.4179,1,0,9,8,1.5491694584488864,0.6039386950433251,0,0,0.0,2.0,7.0,0.0,0.0,2,1,17,11,1.894825609400868,0.8605015072971579,0,0,2.0,2.0,9.0,0.0,4.0
16703,2022-05-11,Leeds United,Chelsea,0.1113,0.2727,0.616,0,0,5,3,0.5006260089576242,0.466095708310604,1,1,0.0,2.0,2.0,0.0,1.0,3,3,17,15,1.4685275666415691,1.3386818915605545,0,0,0.0,1.0,15.0,0.0,1.0
16582,2022-05-11,Leicester City,Norwich City,0.7056,0.1875,0.1069,3,2,20,14,2.576661925762892,1.9860253194347024,0,0,0.0,0.0,20.0,0.0,0.0,0,0,9,7,1.2653058636933563,1.1808031667023895,0,0,0.0,3.0,6.0,0.0,0.0
16674,2022-05-11,Watford,Everton,0.0908,0.4161,0.4931,0,0,6,2,0.2326235976070164,0.1446450054645538,1,0,1.0,0.0,0.0,0.0,5.0,0,0,16,11,0.8160787113010879,0.5985372960567472,2,0,0.0,6.0,10.0,0.0,0.0
16696,2022-05-11,Wolverhampton Wanderers,Manchester City,0.006,0.0354,0.9586,1,1,7,6,0.4118569986894725,0.4009489938616751,0,0,0.0,1.0,6.0,0.0,0.0,5,2,16,12,3.508396029472351,2.0652047023177147,1,0,0.0,0.0,16.0,0.0,0.0
16593,2022-05-12,Tottenham Hotspur,Arsenal,0.9603,0.0337,0.006,3,1,16,12,3.4572941474616528,2.509091779589653,1,0,0.0,2.0,12.0,1.0,1.0,0,0,8,8,0.3874462954699992,0.387446906417608,3,1,0.0,0.0,7.0,0.0,1.0
16739,2022-05-15,Tottenham Hotspur,Burnley,0.8218,0.1317,0.0465,1,0,21,17,2.3999586524441834,1.538443718105554,3,0,0.0,3.0,17.0,1.0,0.0,0,0,8,6,0.6298882924020287,0.5424649864435194,2,0,0.0,0.0,3.0,0.0,5.0
16736,2022-05-15,Wolverhampton Wanderers,Norwich City,0.2166,0.2746,0.5088,1,0,17,12,0.999066479504108,0.7464768895879383,0,0,1.0,0.0,13.0,0.0,3.0,1,1,11,10,1.5321186259388924,1.511362593621015,3,0,0.0,2.0,8.0,0.0,1.0
16737,2022-05-15,West Ham United,Manchester City,0.1188,0.2122,0.669,2,2,6,4,1.0088045299053192,0.6584309116005898,3,0,0.0,1.0,5.0,0.0,1.0,1,1,31,21,2.1603535749018192,0.9857353959232564,1,0,2.0,3.0,25.0,1.0,0.0
16738,2022-05-15,Watford,Leicester City,0.4551,0.2287,0.3162,1,0,13,10,2.5983894132077694,2.1926125548779964,0,0,0.0,6.0,6.0,0.0,1.0,5,5,13,13,2.2729697227478027,2.272969678044319,1,0,0.0,1.0,12.0,0.0,0.0
16743,2022-05-15,Leeds United,Brighton,0.3793,0.226,0.3947,1,1,19,15,2.222824646625668,1.4943024031817909,3,0,1.0,4.0,12.0,0.0,2.0,1,1,15,13,2.281121967360377,2.0029543302953243,2,0,0.0,1.0,14.0,0.0,0.0
16745,2022-05-15,Aston Villa,Crystal Palace,0.1488,0.2957,0.5555,1,1,13,9,0.8074886929243801,0.6049621943384406,1,0,0.0,2.0,11.0,0.0,0.0,1,1,16,15,1.4460844052955506,1.4307211861014364,3,0,0.0,5.0,8.0,0.0,3.0
16744,2022-05-15,Everton,Brentford,0.6124,0.1977,0.1899,2,1,11,8,2.6958852205425496,1.3928551934659477,0,2,0.0,2.0,5.0,1.0,4.0,2,2,18,12,1.818016707897186,1.078450893983245,3,0,1.0,2.0,14.0,0.0,1.0
16741,2022-05-16,Newcastle United,Arsenal,0.7075,0.2077,0.0848,1,0,16,12,1.6829901859164234,1.164940314367413,0,0,0.0,2.0,14.0,0.0,0.0,0,0,11,8,0.492992892861366,0.3532018056139348,3,0,0.0,3.0,9.0,0.0,0.0
16740,2022-05-17,Southampton,Liverpool,0.032,0.2996,0.6684,1,1,4,2,0.1215054988861083,0.0546745005995034,2,0,1.0,0.0,3.0,0.0,0.0,2,1,24,19,1.1935124881565566,1.032331012189388,0,0,0.0,5.0,19.0,0.0,0.0
16704,2022-05-19,Everton,Crystal Palace,0.1151,0.2604,0.6245,3,2,12,9,0.8131566168740388,0.6590341981500385,2,0,1.0,1.0,9.0,0.0,1.0,2,1,7,3,1.661967135965824,0.6009356249123812,3,0,0.0,1.0,5.0,0.0,1.0
16546,2022-05-19,Aston Villa,Burnley,0.1754,0.2434,0.5812,1,1,22,17,0.9964022971689696,0.8135349974036213,0,0,0.0,5.0,16.0,0.0,1.0,1,0,10,6,1.6311700213700528,0.7862872295081613,1,1,0.0,3.0,5.0,1.0,1.0
16639,2022-05-19,Chelsea,Leicester City,0.835,0.1584,0.0066,1,1,20,16,1.620476972311735,1.4643534813076255,4,0,2.0,4.0,14.0,0.0,0.0,1,0,2,1,0.0417971992865204,0.0133862001821398,1,0,0.0,0.0,2.0,0.0,0.0
16746,2022-05-22,Arsenal,Everton,0.963,0.0318,0.0052,5,4,26,18,4.38764937594533,1.8911481052637096,0,0,1.0,6.0,18.0,1.0,0.0,1,1,6,6,1.0860121864825485,1.0860116714611647,1,0,0.0,0.0,6.0,0.0,0.0
16747,2022-05-22,Brentford,Leeds United,0.169,0.2727,0.5583,1,1,14,12,0.8449856173247097,0.7858364284038543,2,1,0.0,3.0,8.0,0.0,3.0,2,0,14,6,1.477855291217565,0.5435777027159928,1,0,0.0,1.0,10.0,1.0,2.0
16748,2022-05-22,Brighton,West Ham United,0.7693,0.1843,0.0464,3,3,18,15,1.6777395224198697,1.5141009688377378,1,0,0.0,3.0,14.0,0.0,1.0,1,0,7,4,0.268845194019377,0.1479836981743573,1,0,0.0,0.0,6.0,0.0,1.0
16749,2022-05-22,Burnley,Newcastle United,0.276,0.2986,0.4254,1,0,12,8,1.5199871882796283,0.989604318514466,1,0,1.0,2.0,9.0,0.0,0.0,2,1,8,5,1.7429093495011332,0.921605486422777,0,0,0.0,0.0,7.0,1.0,0.0
16750,2022-05-22,Chelsea,Watford,0.8571,0.1059,0.037,2,2,19,16,2.5995428785681725,2.500701511278748,0,0,0.0,1.0,18.0,0.0,0.0,1,1,8,5,0.5757555961608883,0.4428122937679288,0,0,1.0,0.0,6.0,0.0,1.0
16751,2022-05-22,Crystal Palace,Manchester United,0.1466,0.4028,0.4506,1,0,6,5,0.3546182941645383,0.2751708012074231,2,0,0.0,0.0,4.0,0.0,2.0,0,0,10,5,0.7833981066942213,0.5408023931086061,4,0,1.0,2.0,7.0,0.0,0.0
16752,2022-05-22,Leicester City,Southampton,0.9057,0.0717,0.0226,4,3,12,8,3.5386382415890694,2.764488011598587,0,0,0.0,3.0,9.0,0.0,0.0,1,0,7,5,1.051411325111985,0.2214943040162324,1,0,1.0,0.0,5.0,1.0,0.0
16753,2022-05-22,Liverpool,Wolverhampton Wanderers,0.8332,0.1119,0.0549,3,3,29,20,3.1944732181727886,2.742413319647312,1,0,0.0,3.0,26.0,0.0,0.0,1,1,7,7,1.1170794740319252,1.1170798689126966,0,0,0.0,0.0,7.0,0.0,0.0
16754,2022-05-22,Manchester City,Aston Villa,0.9766,0.0197,0.0037,3,3,25,22,3.3574812710285187,3.2129156850278378,0,0,1.0,3.0,19.0,0.0,2.0,2,2,4,4,0.2478411011397837,0.2478411011397837,2,0,0.0,0.0,4.0,0.0,0.0
16755,2022-05-22,Norwich City,Tottenham Hotspur,0.002,0.0157,0.9823,0,0,9,5,0.3112541986629364,0.193409901112318,3,0,0.0,1.0,7.0,0.0,1.0,5,4,19,16,4.330047130584717,3.3504439666867256,1,0,0.0,1.0,17.0,0.0,1.0
18202,2022-08-05,Crystal Palace,Arsenal,0.2864,0.2912,0.4224,0,0,10,8,1.2101055774837732,1.1016985923051832,1,0,0.0,0.0,10.0,0.0,1.0,1,1,10,7,1.4979166872799394,0.9289322197437284,2,0,1.0,1.0,8.0,0.0,0.0
18203,2022-08-06,Fulham,Liverpool,0.1225,0.2133,0.6642,2,1,9,6,1.2682159990072246,0.3805233016610143,2,0,0.0,0.0,6.0,1.0,2.0,2,1,11,8,2.341110352426767,1.674493635073304,0,0,0.0,2.0,9.0,0.0,0.0
18204,2022-08-06,Bournemouth,Aston Villa,0.3213,0.4397,0.239,2,1,7,5,0.5926345027983188,0.4412567913532256,3,0,0.0,1.0,4.0,0.0,2.0,0,0,15,8,0.4888954004272814,0.3265330083668229,3,0,0.0,1.0,13.0,0.0,1.0
18205,2022-08-06,Leeds United,Wolverhampton Wanderers,0.2798,0.3166,0.4036,1,1,12,9,0.8891695067286487,0.7111493162810802,2,0,1.0,3.0,7.0,0.0,1.0,1,1,15,13,1.102495712228119,1.0621334956958888,0,0,0.0,3.0,12.0,0.0,1.0
18206,2022-08-06,Newcastle United,Nottingham Forest,0.8023,0.1695,0.0282,2,1,23,21,1.85909977927804,1.794562596827745,0,0,1.0,3.0,17.0,0.0,2.0,0,0,5,2,0.2377668954432009,0.0914686005562543,3,0,0.0,0.0,5.0,0.0,0.0
18207,2022-08-06,Tottenham Hotspur,Southampton,0.7002,0.2209,0.0789,3,3,18,15,1.6172035001218314,1.4772997181862588,3,0,0.0,3.0,15.0,0.0,0.0,1,1,9,7,0.3865459002554413,0.316294804215431,0,0,0.0,0.0,7.0,0.0,3.0
18208,2022-08-06,Everton,Chelsea,0.06,0.1717,0.7683,0,0,8,6,0.5510671995580194,0.3685174407437441,3,0,0.0,3.0,4.0,0.0,1.0,1,0,15,11,1.923145506531,1.0381338037550447,2,0,1.0,4.0,7.0,1.0,2.0
18209,2022-08-07,Manchester United,Brighton,0.281,0.269,0.45,0,0,17,13,1.4272298905998464,0.8198900800198313,4,0,0.0,4.0,13.0,0.0,0.0,2,1,15,13,1.7614002600312229,1.1011705137789247,1,0,0.0,3.0,13.0,0.0,0.0
18210,2022-08-07,Leicester City,Brentford,0.1615,0.3491,0.4894,2,2,14,10,0.4556948840618132,0.2754882946610448,0,0,0.0,2.0,11.0,0.0,1.0,2,1,9,8,0.931573498994112,0.8967631794512269,0,0,0.0,0.0,9.0,0.0,0.0
18211,2022-08-07,West Ham United,Manchester City,0.0083,0.0551,0.9366,0,0,6,4,0.2461872948333618,0.1466616000980137,0,0,0.0,3.0,3.0,0.0,0.0,2,1,14,11,2.58739759773016,1.6970805767923591,1,0,1.0,1.0,11.0,1.0,0.0
18212,2022-08-13,Aston Villa,Everton,0.7131,0.1861,0.1008,2,2,12,9,2.6669595949351788,2.465138554573058,4,0,0.0,4.0,8.0,0.0,1.0,0,0,15,10,1.4148949235677717,0.5807031989097592,1,0,0.0,5.0,8.0,0.0,2.0
18213,2022-08-13,Brighton,Newcastle United,0.791,0.1797,0.0293,0,0,13,10,1.608352188952267,1.4157193191349504,2,0,0.0,2.0,11.0,0.0,0.0,0,0,4,4,0.1839519962668417,0.183951999992132,3,0,0.0,1.0,3.0,0.0,0.0
18214,2022-08-13,Manchester City,Bournemouth,0.8105,0.1721,0.0174,3,3,19,17,1.6960700815543528,1.643889274448156,0,0,0.0,6.0,13.0,0.0,0.0,0,0,3,2,0.1239459998905657,0.0688030980527401,3,0,0.0,0.0,4.0,0.0,0.0
18215,2022-08-13,Southampton,Leeds United,0.2126,0.2674,0.52,2,2,14,8,1.409060191363096,1.1933184722438452,1,0,1.0,1.0,12.0,0.0,0.0,2,2,13,12,2.029453862458467,1.9907773062586784,3,0,0.0,5.0,8.0,0.0,0.0
18216,2022-08-13,Wolverhampton Wanderers,Fulham,0.2638,0.3644,0.3718,0,0,7,3,0.975375519134104,0.8832376226782798,3,0,1.0,1.0,5.0,0.0,0.0,0,0,9,6,1.09321952983737,0.290092699229717,3,0,0.0,5.0,3.0,1.0,0.0
18217,2022-08-13,Arsenal,Leicester City,0.8878,0.0853,0.0269,4,3,19,14,3.0729143358767037,1.6900020018219948,1,0,0.0,3.0,15.0,0.0,2.0,1,1,6,5,0.693894900381565,0.6726318113505839,1,0,0.0,1.0,5.0,0.0,0.0
18218,2022-08-13,Brentford,Manchester United,0.4929,0.2947,0.2124,4,3,13,6,1.3878524061292403,0.9930394887924192,0,0,1.0,7.0,5.0,0.0,0.0,0,0,15,13,0.8960389047861097,0.5059928977861997,4,0,0.0,0.0,15.0,0.0,0.0
18219,2022-08-14,Nottingham Forest,West Ham United,0.3469,0.2571,0.396,1,0,13,7,2.0715424567461014,1.330694429576397,4,0,1.0,3.0,8.0,0.0,1.0,0,0,19,12,2.094840012490749,0.706945404410362,1,0,2.0,3.0,13.0,1.0,0.0
18220,2022-08-14,Chelsea,Tottenham Hotspur,0.4329,0.2553,0.3118,2,2,16,13,1.83945332467556,1.748089801520109,3,0,0.0,3.0,13.0,0.0,0.0,2,2,10,8,1.587077563628554,1.5128117036074398,0,0,0.0,3.0,5.0,0.0,2.0
18221,2022-08-15,Liverpool,Crystal Palace,0.5129,0.231,0.2561,1,1,24,20,2.23737203143537,1.939484795555472,2,1,0.0,1.0,22.0,0.0,1.0,1,1,7,7,1.6732547469437122,1.673254210501909,4,0,0.0,2.0,5.0,0.0,0.0
18222,2022-08-20,Tottenham Hotspur,Wolverhampton Wanderers,0.593,0.2565,0.1505,1,1,11,9,1.4840270783752203,1.279167301952839,2,0,0.0,2.0,9.0,0.0,0.0,0,0,20,18,0.6875061113387341,0.5489466078579422,2,0,1.0,2.0,16.0,0.0,1.0
18223,2022-08-20,Crystal Palace,Aston Villa,0.865,0.0964,0.0386,3,2,17,14,3.368956913240254,1.842091515660286,2,0,1.0,2.0,12.0,1.0,1.0,1,1,13,10,0.803827194496989,0.6566896941512821,1,0,0.0,1.0,10.0,0.0,2.0
18224,2022-08-20,Everton,Nottingham Forest,0.5009,0.2717,0.2274,1,1,19,15,1.4409062173217533,0.9460310935974118,3,0,1.0,1.0,17.0,0.0,0.0,1,0,14,8,0.9235398843884466,0.4470244050025937,2,0,1.0,1.0,12.0,0.0,0.0
18225,2022-08-20,Fulham,Brentford,0.7051,0.1816,0.1133,3,2,18,12,3.0550211016088724,1.460740093141794,3,0,1.0,3.0,13.0,0.0,1.0,2,2,13,9,1.5935221072286363,1.4693005979061124,2,0,0.0,3.0,10.0,0.0,0.0
18226,2022-08-20,Leicester City,Southampton,0.0592,0.2702,0.6706,1,0,6,3,0.2429481986910102,0.1178631987422703,2,0,1.0,0.0,5.0,0.0,0.0,2,2,9,8,1.241545910015702,1.227619081735611,3,0,0.0,3.0,5.0,0.0,1.0
18227,2022-08-20,Bournemouth,Arsenal,0.0283,0.1571,0.8146,0,0,6,5,0.2113350015133618,0.15929770283401,2,0,1.0,0.0,5.0,0.0,0.0,3,2,14,9,1.8470143787562847,1.1358572021126745,1,0,0.0,5.0,8.0,0.0,1.0
18228,2022-08-21,Leeds United,Chelsea,0.8405,0.1271,0.0324,3,2,12,9,2.646041313186288,1.733427384868264,0,0,0.0,2.0,9.0,0.0,1.0,0,0,14,12,0.6924922121688719,0.6607001926749942,1,1,0.0,2.0,12.0,0.0,0.0
18229,2022-08-21,West Ham United,Brighton,0.1043,0.2129,0.6828,0,0,13,9,0.7699316181242464,0.5825557000935075,2,0,0.0,3.0,9.0,0.0,1.0,2,1,11,8,1.8264503981918097,1.0147658102214334,0,0,0.0,3.0,7.0,1.0,0.0
18230,2022-08-21,Newcastle United,Manchester City,0.1483,0.1574,0.6943,3,2,12,11,2.2127037756145,2.1470097191631794,4,0,1.0,2.0,9.0,0.0,0.0,3,3,21,17,3.682587251067161,2.861279644072056,2,0,1.0,4.0,15.0,0.0,1.0
18231,2022-08-22,Manchester United,Liverpool,0.4942,0.2493,0.2565,2,2,12,9,2.0224537653848524,1.892941828817129,3,0,1.0,1.0,10.0,0.0,0.0,1,0,17,13,1.527900584042072,1.3370353914797304,1,0,0.0,8.0,9.0,0.0,0.0
18232,2022-08-27,Southampton,Manchester United,0.3237,0.3356,0.3407,0,0,17,15,1.3631816059350963,1.2862802892923353,0,0,0.0,4.0,13.0,0.0,0.0,1,1,11,7,2.124962370842695,1.101722002029419,3,0,1.0,2.0,8.0,0.0,0.0
18233,2022-08-27,Brentford,Everton,0.5416,0.2321,0.2263,1,1,19,14,2.494477409869432,1.8090298119932409,2,0,0.0,6.0,13.0,0.0,0.0,1,1,14,8,1.6705964431166649,1.1412449143826957,2,0,0.0,2.0,12.0,0.0,0.0
18234,2022-08-27,Brighton,Leeds United,0.4733,0.2893,0.2374,1,1,13,12,1.6098625035956502,1.5968883931636806,2,0,0.0,2.0,8.0,0.0,3.0,0,0,10,7,1.1523795071989296,0.3698363052681086,3,0,1.0,0.0,8.0,0.0,1.0
18235,2022-08-27,Chelsea,Leicester City,0.3295,0.2616,0.4089,2,2,7,6,1.7491663694381716,1.246498677879572,1,1,0.0,0.0,6.0,0.0,1.0,1,1,17,16,1.960230277851224,1.9427570961415763,2,0,0.0,3.0,14.0,0.0,0.0
18236,2022-08-27,Liverpool,Bournemouth,0.9985,0.0014,0.0001,8,6,19,15,4.860349794849753,2.8052608110010624,0,0,0.0,7.0,12.0,0.0,0.0,0,0,5,3,0.180991099681705,0.1336502972990273,1,0,0.0,0.0,4.0,0.0,2.0
18237,2022-08-27,Manchester City,Crystal Palace,0.9376,0.057,0.0054,4,4,18,15,2.4329194091260438,2.3463200088590384,1,0,0.0,3.0,15.0,0.0,1.0,1,1,2,2,0.0919760018587111,0.0919760018587112,2,0,0.0,1.0,1.0,0.0,0.0
18238,2022-08-27,Arsenal,Fulham,0.7576,0.165,0.0774,2,2,22,16,2.475352303124964,2.1661647036671634,2,0,1.0,1.0,19.0,0.0,1.0,1,0,11,9,0.9295147750526666,0.5037634931504724,3,0,0.0,3.0,7.0,0.0,1.0
18239,2022-08-28,Aston Villa,West Ham United,0.1929,0.5741,0.233,0,0,9,8,0.3045553993433711,0.2910367939621208,2,0,0.0,0.0,9.0,0.0,0.0,1,1,7,5,0.3345890063792465,0.1276227990165352,0,0,1.0,0.0,6.0,0.0,0.0
18240,2022-08-28,Wolverhampton Wanderers,Newcastle United,0.1904,0.2345,0.5751,1,1,10,6,1.1324787233024831,0.6718024909496307,2,0,1.0,1.0,8.0,0.0,0.0,1,0,21,15,1.9688793104141948,0.8673456981778142,1,0,1.0,4.0,15.0,0.0,1.0
18241,2022-08-28,Nottingham Forest,Tottenham Hotspur,0.0753,0.1383,0.7864,0,0,17,13,0.8054446969181296,0.6859517972916361,6,0,1.0,4.0,12.0,0.0,0.0,2,2,18,13,2.447067823261022,1.381159991025925,1,0,0.0,0.0,17.0,1.0,0.0
18242,2022-08-30,Fulham,Brighton,0.1682,0.2629,0.5689,1,1,10,7,1.082521967589855,0.6251360811293122,2,0,1.0,3.0,6.0,0.0,0.0,1,0,7,5,1.7535855453461406,0.5041555147618053,1,0,0.0,1.0,6.0,1.0,0.0
18243,2022-08-30,Crystal Palace,Brentford,0.1616,0.2398,0.5986,1,1,13,11,0.7773627769201992,0.5870552025735375,1,0,0.0,1.0,12.0,0.0,0.0,1,1,9,8,1.6180813871324062,1.5947936568409204,2,0,0.0,4.0,4.0,0.0,1.0
18244,2022-08-30,Southampton,Chelsea,0.3329,0.2916,0.3755,2,1,9,7,1.440855992026627,1.3923944067209957,2,0,0.0,2.0,7.0,0.0,0.0,1,0,10,7,1.5046953028067944,0.8929837988689538,1,0,0.0,2.0,8.0,0.0,0.0
18245,2022-08-30,Leeds United,Everton,0.3025,0.3131,0.3844,1,1,14,11,1.0455100126564498,0.4492714926600452,3,0,0.0,3.0,11.0,0.0,0.0,1,1,7,4,1.1734088957309718,1.097332000732422,3,0,1.0,1.0,3.0,0.0,2.0
18246,2022-08-31,Manchester City,Nottingham Forest,0.9435,0.0444,0.0121,6,3,17,14,3.84563422575593,2.8446871936321254,0,0,0.0,5.0,11.0,0.0,1.0,0,0,8,6,0.7297517042607066,0.650491416454315,1,0,1.0,1.0,6.0,0.0,0.0
18247,2022-08-31,Arsenal,Aston Villa,0.9316,0.0579,0.0105,2,1,22,15,2.813147373497486,1.8360336758196352,2,0,1.0,7.0,13.0,0.0,1.0,1,0,4,3,0.2971681067720054,0.2846541032195091,3,0,0.0,1.0,3.0,0.0,0.0
18248,2022-08-31,Bournemouth,Wolverhampton Wanderers,0.0649,0.2238,0.7113,0,0,5,3,0.3620349057018754,0.2323219999670981,2,0,0.0,0.0,5.0,0.0,0.0,0,0,17,15,1.5324628222733734,1.3373239189386366,1,0,1.0,3.0,12.0,0.0,1.0
18249,2022-08-31,West Ham United,Tottenham Hotspur,0.5865,0.2581,0.1554,1,1,14,11,1.524783607572317,1.3116521667689085,2,0,0.0,0.0,14.0,0.0,1.0,0,0,13,9,0.7232838924974202,0.4691565902903674,5,0,0.0,1.0,12.0,0.0,0.0
18250,2022-08-31,Liverpool,Newcastle United,0.6785,0.2216,0.0999,2,2,24,18,1.7632149122655387,1.4785527130588887,0,0,0.0,8.0,14.0,0.0,2.0,1,1,5,4,0.6435458026826381,0.5448710098862647,2,0,1.0,0.0,3.0,0.0,1.0
18251,2022-09-01,Leicester City,Manchester United,0.1672,0.3399,0.4929,0,0,10,7,0.6160064954310653,0.4587805047631262,1,0,2.0,1.0,6.0,0.0,1.0,1,1,9,8,1.0996864959597583,1.059628104791045,3,0,0.0,0.0,9.0,0.0,0.0
18252,2022-09-03,Everton,Liverpool,0.373,0.2708,0.3562,0,0,14,10,1.3983630901202555,1.2070702053606508,2,0,0.0,2.0,12.0,0.0,0.0,0,0,23,18,1.4237542003393169,1.06974090822041,2,0,0.0,6.0,16.0,0.0,1.0
18253,2022-09-03,Newcastle United,Crystal Palace,0.8161,0.1241,0.0598,0,0,23,14,2.951309416443109,1.836912903934717,2,0,1.0,10.0,8.0,0.0,4.0,0,0,19,14,0.921192694455385,0.7355822119861839,1,0,0.0,4.0,12.0,0.0,3.0
18254,2022-09-03,Nottingham Forest,Bournemouth,0.488,0.3058,0.2062,2,1,11,8,1.3289480730891226,0.4978065006434915,2,0,0.0,2.0,8.0,1.0,0.0,3,3,8,7,0.9050417002290484,0.890890587121248,1,0,0.0,2.0,6.0,0.0,0.0
18255,2022-09-03,Tottenham Hotspur,Fulham,0.9103,0.072,0.0177,2,1,23,15,3.03607612196356,1.6647601723670955,3,0,1.0,7.0,14.0,0.0,1.0,1,1,9,7,0.3815559977665542,0.2580576939508316,4,0,0.0,0.0,9.0,0.0,0.0
18256,2022-09-03,Wolverhampton Wanderers,Southampton,0.3189,0.3149,0.3662,1,1,7,7,1.1003880240023134,1.1003880351781845,4,0,0.0,1.0,6.0,0.0,0.0,0,0,12,9,1.208375518210232,1.0254283249378202,2,0,1.0,1.0,10.0,0.0,0.0
18257,2022-09-03,Brentford,Leeds United,0.6119,0.2192,0.1689,5,0,14,5,2.787346076220274,0.8629539199173448,2,0,2.0,1.0,10.0,1.0,0.0,2,1,16,10,1.796002004295587,1.4835213702172036,2,0,1.0,2.0,13.0,0.0,0.0
18260,2022-09-03,Chelsea,West Ham United,0.1001,0.2892,0.6107,2,2,8,6,0.7073334986343975,0.6242757961153982,4,0,0.0,2.0,6.0,0.0,0.0,1,0,6,3,1.41960009932518,0.4266894031316041,2,0,0.0,3.0,3.0,0.0,0.0
18258,2022-09-03,Aston Villa,Manchester City,0.029,0.1347,0.8363,1,1,3,2,0.2793919891119002,0.2339365929365157,2,0,0.0,0.0,3.0,0.0,0.0,1,1,13,11,1.9214321747422216,1.6223786957561968,0,0,1.0,2.0,10.0,0.0,0.0
18259,2022-09-04,Brighton,Leicester City,0.7719,0.1533,0.0748,4,2,23,13,2.7316607683897014,1.5793734192848203,1,0,2.0,3.0,16.0,1.0,1.0,2,2,6,5,1.0654899775981903,0.9892542026937008,1,0,0.0,0.0,7.0,0.0,0.0
18261,2022-09-04,Manchester United,Arsenal,0.5287,0.2353,0.236,3,3,10,10,2.0290409326553345,2.029040230438113,3,0,0.0,2.0,8.0,0.0,0.0,1,0,16,14,1.422374706715345,0.9034408172592518,3,0,1.0,2.0,11.0,0.0,2.0
18272,2022-09-16,Aston Villa,Southampton,0.7544,0.2115,0.0341,1,0,11,7,1.399643801152706,0.5759599991142746,3,0,1.0,3.0,6.0,0.0,1.0,0,0,7,3,0.218301501125097,0.0910253990441559,1,0,0.0,1.0,4.0,0.0,2.0
18273,2022-09-16,Nottingham Forest,Fulham,0.3774,0.2812,0.3414,2,1,11,7,1.434922147542238,0.977068405598402,2,0,1.0,3.0,7.0,0.0,0.0,3,3,14,11,1.349595412611961,1.1344139054417608,4,0,2.0,3.0,9.0,0.0,0.0
18274,2022-09-17,Wolverhampton Wanderers,Manchester City,0.0615,0.2244,0.7141,0,0,6,4,0.3109956029802558,0.2024484965950249,2,1,2.0,0.0,4.0,0.0,0.0,3,3,16,14,1.4368071071803568,1.278917894698679,1,0,0.0,3.0,13.0,0.0,0.0
18275,2022-09-17,Newcastle United,Bournemouth,0.5126,0.303,0.1844,1,0,20,13,1.5484892725944517,0.5501038040965791,2,0,1.0,7.0,10.0,1.0,1.0,1,1,10,9,0.9769474752247332,0.920587424188852,2,0,0.0,0.0,10.0,0.0,0.0
18278,2022-09-17,Tottenham Hotspur,Leicester City,0.4664,0.2515,0.2821,6,5,16,12,1.9861875642091036,1.4681609719991684,1,0,0.0,3.0,12.0,0.0,1.0,2,1,19,15,1.5944942645728588,0.7679730989038941,2,0,0.0,0.0,18.0,1.0,0.0
18280,2022-09-18,Brentford,Arsenal,0.1394,0.2865,0.5741,0,0,5,5,0.5401097983121872,0.4215321987867353,0,0,1.0,0.0,3.0,0.0,1.0,3,3,13,12,1.3202057182788849,1.2376835867762566,2,0,0.0,1.0,12.0,0.0,0.0
18277,2022-09-18,Everton,West Ham United,0.1859,0.4494,0.3647,1,1,7,5,0.3977309949696062,0.3222931865602731,3,0,0.0,0.0,5.0,0.0,2.0,0,0,14,9,0.6553515056148168,0.4255666024982927,1,0,0.0,5.0,9.0,0.0,0.0
18282,2022-10-01,Arsenal,Tottenham Hotspur,0.6233,0.2347,0.142,3,2,22,18,2.4840388186275955,1.494947778061032,2,0,1.0,0.0,21.0,0.0,0.0,1,0,7,5,1.502694495022297,0.7187360934913157,1,1,0.0,1.0,3.0,1.0,2.0
18283,2022-10-01,Bournemouth,Brentford,0.2475,0.3269,0.4256,0,0,7,5,0.7581283971667288,0.6302006244659422,1,0,1.0,2.0,4.0,0.0,0.0,0,0,13,10,1.0466668140143152,0.8024001158773896,2,0,1.0,4.0,8.0,0.0,0.0
18284,2022-10-01,Crystal Palace,Chelsea,0.1777,0.3084,0.5139,1,1,7,7,0.709869511425495,0.7098692087456583,1,0,0.0,2.0,4.0,0.0,1.0,2,2,13,11,1.3113839272409675,0.6973138134926555,3,0,0.0,2.0,10.0,0.0,1.0
18285,2022-10-01,Fulham,Newcastle United,0.0008,0.0059,0.9933,1,1,4,4,0.6837006919085978,0.6837005913257599,2,1,0.0,1.0,3.0,0.0,0.0,4,3,19,17,5.24774781614542,4.095822907984256,0,0,0.0,2.0,15.0,0.0,2.0
18288,2022-10-01,Liverpool,Brighton,0.3275,0.2387,0.4338,2,2,15,9,2.2341296691447496,1.7555307280272243,1,0,1.0,3.0,10.0,0.0,1.0,3,2,6,5,2.36566698551178,1.9196169972419737,1,0,0.0,1.0,6.0,0.0,0.0
18290,2022-10-01,Southampton,Everton,0.3591,0.245,0.3959,1,1,21,15,1.9991588070988653,1.7185372076928611,2,0,1.0,4.0,14.0,0.0,2.0,2,2,12,9,2.0430929996073246,1.8125813100486996,1,0,1.0,1.0,9.0,0.0,1.0
18291,2022-10-01,West Ham United,Wolverhampton Wanderers,0.4659,0.3317,0.2024,2,0,18,11,1.041168393567204,0.6752508990466592,2,0,1.0,0.0,17.0,0.0,0.0,0,0,15,9,0.5759880039840933,0.3475097948685285,2,0,0.0,1.0,14.0,0.0,0.0
18289,2022-10-02,Manchester City,Manchester United,0.6839,0.1915,0.1246,6,6,22,16,3.046276045963168,2.4062185809016228,0,0,1.0,3.0,18.0,0.0,0.0,3,1,12,9,1.7737920237705112,0.3019952950999138,3,0,0.0,0.0,11.0,1.0,0.0
18286,2022-10-02,Leeds United,Aston Villa,0.0342,0.1457,0.8201,0,0,6,5,0.2986257970333097,0.2716880962252614,3,1,0.0,1.0,5.0,0.0,0.0,0,0,19,13,1.9537202324718237,1.142645318061113,2,0,0.0,1.0,18.0,0.0,0.0
18287,2022-10-03,Leicester City,Nottingham Forest,0.3618,0.2848,0.3534,4,2,17,12,1.251808203756809,0.9885796867311,2,0,1.0,1.0,14.0,0.0,1.0,0,0,10,7,1.2216901108622549,1.0814265049993987,4,0,0.0,2.0,8.0,0.0,0.0
18293,2022-10-08,Bournemouth,Leicester City,0.3192,0.3312,0.3496,2,1,10,5,1.158382575958967,0.8096525967121123,1,0,1.0,3.0,6.0,0.0,0.0,1,0,9,7,1.1812506858259435,1.031218076124787,2,0,1.0,2.0,6.0,0.0,0.0
18295,2022-10-08,Chelsea,Wolverhampton Wanderers,0.7831,0.143,0.0739,3,3,20,17,2.4309227000921965,2.1958897411823277,2,0,0.0,3.0,17.0,0.0,0.0,0,0,8,6,0.7484491076320408,0.5568621940910815,0,0,1.0,2.0,4.0,0.0,1.0
18298,2022-10-08,Manchester City,Southampton,0.942,0.0531,0.0049,4,4,21,17,2.741525594145059,2.453357432037592,0,0,0.0,4.0,17.0,0.0,0.0,0,0,5,2,0.1024560006335376,0.0384594993665813,1,0,0.0,3.0,2.0,0.0,0.0
18299,2022-10-08,Newcastle United,Brentford,0.7371,0.1881,0.0748,4,2,16,10,2.4475457295775414,1.4283343553543089,0,0,0.0,7.0,8.0,0.0,1.0,1,0,6,4,1.134662203490734,0.2793768942356109,1,0,0.0,0.0,4.0,1.0,2.0
18294,2022-10-08,Brighton,Tottenham Hotspur,0.3516,0.3567,0.2917,0,0,14,14,0.8997351024299856,0.899735191836953,1,0,0.0,1.0,12.0,0.0,1.0,1,1,8,7,0.7716410215944051,0.7194032808765768,2,0,1.0,1.0,5.0,0.0,1.0
18296,2022-10-09,Crystal Palace,Leeds United,0.5257,0.2625,0.2118,2,2,13,10,1.6519405264407394,1.521552702412009,3,0,2.0,1.0,8.0,0.0,2.0,1,0,10,8,1.1017219107598062,0.7566282972693442,3,0,0.0,1.0,9.0,0.0,0.0
18301,2022-10-09,West Ham United,Fulham,0.9548,0.0369,0.0083,3,1,17,12,3.720144663006068,1.369051896035671,1,0,0.0,1.0,15.0,1.0,0.0,1,1,8,4,0.5498484037816523,0.3216854035854338,3,0,1.0,0.0,7.0,0.0,0.0
18292,2022-10-09,Arsenal,Liverpool,0.8957,0.0875,0.0168,3,2,11,4,2.8432417996227737,1.5486688055098057,1,0,0.0,0.0,10.0,1.0,0.0,2,2,8,5,0.7660529855638739,0.6814261116087434,2,0,0.0,1.0,7.0,0.0,0.0
18297,2022-10-09,Everton,Manchester United,0.0485,0.1658,0.7857,1,0,10,6,0.3658448010683056,0.286809899844229,2,0,0.0,2.0,6.0,0.0,2.0,2,2,12,11,1.8261199705302715,1.7835659161210058,1,0,0.0,2.0,10.0,0.0,0.0
18300,2022-10-10,Nottingham Forest,Aston Villa,0.1074,0.4655,0.4271,1,1,6,5,0.2213457971811292,0.1898403037339447,3,0,0.0,0.0,5.0,0.0,1.0,1,0,12,8,0.6571860909461972,0.4806655924767253,3,0,3.0,4.0,5.0,0.0,0.0
18303,2022-10-14,Brentford,Brighton,0.308,0.27,0.422,2,1,7,3,1.9063625391572716,1.0213174894452095,3,0,0.0,0.0,5.0,1.0,1.0,0,0,21,19,2.166134526021778,2.1356533989310265,1,0,0.0,6.0,15.0,0.0,0.0
18306,2022-10-15,Leicester City,Crystal Palace,0.5272,0.3513,0.1215,0,0,14,10,0.9734262041747566,0.8266597017645833,2,0,1.0,3.0,9.0,0.0,1.0,0,0,8,4,0.3468079008162019,0.1995150037109851,2,0,0.0,1.0,5.0,0.0,2.0
18304,2022-10-15,Fulham,Bournemouth,0.3546,0.2867,0.3587,2,1,19,12,1.617374826222658,0.6945959888398643,2,0,0.0,1.0,17.0,1.0,0.0,2,2,10,8,1.6282914280891418,1.0074381940066812,0,0,0.0,6.0,4.0,0.0,0.0
18311,2022-10-15,Wolverhampton Wanderers,Nottingham Forest,0.3039,0.378,0.3181,1,0,9,7,1.2236811816692348,0.4489647001028057,2,0,0.0,2.0,6.0,1.0,0.0,0,0,10,5,1.2476122407242656,0.2871856382116674,2,0,1.0,1.0,6.0,1.0,1.0
18310,2022-10-15,Tottenham Hotspur,Everton,0.8457,0.1223,0.032,2,1,21,16,2.4993342105299234,1.5862280130386353,1,0,1.0,1.0,16.0,1.0,2.0,0,0,4,3,0.560039198026061,0.2081871982663869,4,0,0.0,1.0,2.0,0.0,1.0
18302,2022-10-16,Aston Villa,Chelsea,0.6794,0.1924,0.1282,0,0,18,11,2.4490976184606548,1.9123067520558832,0,0,1.0,3.0,11.0,0.0,3.0,2,0,8,6,1.236426070332527,0.6719370856881139,3,0,1.0,0.0,7.0,0.0,0.0
18305,2022-10-16,Leeds United,Arsenal,0.6846,0.2144,0.101,0,0,16,11,2.0223254580050702,0.9085365096107124,0,0,0.0,3.0,12.0,1.0,0.0,1,1,9,7,0.8217565901577469,0.7143771946430204,2,0,1.0,2.0,6.0,0.0,0.0
18308,2022-10-16,Manchester United,Newcastle United,0.5506,0.278,0.1714,0,0,15,12,1.4160550823435183,1.318391324020922,3,0,1.0,0.0,14.0,0.0,0.0,0,0,9,7,0.8006937913596627,0.4626611918210981,1,0,1.0,3.0,2.0,0.0,3.0
18309,2022-10-16,Southampton,West Ham United,0.0936,0.2206,0.6858,1,0,10,7,0.5288519905880092,0.4367610961198804,1,0,0.0,1.0,9.0,0.0,0.0,1,1,25,16,1.7284320779144762,1.2535906005650757,1,0,0.0,6.0,19.0,0.0,0.0
18307,2022-10-16,Liverpool,Manchester City,0.6548,0.2089,0.1363,1,1,13,10,2.00017100572586,1.8712387010455127,3,0,0.0,2.0,9.0,0.0,2.0,0,0,16,12,0.9114939980208872,0.8072393015027044,1,0,0.0,3.0,13.0,0.0,0.0
18315,2022-10-18,Brighton,Nottingham Forest,0.8805,0.104,0.0155,0,0,19,16,2.171810094267129,1.4788415953516958,3,0,0.0,4.0,13.0,0.0,2.0,0,0,3,3,0.1950031984597443,0.1950033009052276,1,0,0.0,1.0,2.0,0.0,0.0
18318,2022-10-18,Crystal Palace,Wolverhampton Wanderers,0.4633,0.2981,0.2386,2,2,14,13,1.2561714369803665,1.2149698957800863,3,0,1.0,3.0,10.0,0.0,0.0,1,1,10,7,0.8578373044729231,0.6840314697474239,1,0,1.0,1.0,8.0,0.0,0.0
18313,2022-10-19,Bournemouth,Southampton,0.213,0.2994,0.4876,0,0,15,14,0.810451991856098,0.7330831065773962,1,0,1.0,2.0,12.0,0.0,0.0,1,1,8,6,1.248474132269621,1.0682467333972454,3,0,0.0,0.0,8.0,0.0,0.0
18314,2022-10-19,Brentford,Chelsea,0.6519,0.2453,0.1028,0,0,8,7,1.4522832743823528,0.8456592997536063,0,0,0.0,0.0,7.0,0.0,1.0,0,0,14,14,0.5574046019464726,0.5090653002262112,0,0,0.0,0.0,14.0,0.0,0.0
18319,2022-10-19,Newcastle United,Everton,0.6685,0.3125,0.019,1,1,16,14,1.133935213088989,0.9126019254326816,2,0,0.0,3.0,11.0,0.0,2.0,0,0,1,1,0.0609567016363143,0.0609567016363143,4,0,0.0,1.0,0.0,0.0,0.0
18320,2022-10-19,Liverpool,West Ham United,0.3183,0.2359,0.4458,1,1,22,15,2.249055828899145,0.9292164035141464,0,0,0.0,4.0,18.0,0.0,0.0,0,0,8,5,2.486489549279213,1.6403129994869232,0,0,0.0,3.0,4.0,1.0,0.0
18321,2022-10-19,Manchester United,Tottenham Hotspur,0.6423,0.2415,0.1162,2,1,28,25,1.709731254726648,1.532121233642101,1,0,1.0,5.0,22.0,0.0,0.0,0,0,9,9,0.6585260145366189,0.65852590277791,0,0,0.0,1.0,8.0,0.0,0.0
18316,2022-10-20,Fulham,Aston Villa,0.8816,0.0849,0.0335,2,0,18,12,2.9111420493572955,1.1336327642202375,0,0,1.0,4.0,11.0,1.0,1.0,0,0,12,9,0.7114876993000506,0.5418226905167101,2,1,0.0,0.0,10.0,0.0,3.0
18317,2022-10-20,Leicester City,Leeds United,0.1801,0.3123,0.5076,1,1,5,4,0.6552493926137684,0.5738468915224075,2,0,0.0,1.0,4.0,0.0,0.0,0,0,14,11,1.1946410033851858,1.1027095150202508,1,0,0.0,3.0,9.0,0.0,3.0
18327,2022-10-22,Nottingham Forest,Liverpool,0.4594,0.2303,0.3103,1,0,10,9,2.908733867108822,2.2059172056615357,2,0,0.0,0.0,8.0,0.0,2.0,0,0,15,13,2.2012139335274696,2.104561012238264,1,0,0.0,3.0,10.0,0.0,2.0
18324,2022-10-22,Everton,Crystal Palace,0.7649,0.1702,0.0649,3,2,9,5,1.9339604740962384,1.0599701888859272,3,0,0.0,1.0,8.0,0.0,0.0,0,0,9,6,0.5971670076251027,0.3818150013685226,4,0,2.0,1.0,6.0,0.0,0.0
18326,2022-10-22,Manchester City,Brighton,0.7596,0.18,0.0604,3,2,10,8,1.8623838275671003,1.0065996944904323,1,0,0.0,2.0,6.0,1.0,1.0,1,1,8,6,0.5286303926259277,0.5064731072634456,3,0,0.0,1.0,7.0,0.0,0.0
18323,2022-10-22,Chelsea,Manchester United,0.5149,0.3177,0.1674,1,0,6,3,1.2023750096559525,0.3284365944564341,1,0,0.0,2.0,3.0,1.0,0.0,1,1,13,12,0.730935616418719,0.6906222933903334,4,0,1.0,0.0,12.0,0.0,0.0
18322,2022-10-23,Aston Villa,Brentford,0.9111,0.0678,0.0211,4,2,19,13,4.203964030370115,1.746422205120325,1,0,0.0,4.0,14.0,1.0,0.0,0,0,12,11,1.010039877146482,0.7022758834064003,0,0,0.0,5.0,7.0,0.0,0.0
18325,2022-10-23,Leeds United,Fulham,0.2725,0.2214,0.5061,2,1,14,12,2.023361079394817,1.2734284996986387,1,0,0.0,1.0,12.0,0.0,1.0,3,3,11,10,2.475114829838276,2.3595980256795883,1,0,0.0,3.0,7.0,0.0,1.0
18328,2022-10-23,Southampton,Arsenal,0.1135,0.2527,0.6338,1,1,10,8,0.6226531881839035,0.5683162119239569,2,0,0.0,3.0,7.0,0.0,0.0,1,1,12,10,1.5789707154035564,1.4984264858067031,1,0,0.0,1.0,11.0,0.0,0.0
18331,2022-10-23,Wolverhampton Wanderers,Leicester City,0.5134,0.2724,0.2142,0,0,21,16,1.6300166025757787,1.426759392023086,2,0,1.0,5.0,14.0,0.0,1.0,4,3,5,4,0.9890748849138616,0.9767726846039294,1,0,0.0,0.0,3.0,0.0,2.0
18329,2022-10-23,Tottenham Hotspur,Newcastle United,0.4711,0.2735,0.2554,1,1,17,15,1.5651258332654832,1.5145648848265405,4,0,0.0,2.0,15.0,0.0,0.0,2,1,13,7,1.1306366752833126,0.9091811943799256,2,0,0.0,3.0,9.0,0.0,1.0
18330,2022-10-24,West Ham United,Bournemouth,0.7246,0.2045,0.0709,2,1,20,14,1.989682192914188,1.0202740821987388,0,0,1.0,3.0,13.0,1.0,2.0,0,0,5,4,0.7304423060268163,0.6099952962249516,2,0,0.0,0.0,4.0,0.0,1.0
18338,2022-10-29,Leicester City,Manchester City,0.3111,0.381,0.3079,0,0,10,8,0.6935977144166824,0.5999839156866071,0,0,0.0,2.0,6.0,0.0,2.0,1,0,15,13,0.7038269964978097,0.6204128004610535,0,0,1.0,4.0,10.0,0.0,0.0
18333,2022-10-29,Bournemouth,Tottenham Hotspur,0.1026,0.1995,0.6979,2,2,6,6,0.8875334160402416,0.8875334048643707,1,0,0.0,1.0,5.0,0.0,0.0,3,2,23,17,2.19544119015336,1.7787719704210754,2,0,1.0,9.0,12.0,0.0,1.0
18334,2022-10-29,Brentford,Wolverhampton Wanderers,0.5841,0.2769,0.139,1,1,12,8,1.3128699855878947,0.8906992841511963,3,0,0.0,1.0,9.0,0.0,2.0,1,1,14,10,0.5577883096411821,0.3623459041118619,3,1,0.0,5.0,9.0,0.0,0.0
18335,2022-10-29,Brighton,Chelsea,0.8126,0.1331,0.0543,2,1,19,15,2.938380405306816,2.1509630531072617,1,0,0.0,4.0,15.0,0.0,0.0,1,1,15,11,1.075534919276833,0.8810615930706261,2,0,0.0,3.0,14.0,0.0,0.0
18336,2022-10-29,Crystal Palace,Southampton,0.2594,0.3006,0.44,1,1,12,10,1.0038414262235162,0.8643877021968362,3,0,1.0,1.0,10.0,0.0,0.0,0,0,14,12,1.358026726171374,1.2686120122671127,3,0,0.0,2.0,11.0,0.0,1.0
18341,2022-10-29,Newcastle United,Aston Villa,0.9905,0.0086,0.0009,4,2,20,15,4.278364572674036,2.2961719445884223,1,0,0.0,3.0,15.0,1.0,1.0,0,0,3,3,0.2708140015602112,0.2708136998116969,1,0,0.0,0.0,3.0,0.0,0.0
18337,2022-10-29,Fulham,Everton,0.5075,0.27,0.2225,0,0,24,20,1.7672693235799668,1.0247562974691389,2,0,0.0,8.0,15.0,0.0,1.0,0,0,9,7,1.1916640773415563,1.0654707849025726,1,0,0.0,4.0,4.0,0.0,1.0
18339,2022-10-29,Liverpool,Leeds United,0.4399,0.2565,0.3036,1,1,22,19,1.9128056988120077,1.831870600581169,0,0,0.0,7.0,15.0,0.0,0.0,2,1,14,9,1.6127117611467836,0.769709102809429,1,0,3.0,1.0,9.0,0.0,1.0
18332,2022-10-30,Arsenal,Nottingham Forest,0.9566,0.0379,0.0055,5,4,24,21,3.148592352867126,2.666893437504768,0,0,1.0,4.0,18.0,0.0,1.0,0,0,5,2,0.2061268016695974,0.0897570997476577,1,0,0.0,1.0,4.0,0.0,0.0
18340,2022-10-30,Manchester United,West Ham United,0.5661,0.2616,0.1723,1,1,16,14,1.7513980306684969,1.5963194835931065,1,0,0.0,1.0,14.0,0.0,1.0,0,0,13,10,1.0004363097250455,0.9514440167695282,3,0,0.0,1.0,12.0,0.0,0.0
18345,2022-11-05,Leeds United,Bournemouth,0.5481,0.2398,0.2121,4,2,18,14,2.225965574383735,1.3118020873516794,2,0,0.0,6.0,10.0,1.0,1.0,3,2,9,6,1.558556083589792,1.036048997193575,2,0,0.0,3.0,6.0,0.0,0.0
18346,2022-11-05,Manchester City,Fulham,0.7901,0.1705,0.0394,2,1,16,12,2.393315739929676,1.5650009904056787,2,1,1.0,2.0,10.0,1.0,2.0,1,0,4,3,0.8438838170841335,0.0827148007228969,4,0,0.0,0.0,3.0,1.0,0.0
18347,2022-11-05,Nottingham Forest,Brentford,0.348,0.3175,0.3345,1,1,15,10,1.296956086531281,1.085832394659519,2,0,0.0,1.0,13.0,0.0,1.0,2,1,6,4,1.2204020880162716,0.4465497843921183,2,0,0.0,1.0,5.0,1.0,0.0
18351,2022-11-05,Wolverhampton Wanderers,Brighton,0.2155,0.2709,0.5136,2,1,8,5,1.2925184853374956,0.4722822867333887,2,1,0.0,2.0,4.0,1.0,1.0,3,2,19,11,1.9324164120480412,1.04500840511173,0,0,3.0,2.0,13.0,0.0,1.0
18344,2022-11-05,Everton,Leicester City,0.205,0.2148,0.5802,0,0,12,10,1.372902177274227,1.2197729311883447,0,0,0.0,3.0,8.0,0.0,1.0,2,2,22,18,2.2678958270698786,2.116452001035213,0,0,0.0,3.0,19.0,0.0,0.0
18343,2022-11-06,Chelsea,Arsenal,0.0122,0.0736,0.9142,0,0,5,3,0.2788142953068015,0.1885335948318241,5,0,0.0,2.0,3.0,0.0,0.0,1,1,14,9,2.378461096435785,1.5626681819558144,2,0,0.0,3.0,10.0,0.0,1.0
18342,2022-11-06,Aston Villa,Manchester United,0.298,0.4411,0.2609,3,2,6,4,0.5785636836662887,0.5172135122120379,3,0,1.0,0.0,6.0,0.0,0.0,0,0,8,4,0.5171897085383531,0.139939699321985,3,0,1.0,0.0,7.0,0.0,0.0
18348,2022-11-06,Southampton,Newcastle United,0.4256,0.2807,0.2937,1,1,16,13,1.6522753722965715,1.5910891778767104,1,0,1.0,3.0,11.0,0.0,1.0,4,3,7,6,1.42101439461112,1.1012774072587488,0,0,0.0,0.0,7.0,0.0,0.0
18350,2022-11-06,West Ham United,Crystal Palace,0.0601,0.3321,0.6078,1,1,5,4,0.1925786994397638,0.1563293002545832,1,0,0.0,1.0,3.0,0.0,1.0,2,2,15,10,1.0347141735255716,0.7508211061358449,1,0,2.0,1.0,12.0,0.0,0.0
18349,2022-11-06,Tottenham Hotspur,Liverpool,0.4503,0.2538,0.2959,1,1,14,9,1.8173563759773967,1.3115933947265148,0,0,0.0,2.0,10.0,0.0,2.0,2,1,13,9,1.4654827937483783,0.9509641285985706,0,0,0.0,1.0,12.0,0.0,0.0
18356,2022-11-12,Manchester City,Brentford,0.0967,0.1384,0.7649,1,1,29,21,1.6116000888869162,1.2643023971468206,2,0,0.0,6.0,23.0,0.0,0.0,2,1,10,7,3.290125004947185,2.4321684055030346,2,0,0.0,0.0,9.0,0.0,1.0
18352,2022-11-12,Bournemouth,Everton,0.8095,0.1338,0.0567,3,2,16,13,2.596237927675247,2.076317939907312,2,0,0.0,4.0,11.0,0.0,1.0,0,0,15,11,0.7704648114740843,0.5763002969324585,0,0,0.0,1.0,12.0,0.0,2.0
18355,2022-11-12,Liverpool,Southampton,0.6924,0.1735,0.1341,3,3,15,14,2.744174337014556,2.6967938281595707,0,0,0.0,5.0,9.0,0.0,1.0,1,1,9,9,1.4342699963599443,1.4342698156833646,2,0,0.0,0.0,8.0,0.0,1.0
18358,2022-11-12,Nottingham Forest,Crystal Palace,0.3495,0.3518,0.2987,1,0,9,6,1.2375171240419147,0.4648301992565392,1,0,1.0,0.0,5.0,0.0,3.0,0,0,8,5,1.145525215193629,0.2330348026007412,4,0,0.0,1.0,5.0,1.0,1.0
18359,2022-11-12,Tottenham Hotspur,Leeds United,0.5788,0.204,0.2172,4,1,14,9,2.585649790242314,1.6581970155239103,1,0,0.0,2.0,12.0,0.0,0.0,3,3,12,9,1.7175360294058917,1.4485794864594934,1,1,2.0,2.0,5.0,0.0,3.0
18360,2022-11-12,West Ham United,Leicester City,0.122,0.2312,0.6468,0,0,18,14,0.7207217086106535,0.5754308011382815,3,0,0.0,4.0,13.0,0.0,1.0,2,2,9,8,1.6117384936660526,0.8505704086273906,1,0,0.0,0.0,8.0,1.0,0.0
18357,2022-11-12,Newcastle United,Chelsea,0.6864,0.2399,0.0737,1,1,10,9,1.360103193670511,1.2944342307746408,3,0,0.0,2.0,7.0,0.0,1.0,0,0,5,5,0.3591053932905195,0.3591048009693621,2,0,0.0,2.0,3.0,0.0,0.0
18361,2022-11-12,Wolverhampton Wanderers,Arsenal,0.0353,0.1195,0.8452,0,0,11,6,0.5123396106064316,0.3446278981864451,3,0,1.0,2.0,8.0,0.0,0.0,2,1,14,9,2.290239745751023,1.5655704885721209,2,0,0.0,2.0,12.0,0.0,0.0
18353,2022-11-13,Brighton,Aston Villa,0.2078,0.3416,0.4506,1,0,7,4,0.8291073935106393,0.4595472067594527,2,0,0.0,2.0,5.0,0.0,0.0,2,1,8,5,1.154366787523031,0.351650573313236,7,0,0.0,1.0,6.0,1.0,0.0
18354,2022-11-13,Fulham,Manchester United,0.086,0.142,0.772,1,0,14,9,1.702178001403808,0.6793852988630531,1,0,0.0,6.0,7.0,0.0,1.0,2,1,14,11,3.4745913334190845,2.507034142501652,1,0,0.0,0.0,14.0,0.0,0.0
18364,2022-12-26,Brentford,Tottenham Hotspur,0.7598,0.1641,0.0761,2,1,9,7,2.3646509759128094,1.5698086768388746,3,0,0.0,3.0,6.0,0.0,0.0,2,1,16,13,0.8837871449068186,0.6929367966949935,1,0,1.0,1.0,14.0,0.0,0.0
18366,2022-12-26,Crystal Palace,Fulham,0.0218,0.079,0.8992,0,0,4,3,0.4217529967427252,0.3103889971971511,0,2,0.0,0.0,3.0,0.0,1.0,3,1,23,16,2.7822630051523443,1.7129120044410229,0,0,1.0,5.0,13.0,0.0,4.0
18367,2022-12-26,Everton,Wolverhampton Wanderers,0.3391,0.3145,0.3464,1,1,12,6,1.2307861279696222,0.9832498859614132,1,0,2.0,2.0,5.0,0.0,3.0,2,1,7,4,1.2207576744258404,0.5828487034887075,6,0,0.0,1.0,5.0,0.0,1.0
18369,2022-12-26,Leicester City,Newcastle United,0.0339,0.1497,0.8164,0,0,8,6,0.3134145978838202,0.2526776986196635,0,0,0.0,1.0,7.0,0.0,0.0,3,2,12,8,1.7638221420347688,0.8023023102432488,0,0,0.0,4.0,6.0,1.0,1.0
18371,2022-12-26,Southampton,Brighton,0.5656,0.281,0.1534,1,0,14,10,1.9875511797145005,0.7584027210250492,1,0,1.0,2.0,8.0,1.0,3.0,2,2,7,7,1.00714398548007,1.0071434155106542,2,0,0.0,0.0,7.0,0.0,0.0
18363,2022-12-26,Aston Villa,Liverpool,0.0917,0.1312,0.7771,1,1,12,10,1.6915503665804863,1.198340393602848,0,0,0.0,0.0,11.0,0.0,1.0,3,2,16,11,3.506935610435902,2.350257284939289,0,0,0.0,4.0,11.0,0.0,1.0
18362,2022-12-26,Arsenal,West Ham United,0.5915,0.2609,0.1476,3,3,16,14,1.894622189924121,1.7857042048126457,0,0,1.0,2.0,12.0,0.0,1.0,1,0,8,6,1.026515396311879,0.2463555987924335,2,0,0.0,2.0,4.0,1.0,1.0
18365,2022-12-27,Chelsea,Bournemouth,0.7782,0.1645,0.0573,2,2,15,13,1.913775935769081,1.7142969034612177,0,0,0.0,2.0,12.0,0.0,1.0,0,0,9,6,0.4430701062083241,0.3032639976590869,0,0,2.0,3.0,4.0,0.0,0.0
18370,2022-12-27,Manchester United,Nottingham Forest,0.8027,0.1485,0.0488,3,3,17,13,2.1408658027648926,1.8978850319981573,3,0,0.0,4.0,13.0,0.0,0.0,0,0,8,5,0.4888273105025289,0.3107234090566633,1,0,0.0,3.0,4.0,0.0,1.0
18368,2022-12-28,Leeds United,Manchester City,0.0095,0.0335,0.957,1,1,9,5,0.6044472986832258,0.396478198468685,3,0,2.0,1.0,6.0,0.0,0.0,3,2,26,21,4.225220717489719,3.487782496958971,3,0,0.0,4.0,19.0,0.0,3.0
18380,2022-12-30,West Ham United,Brentford,0.2474,0.2674,0.4852,0,0,20,15,1.1397925885394211,0.8737970814108849,1,0,2.0,4.0,14.0,0.0,0.0,2,1,9,6,1.6142179975286124,0.864248290657997,0,0,1.0,2.0,5.0,0.0,1.0
18375,2022-12-30,Liverpool,Leicester City,0.6596,0.2117,0.1287,0,0,21,15,2.0258996002376075,1.7006706167012449,0,0,1.0,1.0,16.0,0.0,3.0,1,1,7,6,0.8633122742176056,0.8414047956466675,1,0,0.0,3.0,6.0,0.0,0.0
18381,2022-12-31,Wolverhampton Wanderers,Manchester United,0.0488,0.1258,0.8254,0,0,10,8,0.5876720957458016,0.5078169964253898,1,0,2.0,2.0,6.0,0.0,0.0,1,1,16,9,2.463301166892052,1.3437382020056243,3,0,1.0,2.0,13.0,0.0,0.0
18372,2022-12-31,Bournemouth,Crystal Palace,0.1237,0.2679,0.6084,0,0,6,5,0.8958190903067588,0.2257151026278733,4,0,0.0,0.0,5.0,0.0,1.0,2,2,15,10,1.7535372069105502,1.6065316498279572,1,0,1.0,5.0,7.0,0.0,2.0
18374,2022-12-31,Fulham,Southampton,0.621,0.2632,0.1158,1,1,8,4,1.4930501878261566,0.5715226940810679,0,0,0.0,2.0,5.0,1.0,0.0,1,0,9,6,0.6987108737230299,0.6304988879710434,1,0,1.0,3.0,6.0,0.0,0.0
18376,2022-12-31,Manchester City,Everton,0.9324,0.0634,0.0042,1,1,16,16,2.3780060149729247,2.3780035451054573,3,0,0.0,2.0,13.0,0.0,1.0,1,1,2,2,0.0760018993169067,0.0760018974542617,4,0,0.0,0.0,2.0,0.0,0.0
18377,2022-12-31,Newcastle United,Leeds United,0.881,0.0883,0.0307,0,0,16,12,2.788456581532955,2.60584169998765,3,0,1.0,6.0,6.0,0.0,3.0,0,0,8,7,0.5170992054045198,0.3779989015311,5,0,1.0,1.0,6.0,0.0,0.0
18373,2022-12-31,Brighton,Arsenal,0.0456,0.1051,0.8493,2,1,9,6,1.1566323805600405,0.6058986857533454,3,0,0.0,1.0,8.0,0.0,0.0,4,1,14,8,3.311382509768009,1.3610451221466062,3,0,0.0,2.0,10.0,0.0,2.0
18379,2023-01-01,Tottenham Hotspur,Aston Villa,0.1431,0.2918,0.5651,0,0,6,5,0.5693830847740171,0.5101461857557295,4,0,1.0,0.0,4.0,0.0,1.0,2,2,13,11,1.217325398698449,1.0901890313252804,3,0,1.0,1.0,10.0,0.0,1.0
18378,2023-01-01,Nottingham Forest,Chelsea,0.2313,0.2919,0.4768,1,1,12,10,0.993100397288799,0.8861838057637212,2,0,0.0,1.0,9.0,0.0,2.0,1,0,7,5,1.373046215623617,0.6716987006366252,2,0,0.0,0.0,6.0,0.0,1.0
18384,2023-01-02,Brentford,Liverpool,0.3736,0.2734,0.353,2,1,10,5,2.525502782315016,0.648802489042282,1,0,0.0,4.0,6.0,0.0,0.0,1,1,16,12,2.1060901079326864,1.8645077291876075,3,0,0.0,5.0,11.0,0.0,1.0
18382,2023-01-03,Arsenal,Newcastle United,0.3226,0.3381,0.3393,0,0,17,14,0.9706354103982446,0.8673481103032824,4,0,0.0,2.0,12.0,0.0,3.0,0,0,8,7,1.0111165801063178,0.9979837797582148,4,0,0.0,3.0,3.0,0.0,2.0
18387,2023-01-03,Everton,Brighton,0.102,0.1911,0.7069,1,0,10,8,1.1689568217843769,0.3848023060709234,3,0,0.0,2.0,6.0,1.0,1.0,4,2,19,14,2.5081858988851304,1.286399284377694,1,0,1.0,0.0,16.0,0.0,2.0
18389,2023-01-03,Leicester City,Fulham,0.3898,0.2799,0.3303,0,0,15,10,1.453093321993947,1.2979470007121563,2,0,1.0,3.0,11.0,0.0,0.0,1,1,11,7,1.3349290983751412,1.1936581898480652,6,0,0.0,1.0,10.0,0.0,0.0
18390,2023-01-03,Manchester United,Bournemouth,0.8881,0.0826,0.0293,3,3,18,15,2.9738266915082927,2.72668751142919,0,0,2.0,0.0,15.0,0.0,1.0,0,0,7,5,0.6790219992399213,0.6002495810389517,3,0,1.0,1.0,5.0,0.0,0.0
18391,2023-01-04,Southampton,Nottingham Forest,0.153,0.3001,0.5469,0,0,8,6,0.6293694144114848,0.5358410924673079,2,0,1.0,3.0,3.0,0.0,1.0,1,1,11,7,1.2424903009086845,1.1773317996412516,2,0,0.0,1.0,8.0,0.0,2.0
18388,2023-01-04,Leeds United,West Ham United,0.324,0.3108,0.3652,2,2,14,11,1.276262328028679,1.0089724101126192,3,0,0.0,7.0,5.0,0.0,2.0,2,0,15,5,1.293805935420096,0.2842278964817522,1,0,0.0,1.0,13.0,1.0,0.0
18383,2023-01-04,Aston Villa,Wolverhampton Wanderers,0.3969,0.3272,0.2759,1,1,13,9,1.0322548011317845,0.8629503920674323,1,0,1.0,2.0,10.0,0.0,0.0,1,1,10,8,0.8325220905244347,0.4169388040900229,3,0,0.0,4.0,6.0,0.0,0.0
18386,2023-01-04,Crystal Palace,Tottenham Hotspur,0.1413,0.2366,0.6221,0,0,19,14,0.7875240985304112,0.5951835941523311,1,0,0.0,6.0,12.0,0.0,1.0,4,2,14,8,1.670806027948856,1.3179713785648344,2,0,0.0,0.0,14.0,0.0,0.0
18385,2023-01-05,Chelsea,Manchester City,0.065,0.1925,0.7425,0,0,8,7,0.5027807019650933,0.4391671083867549,2,0,0.0,1.0,7.0,0.0,0.0,1,1,12,9,1.7294277027249334,1.544475108385086,0,0,0.0,2.0,10.0,0.0,0.0
18262,2023-01-12,Fulham,Chelsea,0.0519,0.1442,0.8039,2,1,8,6,0.7131653036922214,0.6325594056397675,4,0,0.0,1.0,7.0,0.0,0.0,1,0,20,13,2.429658461362123,1.5430134106427429,3,1,1.0,2.0,13.0,0.0,4.0
18392,2023-01-13,Aston Villa,Leeds United,0.1931,0.2242,0.5827,2,1,11,6,1.6459857206791637,0.9410469979047774,2,0,0.0,0.0,11.0,0.0,0.0,1,1,16,12,2.787969976663589,1.6663814820349214,2,0,0.0,0.0,14.0,0.0,2.0
18397,2023-01-14,Manchester United,Manchester City,0.7313,0.2034,0.0653,2,2,8,8,1.98228444904089,1.9822798911482096,3,0,0.0,0.0,8.0,0.0,0.0,1,1,5,4,0.7369498200714587,0.669764321297407,0,0,0.0,0.0,5.0,0.0,0.0
18394,2023-01-14,Brighton,Liverpool,0.6565,0.2102,0.1333,3,2,16,15,2.461788520216942,1.811055222526192,1,0,0.0,2.0,14.0,0.0,0.0,0,0,6,6,1.288535675965249,1.288535675965249,3,0,0.0,1.0,5.0,0.0,0.0
18396,2023-01-14,Everton,Southampton,0.3807,0.3021,0.3172,1,1,12,8,1.182185988873243,0.6173784006386993,0,0,0.0,1.0,7.0,0.0,4.0,2,1,13,9,1.0841152928769586,0.9033517017960546,3,0,2.0,2.0,9.0,0.0,0.0
18399,2023-01-14,Nottingham Forest,Leicester City,0.6211,0.2387,0.1402,2,2,15,11,1.7531295232474804,1.5103750750422476,1,0,2.0,0.0,13.0,0.0,0.0,0,0,6,6,0.8034214228391647,0.8034212049096822,2,0,0.0,1.0,5.0,0.0,0.0
18401,2023-01-14,Wolverhampton Wanderers,West Ham United,0.3464,0.365,0.2886,1,0,17,11,0.8065802985802288,0.5279478020966051,0,0,0.0,3.0,14.0,0.0,0.0,0,0,16,12,0.7363591939210887,0.5105752013623709,2,0,0.0,0.0,15.0,0.0,1.0
18393,2023-01-14,Brentford,Bournemouth,0.7302,0.2253,0.0445,2,1,12,5,1.2981521151959894,0.2435503024607895,1,0,0.0,1.0,8.0,1.0,2.0,0,0,7,5,0.2696125004440544,0.2323162918910383,1,0,0.0,0.0,7.0,0.0,0.0
18395,2023-01-15,Chelsea,Crystal Palace,0.7152,0.1938,0.091,1,1,15,8,2.1298672556877136,1.476964011788368,2,0,0.0,4.0,9.0,0.0,2.0,0,0,10,5,0.8373653199523684,0.2149844951927661,5,0,0.0,3.0,6.0,0.0,1.0
18398,2023-01-15,Newcastle United,Fulham,0.6207,0.2552,0.1241,1,1,20,14,1.964567210525274,1.78514963760972,1,0,2.0,3.0,12.0,0.0,3.0,0,0,5,3,0.992369510233402,0.1973413974046707,3,0,0.0,1.0,2.0,1.0,1.0
18400,2023-01-15,Tottenham Hotspur,Arsenal,0.293,0.2491,0.4579,0,0,17,13,1.7119157351553438,1.4701147153973575,4,0,1.0,1.0,16.0,0.0,0.0,1,1,14,10,2.063608065247536,1.7588794454932213,2,0,2.0,0.0,10.0,0.0,2.0
18270,2023-01-18,Crystal Palace,Manchester United,0.0948,0.2512,0.654,1,0,10,7,0.4133385028690097,0.2760520949959753,1,0,2.0,3.0,4.0,0.0,1.0,1,1,15,13,1.394367093220353,1.2666269112378357,2,0,1.0,3.0,11.0,0.0,0.0
18267,2023-01-19,Manchester City,Tottenham Hotspur,0.6717,0.203,0.1253,4,2,16,10,2.392076648771763,1.5043230056762695,1,0,1.0,2.0,13.0,0.0,0.0,2,0,9,5,1.18555842153728,0.7246241122484206,2,0,0.0,1.0,8.0,0.0,0.0
18408,2023-01-21,Liverpool,Chelsea,0.2375,0.2581,0.5044,0,0,15,7,1.3012501094490287,0.9784689880907532,3,0,0.0,1.0,13.0,0.0,1.0,0,0,11,10,1.8446713835000992,1.7862521875649688,1,0,0.0,1.0,8.0,0.0,2.0
18403,2023-01-21,Bournemouth,Nottingham Forest,0.4241,0.2689,0.307,1,1,16,10,1.8127117967233064,1.4116918817162512,1,0,2.0,2.0,12.0,0.0,0.0,1,1,20,15,1.626434997655451,1.490195414051413,2,0,0.0,5.0,13.0,0.0,2.0
18407,2023-01-21,Leicester City,Brighton,0.2166,0.2601,0.5233,2,0,9,5,1.4539893101900816,0.2402828987687825,0,0,1.0,4.0,4.0,0.0,0.0,2,2,13,11,1.9459226643666625,1.9183811992406845,1,0,0.0,3.0,10.0,0.0,0.0
18410,2023-01-21,Southampton,Aston Villa,0.201,0.3311,0.4679,0,0,8,7,0.6724448921158906,0.6542318249121306,1,0,0.0,2.0,4.0,0.0,2.0,1,1,16,10,1.171940129250288,0.9141566976904868,2,0,1.0,1.0,11.0,0.0,3.0
18411,2023-01-21,West Ham United,Everton,0.9339,0.0568,0.0093,2,1,11,10,2.531667374074458,1.734154311940074,1,0,0.0,3.0,8.0,0.0,0.0,0,0,5,3,0.2868257034569977,0.1418825006112455,1,0,0.0,3.0,1.0,0.0,1.0
18404,2023-01-21,Crystal Palace,Newcastle United,0.0722,0.2329,0.6949,0,0,6,4,0.3331538978964088,0.2348619997501372,4,0,0.0,1.0,5.0,0.0,0.0,0,0,16,13,1.452312514185905,1.2373439017683263,2,0,0.0,8.0,7.0,0.0,1.0
18406,2023-01-22,Leeds United,Brentford,0.2817,0.5991,0.1192,0,0,9,7,0.3747362978756426,0.1873061005026101,2,0,1.0,0.0,8.0,0.0,0.0,0,0,6,4,0.1711402013897894,0.129275396466255,2,0,1.0,0.0,5.0,0.0,0.0
18409,2023-01-22,Manchester City,Wolverhampton Wanderers,0.9503,0.0408,0.0089,3,2,13,12,3.3275764416903257,2.566403992474079,1,0,0.0,0.0,12.0,1.0,0.0,0,0,10,6,0.4723244942724703,0.3630005996674297,2,0,0.0,3.0,7.0,0.0,0.0
18402,2023-01-22,Arsenal,Manchester United,0.9363,0.0541,0.0096,3,2,25,17,2.9636310506612062,1.916863907128572,1,0,0.0,5.0,19.0,0.0,1.0,2,1,6,3,0.2722461000084874,0.0884889997541903,2,0,0.0,1.0,5.0,0.0,0.0
18405,2023-01-23,Fulham,Tottenham Hotspur,0.3629,0.3376,0.2995,0,0,10,7,1.0933922212570903,0.8831134811043739,1,0,1.0,0.0,7.0,0.0,2.0,1,1,10,7,0.993805095553398,0.8378194030374286,3,0,1.0,5.0,4.0,0.0,0.0
18415,2023-02-03,Chelsea,Fulham,0.6334,0.254,0.1126,0,0,11,8,1.4147131713107224,0.9395473077893256,1,0,0.0,2.0,9.0,0.0,0.0,0,0,10,6,0.4957959027960894,0.3184046922251579,4,0,0.0,0.0,8.0,0.0,2.0
18416,2023-02-04,Everton,Arsenal,0.7682,0.1665,0.0653,1,1,12,10,2.091905215755105,2.0621347967535257,4,0,0.0,3.0,9.0,0.0,0.0,0,0,15,13,0.69181939586997,0.5795405004173514,1,0,0.0,3.0,11.0,0.0,1.0
18412,2023-02-04,Aston Villa,Leicester City,0.1591,0.2124,0.6285,1,0,19,14,1.515465488657355,0.7906490024179216,0,0,0.0,7.0,12.0,0.0,0.0,4,3,9,8,2.4978369772434235,2.1639970242977142,3,0,0.0,0.0,10.0,0.0,0.0
18413,2023-02-04,Brentford,Southampton,0.8146,0.1377,0.0477,3,3,14,11,2.3893063478171825,2.2286100536584854,1,0,0.0,2.0,11.0,0.0,1.0,0,0,14,11,0.6666187746450303,0.4787746053189038,2,0,0.0,2.0,11.0,0.0,1.0
18414,2023-02-04,Brighton,Bournemouth,0.7945,0.1408,0.0647,1,1,20,12,3.1435745470225807,1.506518919020891,3,0,0.0,2.0,18.0,0.0,0.0,0,0,12,9,0.9148213919252156,0.7206034064292908,1,0,0.0,3.0,9.0,0.0,0.0
18417,2023-02-04,Manchester United,Crystal Palace,0.5467,0.2671,0.1862,2,0,14,9,2.0984134189784527,0.6516078989952803,1,1,0.0,7.0,6.0,1.0,0.0,1,1,10,7,1.4115025363862512,1.2400356903672218,2,0,0.0,4.0,4.0,0.0,2.0
18421,2023-02-04,Wolverhampton Wanderers,Liverpool,0.7065,0.1715,0.122,2,1,12,9,2.8048296831548214,1.656737385317683,1,0,0.0,1.0,9.0,0.0,2.0,0,0,22,15,1.3191802920773623,0.9747303081676362,1,0,1.0,0.0,21.0,0.0,1.0
18418,2023-02-04,Newcastle United,West Ham United,0.33,0.31,0.36,1,1,8,7,1.2288317829370496,1.1699634976685045,2,0,0.0,3.0,3.0,0.0,2.0,1,0,10,8,1.2783103138208387,0.6500553153455255,1,0,0.0,2.0,7.0,0.0,1.0
18419,2023-02-05,Nottingham Forest,Leeds United,0.0866,0.2912,0.6222,1,0,6,5,0.3325003013014791,0.2793984971940516,4,0,0.0,0.0,4.0,0.0,2.0,0,0,10,9,1.128543324768543,1.0780668742954729,2,0,0.0,0.0,7.0,0.0,3.0
18420,2023-02-05,Tottenham Hotspur,Manchester City,0.5572,0.2724,0.1704,1,1,12,8,1.459682075306773,1.1856127828359602,2,1,0.0,5.0,7.0,0.0,0.0,0,0,15,9,0.773747498169541,0.4690751936286684,2,0,1.0,6.0,7.0,0.0,1.0
18279,2023-02-08,Manchester United,Leeds United,0.7559,0.1739,0.0702,2,1,24,17,2.015495404601097,1.0481100613251322,1,0,0.0,3.0,21.0,0.0,1.0,1,1,8,5,0.5685015087947247,0.4164034109562632,3,0,1.0,4.0,3.0,0.0,0.0
18431,2023-02-11,West Ham United,Chelsea,0.3903,0.331,0.2787,1,1,10,7,1.096613803878426,0.8388787917792796,1,0,1.0,1.0,8.0,0.0,0.0,1,1,12,7,0.90046501904726,0.653392799198627,1,0,2.0,2.0,8.0,0.0,0.0
18422,2023-02-11,Arsenal,Brentford,0.1738,0.2237,0.6025,1,1,23,18,1.3684683069586752,1.0980813987553115,0,0,0.0,1.0,22.0,0.0,0.0,1,1,9,9,2.175375938415528,2.1753770876675844,2,0,0.0,3.0,5.0,0.0,1.0
18424,2023-02-11,Crystal Palace,Brighton,0.0646,0.1488,0.7866,1,0,6,4,0.928279872983694,0.2875362038612364,4,0,0.0,0.0,5.0,0.0,1.0,1,1,17,14,2.649804912507534,2.4573211781680584,1,0,1.0,3.0,12.0,0.0,1.0
18425,2023-02-11,Fulham,Nottingham Forest,0.658,0.2237,0.1183,2,1,16,14,1.7135863248258827,1.6201222781091926,0,0,1.0,3.0,9.0,0.0,3.0,0,0,10,6,0.6868239939212796,0.5124653894454239,1,0,0.0,4.0,6.0,0.0,0.0
18427,2023-02-11,Leicester City,Tottenham Hotspur,0.4281,0.3074,0.2645,4,3,15,12,1.4202321060001848,1.2120885159820314,5,0,0.0,2.0,12.0,0.0,1.0,1,0,11,5,1.1661323998123403,0.2507683094590902,2,0,2.0,3.0,6.0,0.0,0.0
18430,2023-02-11,Southampton,Wolverhampton Wanderers,0.5648,0.2886,0.1466,1,0,17,11,1.306508522480726,0.4587077926844356,2,0,0.0,4.0,8.0,0.0,6.0,1,0,11,5,0.6302092038094994,0.290579807013273,2,1,0.0,0.0,10.0,0.0,1.0
18423,2023-02-11,Bournemouth,Newcastle United,0.3298,0.3393,0.3309,1,1,11,10,1.6192169263958929,1.590527830645442,2,0,1.0,2.0,8.0,0.0,0.0,1,0,15,12,2.019010403193533,0.4131664000451563,3,0,0.0,1.0,12.0,0.0,2.0
18426,2023-02-12,Leeds United,Manchester United,0.5262,0.2469,0.2269,0,0,16,8,2.0687758885324,1.1343507990241048,2,0,0.0,6.0,7.0,0.0,3.0,2,2,11,11,1.3037488888949154,1.303749600425362,1,0,0.0,2.0,9.0,0.0,0.0
18429,2023-02-12,Manchester City,Aston Villa,0.9777,0.0192,0.0031,3,2,17,13,3.642565660178661,2.244246982038021,1,0,1.0,4.0,9.0,1.0,2.0,1,1,6,4,0.2753476314246652,0.2425806000828742,2,0,0.0,0.0,5.0,0.0,1.0
18428,2023-02-13,Liverpool,Everton,0.8479,0.1222,0.0299,2,1,15,11,2.250199870206416,1.475457896478474,1,0,1.0,1.0,10.0,0.0,3.0,0,0,6,5,0.402331596240401,0.3849418032914398,3,0,0.0,3.0,3.0,0.0,0.0
18312,2023-02-15,Arsenal,Manchester City,0.2895,0.2762,0.4343,1,0,10,7,1.7029011426493523,0.8432044917717575,2,0,0.0,1.0,8.0,1.0,0.0,3,2,9,6,2.038548775017261,1.630701869726181,4,0,0.0,0.0,5.0,0.0,4.0
18432,2023-02-18,Aston Villa,Arsenal,0.0159,0.0617,0.9224,2,2,7,6,0.3357525020837781,0.3067105058580634,2,0,1.0,0.0,7.0,0.0,0.0,3,2,20,14,2.8731541596353054,2.38700719550252,1,0,0.0,5.0,14.0,0.0,1.0
18433,2023-02-18,Brentford,Crystal Palace,0.1813,0.31,0.5087,1,1,12,8,0.6101054977625606,0.4463026057928798,2,0,0.0,1.0,10.0,0.0,1.0,1,1,10,9,1.1321427822113033,1.0490786116570232,2,0,0.0,2.0,8.0,0.0,0.0
18434,2023-02-18,Brighton,Fulham,0.9284,0.0626,0.009,0,0,21,18,2.746275305747986,2.656452417373657,0,0,1.0,6.0,13.0,0.0,1.0,1,1,5,4,0.2242139996960757,0.1633307011798022,5,0,0.0,1.0,4.0,0.0,0.0
18435,2023-02-18,Chelsea,Southampton,0.6624,0.2351,0.1025,0,0,17,11,1.6999183902516957,1.3502913983538745,3,0,1.0,4.0,12.0,0.0,0.0,1,0,8,4,0.6234236052259798,0.2382607068866489,6,0,1.0,0.0,4.0,0.0,3.0
18436,2023-02-18,Everton,Leeds United,0.6387,0.244,0.1173,1,1,15,13,1.5417242161929603,1.4839799944311378,2,0,0.0,5.0,10.0,0.0,0.0,0,0,8,7,0.5974024925380942,0.5681947916746135,3,0,0.0,1.0,7.0,0.0,0.0
18439,2023-02-18,Nottingham Forest,Manchester City,0.0313,0.1269,0.8418,1,1,4,3,1.1273464038968084,1.038202404975891,1,0,0.0,0.0,4.0,0.0,0.0,1,1,23,16,3.402780525386333,1.3903907872736452,0,0,2.0,6.0,14.0,0.0,1.0
18441,2023-02-18,Wolverhampton Wanderers,Bournemouth,0.2191,0.3382,0.4427,0,0,15,14,0.9114154018461704,0.8978209942579268,3,0,0.0,3.0,11.0,0.0,1.0,1,1,5,4,1.1527398899197578,1.0412898883223531,3,0,0.0,0.0,5.0,0.0,0.0
18438,2023-02-18,Newcastle United,Liverpool,0.2877,0.2362,0.4761,0,0,14,11,1.7521265000104902,1.6200006287544964,1,1,0.0,6.0,8.0,0.0,0.0,2,2,13,12,2.1654930524528027,2.064485676586628,1,0,1.0,1.0,9.0,0.0,2.0
18437,2023-02-19,Manchester United,Leicester City,0.8915,0.0703,0.0382,3,3,26,23,4.252309886738658,3.8402943108230825,0,0,1.0,1.0,21.0,0.0,3.0,0,0,19,15,1.39809450879693,1.2433248851448295,2,0,1.0,4.0,13.0,0.0,1.0
18440,2023-02-19,Tottenham Hotspur,West Ham United,0.6822,0.2443,0.0735,2,2,16,12,1.4319027839228506,1.0074490774422882,2,0,0.0,1.0,15.0,0.0,0.0,0,0,6,4,0.3651730939745901,0.2396164014935492,1,0,1.0,0.0,4.0,0.0,1.0
18445,2023-02-24,Fulham,Wolverhampton Wanderers,0.308,0.3322,0.3598,1,1,10,9,0.9131323099136353,0.8656009221449492,2,0,1.0,0.0,9.0,0.0,0.0,1,1,8,8,0.9970964500680564,0.9970967993140218,0,0,0.0,0.0,6.0,0.0,2.0
18444,2023-02-25,Everton,Aston Villa,0.2358,0.253,0.5112,0,0,15,10,1.565076686441898,0.7177988067269323,2,0,2.0,3.0,7.0,0.0,3.0,2,1,9,6,2.0603686068207026,1.2142677903175352,1,0,1.0,0.0,7.0,1.0,0.0
18446,2023-02-25,Leeds United,Southampton,0.4014,0.4255,0.1731,1,1,14,10,0.7200481975451108,0.5001233965158459,2,0,0.0,3.0,11.0,0.0,0.0,0,0,8,8,0.3911277055740352,0.3911284990608689,4,0,0.0,1.0,7.0,0.0,0.0
18447,2023-02-25,Leicester City,Arsenal,0.0101,0.4553,0.5346,0,0,1,1,0.020346300676465,0.020346300676465,0,0,0.0,0.0,1.0,0.0,0.0,1,1,10,8,0.7220590095967052,0.6326051093637941,1,0,1.0,1.0,8.0,0.0,0.0
18451,2023-02-25,West Ham United,Nottingham Forest,0.9617,0.0326,0.0057,4,4,18,16,3.0503269247710705,2.983978800475597,0,0,0.0,4.0,14.0,0.0,0.0,0,0,8,8,0.350849092006683,0.3508485015481708,0,0,0.0,0.0,7.0,0.0,1.0
18442,2023-02-25,Bournemouth,Manchester City,0.0517,0.1222,0.8261,1,0,13,8,1.1211631139740343,0.3099598065018651,2,0,0.0,8.0,6.0,0.0,0.0,3,1,20,11,3.092325853183865,1.3656958416104314,2,0,1.0,5.0,14.0,0.0,0.0
18443,2023-02-25,Crystal Palace,Liverpool,0.2465,0.2938,0.4597,0,0,6,4,0.98908500559628,0.7056793123483657,2,0,0.0,0.0,4.0,0.0,2.0,0,0,12,9,1.3544334173202517,1.0667658057063816,5,0,1.0,2.0,8.0,0.0,1.0
18450,2023-02-26,Tottenham Hotspur,Chelsea,0.6002,0.3262,0.0736,2,1,8,6,0.989888910204172,0.9204875212162732,2,0,0.0,2.0,6.0,0.0,0.0,0,0,10,7,0.2622808022424573,0.2087875297293064,3,0,0.0,1.0,9.0,0.0,0.0
18264,2023-03-01,Liverpool,Wolverhampton Wanderers,0.8368,0.1239,0.0393,2,2,15,12,2.7019083257764573,2.4843509811908,2,0,0.0,3.0,10.0,0.0,2.0,0,0,4,4,0.7868095934391022,0.786809492856264,3,0,0.0,2.0,2.0,0.0,0.0
18269,2023-03-01,Arsenal,Everton,0.7363,0.1702,0.0935,4,4,15,11,3.115185189992189,2.766869992017746,0,0,0.0,1.0,14.0,0.0,0.0,0,0,8,5,1.641514491289854,0.9279111847281454,2,0,0.0,0.0,8.0,0.0,0.0
18458,2023-03-04,Manchester City,Newcastle United,0.6421,0.2711,0.0868,2,2,11,9,1.3414439819753168,1.1945850066840649,2,0,2.0,0.0,9.0,0.0,0.0,0,0,5,4,0.3634809032082556,0.2555958032608031,4,0,1.0,0.0,4.0,0.0,0.0
18452,2023-03-04,Arsenal,Bournemouth,0.5372,0.2353,0.2275,3,2,30,24,2.493544368073344,1.6806403100490566,0,0,2.0,11.0,17.0,0.0,0.0,2,1,4,3,1.7426729947328568,1.1930460333824158,2,0,0.0,1.0,3.0,0.0,0.0
18453,2023-03-04,Aston Villa,Crystal Palace,0.5676,0.3749,0.0575,0,0,8,8,0.890604496002197,0.8906054049730299,2,0,0.0,0.0,6.0,0.0,2.0,0,0,3,3,0.1527612954378127,0.1527612954378127,3,1,0.0,0.0,3.0,0.0,1.0
18455,2023-03-04,Brighton,West Ham United,0.9876,0.0113,0.0011,4,3,20,15,3.4999280031770463,2.3698585778474808,0,0,0.0,3.0,16.0,1.0,0.0,0,0,3,3,0.2500451952219008,0.2500445917248725,3,0,0.0,0.0,3.0,0.0,0.0
18456,2023-03-04,Chelsea,Leeds United,0.7086,0.1964,0.095,1,1,13,10,1.8698571696877475,1.669559884816408,2,0,1.0,2.0,10.0,0.0,0.0,0,0,11,7,0.6339950039982792,0.4181271046400069,0,0,1.0,3.0,5.0,0.0,2.0
18461,2023-03-04,Wolverhampton Wanderers,Tottenham Hotspur,0.1582,0.2936,0.5482,1,0,8,5,0.564604092389345,0.3980800956487655,1,0,0.0,1.0,7.0,0.0,0.0,0,0,22,14,1.2643309030681844,0.8766448982059951,1,0,2.0,5.0,12.0,0.0,3.0
18460,2023-03-04,Southampton,Leicester City,0.269,0.2878,0.4432,1,1,11,6,1.3433250170201063,0.4500598981976508,4,0,1.0,0.0,9.0,1.0,0.0,0,0,11,9,1.6705106310546394,1.6087539531290531,2,0,0.0,4.0,6.0,0.0,1.0
18459,2023-03-05,Nottingham Forest,Everton,0.1136,0.2522,0.6342,2,1,10,7,0.82271530944854,0.3821215964853761,3,0,0.0,0.0,8.0,0.0,2.0,2,1,10,8,1.7126787863671775,0.9103202670812603,5,0,0.0,1.0,6.0,1.0,2.0
18457,2023-03-05,Liverpool,Manchester United,0.9027,0.0679,0.0294,7,6,18,13,3.4471717029809947,3.083358913660049,2,0,0.0,1.0,15.0,0.0,2.0,0,0,8,8,0.8375425282865762,0.8375420048832892,3,0,0.0,0.0,7.0,0.0,1.0
18454,2023-03-06,Brentford,Fulham,0.5684,0.2384,0.1932,3,1,14,6,2.446716291829943,1.3576659001410007,0,0,2.0,3.0,6.0,1.0,2.0,2,0,9,3,1.7375141680240629,0.1844130959361791,3,0,1.0,1.0,6.0,0.0,1.0
18462,2023-03-11,Bournemouth,Liverpool,0.1228,0.2227,0.6545,1,1,5,3,1.101276636123657,0.9877910390496252,2,0,0.0,1.0,4.0,0.0,0.0,0,0,15,7,2.134653702378273,1.1501922868192196,1,0,0.0,1.0,10.0,1.0,3.0
18464,2023-03-11,Everton,Brentford,0.3049,0.261,0.4341,1,1,13,8,1.7826602952554822,0.5878077931702135,2,0,1.0,4.0,6.0,0.0,2.0,0,0,12,10,1.9508835952728985,1.7997395284473896,1,0,1.0,3.0,8.0,0.0,0.0
18466,2023-03-11,Leeds United,Brighton,0.1289,0.2323,0.6388,2,2,12,10,0.5967387147247788,0.4922491088509555,1,0,0.0,2.0,11.0,0.0,0.0,1,1,14,8,1.5244733281433578,1.1625900268554683,1,0,0.0,3.0,10.0,0.0,1.0
18467,2023-03-11,Leicester City,Chelsea,0.6059,0.2194,0.1747,1,1,17,14,2.3639033827930684,2.187723634764552,1,1,1.0,3.0,12.0,0.0,1.0,3,3,12,12,1.494783706963062,1.494783781468868,2,0,0.0,4.0,8.0,0.0,0.0
18470,2023-03-11,Tottenham Hotspur,Nottingham Forest,0.3636,0.305,0.3314,3,2,15,12,1.734821496531367,0.8650034125894307,3,0,0.0,1.0,11.0,1.0,2.0,1,1,9,7,1.6280532889068124,0.8480053748935459,1,0,0.0,4.0,2.0,1.0,2.0
18463,2023-03-11,Crystal Palace,Manchester City,0.0116,0.0758,0.9126,0,0,4,4,0.1854976974427699,0.1854980029165744,2,0,0.0,0.0,4.0,0.0,0.0,1,0,14,10,2.200756760314107,1.041420821100473,2,0,1.0,4.0,8.0,1.0,0.0
18465,2023-03-12,Fulham,Arsenal,0.0328,0.1033,0.8639,0,0,12,8,0.6192397028207777,0.458778094500303,0,0,0.0,1.0,9.0,0.0,2.0,3,3,15,13,2.6449929326772685,2.555097520351409,1,0,1.0,4.0,10.0,0.0,0.0
18468,2023-03-12,Manchester United,Southampton,0.2713,0.3138,0.4149,0,0,10,9,0.9109117966145274,0.883955519646406,2,1,0.0,3.0,6.0,0.0,1.0,0,0,17,13,1.1831274237483738,0.920182518661022,0,0,2.0,5.0,10.0,0.0,0.0
18471,2023-03-12,West Ham United,Aston Villa,0.4022,0.2566,0.3412,1,0,17,13,2.1463379599154,1.1761337798088785,1,0,0.0,6.0,9.0,1.0,1.0,1,1,12,11,2.0465006520971656,2.018309034407139,0,0,0.0,2.0,10.0,0.0,0.0
18469,2023-03-12,Newcastle United,Wolverhampton Wanderers,0.7916,0.1474,0.061,2,2,19,11,2.45635499805212,1.817467704415321,1,0,2.0,5.0,10.0,0.0,2.0,1,0,7,4,0.7098952960222957,0.0603889003396033,2,0,1.0,0.0,6.0,0.0,0.0
18265,2023-03-15,Southampton,Brentford,0.0268,0.1534,0.8198,0,0,7,4,0.3589767944067715,0.2024370003491639,1,0,1.0,1.0,5.0,0.0,0.0,2,2,11,7,1.7366285063326354,1.674037897959351,2,0,0.0,4.0,5.0,0.0,2.0
18276,2023-03-15,Brighton,Crystal Palace,0.1611,0.2961,0.5428,1,1,11,10,0.5887276940047739,0.5451124962419269,1,0,1.0,1.0,8.0,0.0,1.0,0,0,11,9,1.2145167682319875,1.145682197064161,2,0,1.0,2.0,7.0,0.0,1.0
18479,2023-03-17,Nottingham Forest,Newcastle United,0.0273,0.1053,0.8674,1,0,5,1,0.533321887254715,0.0534326992928981,5,0,0.0,2.0,3.0,0.0,0.0,2,1,15,12,2.500262714922428,1.6088562915101643,1,0,0.0,1.0,12.0,1.0,1.0
18473,2023-03-18,Aston Villa,Bournemouth,0.9472,0.0425,0.0103,3,3,20,17,3.51404388807714,3.353188298642636,1,0,0.0,5.0,15.0,0.0,0.0,0,0,9,8,0.5001390017569063,0.4235579036176202,4,0,1.0,3.0,5.0,0.0,0.0
18474,2023-03-18,Brentford,Leicester City,0.1013,0.2484,0.6503,1,0,11,8,0.4764663055539128,0.3994866032153365,1,1,0.0,3.0,7.0,0.0,1.0,1,1,14,10,1.4213284403085706,0.6972923092544077,2,0,0.0,3.0,11.0,0.0,0.0
18480,2023-03-18,Southampton,Tottenham Hotspur,0.5397,0.2182,0.2421,3,2,19,15,2.5452852118760343,1.6819947790354488,1,0,1.0,5.0,12.0,1.0,0.0,3,2,17,15,1.884724898263812,1.8337332159280773,1,0,0.0,2.0,14.0,0.0,1.0
18481,2023-03-18,Wolverhampton Wanderers,Leeds United,0.6326,0.1942,0.1732,2,0,23,15,2.7686183163896203,2.2852524407207966,3,1,1.0,3.0,17.0,0.0,2.0,4,3,11,7,1.657684879377484,1.428242824971676,5,0,2.0,2.0,7.0,0.0,0.0
18476,2023-03-18,Chelsea,Everton,0.4255,0.2703,0.3042,2,0,20,13,1.900273188948631,0.8363977186381815,2,0,0.0,5.0,11.0,1.0,3.0,2,2,12,9,1.6721573658287523,1.6060268115252254,2,0,1.0,3.0,7.0,0.0,1.0
18472,2023-03-19,Arsenal,Crystal Palace,0.438,0.2882,0.2738,4,4,15,12,1.5356834884732955,1.3497125077992675,0,0,0.0,2.0,12.0,0.0,1.0,1,0,8,6,1.1919431164860723,0.5407333038747308,1,0,1.0,1.0,5.0,0.0,1.0
18488,2023-04-01,Manchester City,Liverpool,0.9428,0.0485,0.0087,4,3,17,15,3.0809760242700577,2.4592090100049973,1,0,1.0,1.0,15.0,0.0,0.0,1,1,4,4,0.3181714937090872,0.3181715980172156,1,0,0.0,0.0,4.0,0.0,0.0
18482,2023-04-01,Arsenal,Leeds United,0.9456,0.0454,0.009,4,3,13,9,3.295474661514163,2.332574665546417,0,0,0.0,2.0,10.0,1.0,0.0,1,0,7,5,0.4976084008812904,0.4206863939762114,2,0,0.0,0.0,7.0,0.0,0.0
18483,2023-04-01,Bournemouth,Fulham,0.947,0.0429,0.0101,2,0,12,6,3.513505157083273,1.313674494624138,1,0,0.0,3.0,8.0,0.0,1.0,1,1,10,8,0.6010488886386155,0.5344956014305351,4,0,0.0,1.0,8.0,0.0,1.0
18484,2023-04-01,Brighton,Brentford,0.8751,0.0894,0.0355,3,2,33,24,3.829053016379475,2.514992132782936,1,0,1.0,10.0,21.0,1.0,0.0,3,3,7,6,1.2788036800920963,1.2120488062500951,1,0,0.0,0.0,5.0,0.0,2.0
18486,2023-04-01,Crystal Palace,Leicester City,0.8241,0.151,0.0249,1,1,31,22,1.9619243200868364,1.5462005082517858,3,0,2.0,7.0,22.0,0.0,0.0,1,1,3,3,0.1989584974944591,0.1989584974944591,4,0,0.0,0.0,3.0,0.0,1.0
18490,2023-04-01,Nottingham Forest,Wolverhampton Wanderers,0.5567,0.3262,0.1171,1,1,17,13,1.1346010155975816,0.7957495208829638,3,0,0.0,0.0,12.0,0.0,5.0,1,0,8,6,0.3862228952348229,0.2299028001725672,5,0,0.0,1.0,5.0,0.0,2.0
18485,2023-04-01,Chelsea,Aston Villa,0.7612,0.1654,0.0734,0,0,27,23,2.3907400518655773,1.919804401695728,3,0,0.0,7.0,19.0,0.0,1.0,2,1,5,4,0.7657942771911621,0.4592191129922865,3,0,0.0,1.0,4.0,0.0,0.0
18491,2023-04-02,West Ham United,Southampton,0.6879,0.243,0.0691,1,1,12,7,1.4480622112751005,1.0051420032978058,0,0,1.0,5.0,5.0,0.0,1.0,0,0,9,4,0.3182614035904405,0.2065380048006772,2,0,0.0,2.0,7.0,0.0,0.0
18489,2023-04-02,Newcastle United,Manchester United,0.9585,0.0373,0.0042,2,2,22,20,3.3399174101650715,2.628424786031246,0,0,0.0,4.0,16.0,0.0,2.0,0,0,6,6,0.3341267928481099,0.33412679284811,0,0,0.0,2.0,4.0,0.0,0.0
18487,2023-04-03,Everton,Tottenham Hotspur,0.1746,0.284,0.5414,1,1,15,12,0.8233650028705594,0.688812491483986,0,1,0.0,1.0,11.0,0.0,3.0,1,0,8,6,1.3917722254991531,0.4911862704902886,3,1,0.0,1.0,6.0,1.0,0.0
18263,2023-04-04,Leicester City,Aston Villa,0.2261,0.3348,0.4391,1,1,9,6,0.6715971156954764,0.5533936116844416,2,1,1.0,2.0,5.0,0.0,1.0,2,1,15,11,1.0015908665955064,0.8355026450008152,0,0,1.0,2.0,12.0,0.0,0.0
18266,2023-04-04,Bournemouth,Brighton,0.0954,0.1605,0.7441,0,0,14,11,1.161197980865836,0.8583559840917586,1,0,0.0,1.0,11.0,0.0,2.0,2,2,16,14,2.633922072127461,2.5681393034756184,1,0,0.0,2.0,13.0,0.0,1.0
18271,2023-04-04,Leeds United,Nottingham Forest,0.8207,0.129,0.0503,2,1,21,17,2.447239801287651,1.466717597097158,1,0,0.0,4.0,16.0,0.0,1.0,1,1,13,6,0.6296812668442721,0.2686752956360575,4,0,0.0,4.0,8.0,0.0,1.0
18281,2023-04-04,Chelsea,Liverpool,0.8998,0.0894,0.0108,0,0,12,11,2.189031532034278,1.9608974512666464,1,0,0.0,1.0,10.0,0.0,1.0,0,0,7,4,0.2022174922749399,0.0945455003529786,4,0,0.0,2.0,5.0,0.0,0.0
18268,2023-04-05,West Ham United,Newcastle United,0.0388,0.1129,0.8483,1,1,7,5,0.8334203790873287,0.7263102754950522,2,0,1.0,1.0,4.0,0.0,1.0,5,4,15,13,2.840908464044332,2.5967104677110906,1,0,0.0,3.0,11.0,0.0,1.0
18448,2023-04-05,Manchester United,Brentford,0.4718,0.3392,0.189,1,1,18,14,1.1444943826645608,0.9399479776620862,3,0,1.0,4.0,12.0,0.0,1.0,0,0,6,5,0.6449901014566419,0.6190376952290533,2,0,0.0,2.0,4.0,0.0,0.0
18498,2023-04-08,Manchester United,Everton,0.9363,0.0453,0.0184,2,2,29,24,4.391889065504074,3.31371247023344,0,0,0.0,9.0,20.0,0.0,0.0,0,0,15,12,0.950483283028006,0.821259384974837,0,0,0.0,2.0,11.0,0.0,2.0
18492,2023-04-08,Aston Villa,Nottingham Forest,0.7383,0.2184,0.0433,2,1,8,6,1.4271820485591888,0.9493283033370972,3,0,0.0,0.0,8.0,0.0,0.0,0,0,6,2,0.2324520992115137,0.1108619971200823,4,0,0.0,0.0,6.0,0.0,0.0
18493,2023-04-08,Brentford,Newcastle United,0.6806,0.207,0.1124,1,0,12,9,2.065210655331611,0.533128997310996,0,0,0.0,2.0,8.0,2.0,1.0,1,1,10,9,1.0233665164560075,0.9951314255595208,2,0,0.0,3.0,6.0,0.0,1.0
18494,2023-04-08,Fulham,West Ham United,0.1188,0.2784,0.6028,0,0,16,13,0.4565235935151573,0.3515093978494403,1,0,0.0,1.0,16.0,0.0,0.0,0,0,9,7,1.2326057869940992,0.8363863769918677,1,0,0.0,2.0,6.0,0.0,1.0
18496,2023-04-08,Leicester City,Bournemouth,0.1123,0.2085,0.6792,0,0,14,9,0.7319647092372176,0.5159682072699068,0,0,0.0,3.0,9.0,0.0,2.0,1,0,19,8,1.9633298832923167,0.9532975032925604,3,0,1.0,7.0,11.0,0.0,0.0
18500,2023-04-08,Tottenham Hotspur,Brighton,0.1236,0.2613,0.6151,2,2,9,8,0.5941398013383148,0.5023639015853404,3,0,0.0,0.0,8.0,0.0,1.0,1,1,17,17,1.475486187264323,1.4754891013726588,1,0,0.0,3.0,13.0,0.0,1.0
18501,2023-04-08,Wolverhampton Wanderers,Chelsea,0.2479,0.3819,0.3702,1,0,9,5,0.6011521089822052,0.227963902056217,2,0,0.0,3.0,4.0,0.0,2.0,0,0,13,12,0.8153088986873623,0.7630939092487096,5,0,0.0,2.0,9.0,0.0,2.0
18499,2023-04-08,Southampton,Manchester City,0.0084,0.0519,0.9397,1,1,4,4,0.4928009910508989,0.4928009910508989,0,0,0.0,0.0,3.0,0.0,1.0,4,2,13,9,3.0855246149003506,1.827041756361723,2,0,0.0,2.0,10.0,1.0,0.0
18495,2023-04-09,Leeds United,Crystal Palace,0.0363,0.0999,0.8638,1,1,11,8,1.0207460112869735,0.8488140981644388,3,0,1.0,2.0,7.0,0.0,1.0,5,5,16,14,3.293138868175447,3.217321670614183,1,0,1.0,4.0,9.0,0.0,2.0
18497,2023-04-09,Liverpool,Arsenal,0.9331,0.0484,0.0185,2,1,21,16,4.730859838426113,3.06857480853796,4,0,0.0,1.0,19.0,1.0,0.0,2,1,9,6,1.5363092757761474,1.0526129603385923,4,0,0.0,1.0,7.0,0.0,1.0
18502,2023-04-15,Aston Villa,Newcastle United,0.7878,0.1598,0.0524,3,3,15,12,1.984504153952002,1.9090946167707443,1,0,0.0,4.0,11.0,0.0,0.0,0,0,8,7,0.4250856973230836,0.3784469962120054,1,0,0.0,1.0,6.0,0.0,1.0
18503,2023-04-15,Chelsea,Brighton,0.0348,0.1111,0.8541,1,1,8,4,0.4633103962987658,0.2826456017792222,2,0,0.0,1.0,7.0,0.0,0.0,2,2,26,17,2.542675709351897,0.953913705423474,2,0,0.0,2.0,24.0,0.0,0.0
18504,2023-04-15,Everton,Fulham,0.4638,0.2338,0.3024,1,1,15,11,2.2611071914434437,1.556332567706704,3,0,0.0,2.0,10.0,0.0,3.0,3,2,20,12,1.9331027697771783,1.174720065668225,2,0,0.0,5.0,14.0,0.0,1.0
18508,2023-04-15,Southampton,Crystal Palace,0.241,0.3639,0.3951,0,0,11,8,0.678448394872248,0.5326811075210569,3,0,0.0,2.0,9.0,0.0,0.0,2,1,9,2,0.8630601726472377,0.1533711925148962,1,0,2.0,0.0,6.0,0.0,1.0
18509,2023-04-15,Tottenham Hotspur,Bournemouth,0.6307,0.2053,0.164,2,1,24,16,2.3096163934096694,1.954139899462461,1,0,1.0,4.0,17.0,0.0,2.0,3,2,9,7,1.2059759125113485,0.7594416001811621,2,0,0.0,0.0,9.0,0.0,0.0
18511,2023-04-15,Wolverhampton Wanderers,Brentford,0.1812,0.294,0.5248,2,0,11,6,0.9409195035696024,0.2031465023756026,1,0,0.0,1.0,10.0,0.0,0.0,0,0,10,7,1.5778156444430351,0.759480427019298,1,0,0.0,0.0,9.0,0.0,1.0
18506,2023-04-15,Manchester City,Leicester City,0.2627,0.3,0.4373,3,2,12,8,1.6361520569771526,0.7172622960060833,1,0,0.0,8.0,3.0,1.0,0.0,1,0,10,8,1.9739345759153364,0.8174742832779882,1,0,0.0,3.0,6.0,0.0,1.0
18510,2023-04-16,West Ham United,Arsenal,0.1874,0.2299,0.5827,2,1,16,11,1.9609505906701088,1.0093285143375397,1,0,1.0,4.0,9.0,1.0,1.0,2,2,11,6,2.717815548181534,1.7086437717080114,2,0,0.0,1.0,6.0,1.0,3.0
18507,2023-04-16,Nottingham Forest,Manchester United,0.0346,0.0984,0.867,0,0,6,4,1.052888625301421,0.9445470906794072,2,0,0.0,1.0,4.0,0.0,1.0,2,1,22,16,3.5691990181803703,2.376566119492053,2,0,1.0,6.0,13.0,0.0,2.0
18505,2023-04-17,Leeds United,Liverpool,0.0965,0.1659,0.7376,1,0,13,10,1.16747622564435,0.8152939956635233,0,0,0.0,3.0,9.0,0.0,1.0,6,6,13,13,2.65475582331419,2.654758743941784,1,0,0.0,0.0,13.0,0.0,0.0
18512,2023-04-21,Arsenal,Southampton,0.6053,0.2205,0.1742,3,2,25,20,2.431648928672075,1.7804281273856757,1,0,0.0,6.0,17.0,0.0,2.0,3,2,8,4,1.4748415295034645,1.2722382470965383,5,0,0.0,3.0,5.0,0.0,0.0
18517,2023-04-22,Fulham,Leeds United,0.444,0.3467,0.2093,2,0,12,5,1.4387714341282842,0.2374393194913863,1,0,3.0,0.0,10.0,0.0,0.0,0,0,10,6,1.0748230703175066,0.3769079148769376,4,0,1.0,3.0,5.0,0.0,1.0
18514,2023-04-22,Brentford,Aston Villa,0.4558,0.2414,0.3028,1,1,16,11,2.036056738346815,1.448562242090702,3,0,1.0,3.0,11.0,0.0,1.0,1,1,14,12,1.666023126803338,1.6050528539344664,2,0,0.0,1.0,13.0,0.0,0.0
18516,2023-04-22,Crystal Palace,Everton,0.2205,0.5156,0.2639,0,0,12,9,0.368136694654822,0.2689414490014312,1,0,0.0,3.0,8.0,0.0,1.0,0,0,10,7,0.4337122701108454,0.3775240909308194,1,1,0.0,0.0,8.0,0.0,2.0
18518,2023-04-22,Leicester City,Wolverhampton Wanderers,0.8827,0.0886,0.0287,2,1,15,9,2.716682110913098,1.1142673846334217,1,0,0.0,1.0,11.0,1.0,2.0,1,1,16,10,0.5972931925207372,0.3432066012173887,3,0,2.0,5.0,8.0,0.0,1.0
18519,2023-04-22,Liverpool,Nottingham Forest,0.9207,0.0591,0.0202,3,3,18,15,3.327444940805435,3.1368230376392603,0,0,0.0,7.0,5.0,0.0,6.0,2,1,11,6,0.7246662750840186,0.5387881621718406,1,0,0.0,0.0,9.0,0.0,2.0
18513,2023-04-23,Bournemouth,West Ham United,0.0926,0.159,0.7484,0,0,17,12,0.9746873518452044,0.8041798043996093,1,0,0.0,2.0,15.0,0.0,0.0,4,4,18,13,2.5247107222676277,2.324839564040303,2,0,1.0,3.0,13.0,0.0,1.0
18521,2023-04-23,Newcastle United,Tottenham Hotspur,0.9289,0.0521,0.019,6,4,25,21,4.091640310361981,3.032844346016645,0,0,0.0,5.0,20.0,0.0,0.0,1,1,11,10,0.8953142799437044,0.8624067939817902,3,0,0.0,1.0,10.0,0.0,0.0
18527,2023-04-25,Wolverhampton Wanderers,Crystal Palace,0.5456,0.3095,0.1449,1,0,9,5,1.130004499107599,0.2820009924471378,5,0,0.0,3.0,5.0,1.0,0.0,0,0,14,12,0.580293662846088,0.5478649903088804,4,0,0.0,5.0,9.0,0.0,1.0
18528,2023-04-25,Aston Villa,Fulham,0.546,0.4254,0.0286,1,1,14,10,0.8391595296561714,0.6394839156419037,3,0,0.0,4.0,10.0,0.0,0.0,0,0,1,1,0.079864002764225,0.079864002764225,2,0,0.0,0.0,1.0,0.0,0.0
18523,2023-04-25,Leeds United,Leicester City,0.3848,0.2356,0.3796,1,1,13,8,2.099990047514438,1.8925500214099884,4,0,0.0,4.0,8.0,0.0,1.0,1,1,15,11,2.088885024189949,1.871842548251152,2,0,1.0,3.0,10.0,0.0,1.0
18524,2023-04-26,Nottingham Forest,Brighton,0.4038,0.247,0.3492,2,1,12,9,2.43846446275711,0.7915090546011923,2,0,0.0,1.0,9.0,2.0,0.0,1,0,17,14,2.3457260876894,1.3178820088505745,0,0,0.0,4.0,14.0,0.0,0.0
18526,2023-04-26,West Ham United,Liverpool,0.1609,0.2635,0.5756,1,1,7,6,0.9393480271100996,0.3740984089672564,0,0,0.0,2.0,5.0,0.0,0.0,2,2,20,15,1.740467092022299,1.4730738010257478,0,0,0.0,6.0,14.0,0.0,0.0
18529,2023-04-26,Chelsea,Brentford,0.5025,0.305,0.1925,0,0,15,13,1.211242716759443,1.1485603628680108,1,0,0.0,3.0,11.0,0.0,2.0,1,1,7,7,0.7005580402910706,0.7005580253899096,2,0,0.0,1.0,6.0,0.0,0.0
18531,2023-04-26,Manchester City,Arsenal,0.7958,0.1569,0.0473,4,4,14,13,2.0116840079426765,1.9372960180044172,3,0,0.0,0.0,13.0,0.0,1.0,1,1,8,5,0.3983722887933251,0.1731630126014349,1,0,1.0,1.0,2.0,0.0,4.0
18522,2023-04-27,Everton,Newcastle United,0.0286,0.0922,0.8792,1,0,13,9,0.7787380311638114,0.6146979779005048,2,0,1.0,2.0,10.0,0.0,0.0,4,2,15,10,2.8762616962194443,1.3620018586516376,1,0,0.0,4.0,11.0,0.0,0.0
18530,2023-04-27,Southampton,Bournemouth,0.1707,0.3469,0.4824,0,0,11,7,0.477034272626042,0.3110663592815397,0,0,0.0,2.0,8.0,0.0,1.0,1,1,16,10,0.9952862933278084,0.6295691952109335,3,0,0.0,3.0,13.0,0.0,0.0
18525,2023-04-27,Tottenham Hotspur,Manchester United,0.4766,0.2343,0.2891,2,1,18,12,2.377635307610035,2.1001836471259594,1,0,0.0,4.0,14.0,0.0,0.0,2,2,17,11,1.98971426859498,1.754773952066898,2,0,2.0,1.0,14.0,0.0,0.0
18536,2023-04-29,Crystal Palace,West Ham United,0.4401,0.2774,0.2825,4,1,16,10,2.3188761826604605,0.5380918346345422,1,0,1.0,5.0,7.0,1.0,2.0,3,1,8,4,2.058849724009633,0.745204834267497,2,0,0.0,4.0,4.0,0.0,0.0
18534,2023-04-29,Brentford,Nottingham Forest,0.4482,0.3423,0.2095,2,1,14,8,1.374556433409452,0.4118742030113932,1,0,1.0,2.0,9.0,0.0,2.0,1,0,5,3,0.9646323695778846,0.3755562193691729,2,0,0.0,0.0,4.0,0.0,1.0
18535,2023-04-29,Brighton,Wolverhampton Wanderers,0.9381,0.0461,0.0158,6,4,22,14,3.691228225827217,2.7947956770658493,1,0,0.0,0.0,20.0,0.0,2.0,0,0,10,8,0.6039852760732171,0.5765367876738307,1,0,0.0,3.0,7.0,0.0,0.0
18533,2023-04-30,Bournemouth,Leeds United,0.6689,0.1998,0.1313,4,1,12,7,2.5265248864889145,1.382479287683963,1,0,0.0,2.0,10.0,0.0,0.0,1,1,15,10,1.3467578552663324,0.9626323133707044,0,0,1.0,5.0,8.0,0.0,1.0
18537,2023-04-30,Fulham,Manchester City,0.0184,0.0981,0.8835,1,1,4,1,0.4318132046610115,0.3614159822463989,1,0,0.0,0.0,3.0,0.0,1.0,2,1,12,9,2.3525529466569424,0.9073032364249228,3,0,0.0,0.0,9.0,1.0,2.0
18540,2023-04-30,Manchester United,Aston Villa,0.6111,0.282,0.1069,1,0,14,11,1.3219414129853244,0.9280786924064156,2,0,0.0,0.0,14.0,0.0,0.0,0,0,7,3,0.4347379617393015,0.2541411668062209,0,0,0.0,2.0,3.0,0.0,2.0
18541,2023-04-30,Newcastle United,Southampton,0.9711,0.0256,0.0033,2,1,22,17,4.605497591197491,2.740725874900818,1,0,0.0,5.0,14.0,0.0,3.0,1,1,4,2,0.8971751211211084,0.7310359282419086,4,0,0.0,1.0,4.0,0.0,0.0
18539,2023-04-30,Liverpool,Tottenham Hotspur,0.6313,0.205,0.1637,4,2,12,10,2.429107148200273,1.3392863506451247,3,0,0.0,1.0,10.0,1.0,0.0,3,3,10,8,1.449269203469157,1.3765833675861356,2,0,0.0,0.0,9.0,0.0,1.0
18538,2023-05-01,Leicester City,Everton,0.3878,0.2549,0.3573,2,2,15,12,3.373664822429419,2.58105050958693,4,0,0.0,1.0,12.0,1.0,1.0,2,0,23,16,3.315170787274837,1.388951566070318,1,0,0.0,6.0,14.0,1.0,2.0
18532,2023-05-02,Arsenal,Chelsea,0.8352,0.1143,0.0505,3,2,16,11,2.8495892882347107,1.322014324367046,0,0,0.0,5.0,11.0,0.0,0.0,1,1,7,6,0.7852016342803834,0.7696545720100402,2,0,0.0,0.0,6.0,0.0,1.0
18477,2023-05-03,Liverpool,Fulham,0.641,0.2473,0.1117,1,0,15,12,1.6737197004258633,0.8707786928862329,0,0,0.0,0.0,13.0,1.0,1.0,0,0,9,7,0.7401253730058668,0.6858095489442347,0,0,0.0,1.0,7.0,0.0,1.0
18478,2023-05-03,Manchester City,West Ham United,0.9124,0.0699,0.0177,3,2,16,12,2.999079667031765,2.804136920720339,0,0,0.0,3.0,11.0,0.0,2.0,0,0,6,2,0.4970723874866961,0.3513665683567523,1,0,0.0,0.0,5.0,0.0,1.0
18475,2023-05-04,Brighton,Manchester United,0.5709,0.2314,0.1977,1,0,22,19,2.0995251834392543,0.9426289163529868,4,0,0.0,2.0,18.0,1.0,1.0,0,0,16,14,1.3210513927042482,1.2300615422427652,4,0,1.0,3.0,12.0,0.0,0.0
18542,2023-05-06,Bournemouth,Chelsea,0.2269,0.2578,0.5153,1,1,10,10,1.217550503090024,1.2175505105406046,1,0,0.0,2.0,8.0,0.0,0.0,3,3,11,5,1.768521750345826,1.1497141197323797,3,0,0.0,1.0,9.0,0.0,1.0
18546,2023-05-06,Manchester City,Leeds United,0.9595,0.0363,0.0042,2,2,18,12,2.8347190599888554,1.5165471248328684,0,0,2.0,3.0,11.0,1.0,1.0,1,0,4,3,0.1409240029752252,0.0979489125311373,3,0,0.0,1.0,3.0,0.0,0.0
18549,2023-05-06,Tottenham Hotspur,Crystal Palace,0.6238,0.2913,0.0849,1,1,8,8,1.156649887561798,1.1566498652100563,3,0,0.0,2.0,5.0,0.0,1.0,0,0,7,5,0.3066686131060121,0.2449515946209428,5,0,1.0,1.0,5.0,0.0,0.0
18551,2023-05-06,Wolverhampton Wanderers,Aston Villa,0.1767,0.2772,0.5461,1,1,6,5,0.8060497641563413,0.7863443568348883,3,0,0.0,1.0,5.0,0.0,0.0,0,0,16,12,1.5015766173601148,1.2674070522189136,3,0,1.0,2.0,12.0,0.0,1.0
18545,2023-05-06,Liverpool,Brentford,0.9264,0.066,0.0076,1,1,15,10,1.99199572391808,1.8001967333257196,4,0,0.0,4.0,11.0,0.0,0.0,0,0,5,4,0.1838922966271637,0.1253881882876156,2,0,1.0,0.0,4.0,0.0,0.0
18547,2023-05-07,Newcastle United,Arsenal,0.3739,0.2886,0.3375,0,0,12,12,1.372236981987953,1.3722370285540817,2,0,0.0,3.0,8.0,0.0,2.0,1,1,10,9,1.3074511140584946,1.2569244652986524,1,0,0.0,1.0,8.0,0.0,1.0
18550,2023-05-07,West Ham United,Manchester United,0.531,0.2501,0.2189,1,0,15,11,1.7680239174515004,1.526538708247244,0,0,0.0,4.0,10.0,0.0,1.0,0,0,19,17,1.1942017301917072,1.080525681376457,2,0,0.0,2.0,17.0,0.0,0.0
18544,2023-05-08,Fulham,Leicester City,0.1436,0.1852,0.6712,5,4,17,15,1.763026805594563,1.722583292052149,0,0,1.0,1.0,10.0,0.0,5.0,3,2,18,10,3.2034614756703377,1.0809167735278606,3,0,2.0,4.0,8.0,2.0,2.0
18543,2023-05-08,Brighton,Everton,0.4391,0.232,0.3289,1,0,23,20,3.585517700761556,2.4712832160294056,1,0,0.0,7.0,17.0,0.0,0.0,4,4,10,9,2.942229928448796,2.8798405826091766,5,0,0.0,1.0,8.0,0.0,1.0
18548,2023-05-08,Nottingham Forest,Southampton,0.1255,0.1743,0.7002,4,3,9,5,1.9132645428180688,0.8964152038097382,1,0,0.0,0.0,8.0,1.0,0.0,3,2,19,17,3.339120672084391,2.5365378446877003,0,0,0.0,6.0,11.0,1.0,1.0
18558,2023-05-13,Leeds United,Newcastle United,0.2582,0.3062,0.4356,2,0,9,4,2.062248513102531,0.2226733192801473,4,1,0.0,2.0,5.0,1.0,1.0,2,0,18,11,2.351177347823977,0.6336898505687711,2,0,1.0,4.0,10.0,2.0,1.0
18553,2023-05-13,Aston Villa,Tottenham Hotspur,0.5362,0.281,0.1828,2,1,8,7,1.7998674903064962,1.7249739468097685,3,0,1.0,1.0,6.0,0.0,0.0,1,0,5,3,1.185047011822462,0.3868171889334916,3,0,0.0,0.0,4.0,1.0,0.0
18555,2023-05-13,Chelsea,Nottingham Forest,0.1474,0.2098,0.6428,2,1,14,11,0.999180883169174,0.819067111238837,3,0,1.0,0.0,12.0,0.0,1.0,2,2,11,7,1.9729920476675036,1.8129490949213505,1,0,0.0,4.0,5.0,0.0,2.0
18556,2023-05-13,Crystal Palace,Bournemouth,0.7151,0.2341,0.0508,2,2,17,13,1.402374319732189,1.2345346398651598,0,0,0.0,3.0,11.0,0.0,3.0,0,0,5,4,0.2620225036516783,0.2268539443612097,2,0,1.0,2.0,2.0,0.0,0.0
18560,2023-05-13,Manchester United,Wolverhampton Wanderers,0.9466,0.0458,0.0076,2,2,27,22,3.101180143654346,2.706815684214234,3,0,2.0,5.0,20.0,0.0,0.0,0,0,5,5,0.2752130180597304,0.2752130180597303,2,0,0.0,4.0,1.0,0.0,0.0
18561,2023-05-13,Southampton,Fulham,0.0341,0.2317,0.7342,0,0,5,3,0.1496493630111215,0.0891157649457454,2,0,0.0,1.0,4.0,0.0,0.0,2,2,9,9,1.270853631198406,1.2708535790443418,0,0,0.0,1.0,7.0,0.0,1.0
18554,2023-05-14,Brentford,West Ham United,0.9953,0.0042,0.0005,2,2,24,17,4.6947374530136585,3.590085312724113,1,0,0.0,4.0,20.0,0.0,0.0,0,0,4,3,0.2033124212175606,0.137704150751233,0,0,0.0,0.0,4.0,0.0,0.0
18557,2023-05-14,Everton,Manchester City,0.3704,0.3466,0.283,0,0,7,5,1.2367559336125848,1.1042276173830032,1,0,0.0,6.0,1.0,0.0,0.0,3,2,9,6,1.0433768425136802,0.8899340722709893,0,0,2.0,2.0,4.0,0.0,1.0
18552,2023-05-14,Arsenal,Brighton,0.1098,0.1901,0.7001,0,0,14,12,0.9586508162319656,0.87460152618587,1,0,0.0,3.0,10.0,0.0,1.0,3,2,12,7,2.2208128422498703,1.2132116258144376,2,0,0.0,0.0,12.0,0.0,0.0
18559,2023-05-15,Leicester City,Liverpool,0.081,0.21,0.709,0,0,4,3,0.5274955146014689,0.4519026093184947,2,0,0.0,0.0,4.0,0.0,0.0,3,3,16,14,1.7708534635603423,1.61151584982872,1,0,1.0,1.0,14.0,0.0,0.0
18449,2023-05-18,Newcastle United,Brighton,0.9688,0.0256,0.0056,3,3,22,15,4.346274442970753,2.9149412736296654,2,0,1.0,3.0,14.0,0.0,4.0,1,1,8,7,0.5934928916394706,0.5730578228831288,4,0,0.0,3.0,6.0,0.0,0.0
18569,2023-05-20,Tottenham Hotspur,Brentford,0.4731,0.2743,0.2526,1,1,21,15,1.6210529319941995,1.3429767116904257,1,0,0.0,7.0,13.0,0.0,1.0,3,3,11,6,1.153444429859519,1.000268459320068,1,0,0.0,1.0,10.0,0.0,0.0
18562,2023-05-20,Bournemouth,Manchester United,0.1472,0.2468,0.606,0,0,10,7,0.8157232720404861,0.6764524579048155,1,0,1.0,0.0,8.0,0.0,1.0,1,0,20,15,1.7178259193897245,0.933044577017426,0,0,0.0,2.0,17.0,0.0,1.0
18564,2023-05-20,Fulham,Crystal Palace,0.4194,0.3021,0.2785,2,1,11,8,1.955186277627945,1.152442656457424,3,0,1.0,3.0,5.0,1.0,1.0,2,1,11,7,2.122380431741476,0.7212534751743076,0,0,1.0,1.0,6.0,0.0,3.0
18565,2023-05-20,Liverpool,Aston Villa,0.1667,0.311,0.5223,1,1,10,9,0.9185076933354136,0.8881108630448578,3,0,0.0,2.0,7.0,0.0,1.0,1,1,6,5,1.4694815874099731,0.7083127945661545,5,0,0.0,0.0,4.0,1.0,1.0
18571,2023-05-20,Wolverhampton Wanderers,Everton,0.1332,0.1917,0.6751,1,0,13,7,1.3543302491307254,0.5094047244638202,5,0,1.0,0.0,12.0,0.0,0.0,1,1,19,13,2.469759512692689,2.117208462208509,1,0,2.0,2.0,10.0,0.0,5.0
18568,2023-05-20,Nottingham Forest,Arsenal,0.5664,0.3,0.1336,1,0,6,4,1.1396998092532156,0.2893437594175338,3,0,0.0,0.0,5.0,0.0,1.0,0,0,11,8,0.4901997856795785,0.3607194013893601,2,0,0.0,4.0,7.0,0.0,0.0
18570,2023-05-21,West Ham United,Leeds United,0.8262,0.1234,0.0504,3,3,19,15,2.4800063110888,2.283113201148808,1,0,0.0,5.0,12.0,0.0,2.0,1,1,12,9,0.6538904104381797,0.4819950796663758,3,0,0.0,2.0,9.0,0.0,1.0
18563,2023-05-21,Brighton,Southampton,0.7403,0.1748,0.0849,3,3,26,21,2.414183357730508,1.8230335321277376,2,0,0.0,2.0,22.0,0.0,2.0,1,1,5,3,0.8636585660278796,0.4456566572189331,5,0,1.0,2.0,2.0,0.0,0.0
18566,2023-05-21,Manchester City,Chelsea,0.3649,0.2926,0.3425,1,1,15,10,1.216689931228757,0.9873731359839436,0,0,0.0,4.0,10.0,0.0,1.0,0,0,13,11,1.156480729579925,1.0008101854473348,2,0,1.0,2.0,9.0,0.0,1.0
18567,2023-05-22,Newcastle United,Leicester City,0.896,0.0971,0.0069,0,0,23,15,2.1075536552816625,1.0559949520975345,2,0,0.0,7.0,16.0,0.0,0.0,0,0,1,1,0.0839072242379188,0.0839072242379188,0,0,0.0,0.0,0.0,0.0,1.0
18515,2023-05-24,Brighton,Manchester City,0.4155,0.2416,0.3429,1,1,20,14,2.1179838646203275,1.806517608463764,2,0,2.0,4.0,14.0,0.0,0.0,1,1,13,13,1.929729605093598,1.92972969263792,1,0,0.0,1.0,11.0,0.0,1.0
18520,2023-05-25,Manchester United,Chelsea,0.9468,0.0385,0.0147,4,2,18,15,5.441549628973007,2.9491793662309647,1,0,0.0,0.0,16.0,1.0,1.0,1,1,13,12,1.6854042122140525,1.649655793793499,1,0,0.0,2.0,11.0,0.0,0.0
18572,2023-05-28,Arsenal,Wolverhampton Wanderers,0.9405,0.0479,0.0116,5,4,14,11,3.031648579984903,2.385896358639002,0,0,1.0,1.0,12.0,0.0,0.0,0,0,6,5,0.3877199208363887,0.3345332583412525,0,0,1.0,1.0,3.0,0.0,1.0
18573,2023-05-28,Aston Villa,Brighton,0.7151,0.18,0.1049,2,2,12,8,2.558446981012821,2.2802988681942225,4,0,4.0,0.0,7.0,0.0,1.0,1,1,8,7,1.2311669439077375,1.2166165411472318,4,0,0.0,0.0,7.0,0.0,1.0
18574,2023-05-28,Brentford,Manchester City,0.4392,0.2769,0.2839,1,1,11,8,1.4449286172166464,1.27905935049057,4,0,0.0,2.0,6.0,0.0,3.0,0,0,17,13,1.201686449348926,0.907806936651468,0,0,0.0,2.0,15.0,0.0,0.0
18575,2023-05-28,Chelsea,Newcastle United,0.4891,0.2383,0.2726,0,0,22,16,2.019853375852108,1.6298607140779495,0,0,1.0,3.0,17.0,0.0,1.0,1,1,13,8,1.518985193222761,1.2370732389390469,0,0,0.0,1.0,12.0,0.0,1.0
18576,2023-05-28,Crystal Palace,Nottingham Forest,0.4983,0.3449,0.1568,1,1,16,13,1.0078611038625236,0.8458307832479475,0,0,1.0,2.0,11.0,0.0,2.0,1,1,7,4,0.4364390391856428,0.3651390615850686,2,0,0.0,1.0,6.0,0.0,0.0
18577,2023-05-28,Everton,Bournemouth,0.571,0.303,0.126,1,0,13,9,1.129330553114414,0.4417364969849585,1,0,0.0,2.0,11.0,0.0,0.0,0,0,7,5,0.4320843601599333,0.2804548600688575,3,0,0.0,2.0,5.0,0.0,0.0
18578,2023-05-28,Leeds United,Tottenham Hotspur,0.1833,0.2159,0.6008,1,1,19,12,1.1986606055870648,0.8221567561849948,3,0,0.0,3.0,16.0,0.0,0.0,4,3,11,10,2.0331455282866955,1.9587683118879795,0,0,0.0,0.0,10.0,0.0,1.0
18579,2023-05-28,Leicester City,West Ham United,0.6472,0.2106,0.1422,2,2,13,11,2.0301333386451,1.515763934701681,1,0,0.0,0.0,12.0,0.0,1.0,1,1,16,15,0.9703522976487868,0.958987176418304,1,0,0.0,1.0,15.0,0.0,0.0
18580,2023-05-28,Manchester United,Fulham,0.5742,0.2159,0.2099,2,1,21,18,2.773377997800708,1.996131680905819,1,0,1.0,2.0,18.0,0.0,0.0,1,1,10,7,1.881665864959359,1.0209900643676515,2,0,1.0,3.0,4.0,1.0,1.0
18581,2023-05-28,Southampton,Liverpool,0.0397,0.0762,0.8841,4,3,15,9,1.340084750205278,0.7790814172476528,0,0,1.0,3.0,11.0,0.0,0.0,4,3,30,21,4.004389536567032,3.3493930678814645,2,0,0.0,3.0,26.0,0.0,1.0
22275,2023-08-11,Burnley,Manchester City,0.0177,0.0854,0.8969,0,0,6,5,0.311032469384372,0.2939207023009657,0,1,0.0,1.0,5.0,0.0,0.0,3,2,17,14,2.4728380367159843,1.6310033658519385,0,0,0.0,3.0,10.0,0.0,4.0
22276,2023-08-12,Arsenal,Nottingham Forest,0.2797,0.3363,0.384,2,2,15,13,0.8426200784742831,0.6941026672720906,2,0,0.0,1.0,14.0,0.0,0.0,1,1,6,5,0.9663050491362808,0.947056286036968,2,0,0.0,1.0,4.0,0.0,1.0
22277,2023-08-12,Bournemouth,West Ham United,0.3559,0.3169,0.3272,1,0,14,9,1.5102487020194528,0.4650753922760482,1,0,1.0,2.0,10.0,0.0,1.0,1,1,16,13,1.483395889401436,1.343127617612481,4,0,0.0,3.0,13.0,0.0,0.0
22278,2023-08-12,Brighton,Luton Town,0.879,0.0876,0.0334,4,2,27,23,4.370224466547369,3.066808921284973,2,0,0.0,3.0,20.0,1.0,3.0,1,0,9,7,1.8859357582405205,1.1108448468148708,2,0,0.0,3.0,5.0,1.0,0.0
22279,2023-08-12,Everton,Fulham,0.6371,0.1989,0.164,0,0,19,14,2.5900127533823247,2.103207249194384,0,0,0.0,5.0,12.0,0.0,2.0,1,0,9,7,1.581436730921268,0.7264902219176289,2,0,0.0,2.0,7.0,0.0,0.0
22280,2023-08-12,Sheffield United,Crystal Palace,0.0358,0.1179,0.8463,0,0,8,5,0.4227036759257314,0.370912573300302,3,0,0.0,2.0,6.0,0.0,0.0,1,1,24,20,2.278917820192873,2.09446776099503,0,0,1.0,3.0,16.0,0.0,4.0
22281,2023-08-12,Newcastle United,Aston Villa,0.8987,0.0665,0.0348,5,4,17,14,4.322082683444023,3.886300332844258,4,0,0.0,2.0,13.0,0.0,2.0,1,1,15,13,1.606929237954318,0.9949341518804428,4,0,1.0,3.0,10.0,0.0,1.0
22282,2023-08-13,Brentford,Tottenham Hotspur,0.4985,0.2608,0.2407,2,1,11,7,1.9094931241124864,1.04719016328454,1,0,0.0,1.0,9.0,1.0,0.0,2,2,18,11,1.4541301205754278,1.2230208041146395,4,0,0.0,7.0,10.0,0.0,1.0
22283,2023-08-13,Chelsea,Liverpool,0.5323,0.2472,0.2205,1,1,10,9,1.9325834829360244,1.9040191434323788,3,0,1.0,2.0,6.0,0.0,1.0,1,1,13,10,1.2999408263713117,1.184797883033752,3,0,0.0,3.0,10.0,0.0,0.0
22284,2023-08-14,Manchester United,Wolverhampton Wanderers,0.4419,0.2505,0.3076,1,1,15,13,1.9708735905587675,1.91678861156106,2,0,0.0,2.0,13.0,0.0,0.0,0,0,23,18,1.786041554063558,1.4279526267200704,3,0,0.0,2.0,18.0,0.0,3.0
22285,2023-08-18,Nottingham Forest,Sheffield United,0.5965,0.2786,0.1249,2,2,16,13,1.3729180619120591,1.1226556338369844,2,0,0.0,5.0,10.0,0.0,1.0,1,0,7,2,0.5510381292551754,0.0955021418631076,3,0,0.0,2.0,5.0,0.0,0.0
22286,2023-08-19,Wolverhampton Wanderers,Brighton,0.3046,0.2057,0.4897,1,1,16,12,2.6926855128258467,2.0630453126505017,3,1,0.0,3.0,11.0,0.0,2.0,4,4,16,15,3.1556202173233032,3.083950024098157,5,0,0.0,0.0,16.0,0.0,0.0
22287,2023-08-19,Fulham,Brentford,0.005,0.0284,0.9666,0,0,9,5,0.399899052456021,0.1878303680568931,2,1,1.0,2.0,5.0,0.0,1.0,3,1,17,9,3.520068166777492,1.6217234432697296,2,0,1.0,3.0,7.0,1.0,5.0
22288,2023-08-19,Liverpool,Bournemouth,0.8032,0.1308,0.066,3,0,26,15,3.794727005064488,0.8530687233433124,1,1,1.0,6.0,17.0,1.0,1.0,1,1,13,8,1.515336327254772,0.9075854662805792,3,0,1.0,1.0,11.0,0.0,0.0
22290,2023-08-19,Tottenham Hotspur,Manchester United,0.4211,0.2102,0.3687,1,0,17,13,2.5530841797590256,1.7361055761575697,1,0,0.0,2.0,14.0,0.0,1.0,0,0,22,19,2.447235982865095,2.287731563672423,3,0,1.0,4.0,16.0,0.0,2.0
22291,2023-08-19,Manchester City,Newcastle United,0.6449,0.2857,0.0694,1,1,14,12,1.2252765595912931,1.1251414045691488,1,0,0.0,0.0,13.0,0.0,1.0,0,0,7,7,0.2571535948663948,0.25715359672904,5,0,0.0,0.0,7.0,0.0,0.0
22292,2023-08-20,Aston Villa,Everton,0.9138,0.0655,0.0207,4,1,13,10,3.243360038846731,1.6037667514756315,3,0,0.0,1.0,11.0,1.0,0.0,0,0,9,7,0.7214647848159073,0.6448329109698532,4,0,0.0,2.0,7.0,0.0,0.0
22293,2023-08-20,West Ham United,Chelsea,0.3947,0.2905,0.3148,3,2,12,9,1.7123369965702295,0.7064782716333865,2,1,0.0,3.0,8.0,1.0,0.0,1,0,17,11,1.6101948544383045,0.660910092294216,3,0,0.0,3.0,12.0,1.0,1.0
22294,2023-08-21,Crystal Palace,Arsenal,0.1279,0.1973,0.6748,0,0,14,10,1.073930203914642,0.8124507963657376,2,0,1.0,0.0,12.0,0.0,1.0,1,0,14,8,2.2108465246856213,1.166846480220556,1,1,0.0,1.0,11.0,1.0,1.0
22295,2023-08-25,Chelsea,Luton Town,0.9422,0.0473,0.0105,3,2,19,14,3.4141877107322216,2.607041485607624,2,0,1.0,3.0,13.0,0.0,2.0,0,0,11,6,0.4657405875623224,0.2134977485984562,3,0,1.0,2.0,7.0,0.0,1.0
22296,2023-08-26,Bournemouth,Tottenham Hotspur,0.0438,0.129,0.8272,0,0,11,8,0.4856339208781716,0.3791836351156232,1,0,0.0,1.0,9.0,0.0,1.0,2,2,17,12,2.2790879085659976,2.082212772220373,3,0,1.0,1.0,12.0,0.0,3.0
22297,2023-08-26,Arsenal,Fulham,0.8911,0.0845,0.0244,2,1,19,15,3.239690903574228,1.7772440798580642,0,0,0.0,5.0,13.0,1.0,0.0,2,1,8,4,0.8517466289922592,0.6408891621977089,3,1,0.0,3.0,4.0,0.0,1.0
22298,2023-08-26,Brentford,Crystal Palace,0.3083,0.3264,0.3653,1,1,12,10,0.9490013513714072,0.862888269126415,0,0,0.0,4.0,8.0,0.0,0.0,1,1,15,11,1.0820601135492325,0.6188404653221367,0,0,1.0,2.0,12.0,0.0,0.0
22299,2023-08-26,Everton,Wolverhampton Wanderers,0.4943,0.2476,0.2581,0,0,15,8,1.9476105794310563,1.6160605922341345,3,0,0.0,5.0,8.0,0.0,2.0,1,1,11,8,1.4050455167889593,1.1092068292200563,4,0,1.0,0.0,9.0,0.0,1.0
22300,2023-08-26,Manchester United,Nottingham Forest,0.861,0.1027,0.0363,3,2,18,15,3.0280274227261543,2.1841114340350027,4,0,0.0,2.0,14.0,1.0,1.0,2,1,9,6,0.9603535225614902,0.801613412797451,4,1,0.0,1.0,6.0,0.0,2.0
22301,2023-08-26,Brighton,West Ham United,0.0988,0.1413,0.7599,1,1,26,21,1.3758190441876643,1.0944016985595222,1,0,1.0,7.0,18.0,0.0,0.0,3,2,12,8,3.0864721462130547,1.5608440786600113,3,0,0.0,0.0,12.0,0.0,0.0
22302,2023-08-27,Burnley,Aston Villa,0.0221,0.0821,0.8958,1,1,9,9,0.6306047067046163,0.6306046936661003,2,0,0.0,2.0,7.0,0.0,0.0,3,3,16,13,3.0864990577101707,2.905027061700821,0,0,0.0,3.0,13.0,0.0,0.0
22303,2023-08-27,Sheffield United,Manchester City,0.0099,0.0443,0.9458,1,0,6,3,0.7622317783534525,0.6745014786720275,4,0,0.0,1.0,5.0,0.0,0.0,2,2,30,25,3.848036468029022,2.3114078603684898,0,0,2.0,2.0,25.0,1.0,0.0
22304,2023-08-27,Newcastle United,Liverpool,0.5588,0.2581,0.1831,1,0,23,15,1.6220700759440654,0.8908804692327973,1,0,1.0,3.0,15.0,0.0,4.0,2,1,9,7,0.8561209281906482,0.7836015438660976,2,1,1.0,1.0,6.0,0.0,1.0
21925,2023-09-01,Luton Town,West Ham United,0.5814,0.2473,0.1713,1,1,16,12,2.204367252066731,1.9149532616138456,1,0,0.0,5.0,11.0,0.0,0.0,2,2,9,5,1.2252753525972366,0.9892193228006362,1,0,0.0,3.0,6.0,0.0,0.0
21926,2023-09-02,Sheffield United,Everton,0.1261,0.2031,0.6708,1,1,13,7,1.6575452201068397,0.520857200026512,1,0,0.0,2.0,9.0,0.0,2.0,2,1,16,9,3.260428277775645,1.9949145913124084,2,0,2.0,4.0,11.0,0.0,0.0
21927,2023-09-02,Manchester City,Fulham,0.523,0.3082,0.1688,5,3,7,5,2.0404714047908783,0.9071995243430137,2,0,0.0,1.0,5.0,1.0,0.0,1,0,6,4,1.8878940343856807,0.8413742557168007,4,0,0.0,3.0,3.0,0.0,0.0
21928,2023-09-02,Brentford,Bournemouth,0.5993,0.2049,0.1958,2,1,21,14,3.071845126338302,2.3947846591472626,1,0,1.0,3.0,15.0,0.0,2.0,2,2,12,8,2.112861435860395,1.7099775243550537,2,0,0.0,0.0,12.0,0.0,0.0
21929,2023-09-02,Burnley,Tottenham Hotspur,0.2232,0.2163,0.5605,2,2,16,11,1.6660376638174057,1.4470729865133758,4,0,1.0,5.0,9.0,0.0,1.0,5,4,20,15,2.4027003087103367,2.141734318807721,3,0,0.0,2.0,18.0,0.0,0.0
21930,2023-09-02,Chelsea,Nottingham Forest,0.6607,0.2127,0.1266,0,0,21,13,2.2844156799837942,1.3095113188028331,3,0,2.0,1.0,17.0,0.0,1.0,1,1,7,5,1.1504956260323524,0.5873425863683223,4,0,0.0,0.0,4.0,0.0,3.0
21931,2023-09-02,Brighton,Newcastle United,0.4762,0.3005,0.2233,3,2,15,11,1.3780466020107267,0.7417818913236258,4,0,0.0,3.0,12.0,0.0,0.0,1,1,9,9,0.9047598242759702,0.9047598242759703,4,0,0.0,0.0,8.0,0.0,1.0
21932,2023-09-03,Crystal Palace,Wolverhampton Wanderers,0.6847,0.1878,0.1275,3,3,16,12,2.3584997970610857,2.199185609817505,1,0,1.0,2.0,12.0,0.0,1.0,2,2,12,11,1.1391115877777334,1.122393474914133,3,0,0.0,3.0,7.0,0.0,2.0
21933,2023-09-03,Liverpool,Aston Villa,0.8684,0.0998,0.0318,2,2,17,13,2.7429645527154203,2.0606378205120564,0,0,0.0,6.0,10.0,0.0,1.0,0,0,9,9,0.6155025176703928,0.6155025325715541,1,0,0.0,2.0,7.0,0.0,1.0
21934,2023-09-03,Arsenal,Manchester United,0.629,0.2273,0.1437,3,3,17,15,1.9097251668572424,1.7906023599207397,2,0,0.0,7.0,10.0,0.0,0.0,1,1,10,8,0.9847702290862796,0.6669061612337825,3,0,0.0,2.0,8.0,0.0,0.0
21935,2023-09-16,Wolverhampton Wanderers,Liverpool,0.0189,0.0705,0.9106,1,1,11,7,0.5388334132730956,0.4035800471901891,1,0,0.0,3.0,9.0,0.0,0.0,2,2,16,12,2.827014960348606,2.6321468539536,3,0,0.0,0.0,15.0,0.0,1.0
21936,2023-09-16,Tottenham Hotspur,Sheffield United,0.7114,0.187,0.1016,2,2,28,26,2.159084970131516,2.0170161407440896,6,0,0.0,5.0,21.0,0.0,2.0,1,1,7,6,0.7906553298234937,0.781114488840103,5,1,0.0,1.0,5.0,0.0,1.0
21937,2023-09-16,West Ham United,Manchester City,0.0123,0.0352,0.9525,1,1,6,6,0.8956320211291312,0.8956320099532602,3,0,0.0,2.0,3.0,0.0,1.0,3,3,29,24,4.358668997883797,3.805027948692441,2,0,1.0,8.0,20.0,0.0,0.0
21938,2023-09-16,Aston Villa,Crystal Palace,0.6875,0.201,0.1115,3,2,16,10,2.318494733422994,1.2436628527939315,5,0,0.0,1.0,14.0,1.0,0.0,1,1,6,6,1.1169583797454834,1.1169583685696125,3,0,0.0,1.0,5.0,0.0,0.0
21939,2023-09-16,Fulham,Luton Town,0.4351,0.2865,0.2784,1,0,13,10,1.7570361308753486,0.9139581136405466,2,0,2.0,2.0,8.0,0.0,1.0,0,0,7,7,1.4570550285279749,1.45705496519804,2,0,0.0,0.0,7.0,0.0,0.0
21940,2023-09-16,Manchester United,Brighton,0.1055,0.1835,0.711,1,1,14,12,0.7199513297528027,0.611482001841068,2,0,1.0,1.0,11.0,0.0,1.0,3,3,10,10,1.939078779891133,1.9390787314623592,2,0,0.0,0.0,10.0,0.0,0.0
21943,2023-09-16,Newcastle United,Brentford,0.647,0.2452,0.1078,1,0,9,6,1.535685896873474,0.7502205893397329,3,0,0.0,3.0,4.0,1.0,1.0,0,0,11,10,0.6336783431470392,0.6196101531386372,5,0,0.0,1.0,9.0,0.0,1.0
21942,2023-09-17,Bournemouth,Chelsea,0.348,0.2784,0.3736,0,0,13,10,1.3251524996012447,1.0523147713392969,1,0,1.0,0.0,10.0,0.0,2.0,0,0,14,8,1.418224237859249,0.7335463296622037,5,0,1.0,3.0,10.0,0.0,0.0
21941,2023-09-17,Everton,Arsenal,0.112,0.414,0.474,0,0,8,8,0.283169813454151,0.2831698106601831,1,0,0.0,0.0,8.0,0.0,0.0,1,1,13,9,0.8250224441289897,0.5204504691064356,1,0,0.0,4.0,9.0,0.0,0.0
21944,2023-09-18,Nottingham Forest,Burnley,0.2724,0.3669,0.3607,1,1,14,11,0.7057947814464568,0.5185005459934472,2,0,0.0,1.0,11.0,0.0,2.0,1,1,10,4,0.8125706147402523,0.4948061704635619,3,1,0.0,2.0,7.0,0.0,1.0
21945,2023-09-23,Luton Town,Wolverhampton Wanderers,0.7771,0.1815,0.0414,1,0,20,15,2.2410051748156543,1.3975254548713565,0,0,0.0,1.0,17.0,1.0,1.0,1,0,3,1,0.7923820689320563,0.0460521355271339,2,1,0.0,0.0,1.0,0.0,2.0
21946,2023-09-23,Manchester City,Nottingham Forest,0.5453,0.2792,0.1755,2,2,7,5,1.3398445099592209,1.2005130089819431,3,1,2.0,0.0,5.0,0.0,0.0,0,0,10,6,0.7291088737547394,0.5021796151995658,7,0,1.0,3.0,6.0,0.0,0.0
21948,2023-09-23,Crystal Palace,Fulham,0.1986,0.488,0.3134,0,0,7,5,0.372359801083803,0.2946175560355185,3,0,1.0,1.0,4.0,0.0,1.0,0,0,10,8,0.5470625692978499,0.4274086421355602,2,0,1.0,0.0,8.0,0.0,1.0
21949,2023-09-23,Brentford,Everton,0.1704,0.2246,0.605,1,1,12,6,1.7581983208656309,0.8134372159838676,2,0,1.0,0.0,7.0,0.0,4.0,3,3,18,14,2.514972714707255,2.090669397264719,2,0,0.0,3.0,13.0,0.0,2.0
21950,2023-09-23,Burnley,Manchester United,0.3571,0.3448,0.2981,0,0,12,10,0.935444343835115,0.8708663284778593,1,0,0.0,1.0,9.0,0.0,2.0,1,1,11,11,0.8402725290507078,0.7992208525538442,2,0,0.0,1.0,10.0,0.0,0.0
21947,2023-09-24,Chelsea,Aston Villa,0.3746,0.2965,0.3289,0,0,10,9,1.197163430973887,1.174294579774141,2,1,0.0,0.0,10.0,0.0,0.0,1,0,15,8,1.1427134778350587,0.8705511372536421,3,0,1.0,4.0,10.0,0.0,0.0
21951,2023-09-24,Brighton,Bournemouth,0.5233,0.2401,0.2366,2,2,13,11,2.1512961969710886,2.094704162329436,3,0,0.0,4.0,9.0,0.0,0.0,1,1,12,8,1.6205671178176997,0.6259528808295722,3,0,1.0,2.0,9.0,0.0,1.0
21952,2023-09-24,Arsenal,Tottenham Hotspur,0.417,0.2392,0.3438,1,0,13,7,2.3429027255624533,0.7811811566352843,3,0,0.0,4.0,8.0,1.0,0.0,2,2,13,8,2.211657335981726,1.5941031575202942,4,0,0.0,1.0,12.0,0.0,1.0
21953,2023-09-24,Liverpool,West Ham United,0.882,0.0793,0.0387,3,2,22,18,4.142618512734771,3.294815227389336,0,0,2.0,3.0,14.0,1.0,2.0,1,1,11,7,1.5387827455997467,1.402791291475296,2,0,0.0,2.0,7.0,0.0,2.0
21954,2023-09-24,Sheffield United,Newcastle United,0.0032,0.0084,0.9884,0,0,9,7,0.5793920923024413,0.410084271803498,4,0,0.0,1.0,7.0,0.0,1.0,8,6,22,17,5.152742426842451,3.815073356032372,0,0,0.0,6.0,15.0,0.0,1.0
21955,2023-09-30,Aston Villa,Brighton,0.4133,0.2584,0.3283,5,4,19,12,1.9227273352444167,1.631140425801277,4,0,1.0,0.0,17.0,0.0,1.0,1,1,11,10,1.7281884001567958,1.6486536189913747,4,0,0.0,0.0,11.0,0.0,1.0
21956,2023-09-30,Everton,Luton Town,0.85,0.1072,0.0428,1,0,23,17,4.173563338816166,2.545431424863636,0,0,0.0,2.0,17.0,0.0,4.0,2,1,9,7,1.545821264386177,0.7348210811614989,1,0,0.0,5.0,3.0,0.0,1.0
21957,2023-09-30,Manchester United,Crystal Palace,0.4561,0.2712,0.2727,0,0,19,14,1.5540834218263624,1.3311612419784065,3,0,0.0,4.0,15.0,0.0,0.0,1,0,8,6,1.1901467405259607,1.0082846134901045,2,0,0.0,2.0,3.0,0.0,3.0
21958,2023-09-30,Newcastle United,Burnley,0.8934,0.0819,0.0247,2,1,20,15,3.3279087394475937,1.8910685442388055,1,0,0.0,3.0,13.0,1.0,3.0,0,0,8,6,0.8358830437064168,0.7307948619127271,3,0,0.0,1.0,7.0,0.0,0.0
21959,2023-09-30,Bournemouth,Arsenal,0.0052,0.0212,0.9736,0,0,8,6,0.6444428302347657,0.4583404734730718,0,0,0.0,1.0,7.0,0.0,0.0,4,1,15,10,4.136611446738243,1.7019996903836727,1,0,0.0,2.0,10.0,2.0,1.0
21960,2023-09-30,West Ham United,Sheffield United,0.8683,0.0908,0.0409,2,2,20,17,3.441629939712584,2.7709517935290933,1,0,1.0,5.0,13.0,0.0,1.0,0,0,16,12,0.9185311719775195,0.7046963125467297,1,0,0.0,2.0,14.0,0.0,0.0
21961,2023-09-30,Wolverhampton Wanderers,Manchester City,0.2467,0.3543,0.399,1,1,3,2,0.6739848852157593,0.6011964082717896,5,0,0.0,0.0,3.0,0.0,0.0,1,0,23,17,0.9838928142562504,0.6753538213670249,4,0,1.0,4.0,14.0,0.0,5.0
21962,2023-09-30,Tottenham Hotspur,Liverpool,0.6518,0.2076,0.1406,1,1,24,22,2.2020170101895924,1.732188582420349,5,0,0.0,2.0,22.0,0.0,0.0,1,1,12,10,1.1305162683129308,1.0422604568302631,4,2,0.0,4.0,9.0,0.0,0.0
21963,2023-10-01,Nottingham Forest,Brentford,0.1472,0.2359,0.6169,1,1,6,6,0.8003167305141684,0.8003167267888782,1,1,0.0,1.0,4.0,0.0,1.0,1,1,18,13,1.758619334548711,1.2318988852202888,2,0,0.0,6.0,10.0,0.0,2.0
21964,2023-10-02,Fulham,Chelsea,0.1096,0.2252,0.6652,0,0,10,9,0.9389671320095656,0.8491687159985302,1,0,0.0,4.0,6.0,0.0,0.0,2,1,11,5,2.038088608533144,1.0000936724245546,4,0,1.0,1.0,9.0,0.0,0.0
22289,2023-10-03,Luton Town,Burnley,0.5256,0.2762,0.1982,1,1,18,15,1.530583288520574,0.7957296483218667,4,0,0.0,8.0,10.0,0.0,0.0,2,2,14,9,0.9212809754535553,0.7247084714472292,2,0,0.0,2.0,10.0,0.0,2.0
21971,2023-10-07,Luton Town,Tottenham Hotspur,0.0838,0.1565,0.7597,0,0,12,10,0.8481179252266882,0.7558058127760884,2,0,0.0,4.0,8.0,0.0,0.0,1,1,15,11,2.3794694319367404,2.188920859247446,1,1,1.0,3.0,11.0,0.0,0.0
21967,2023-10-07,Burnley,Chelsea,0.1114,0.2281,0.6605,1,1,10,8,0.9566422831267116,0.8235804717987772,2,0,1.0,3.0,7.0,0.0,0.0,3,2,9,8,1.9756641164422035,1.2144952733069658,4,0,0.0,0.0,8.0,1.0,0.0
21969,2023-10-07,Everton,Bournemouth,0.8722,0.0938,0.034,3,1,25,13,3.623016834259033,2.554848289117217,1,0,0.0,7.0,15.0,0.0,3.0,0,0,11,10,0.9817315880209204,0.959427344612777,2,0,0.0,1.0,9.0,0.0,1.0
21970,2023-10-07,Fulham,Sheffield United,0.8781,0.1012,0.0207,2,1,20,13,2.266117902472615,1.4889689683914182,1,0,0.0,2.0,19.0,0.0,0.0,0,0,5,5,0.2518088249489664,0.1469221366569399,2,0,0.0,3.0,3.0,0.0,0.0
21972,2023-10-07,Manchester United,Brentford,0.4271,0.2936,0.2793,2,1,21,18,1.298610395751893,1.1022655200213187,0,0,1.0,0.0,19.0,0.0,1.0,1,1,11,10,1.0250928215682504,0.9919630885124204,5,0,0.0,4.0,7.0,0.0,0.0
21968,2023-10-07,Crystal Palace,Nottingham Forest,0.282,0.3104,0.4076,0,0,8,5,0.9824524484574794,0.8400747478008268,0,0,0.0,1.0,6.0,0.0,1.0,0,0,16,10,1.2639786098152397,0.9876066111028192,1,0,0.0,5.0,11.0,0.0,0.0
21966,2023-10-08,Brighton,Liverpool,0.316,0.236,0.448,2,1,14,8,2.2366418763995166,1.279778276570141,1,0,2.0,4.0,7.0,0.0,1.0,2,1,14,11,2.5102945175021887,1.7163130063563583,2,0,0.0,0.0,11.0,1.0,2.0
21973,2023-10-08,West Ham United,Newcastle United,0.0927,0.2316,0.6757,2,2,5,4,0.9313453286886214,0.8390551656484603,3,0,1.0,1.0,3.0,0.0,0.0,2,1,10,8,1.9786487501114605,1.3803647812455893,3,0,0.0,1.0,7.0,0.0,2.0
21974,2023-10-08,Wolverhampton Wanderers,Aston Villa,0.3672,0.2589,0.3739,1,1,8,7,1.7623195974156258,1.7441120939329262,2,1,0.0,0.0,8.0,0.0,0.0,1,1,18,14,1.8161833994090557,1.5792827261611817,2,0,0.0,6.0,10.0,0.0,2.0
21965,2023-10-08,Arsenal,Manchester City,0.1372,0.3669,0.4959,1,1,12,10,0.3876033127307889,0.3316689562052485,2,0,0.0,4.0,8.0,0.0,0.0,0,0,4,4,0.8580711856484413,0.8580712080001831,3,0,0.0,2.0,2.0,0.0,0.0
21979,2023-10-21,Liverpool,Everton,0.9342,0.0613,0.0045,2,1,26,18,2.286097719334066,1.194634018465876,1,0,1.0,6.0,18.0,1.0,0.0,0,0,6,4,0.0937725189141927,0.0736791491508482,1,1,0.0,0.0,5.0,0.0,1.0
21975,2023-10-21,Bournemouth,Wolverhampton Wanderers,0.102,0.2,0.698,1,1,7,5,1.0186383854597805,0.8862209133803843,2,1,0.0,0.0,7.0,0.0,0.0,2,2,20,18,2.364313773810863,1.5334700904786582,6,0,0.0,4.0,15.0,0.0,1.0
21977,2023-10-21,Brentford,Burnley,0.9067,0.0745,0.0188,3,2,23,14,3.182682387530804,2.581785392016172,5,0,1.0,3.0,18.0,0.0,1.0,0,0,6,5,0.6931290980428456,0.6220323275774716,2,1,0.0,1.0,5.0,0.0,0.0
21980,2023-10-21,Manchester City,Brighton,0.3367,0.3286,0.3347,2,1,10,7,0.9625086225569246,0.8340334743261335,2,1,1.0,0.0,9.0,0.0,0.0,1,0,5,4,0.9637333378195762,0.6772449314594267,2,0,0.0,1.0,4.0,0.0,0.0
21981,2023-10-21,Newcastle United,Crystal Palace,0.9023,0.0693,0.0284,4,3,10,6,3.7333578765392303,2.041368469595909,2,0,0.0,1.0,9.0,0.0,0.0,0,0,17,11,1.096837503369897,0.7683676239103077,3,0,1.0,8.0,8.0,0.0,0.0
21982,2023-10-21,Nottingham Forest,Luton Town,0.7817,0.1325,0.0858,2,2,19,11,3.275488398969173,1.447764940559864,3,0,0.0,5.0,14.0,0.0,0.0,2,1,13,7,1.4984816396608946,0.7876191139221189,0,0,0.0,1.0,9.0,0.0,3.0
21978,2023-10-21,Chelsea,Arsenal,0.5596,0.2612,0.1792,2,1,11,8,1.7234526537358763,0.4794637542217967,3,0,0.0,0.0,10.0,1.0,0.0,2,1,13,11,1.0579050434753294,1.0320836901664732,3,0,0.0,5.0,7.0,0.0,1.0
21983,2023-10-21,Sheffield United,Manchester United,0.3358,0.3137,0.3505,1,0,12,8,1.4107362944632769,0.6141433864831922,3,0,0.0,1.0,10.0,1.0,0.0,2,2,14,8,1.474756799638271,0.6678794547915458,1,0,1.0,3.0,10.0,0.0,0.0
21976,2023-10-22,Aston Villa,West Ham United,0.814,0.1326,0.0534,4,3,15,14,2.341429630294442,1.580260820686817,0,0,0.0,3.0,10.0,1.0,1.0,1,1,14,8,0.6641530971974132,0.3410950722172854,1,0,1.0,6.0,7.0,0.0,0.0
21984,2023-10-23,Tottenham Hotspur,Fulham,0.6093,0.2524,0.1383,2,2,15,12,1.6630626674741504,1.164038904011249,2,0,0.0,1.0,11.0,0.0,3.0,0,0,10,9,0.7458381932228799,0.7368095926940438,0,0,0.0,2.0,8.0,0.0,0.0
21990,2023-10-27,Crystal Palace,Tottenham Hotspur,0.1774,0.342,0.4806,1,1,13,10,0.5626863343641159,0.4521449785679576,2,0,0.0,8.0,5.0,0.0,1.0,1,1,10,6,0.9928910136222836,0.8429130874574183,1,0,1.0,0.0,9.0,0.0,0.0
21989,2023-10-28,Chelsea,Brentford,0.2146,0.2109,0.5745,0,0,17,13,1.732280449941754,1.1757910773158071,1,0,1.0,2.0,14.0,0.0,0.0,2,2,7,5,2.481374531984329,1.86575585603714,4,0,0.0,0.0,7.0,0.0,0.0
21985,2023-10-28,Bournemouth,Burnley,0.3721,0.3582,0.2697,2,0,13,6,1.1037377659231422,0.7970592528581619,2,0,2.0,2.0,8.0,0.0,1.0,1,1,6,5,0.9025501143187282,0.2347536450251935,3,0,0.0,4.0,2.0,0.0,0.0
21986,2023-10-28,Arsenal,Sheffield United,0.9842,0.0156,0.0002,5,2,13,8,3.034955278970301,1.5646805688738823,0,0,0.0,3.0,9.0,1.0,0.0,0,0,2,2,0.0281553911045192,0.0281553911045192,3,0,0.0,0.0,2.0,0.0,0.0
21994,2023-10-28,Wolverhampton Wanderers,Newcastle United,0.0639,0.1559,0.7802,2,2,11,6,0.8633926101028916,0.6422461830079553,1,0,1.0,3.0,6.0,0.0,1.0,2,0,13,7,2.6600510496646166,0.4520883578807113,4,0,0.0,3.0,9.0,1.0,0.0
21993,2023-10-29,West Ham United,Everton,0.2689,0.3788,0.3523,0,0,12,10,0.6185782356187699,0.5248128334060308,4,0,0.0,1.0,9.0,0.0,2.0,1,1,10,8,0.7338134683668611,0.6089531295001505,1,0,0.0,2.0,8.0,0.0,0.0
21987,2023-10-29,Aston Villa,Luton Town,0.9407,0.0493,0.01,2,2,17,16,3.419739916920662,2.7056298833340406,3,0,0.0,1.0,13.0,0.0,4.0,0,0,7,4,0.4567867219448088,0.2374493591487407,2,0,0.0,3.0,3.0,0.0,2.0
21988,2023-10-29,Brighton,Fulham,0.5703,0.2799,0.1498,1,1,18,11,1.3290139660239213,0.9342227727174756,0,0,1.0,3.0,14.0,0.0,0.0,1,1,10,7,0.5571740102022882,0.4685251675546166,3,0,0.0,2.0,8.0,0.0,0.0
21991,2023-10-29,Liverpool,Nottingham Forest,0.8733,0.0954,0.0313,3,2,21,13,2.7671942748129363,1.9506190684624012,2,0,2.0,5.0,14.0,0.0,0.0,0,0,9,5,0.6420143395662306,0.4792672712355849,3,0,0.0,3.0,4.0,0.0,2.0
21992,2023-10-29,Manchester United,Manchester City,0.0029,0.0138,0.9833,0,0,7,7,0.7146283742040394,0.714628368616104,4,0,0.0,3.0,4.0,0.0,0.0,3,2,21,14,4.54594637826085,3.415154404938221,1,0,2.0,1.0,17.0,1.0,0.0
21998,2023-11-04,Fulham,Manchester United,0.4803,0.3166,0.2031,0,0,18,12,1.1824059076607225,0.9117245003581044,6,0,1.0,6.0,10.0,0.0,1.0,1,1,12,8,0.6970950271934266,0.499337492510676,2,0,1.0,3.0,8.0,0.0,0.0
21995,2023-11-04,Brentford,West Ham United,0.363,0.2981,0.3389,2,2,16,9,1.8871246045455328,1.5078942207619548,1,0,1.0,1.0,12.0,0.0,2.0,2,1,12,10,2.080995555967092,1.5051108077168462,4,0,0.0,2.0,11.0,0.0,0.0
21996,2023-11-04,Burnley,Crystal Palace,0.3571,0.3072,0.3357,0,0,17,15,1.4998049652203913,1.0284958183765407,0,0,0.0,5.0,9.0,0.0,3.0,2,2,4,4,1.4365263991057873,1.4365263991057873,5,0,0.0,0.0,3.0,0.0,1.0
21997,2023-11-04,Everton,Brighton,0.3494,0.4439,0.2067,1,0,10,4,0.6228194050490854,0.102927230298519,4,0,1.0,2.0,7.0,0.0,1.0,0,0,7,5,0.4424888938665386,0.2814524956047533,2,0,1.0,0.0,6.0,0.0,0.0
22000,2023-11-04,Manchester City,Bournemouth,0.7963,0.1463,0.0574,6,6,21,20,2.399493221193552,2.2396275140345097,0,0,0.0,7.0,14.0,0.0,0.0,1,1,5,4,0.6431273967027663,0.5971881374716758,1,0,0.0,1.0,4.0,0.0,0.0
22003,2023-11-04,Sheffield United,Wolverhampton Wanderers,0.3009,0.3733,0.3258,2,1,11,7,1.1016500163823364,0.2493377989158031,2,0,1.0,1.0,8.0,1.0,0.0,1,1,10,8,1.3105833381414411,1.2399036958813667,3,0,1.0,3.0,6.0,0.0,0.0
22001,2023-11-04,Newcastle United,Arsenal,0.577,0.3043,0.1187,1,1,9,9,1.247989099472761,1.2479891311377287,5,0,0.0,0.0,9.0,0.0,0.0,0,0,14,10,0.5363827636465426,0.4604229032993314,1,0,0.0,4.0,9.0,0.0,1.0
22002,2023-11-05,Nottingham Forest,Aston Villa,0.1456,0.2983,0.5561,2,2,5,4,0.592446656897664,0.1748151220381258,1,0,0.0,0.0,5.0,0.0,0.0,0,0,13,13,1.3311553681269284,1.3311553625389931,1,0,0.0,1.0,12.0,0.0,0.0
21999,2023-11-05,Luton Town,Liverpool,0.0721,0.1522,0.7757,1,1,8,4,1.341103319078684,0.6496427673846481,1,0,0.0,0.0,8.0,0.0,0.0,1,1,24,20,3.345673630014061,3.0816486822441216,1,0,0.0,5.0,17.0,0.0,2.0
22004,2023-11-06,Tottenham Hotspur,Chelsea,0.0094,0.0329,0.9577,1,1,8,5,0.9591076169162986,0.8603871017694472,1,2,1.0,0.0,6.0,0.0,1.0,4,3,17,14,4.058654643595219,2.6693908032029863,5,0,0.0,1.0,13.0,1.0,2.0
22014,2023-11-11,Wolverhampton Wanderers,Tottenham Hotspur,0.7738,0.1722,0.054,2,2,17,11,1.923268115147948,1.3717707134783266,4,0,0.0,4.0,11.0,0.0,2.0,1,1,6,6,0.4323146305978296,0.4323146268725394,3,0,0.0,1.0,5.0,0.0,0.0
22006,2023-11-11,Arsenal,Burnley,0.9544,0.0415,0.0041,3,2,16,12,2.6319417133927345,2.386154869571328,0,1,0.0,5.0,11.0,0.0,0.0,1,0,8,6,0.3277056757360693,0.1936462335288521,1,0,0.0,1.0,7.0,0.0,0.0
22010,2023-11-11,Crystal Palace,Everton,0.3803,0.2887,0.331,2,1,12,9,1.8919392656534908,1.014219284057617,1,0,0.0,0.0,11.0,1.0,0.0,3,1,8,5,1.8013950716704128,0.8065719250589608,3,0,0.0,2.0,6.0,0.0,0.0
22012,2023-11-11,Manchester United,Luton Town,0.9169,0.0661,0.017,1,0,15,10,2.741047606803477,1.7433004351332784,0,0,1.0,3.0,10.0,0.0,1.0,0,0,10,8,0.4082651901990173,0.3363817166537045,2,0,1.0,0.0,8.0,0.0,1.0
22005,2023-11-11,Bournemouth,Newcastle United,0.9374,0.0517,0.0109,2,0,19,14,2.814658757299185,1.488878089934587,2,0,0.0,3.0,16.0,0.0,0.0,0,0,8,4,0.3061411324888464,0.0907465033233163,1,0,0.0,1.0,7.0,0.0,0.0
22007,2023-11-12,Aston Villa,Fulham,0.9227,0.0642,0.0131,2,1,12,9,2.8886419534683223,2.094156164675951,2,0,0.0,2.0,10.0,0.0,0.0,1,1,9,7,0.6487445458769798,0.5604106197133658,5,0,0.0,0.0,10.0,0.0,0.0
22008,2023-11-12,Brighton,Sheffield United,0.4067,0.3328,0.2605,1,1,11,7,1.0863352995365854,0.9505128636956212,3,1,0.0,4.0,6.0,0.0,2.0,0,0,9,6,0.844339773058891,0.5375205799937246,2,0,0.0,3.0,6.0,0.0,0.0
22011,2023-11-12,Liverpool,Brentford,0.3975,0.264,0.3385,3,3,17,13,1.560044445097446,1.4134489856660364,1,0,0.0,3.0,14.0,0.0,0.0,0,0,16,12,1.449539573863148,1.1802459284663196,2,0,2.0,3.0,10.0,0.0,1.0
22013,2023-11-12,West Ham United,Nottingham Forest,0.5298,0.2455,0.2247,3,2,16,11,2.064017117023468,1.3944993782788515,2,0,1.0,3.0,10.0,0.0,2.0,2,1,10,8,1.4749262779951091,0.8624396249651907,2,0,0.0,0.0,9.0,0.0,1.0
22009,2023-11-12,Chelsea,Manchester City,0.455,0.2211,0.3239,4,2,17,9,3.480838473886251,1.6980280913412569,5,0,1.0,1.0,14.0,1.0,0.0,4,2,15,12,3.194251266308129,1.5071643041446805,3,0,1.0,2.0,11.0,1.0,0.0
22020,2023-11-25,Manchester City,Liverpool,0.6472,0.2244,0.1284,1,1,16,12,1.7962161097675555,1.5439696982502935,1,0,1.0,2.0,12.0,0.0,1.0,1,1,8,7,0.7662784494459627,0.7517251335084436,3,0,0.0,1.0,7.0,0.0,0.0
22016,2023-11-25,Burnley,West Ham United,0.3708,0.308,0.3212,1,0,11,8,1.442276557907462,0.5932571664452552,1,0,0.0,2.0,6.0,1.0,3.0,1,1,11,8,1.3696294650435443,1.2945759929716587,3,0,0.0,3.0,7.0,0.0,1.0
22019,2023-11-25,Luton Town,Crystal Palace,0.1537,0.2577,0.5886,2,2,8,6,0.9961530487053094,0.94802345149219,6,0,0.0,3.0,4.0,0.0,1.0,1,1,16,14,1.8429955169558525,1.479152781888842,1,0,1.0,2.0,13.0,0.0,0.0
22021,2023-11-25,Newcastle United,Chelsea,0.6848,0.1926,0.1226,4,3,14,10,2.1522680334746838,1.512188328430056,4,0,1.0,3.0,8.0,0.0,2.0,1,0,7,4,0.9680607840418816,0.4442278761416672,4,1,2.0,1.0,4.0,0.0,0.0
22022,2023-11-25,Nottingham Forest,Brighton,0.6382,0.2258,0.136,2,1,18,14,2.2265468761324883,1.3872572742402551,2,0,0.0,3.0,12.0,1.0,2.0,3,2,11,8,1.2179161757230754,0.3674316536635159,5,1,1.0,4.0,5.0,1.0,0.0
22023,2023-11-25,Sheffield United,Bournemouth,0.0405,0.095,0.8645,1,1,10,8,0.8215326759964225,0.7402307186275717,4,0,0.0,1.0,9.0,0.0,0.0,3,2,23,18,3.181701689958572,2.011708837002516,1,0,0.0,1.0,22.0,0.0,0.0
22015,2023-11-25,Brentford,Arsenal,0.3338,0.274,0.3922,0,0,9,7,1.9142290353775024,1.2848600000143051,1,0,0.0,0.0,9.0,0.0,0.0,1,1,15,11,1.826987493783235,1.5815750621259208,1,0,0.0,2.0,12.0,0.0,1.0
22024,2023-11-26,Tottenham Hotspur,Aston Villa,0.3333,0.2488,0.4179,1,1,18,16,2.2504998259246345,2.166992606595158,0,0,0.0,4.0,13.0,0.0,1.0,2,2,15,12,2.39755112864077,2.2621057722717524,4,0,1.0,1.0,11.0,0.0,2.0
22017,2023-11-26,Everton,Manchester United,0.4626,0.2624,0.275,0,0,23,13,2.55295795854181,1.106049947440624,3,0,0.0,4.0,18.0,0.0,1.0,3,2,9,8,2.07334459386766,1.312175750732422,0,0,0.0,3.0,5.0,1.0,0.0
22018,2023-11-27,Fulham,Wolverhampton Wanderers,0.6313,0.2309,0.1378,3,1,12,8,2.490571053698659,0.8794581498950719,2,0,0.0,1.0,9.0,2.0,0.0,2,1,10,8,1.578747337684035,0.7477887682616711,2,0,0.0,1.0,7.0,1.0,1.0
22026,2023-12-02,Arsenal,Wolverhampton Wanderers,0.8622,0.0986,0.0392,2,2,19,16,3.334497757256031,3.1430421825498343,1,0,0.0,2.0,16.0,0.0,1.0,1,1,6,4,1.0788550674915314,0.984676782041788,2,0,0.0,0.0,5.0,0.0,1.0
22027,2023-12-02,Brentford,Luton Town,0.9661,0.0298,0.0041,3,1,27,15,3.4285800643265243,1.1833635643124578,1,0,0.0,5.0,20.0,0.0,2.0,1,0,7,3,0.227176187559962,0.0584743339568375,2,0,0.0,0.0,6.0,0.0,1.0
22028,2023-12-02,Burnley,Sheffield United,0.8499,0.1154,0.0347,5,4,19,16,2.658831108361482,1.9254823029041288,2,0,0.0,2.0,16.0,0.0,1.0,0,0,6,5,0.6181307304650543,0.6082343189045785,5,1,0.0,1.0,5.0,0.0,0.0
22033,2023-12-02,Nottingham Forest,Everton,0.3119,0.4027,0.2854,0,0,13,9,0.6844307240098711,0.4170853216201064,1,0,0.0,6.0,7.0,0.0,0.0,1,0,12,4,0.6237892853096125,0.3132979981601237,0,0,1.0,1.0,7.0,0.0,3.0
22032,2023-12-02,Newcastle United,Manchester United,0.9224,0.0633,0.0143,1,1,22,17,2.9195088669657707,2.251821763813495,1,0,1.0,3.0,18.0,0.0,0.0,0,0,8,4,0.4238635748624799,0.2197582386434076,2,0,0.0,3.0,4.0,0.0,1.0
22025,2023-12-03,Bournemouth,Aston Villa,0.7928,0.144,0.0632,2,2,15,13,2.5493724159896374,2.46266788803041,5,0,0.0,5.0,10.0,0.0,0.0,2,2,11,9,0.8951097987592218,0.7818308826535937,3,0,1.0,1.0,8.0,0.0,1.0
22029,2023-12-03,Chelsea,Brighton,0.6179,0.2445,0.1376,3,2,8,4,1.663042541593313,0.6739319302141665,3,1,0.0,2.0,5.0,1.0,0.0,2,2,18,15,0.8550582397729153,0.7364239599555729,5,0,1.0,5.0,11.0,0.0,1.0
22030,2023-12-03,Liverpool,Fulham,0.6648,0.1927,0.1425,3,2,26,17,2.804560087621212,1.6267557777464388,0,0,1.0,5.0,19.0,0.0,1.0,3,2,9,7,1.510051619261503,0.8996881656348703,0,0,0.0,3.0,6.0,0.0,1.0
22034,2023-12-03,West Ham United,Crystal Palace,0.3755,0.3287,0.2958,1,1,9,7,1.1466042362153528,1.0481790788471697,2,0,1.0,1.0,7.0,0.0,0.0,1,0,9,4,0.988377152010798,0.7509479075670241,0,0,1.0,1.0,3.0,0.0,4.0
22031,2023-12-03,Manchester City,Tottenham Hotspur,0.9091,0.0719,0.019,2,2,18,17,2.9072916824370623,2.8852516077458854,4,0,0.0,4.0,13.0,0.0,1.0,3,3,8,7,0.433076682500541,0.4197489898651836,4,0,0.0,2.0,6.0,0.0,1.0
22042,2023-12-05,Wolverhampton Wanderers,Burnley,0.4371,0.34,0.2229,1,1,7,6,1.118863116018474,1.0592785216867922,2,0,1.0,1.0,3.0,0.0,2.0,0,0,12,6,0.8034728299826381,0.5959531106054781,4,0,2.0,4.0,6.0,0.0,0.0
22039,2023-12-05,Luton Town,Arsenal,0.0299,0.1032,0.8669,3,3,6,5,0.5262542953714726,0.5112750288099049,2,0,0.0,2.0,4.0,0.0,0.0,4,4,23,20,2.591251872479916,2.4587464183568954,1,0,0.0,2.0,20.0,0.0,1.0
22036,2023-12-06,Brighton,Brentford,0.4263,0.3121,0.2616,2,2,18,13,1.5409885346889496,1.340602647513151,3,0,0.0,6.0,12.0,0.0,0.0,1,0,8,4,1.2290229257196186,0.3301802035421131,1,0,0.0,2.0,4.0,1.0,1.0
22038,2023-12-06,Fulham,Nottingham Forest,0.9769,0.0204,0.0027,5,4,14,10,3.094962700270116,2.04837051872164,0,0,1.0,1.0,12.0,0.0,0.0,0,0,4,2,0.2186594586819409,0.1073559280484914,1,0,0.0,0.0,4.0,0.0,0.0
22040,2023-12-06,Sheffield United,Liverpool,0.1397,0.234,0.6263,0,0,5,2,0.8341716676950455,0.205863170325756,1,0,1.0,1.0,3.0,0.0,0.0,2,2,15,14,1.8011632729321712,1.7855866625905037,3,0,0.0,5.0,10.0,0.0,0.0
22043,2023-12-06,Crystal Palace,Bournemouth,0.2221,0.2553,0.5226,0,0,16,14,1.2770949006080627,0.8734024660661814,1,0,1.0,0.0,12.0,0.0,3.0,2,2,11,10,1.8809950752183795,1.755334543995559,3,0,0.0,5.0,6.0,0.0,0.0
22035,2023-12-06,Aston Villa,Manchester City,0.6881,0.2247,0.0872,1,1,22,18,2.291821509599685,1.5153109515085814,2,0,0.0,5.0,16.0,0.0,1.0,0,0,2,2,1.001983880996704,1.0019839107990265,2,0,0.0,0.0,2.0,0.0,0.0
22044,2023-12-06,Manchester United,Chelsea,0.7338,0.1466,0.1196,2,1,28,21,4.379189679399132,2.431929334998131,4,0,1.0,4.0,21.0,1.0,1.0,1,1,13,11,2.366188134998083,1.6648372188210483,0,0,0.0,2.0,10.0,0.0,1.0
22037,2023-12-07,Everton,Newcastle United,0.7544,0.1534,0.0922,3,2,21,15,2.9581093490123744,2.705113131552934,3,0,0.0,3.0,17.0,0.0,1.0,0,0,13,9,1.3252442162483928,1.0876198709011076,0,0,1.0,1.0,10.0,0.0,1.0
22041,2023-12-07,Tottenham Hotspur,West Ham United,0.3319,0.2535,0.4146,1,1,23,19,1.6168287508189676,1.3357873577624555,3,0,1.0,6.0,15.0,0.0,1.0,2,0,11,5,1.7505140509456394,0.4486362524330615,3,0,0.0,3.0,8.0,0.0,0.0
22047,2023-12-09,Crystal Palace,Liverpool,0.4846,0.276,0.2394,1,0,8,7,1.7915245369076729,1.0303556919097898,5,1,0.0,2.0,3.0,1.0,2.0,2,2,14,13,1.3758477028459306,1.3166546542197466,2,0,0.0,3.0,10.0,0.0,1.0
22046,2023-12-09,Brighton,Burnley,0.8189,0.1267,0.0544,1,1,29,21,2.9624725989997382,2.038516219239681,0,0,2.0,4.0,22.0,0.0,1.0,1,1,6,5,1.1895280703902242,0.288154687732458,4,0,0.0,0.0,6.0,0.0,0.0
22051,2023-12-09,Manchester United,Bournemouth,0.1539,0.2242,0.6219,0,0,20,15,1.12594948336482,0.8013712167739864,3,0,0.0,3.0,16.0,0.0,1.0,3,3,10,10,1.974196918308735,1.974196895956993,1,0,0.0,3.0,7.0,0.0,0.0
22052,2023-12-09,Sheffield United,Brentford,0.3909,0.3656,0.2435,1,1,9,8,0.8419756889343258,0.729794595390558,5,0,0.0,0.0,9.0,0.0,0.0,0,0,10,5,0.6490908898413177,0.3280546590685842,1,0,0.0,1.0,9.0,0.0,0.0
22054,2023-12-09,Wolverhampton Wanderers,Nottingham Forest,0.2745,0.3237,0.4018,1,1,10,7,1.0270750634372232,0.8542417734861372,0,0,0.0,2.0,7.0,0.0,1.0,1,1,8,6,1.2180080916732547,0.9078350923955438,1,0,0.0,1.0,7.0,0.0,0.0
22045,2023-12-09,Aston Villa,Arsenal,0.0978,0.2163,0.6859,1,1,10,5,0.6291455039754508,0.4742703661322592,4,0,1.0,0.0,8.0,0.0,1.0,0,0,12,9,1.716666132211685,0.921785484999418,2,0,1.0,1.0,10.0,0.0,0.0
22048,2023-12-10,Everton,Chelsea,0.4245,0.3286,0.2469,2,0,9,4,1.3110931795090437,0.7596465833485125,2,0,0.0,3.0,6.0,0.0,0.0,0,0,16,13,0.8855115547776217,0.5650632772594686,2,0,1.0,3.0,12.0,0.0,0.0
22049,2023-12-10,Fulham,West Ham United,0.6859,0.1905,0.1236,5,5,14,13,2.240841099992394,2.2220956869423385,2,0,0.0,2.0,12.0,0.0,0.0,0,0,9,6,0.983000469394028,0.9092404805123804,1,0,1.0,1.0,7.0,0.0,0.0
22050,2023-12-10,Luton Town,Manchester City,0.054,0.178,0.768,1,1,4,3,0.6890371590852736,0.6287342645227907,2,0,0.0,1.0,3.0,0.0,0.0,2,1,18,11,2.2335288729518648,1.850914876908064,1,0,1.0,1.0,15.0,0.0,1.0
22053,2023-12-10,Tottenham Hotspur,Newcastle United,0.8961,0.0703,0.0336,4,3,23,20,4.401178184896708,3.5941153839230537,1,0,0.0,2.0,20.0,1.0,0.0,1,1,9,8,1.6136847864836452,0.9940044078975916,3,0,0.0,1.0,8.0,0.0,0.0
22063,2023-12-15,Nottingham Forest,Tottenham Hotspur,0.3911,0.2583,0.3506,0,0,15,10,1.7056852616369722,1.5019603651016948,2,0,0.0,4.0,10.0,0.0,1.0,2,1,12,10,1.625342674553394,1.463200472295284,4,1,0.0,1.0,11.0,0.0,0.0
22059,2023-12-16,Chelsea,Sheffield United,0.9605,0.0315,0.008,2,2,15,10,3.2964737247675657,2.6079330844804645,1,0,1.0,1.0,12.0,0.0,1.0,0,0,6,5,0.4401395581662653,0.4017306938767432,3,0,1.0,2.0,3.0,0.0,0.0
22061,2023-12-16,Manchester City,Crystal Palace,0.5547,0.2489,0.1964,2,1,19,15,2.4164628051221366,1.7653083875775333,1,0,0.0,4.0,13.0,0.0,2.0,2,1,5,3,1.6497724540531635,0.8334104940295218,1,0,1.0,0.0,3.0,1.0,0.0
22062,2023-12-16,Newcastle United,Fulham,0.99,0.0089,0.0011,3,2,27,23,4.844259571284055,3.71158268302679,0,0,0.0,0.0,23.0,0.0,4.0,0,0,6,5,0.4710416961461303,0.1300318995490669,2,1,0.0,0.0,6.0,0.0,0.0
22058,2023-12-16,Burnley,Everton,0.082,0.1611,0.7569,0,0,14,11,0.811435282696038,0.6472109444439407,0,0,1.0,3.0,9.0,0.0,1.0,2,1,9,6,2.365018531680107,1.7810239158570764,1,0,1.0,2.0,4.0,0.0,2.0
22056,2023-12-17,Arsenal,Brighton,0.8439,0.1165,0.0396,2,1,26,19,2.769765026867389,1.9995027929544449,1,0,0.0,6.0,20.0,0.0,0.0,0,0,6,6,0.6630538143217561,0.6630538068711757,3,0,0.0,0.0,6.0,0.0,0.0
22057,2023-12-17,Brentford,Aston Villa,0.1774,0.2816,0.541,1,0,4,2,0.7968120425939559,0.3160660080611705,6,1,0.0,2.0,2.0,0.0,0.0,2,2,15,12,1.4663977436721325,1.2927116751670835,4,1,0.0,3.0,12.0,0.0,0.0
22064,2023-12-17,West Ham United,Wolverhampton Wanderers,0.4864,0.3306,0.183,3,3,13,10,1.0382761731743808,0.9177089668810364,3,0,2.0,3.0,8.0,0.0,0.0,0,0,14,12,0.5562056154012677,0.4880089778453109,1,0,0.0,2.0,11.0,0.0,1.0
22060,2023-12-17,Liverpool,Manchester United,0.7148,0.1924,0.0928,0,0,34,29,1.97142325900495,1.7775029279291628,2,0,0.0,10.0,22.0,0.0,2.0,0,0,6,4,0.6724047027528285,0.4878220818936824,4,1,0.0,0.0,6.0,0.0,0.0
22066,2023-12-21,Crystal Palace,Brighton,0.455,0.2631,0.2819,1,1,11,9,1.656024033203721,1.4906214345246551,5,0,0.0,3.0,8.0,0.0,0.0,1,1,18,13,1.3381771370768545,1.1743400637060402,2,0,0.0,1.0,16.0,0.0,1.0
22065,2023-12-22,Aston Villa,Sheffield United,0.5001,0.3312,0.1687,1,1,11,10,1.2186119826510544,1.2032581474632025,3,0,0.0,4.0,6.0,0.0,1.0,1,1,5,4,0.646949523128569,0.6315176188945769,3,0,0.0,1.0,4.0,0.0,0.0
22072,2023-12-23,West Ham United,Manchester United,0.5925,0.2598,0.1477,2,1,12,6,1.516533177345991,0.6850331127643585,2,0,0.0,2.0,9.0,0.0,1.0,0,0,11,7,0.7321234140545128,0.514449769631028,3,0,0.0,3.0,8.0,0.0,0.0
22067,2023-12-23,Fulham,Burnley,0.6363,0.2621,0.1016,0,0,19,14,1.3908470124006267,1.1364733725786205,2,0,1.0,1.0,14.0,0.0,3.0,2,2,7,7,0.4171398170292375,0.4171398133039473,1,0,0.0,1.0,5.0,0.0,1.0
22069,2023-12-23,Luton Town,Newcastle United,0.4862,0.2508,0.263,1,1,16,13,1.8578336611390112,1.585285890847444,2,0,0.0,2.0,14.0,0.0,0.0,0,0,15,13,1.430049832910299,1.2997233271598814,1,0,0.0,4.0,10.0,0.0,1.0
22070,2023-12-23,Nottingham Forest,Bournemouth,0.1303,0.2073,0.6624,2,2,11,9,0.7953473739325998,0.6909057032316921,0,1,0.0,6.0,5.0,0.0,0.0,3,2,18,14,1.890668090432882,0.92119700461626,3,0,1.0,3.0,14.0,0.0,0.0
22071,2023-12-23,Tottenham Hotspur,Everton,0.2879,0.2354,0.4767,2,1,13,11,1.5789756551384926,1.4137632884085178,1,0,0.0,2.0,11.0,0.0,0.0,1,0,18,12,1.983849028125405,1.4640396907925606,4,0,0.0,3.0,14.0,0.0,1.0
22068,2023-12-23,Liverpool,Arsenal,0.377,0.3338,0.2892,1,1,13,12,0.9829011783003804,0.9547162242233752,2,0,1.0,1.0,11.0,0.0,0.0,1,1,13,9,0.85168120265007,0.6747315898537634,5,0,0.0,1.0,11.0,0.0,1.0
22073,2023-12-24,Wolverhampton Wanderers,Chelsea,0.3603,0.2626,0.3771,2,1,14,8,1.7649625651538368,0.9605939406901596,3,0,1.0,5.0,8.0,0.0,0.0,1,1,16,10,1.7654073312878606,1.0956513732671735,5,0,1.0,1.0,14.0,0.0,0.0
22083,2023-12-26,Newcastle United,Nottingham Forest,0.3064,0.2328,0.4608,1,0,19,11,2.9489007480442524,1.3591270111501217,3,0,1.0,3.0,14.0,1.0,0.0,3,3,15,11,3.107396110892296,2.855668413452804,3,0,0.0,1.0,14.0,0.0,0.0
22075,2023-12-26,Bournemouth,Fulham,0.8555,0.1194,0.0251,3,2,16,10,2.0791142899543043,1.0996317751705642,0,0,0.0,3.0,12.0,1.0,0.0,0,0,8,5,0.3246328644454477,0.2202969379723071,2,0,1.0,3.0,4.0,0.0,0.0
22084,2023-12-26,Sheffield United,Luton Town,0.9422,0.044,0.0138,2,1,21,12,4.193362316116691,2.35966738127172,5,0,1.0,4.0,16.0,0.0,2.0,1,1,12,9,0.7155749164521691,0.4966167863458391,0,0,1.0,1.0,8.0,0.0,2.0
22079,2023-12-26,Burnley,Liverpool,0.1994,0.2625,0.5381,0,0,9,7,0.9742397191002964,0.911525742150843,2,0,0.0,2.0,7.0,0.0,0.0,2,2,19,15,1.6845054812729352,1.3445828072726724,1,0,0.0,3.0,16.0,0.0,0.0
22082,2023-12-26,Manchester United,Aston Villa,0.1985,0.2573,0.5442,3,1,13,9,1.2010365575551984,0.9864410944283006,1,0,1.0,1.0,11.0,0.0,0.0,2,1,10,8,1.8363686092197893,1.7469573505222795,3,0,1.0,2.0,7.0,0.0,0.0
22077,2023-12-27,Brentford,Wolverhampton Wanderers,0.5428,0.2254,0.2318,1,1,14,11,2.6002108380198474,2.4839705685153604,1,0,0.0,1.0,10.0,0.0,3.0,4,3,11,9,1.895160101354122,1.282447539269924,1,0,0.0,2.0,9.0,0.0,0.0
22080,2023-12-27,Chelsea,Crystal Palace,0.8078,0.135,0.0572,2,1,9,8,2.7300490103662014,1.9688801616430285,3,0,0.0,0.0,7.0,1.0,1.0,1,1,13,10,0.963814885355532,0.8092311536893247,2,0,2.0,1.0,10.0,0.0,0.0
22081,2023-12-27,Everton,Manchester City,0.1381,0.2182,0.6437,1,1,7,5,1.2352949809283016,1.1482529826462269,4,0,0.0,3.0,4.0,0.0,0.0,3,1,23,15,2.294379454106092,0.8166946023702621,2,0,1.0,4.0,17.0,1.0,0.0
22078,2023-12-28,Brighton,Tottenham Hotspur,0.767,0.1299,0.1031,4,2,15,9,3.9536115434020753,1.6904733404517172,3,0,0.0,5.0,7.0,2.0,1.0,2,2,19,16,2.0718250386416908,1.5883330050855873,2,0,1.0,2.0,16.0,0.0,0.0
22076,2023-12-28,Arsenal,West Ham United,0.6535,0.2038,0.1427,0,0,30,23,2.9216259047389026,2.195051288232207,2,0,0.0,6.0,24.0,0.0,0.0,2,2,6,2,1.5971096167340872,0.6789836809039115,0,0,0.0,1.0,4.0,1.0,0.0
22089,2023-12-30,Luton Town,Chelsea,0.6595,0.2081,0.1324,2,1,15,11,2.734858423471451,1.8295009061694143,2,0,1.0,2.0,11.0,0.0,1.0,3,2,12,10,1.5746336951851845,1.458665572106838,2,0,0.0,2.0,10.0,0.0,0.0
22085,2023-12-30,Aston Villa,Burnley,0.8066,0.131,0.0624,3,2,19,13,2.9321220740675926,1.8544852845370767,4,0,1.0,2.0,12.0,1.0,3.0,2,2,9,6,1.1212119460105896,0.9661908373236654,1,1,0.0,0.0,8.0,0.0,1.0
22086,2023-12-30,Crystal Palace,Brentford,0.4365,0.2865,0.277,3,3,13,13,1.6105668544769287,1.6105668488889933,0,0,0.0,1.0,11.0,0.0,1.0,1,1,9,7,1.287308059632778,1.1485080923885105,1,0,0.0,1.0,8.0,0.0,0.0
22090,2023-12-30,Manchester City,Sheffield United,0.9141,0.0761,0.0098,2,2,18,14,2.242288636043668,2.00173872243613,1,0,0.0,4.0,14.0,0.0,0.0,0,0,4,3,0.2632114067673683,0.2346032559871672,1,0,0.0,2.0,2.0,0.0,0.0
22094,2023-12-30,Wolverhampton Wanderers,Everton,0.916,0.0694,0.0146,3,2,12,9,2.644772417843342,1.7610630644485352,2,0,0.0,3.0,9.0,0.0,0.0,0,0,10,8,0.5322263464331622,0.3934562578797338,3,0,0.0,1.0,6.0,0.0,3.0
22091,2023-12-30,Nottingham Forest,Manchester United,0.3432,0.3817,0.2751,2,2,8,6,0.7443477381020781,0.6857587695121764,2,0,0.0,2.0,6.0,0.0,0.0,1,1,10,10,0.6534455297514794,0.6534455232322214,4,0,0.0,3.0,7.0,0.0,0.0
22087,2023-12-31,Fulham,Arsenal,0.3212,0.286,0.3928,2,1,15,10,1.540735163725912,0.7944788290187715,4,0,1.0,4.0,10.0,0.0,0.0,1,0,13,8,1.7287787962704892,0.4533536676317451,1,0,1.0,0.0,11.0,0.0,1.0
22092,2023-12-31,Tottenham Hotspur,Bournemouth,0.5177,0.2287,0.2536,3,3,12,9,2.156197192147374,2.067252218723297,3,0,0.0,1.0,11.0,0.0,0.0,1,1,24,17,1.5822890531271692,1.2547715045511718,3,0,1.0,5.0,17.0,0.0,1.0
22088,2024-01-01,Liverpool,Newcastle United,0.9981,0.0015,0.0004,4,3,34,23,7.141677495092153,4.156051689758896,3,0,0.0,5.0,25.0,2.0,2.0,2,2,5,4,0.9109741449356076,0.8994636721909044,5,0,0.0,1.0,4.0,0.0,0.0
22093,2024-01-02,West Ham United,Brighton,0.1215,0.2187,0.6598,0,0,6,3,0.9830998964607712,0.3004242479801177,1,0,0.0,1.0,5.0,0.0,0.0,0,0,22,19,2.2131172530353065,1.5844686916097994,0,0,0.0,0.0,20.0,0.0,2.0
22096,2024-01-12,Burnley,Luton Town,0.514,0.2735,0.2125,1,0,13,10,1.520226739346981,0.509793100878596,1,0,1.0,1.0,10.0,0.0,1.0,1,1,14,14,0.9651674777269362,0.96516746468842,0,0,0.0,1.0,13.0,0.0,0.0
22097,2024-01-13,Chelsea,Fulham,0.7466,0.1756,0.0778,1,0,17,13,2.0738973207771774,1.105454877018928,5,0,0.0,1.0,15.0,1.0,0.0,0,0,14,10,0.7034631371498106,0.4081014329567549,1,0,2.0,3.0,7.0,0.0,2.0
22100,2024-01-13,Newcastle United,Manchester City,0.1202,0.1796,0.7002,2,2,12,11,1.2363824248313902,1.1583938896656034,1,0,0.0,0.0,11.0,0.0,1.0,3,3,27,21,2.554516818374395,2.1754190921783443,2,0,2.0,2.0,22.0,0.0,1.0
22098,2024-01-14,Everton,Aston Villa,0.2719,0.3045,0.4236,0,0,10,6,1.0366432107985015,0.8532609753310678,1,0,1.0,1.0,8.0,0.0,0.0,0,0,16,12,1.3435003142803903,1.1669127326458693,4,0,0.0,2.0,14.0,0.0,0.0
22099,2024-01-14,Manchester United,Tottenham Hotspur,0.2351,0.3057,0.4592,2,1,9,6,0.9232325274497268,0.7150556910783051,2,0,1.0,4.0,4.0,0.0,0.0,2,2,16,13,1.3122441489249466,1.1745202876627443,1,0,0.0,7.0,9.0,0.0,0.0
22103,2024-01-20,Arsenal,Crystal Palace,0.967,0.029,0.004,4,4,21,16,3.522682948037981,3.302551534026861,0,0,0.0,4.0,15.0,0.0,2.0,0,0,12,7,0.2887167078442869,0.1340262563899157,0,0,2.0,4.0,5.0,0.0,2.0
22104,2024-01-20,Brentford,Nottingham Forest,0.5612,0.2428,0.196,3,2,11,7,1.942185327410698,1.0957874674350023,1,0,1.0,2.0,8.0,0.0,0.0,2,1,12,9,1.226080410182476,1.0500620175153017,3,0,0.0,0.0,12.0,0.0,0.0
22101,2024-01-21,Sheffield United,West Ham United,0.4271,0.2342,0.3387,2,0,21,13,2.747243378311395,1.1314288079738617,3,1,1.0,2.0,16.0,1.0,1.0,2,0,16,11,2.4786363020539284,1.015073765069246,1,1,0.0,1.0,11.0,1.0,3.0
22102,2024-01-21,Bournemouth,Liverpool,0.1701,0.2667,0.5632,0,0,11,9,0.8345854226499794,0.7158224340528248,1,0,0.0,1.0,9.0,0.0,1.0,4,4,14,13,1.5334439594298597,1.3686419595032926,2,0,0.0,2.0,12.0,0.0,0.0
22095,2024-01-22,Brighton,Wolverhampton Wanderers,0.3979,0.3324,0.2697,0,0,11,11,1.4003851152956484,1.4003851488232613,1,0,0.0,3.0,6.0,0.0,2.0,0,0,8,5,1.2306292485445736,0.5411754213273524,4,0,0.0,1.0,7.0,0.0,0.0
22108,2024-01-30,Nottingham Forest,Arsenal,0.1572,0.2831,0.5597,1,1,9,5,0.6316178534179924,0.5457395575940608,0,0,0.0,3.0,5.0,0.0,1.0,2,2,19,18,1.3914318233728409,1.373177269473672,1,0,0.0,1.0,17.0,0.0,1.0
22106,2024-01-30,Fulham,Everton,0.308,0.2134,0.4786,0,0,25,17,2.406156179495156,1.2971613761037586,1,0,0.0,10.0,14.0,0.0,1.0,0,0,21,15,2.869820389896631,1.622175050899386,2,0,2.0,7.0,9.0,0.0,3.0
22107,2024-01-30,Luton Town,Brighton,0.9284,0.0547,0.0169,4,3,18,11,3.710002634674311,2.9237817525863647,2,0,1.0,4.0,13.0,0.0,0.0,0,0,9,4,1.1060828585177658,0.3527483344078062,2,0,0.0,2.0,7.0,0.0,0.0
22112,2024-01-30,Crystal Palace,Sheffield United,0.4684,0.3204,0.2112,3,2,12,6,1.160096567124128,0.9307868555188176,1,0,0.0,4.0,8.0,0.0,0.0,2,2,9,7,0.7811449822038409,0.699668342247605,4,0,0.0,1.0,8.0,0.0,0.0
22105,2024-01-30,Aston Villa,Newcastle United,0.0747,0.1228,0.8025,1,1,12,11,1.4448539000004528,1.3900413634255526,4,0,0.0,3.0,10.0,0.0,0.0,2,1,14,11,3.34460373967886,2.364540781825781,1,0,0.0,7.0,7.0,0.0,0.0
22109,2024-01-31,Tottenham Hotspur,Brentford,0.7778,0.1393,0.0829,3,1,19,13,3.494751773774624,1.7956400010734797,2,0,0.0,1.0,18.0,0.0,0.0,2,0,10,7,1.6466623526066542,1.1069110762327907,3,0,0.0,2.0,7.0,0.0,1.0
22114,2024-01-31,Manchester City,Burnley,0.45,0.2838,0.2662,3,3,14,11,1.8475624322891235,1.6391412690281866,2,0,1.0,2.0,10.0,0.0,1.0,1,1,8,7,1.491135025396943,1.4614871963858604,2,0,0.0,1.0,6.0,0.0,1.0
22113,2024-01-31,Liverpool,Chelsea,0.9634,0.0301,0.0065,4,4,28,18,3.662702644243837,2.454273669049144,2,0,2.0,4.0,21.0,1.0,0.0,1,1,4,2,0.4779721871018407,0.4279510900378226,4,0,0.0,0.0,4.0,0.0,0.0
22110,2024-02-01,West Ham United,Bournemouth,0.4096,0.3213,0.2691,1,0,9,7,1.3128008618950842,0.5352610554546117,1,0,0.0,0.0,6.0,1.0,2.0,1,0,9,8,1.134865364059806,0.7846305947750805,3,0,0.0,0.0,8.0,0.0,1.0
22111,2024-02-01,Wolverhampton Wanderers,Manchester United,0.188,0.209,0.603,3,2,16,11,2.324477862566709,1.3123559243977068,2,0,1.0,4.0,9.0,1.0,1.0,4,3,21,13,3.2292512580752373,2.043772619217634,5,0,2.0,4.0,13.0,0.0,2.0
22121,2024-02-03,Everton,Tottenham Hotspur,0.9354,0.0526,0.012,2,1,14,10,3.258812677115201,2.3028308823704715,3,0,0.0,4.0,6.0,0.0,4.0,2,2,9,7,0.9223713688552376,0.8297861814498898,0,0,0.0,2.0,7.0,0.0,0.0
22118,2024-02-03,Brighton,Crystal Palace,0.8463,0.129,0.0247,4,4,13,11,1.9273720551282163,1.883306078612804,1,0,0.0,1.0,10.0,0.0,2.0,1,1,7,5,0.2411369569599627,0.1847315728664396,3,0,0.0,0.0,7.0,0.0,0.0
22119,2024-02-03,Burnley,Fulham,0.2812,0.293,0.4258,2,1,12,9,1.012766350060701,0.8095856681466101,2,0,0.0,2.0,10.0,0.0,0.0,2,2,15,12,1.288060326129198,1.0796190090477464,2,0,0.0,8.0,7.0,0.0,0.0
22123,2024-02-03,Newcastle United,Luton Town,0.3138,0.2276,0.4586,4,3,19,11,2.4306556656956677,1.520786009728908,2,0,0.0,0.0,15.0,0.0,4.0,4,2,11,8,2.70290994271636,1.3012146279215813,2,0,0.0,1.0,7.0,1.0,2.0
22124,2024-02-03,Sheffield United,Aston Villa,0.0949,0.1699,0.7352,0,0,10,6,1.885193277150392,0.7092895843088625,1,0,0.0,4.0,5.0,0.0,1.0,5,3,14,12,3.214027615264058,2.3528077472001314,0,0,1.0,2.0,11.0,0.0,0.0
22115,2024-02-04,Bournemouth,Nottingham Forest,0.6339,0.2803,0.0858,1,1,9,6,1.1894981302320955,1.0872982814908023,3,1,1.0,3.0,5.0,0.0,0.0,1,0,8,6,0.4565476318821309,0.4114110385999081,2,0,0.0,2.0,4.0,0.0,2.0
22120,2024-02-04,Chelsea,Wolverhampton Wanderers,0.3563,0.229,0.4147,2,2,15,12,2.359669930301606,1.6504295412451029,3,0,0.0,3.0,12.0,0.0,1.0,3,2,14,8,2.4899617880582805,1.2736533023416994,2,0,2.0,0.0,10.0,1.0,1.0
22122,2024-02-04,Manchester United,West Ham United,0.2964,0.3006,0.403,3,3,12,11,0.9728075936436652,0.9159164316952226,0,0,0.0,3.0,9.0,0.0,0.0,0,0,22,14,1.1921431468799708,0.7552176453173157,1,0,1.0,8.0,12.0,0.0,1.0
22116,2024-02-04,Arsenal,Liverpool,0.8894,0.0841,0.0265,3,1,15,10,2.9860766008496284,1.8734519630670543,6,0,0.0,1.0,13.0,0.0,2.0,0,0,10,7,0.5420519821345805,0.3537317495793102,2,1,0.0,2.0,8.0,0.0,0.0
22117,2024-02-05,Brentford,Manchester City,0.1246,0.1938,0.6816,1,1,9,4,0.8657408654689787,0.618667623028159,1,0,0.0,3.0,6.0,0.0,0.0,3,2,25,17,2.107854622416198,1.516422854736447,0,0,0.0,6.0,19.0,0.0,0.0
22130,2024-02-10,Manchester City,Everton,0.7703,0.1961,0.0336,2,2,19,16,1.5993234515190122,1.438154589384794,0,0,0.0,7.0,12.0,0.0,0.0,0,0,5,4,0.1920719351619479,0.1577137559652326,2,0,0.0,0.0,5.0,0.0,0.0
22127,2024-02-10,Fulham,Bournemouth,0.2024,0.2217,0.5759,3,2,7,6,1.7455963715910912,1.3538509868085384,1,0,0.0,0.0,7.0,0.0,0.0,1,1,25,17,2.610004670917988,2.206134362146258,2,0,1.0,7.0,14.0,0.0,3.0
22128,2024-02-10,Liverpool,Burnley,0.8055,0.1243,0.0702,3,2,25,19,3.147335829213261,2.339464083313941,3,0,0.0,9.0,15.0,0.0,1.0,1,1,9,6,1.133373758755624,0.7237139791250227,2,0,0.0,1.0,6.0,0.0,2.0
22129,2024-02-10,Luton Town,Sheffield United,0.2937,0.2842,0.4221,1,0,20,17,1.7663636421784756,0.9280930086970328,1,0,0.0,6.0,10.0,1.0,3.0,3,1,7,4,1.982827007770538,0.6128737032413482,2,0,0.0,1.0,5.0,1.0,0.0
22132,2024-02-10,Tottenham Hotspur,Brighton,0.5182,0.2553,0.2265,2,1,16,10,2.115321964025497,1.5845412351191042,2,0,1.0,1.0,14.0,0.0,0.0,1,0,6,3,1.4928486198186872,0.6234089136123656,3,0,0.0,0.0,5.0,1.0,0.0
22134,2024-02-10,Wolverhampton Wanderers,Brentford,0.1694,0.2406,0.59,0,0,17,14,1.0597032625228162,0.8968765027821061,2,0,1.0,2.0,14.0,0.0,0.0,2,2,9,8,1.849083387292921,1.8392387982457876,3,0,0.0,3.0,6.0,0.0,0.0
22131,2024-02-10,Nottingham Forest,Newcastle United,0.4805,0.3509,0.1686,2,2,13,9,0.9680753406137226,0.8773719929158685,1,0,0.0,1.0,12.0,0.0,0.0,3,2,7,5,0.5113754104822872,0.4262372553348538,2,0,0.0,2.0,4.0,0.0,1.0
22133,2024-02-11,West Ham United,Arsenal,0.0014,0.0121,0.9865,0,0,5,1,0.1956463288515805,0.1064557284116745,4,0,0.0,0.0,5.0,0.0,0.0,6,5,25,24,3.99892745539546,3.2377586532384157,0,0,0.0,3.0,19.0,1.0,2.0
22125,2024-02-11,Aston Villa,Manchester United,0.4367,0.2256,0.3377,1,0,23,14,3.062726810574532,1.439313683658838,3,0,1.0,5.0,17.0,0.0,0.0,2,2,17,17,2.445906905457377,2.4459068588912487,2,0,0.0,4.0,12.0,0.0,1.0
22126,2024-02-12,Crystal Palace,Chelsea,0.1869,0.2941,0.519,1,0,13,10,0.7195161301642655,0.5866134669631717,2,0,0.0,1.0,11.0,0.0,1.0,3,3,14,12,1.2694797180593012,1.1887606829404829,2,0,0.0,1.0,11.0,0.0,2.0
22135,2024-02-17,Brentford,Liverpool,0.13,0.1713,0.6987,1,0,15,9,1.939113982021808,0.8349936604499815,2,0,3.0,0.0,9.0,0.0,3.0,4,4,15,12,3.1666774302721024,2.67782349139452,1,0,1.0,2.0,12.0,0.0,0.0
22136,2024-02-17,Burnley,Arsenal,0.0215,0.1051,0.8734,0,0,8,6,0.335142998024821,0.3047084063291548,2,0,0.0,1.0,6.0,0.0,1.0,5,2,16,8,2.2161154057830568,1.0237749889492986,1,0,1.0,1.0,13.0,1.0,0.0
22138,2024-02-17,Fulham,Aston Villa,0.3234,0.2655,0.4111,1,1,15,13,1.420470286160707,1.3584328554570673,5,0,0.0,2.0,12.0,0.0,1.0,2,1,12,9,1.5729709714651106,1.0230317972600458,2,0,1.0,4.0,7.0,0.0,0.0
22141,2024-02-17,Newcastle United,Bournemouth,0.4324,0.2915,0.2761,2,0,17,13,2.386979129165411,0.596752572804689,1,0,0.0,2.0,14.0,1.0,0.0,2,1,12,9,2.0809848159551616,1.2429624646902084,3,0,0.0,1.0,11.0,0.0,0.0
22142,2024-02-17,Nottingham Forest,West Ham United,0.8769,0.0916,0.0315,2,2,19,13,2.67815862596035,2.3404455296695232,4,0,0.0,4.0,15.0,0.0,0.0,0,0,10,4,0.5200160872191186,0.1376452734693883,4,1,1.0,1.0,7.0,0.0,1.0
22144,2024-02-17,Tottenham Hotspur,Wolverhampton Wanderers,0.3182,0.2596,0.4222,1,0,15,12,1.6029034946113825,1.1486557498574257,0,0,0.0,2.0,11.0,0.0,2.0,2,2,12,10,1.7904418185353277,1.2267706245183942,1,0,0.0,2.0,10.0,0.0,0.0
22140,2024-02-17,Manchester City,Chelsea,0.5909,0.1949,0.2142,1,0,32,25,2.7797084152698512,2.3983760625123978,1,0,1.0,6.0,22.0,0.0,3.0,1,1,9,7,1.837605334818363,1.67991254478693,3,0,0.0,0.0,9.0,0.0,0.0
22143,2024-02-18,Sheffield United,Brighton,0.012,0.0482,0.9398,0,0,6,3,0.5862140357494352,0.5303749740123749,1,1,0.0,1.0,6.0,0.0,0.0,4,2,24,17,3.613904394209385,2.156530380249023,4,0,0.0,5.0,18.0,0.0,1.0
22139,2024-02-18,Luton Town,Manchester United,0.0801,0.1195,0.8004,1,0,22,18,1.607692318037152,0.9054001197218892,3,0,1.0,3.0,15.0,0.0,3.0,2,1,21,15,3.613166810944677,2.502918280661106,5,0,2.0,3.0,16.0,0.0,0.0
22137,2024-02-19,Everton,Crystal Palace,0.8065,0.1381,0.0554,1,1,19,11,2.640297472476959,1.9392900615930555,0,0,1.0,4.0,11.0,0.0,3.0,1,1,10,10,0.7386392299085852,0.738639250397682,2,0,0.0,5.0,5.0,0.0,0.0
22074,2024-02-20,Manchester City,Brentford,0.845,0.1154,0.0396,1,1,25,20,2.5376563407480712,2.113096360117197,2,0,0.0,6.0,18.0,0.0,1.0,0,0,6,4,0.5037994645535945,0.3985888436436653,4,0,1.0,0.0,5.0,0.0,0.0
22151,2024-02-21,Liverpool,Luton Town,0.8961,0.0729,0.031,4,3,29,23,3.7030204832553855,3.451642906293273,1,0,0.0,7.0,22.0,0.0,0.0,1,0,12,9,0.9781152643263338,0.4423666233196851,4,0,1.0,0.0,10.0,0.0,1.0
22147,2024-02-24,Aston Villa,Nottingham Forest,0.6676,0.188,0.1444,4,3,16,10,3.7391989454627033,2.461099661886692,1,0,2.0,1.0,13.0,0.0,0.0,2,2,10,7,2.255691030994057,2.123074447736144,2,0,0.0,1.0,7.0,0.0,2.0
22148,2024-02-24,Brighton,Everton,0.7466,0.2016,0.0518,1,1,23,20,1.659450964070856,1.4374187774956222,2,1,1.0,5.0,15.0,0.0,2.0,1,0,6,4,0.2866547480225561,0.2097027860581874,3,0,0.0,0.0,5.0,0.0,1.0
22150,2024-02-24,Crystal Palace,Burnley,0.9557,0.042,0.0023,3,2,15,12,2.4161197096109386,1.4712770786136389,3,0,1.0,4.0,8.0,1.0,1.0,0,0,2,1,0.0760215558111666,0.0380685739219188,1,1,0.0,0.0,2.0,0.0,0.0
22152,2024-02-24,Manchester United,Fulham,0.5948,0.2309,0.1743,1,0,21,18,1.9810479730367656,1.215945394709706,2,0,0.0,5.0,13.0,0.0,3.0,2,2,17,14,1.1436215490102766,0.9670683220028876,5,0,0.0,6.0,11.0,0.0,0.0
22145,2024-02-24,Bournemouth,Manchester City,0.1377,0.2393,0.623,0,0,13,9,0.9267502091825004,0.359878418035805,2,0,0.0,3.0,10.0,0.0,0.0,1,0,15,10,1.9876983007416127,0.7673026807606217,2,0,1.0,1.0,13.0,0.0,0.0
22146,2024-02-24,Arsenal,Newcastle United,0.933,0.0583,0.0087,3,3,18,13,2.593363398686051,2.266157392412424,1,0,0.0,5.0,13.0,0.0,0.0,1,1,3,3,0.217372566461563,0.217372566461563,0,0,0.0,1.0,3.0,0.0,0.0
22154,2024-02-25,Wolverhampton Wanderers,Sheffield United,0.5154,0.3025,0.1821,1,1,13,9,1.216180697083473,0.8623483255505558,2,0,0.0,1.0,10.0,0.0,2.0,0,0,12,8,0.6573345209471878,0.5203981213271615,1,0,0.0,1.0,10.0,0.0,1.0
22153,2024-02-26,West Ham United,Brentford,0.5759,0.2315,0.1926,4,3,17,14,2.0972146093845363,2.0417445600032806,1,0,0.0,0.0,15.0,0.0,2.0,2,2,14,12,1.3595766741782422,0.9166575185954566,2,0,0.0,2.0,12.0,0.0,0.0
22155,2024-03-02,Brentford,Chelsea,0.4418,0.2411,0.3171,2,1,14,10,2.54079839028418,1.6795802423730493,3,0,0.0,0.0,13.0,0.0,1.0,2,2,17,15,2.1522965915501118,2.079463376663625,1,0,0.0,1.0,15.0,0.0,1.0
22157,2024-03-02,Everton,West Ham United,0.6041,0.2042,0.1917,1,1,22,18,3.120745236054063,2.255869040265679,1,0,0.0,2.0,19.0,1.0,0.0,3,3,12,9,2.179484508931637,1.492969162762165,2,0,0.0,3.0,9.0,0.0,0.0
22158,2024-03-02,Fulham,Brighton,0.4214,0.2805,0.2981,3,3,12,11,1.3760398905724285,1.3486731164157388,1,0,0.0,1.0,10.0,0.0,1.0,0,0,15,13,1.151975780725479,0.863584988750517,2,0,0.0,4.0,11.0,0.0,0.0
22161,2024-03-02,Newcastle United,Wolverhampton Wanderers,0.9528,0.0375,0.0097,3,1,14,10,3.416917476803064,1.970645725727081,0,0,1.0,2.0,11.0,0.0,0.0,0,0,12,10,0.5107112899422644,0.4349371418356894,1,0,0.0,3.0,9.0,0.0,0.0
22162,2024-03-02,Nottingham Forest,Liverpool,0.267,0.2868,0.4462,0,0,8,6,0.9714658148586748,0.8794179037213323,2,0,0.0,0.0,8.0,0.0,0.0,1,1,22,18,1.3287051022052765,0.983201693743467,2,0,0.0,7.0,15.0,0.0,0.0
22164,2024-03-02,Tottenham Hotspur,Crystal Palace,0.9285,0.0622,0.0093,3,3,14,12,2.704836264252662,2.6544601432979107,1,0,0.0,2.0,12.0,0.0,0.0,1,0,4,2,0.2812191881239413,0.1483702138066291,2,0,1.0,0.0,1.0,0.0,2.0
22159,2024-03-02,Luton Town,Aston Villa,0.4648,0.2474,0.2878,2,2,13,10,2.934391211718321,2.115080378949642,1,0,1.0,4.0,5.0,0.0,3.0,3,3,12,11,2.085861204192042,2.016286475583911,4,0,0.0,3.0,8.0,0.0,1.0
22156,2024-03-03,Burnley,Bournemouth,0.4202,0.2635,0.3163,0,0,20,14,1.619037388823926,1.3157195430248974,2,0,1.0,4.0,15.0,0.0,0.0,2,2,10,8,1.4361564964056013,1.3655216097831724,4,0,1.0,1.0,8.0,0.0,0.0
22160,2024-03-03,Manchester City,Manchester United,0.9375,0.0569,0.0056,3,3,27,23,2.643340304493904,2.3773618079721928,0,0,1.0,3.0,23.0,0.0,0.0,1,1,2,2,0.1537643522024154,0.1537643522024154,1,0,0.0,0.0,2.0,0.0,0.0
22163,2024-03-04,Sheffield United,Arsenal,0.0132,0.089,0.8978,0,0,4,3,0.2013736218214034,0.1433583162724971,1,0,0.0,0.0,5.0,0.0,0.0,5,4,22,18,2.4854600206017494,1.7040072605013843,0,0,1.0,4.0,17.0,0.0,0.0
22172,2024-03-09,Manchester United,Everton,0.6539,0.188,0.1581,2,0,15,11,2.9016030244529247,1.203155407682061,1,0,1.0,3.0,9.0,2.0,0.0,0,0,23,15,1.8232102207839485,1.3918139059096573,2,0,1.0,5.0,14.0,0.0,3.0
22165,2024-03-09,Bournemouth,Sheffield United,0.7827,0.1317,0.0856,2,2,32,28,3.926573734730482,2.9705900624394417,3,0,0.0,7.0,24.0,1.0,0.0,2,0,13,8,1.9658789243549104,0.9504724498838184,5,0,0.0,3.0,10.0,0.0,0.0
22170,2024-03-09,Crystal Palace,Luton Town,0.8485,0.1087,0.0428,1,1,21,17,3.337248431518674,2.776170216500759,2,0,0.0,5.0,15.0,0.0,1.0,1,1,8,4,1.0853087697178123,0.2387699615210294,3,0,0.0,3.0,4.0,0.0,1.0
22174,2024-03-09,Wolverhampton Wanderers,Fulham,0.0956,0.1555,0.7489,1,1,8,8,1.2958869617432351,1.2958869617432354,2,0,0.0,1.0,6.0,0.0,1.0,1,1,23,14,2.9722075164318085,2.159214451909065,2,0,0.0,7.0,15.0,0.0,2.0
22166,2024-03-09,Arsenal,Brentford,0.5916,0.262,0.1464,2,2,17,14,1.593694433569908,1.4348842948675151,2,0,0.0,5.0,12.0,0.0,0.0,1,0,9,7,0.7332389345392583,0.5592645369470117,4,0,0.0,3.0,6.0,0.0,0.0
22167,2024-03-10,Aston Villa,Tottenham Hotspur,0.1441,0.2079,0.648,0,0,10,7,1.257715983316302,0.4385412856936453,0,1,0.0,3.0,7.0,0.0,0.0,4,4,9,7,2.253813073039055,2.143629804253578,2,0,0.0,1.0,8.0,0.0,0.0
22168,2024-03-10,Brighton,Nottingham Forest,0.2326,0.4127,0.3547,0,0,10,6,0.5398922674357888,0.2488683573901651,4,0,0.0,2.0,5.0,0.0,3.0,0,0,9,6,0.6870340090245006,0.5466027054935693,4,0,2.0,1.0,4.0,0.0,3.0
22173,2024-03-10,West Ham United,Burnley,0.617,0.2337,0.1493,2,0,22,11,1.876081511378288,1.0386797636747358,2,0,0.0,3.0,18.0,0.0,2.0,1,0,11,8,0.8813101463019846,0.813187927007675,4,0,1.0,0.0,9.0,0.0,1.0
22171,2024-03-10,Liverpool,Manchester City,0.5862,0.2435,0.1703,1,0,19,10,2.257670512422919,1.1176103260368109,0,0,1.0,3.0,14.0,1.0,0.0,1,1,10,9,1.3728852942585943,1.2573812790215015,3,0,0.0,1.0,9.0,0.0,0.0
22169,2024-03-11,Chelsea,Newcastle United,0.7549,0.1839,0.0612,3,3,12,10,1.787617804482579,1.7088724579662085,3,0,0.0,0.0,12.0,0.0,0.0,2,2,11,8,0.5684347376227374,0.3723582439124581,1,0,0.0,1.0,7.0,0.0,3.0
25861,2024-03-13,Bournemouth,Luton Town,0.3874,0.23,0.3826,4,3,24,22,2.874501956626773,2.191434971988201,1,0,0.0,7.0,17.0,0.0,0.0,3,3,8,8,2.794186808168888,2.7941867485642438,2,0,0.0,1.0,4.0,0.0,3.0
22177,2024-03-16,Burnley,Brentford,0.7332,0.1712,0.0956,2,1,17,13,2.697762798517942,1.7101969458162782,2,0,0.0,0.0,16.0,1.0,0.0,1,1,9,8,1.2512346096336842,1.2066874317824838,4,1,0.0,3.0,4.0,0.0,2.0
22181,2024-03-16,Luton Town,Nottingham Forest,0.1236,0.2202,0.6562,1,1,10,4,0.8537822049111125,0.6522825127467511,1,0,0.0,2.0,6.0,0.0,2.0,1,1,16,12,1.952677134424448,1.755185194313526,2,0,2.0,2.0,11.0,0.0,1.0
22180,2024-03-16,Fulham,Tottenham Hotspur,0.4497,0.2511,0.2992,3,2,16,11,2.614866219460964,1.2319714799523351,2,0,0.0,4.0,11.0,0.0,1.0,0,0,14,13,2.1456361729651685,2.085568102076649,3,0,0.0,0.0,14.0,0.0,0.0
22183,2024-03-17,West Ham United,Aston Villa,0.4612,0.3004,0.2384,1,1,13,9,1.3433261141180992,1.1803042590618131,3,0,1.0,2.0,9.0,0.0,1.0,1,1,13,10,0.9112744797021146,0.7665833216160534,3,0,0.0,4.0,9.0,0.0,0.0
22191,2024-03-30,Newcastle United,West Ham United,0.9141,0.0607,0.0252,4,2,24,19,3.821555897593498,2.0250260252505536,2,1,0.0,0.0,22.0,2.0,0.0,3,3,9,8,0.994584161788225,0.9786371253430842,1,0,0.0,1.0,6.0,0.0,2.0
22185,2024-03-30,Bournemouth,Everton,0.4836,0.3187,0.1977,1,1,11,8,1.4031751975417135,1.198378589004278,1,0,1.0,1.0,9.0,0.0,0.0,1,0,7,5,0.9337799753993749,0.359032779932022,2,0,0.0,1.0,7.0,0.0,0.0
22188,2024-03-30,Chelsea,Burnley,0.8334,0.0971,0.0695,2,1,33,30,4.4664268121123305,3.647973634302616,2,0,0.0,3.0,29.0,1.0,0.0,2,2,18,13,2.378724846988916,1.0445487126708028,2,1,2.0,4.0,9.0,0.0,3.0
22192,2024-03-30,Nottingham Forest,Crystal Palace,0.2849,0.3583,0.3568,1,1,12,8,0.7846519658342,0.7091663889586926,1,0,0.0,1.0,10.0,0.0,1.0,1,1,10,7,0.9009723998606204,0.7549306377768514,1,0,0.0,4.0,6.0,0.0,0.0
22193,2024-03-30,Sheffield United,Fulham,0.5659,0.2465,0.1876,3,3,8,7,1.7882398199290035,1.7731469217687843,4,0,0.0,2.0,5.0,0.0,1.0,3,3,24,16,1.118811789900064,0.6903876066207882,1,0,0.0,9.0,12.0,0.0,3.0
22194,2024-03-30,Tottenham Hotspur,Luton Town,0.8853,0.093,0.0217,1,1,17,14,2.538705490529537,2.371383858844638,2,0,1.0,1.0,15.0,0.0,0.0,1,1,7,6,0.4024016279727216,0.378837116062641,4,0,0.0,2.0,6.0,0.0,0.0
22186,2024-03-30,Aston Villa,Wolverhampton Wanderers,0.2681,0.2583,0.4736,2,1,11,9,1.2827099598944185,1.22336096689105,3,0,0.0,1.0,7.0,0.0,3.0,0,0,13,10,1.662320901639759,0.9553859941661356,4,0,1.0,3.0,9.0,0.0,0.0
22187,2024-03-30,Brentford,Manchester United,0.8271,0.1192,0.0537,1,1,31,23,3.1953810080885887,2.4021130651235576,3,0,1.0,8.0,17.0,0.0,5.0,1,1,11,11,0.989565376192331,0.9895653575658796,2,0,0.0,1.0,10.0,0.0,0.0
22189,2024-03-31,Liverpool,Brighton,0.9248,0.06,0.0152,2,1,30,20,3.211492631584405,2.079203018918633,5,0,0.0,2.0,28.0,0.0,0.0,1,0,9,6,0.4392200000584123,0.3206072747707364,3,0,0.0,1.0,7.0,0.0,1.0
22190,2024-03-31,Manchester City,Arsenal,0.5957,0.2805,0.1238,0,0,12,11,1.2200885415077205,1.1568542271852489,0,0,0.0,3.0,9.0,0.0,0.0,0,0,6,6,0.5114019885659216,0.5114019773900507,2,0,0.0,0.0,6.0,0.0,0.0
22198,2024-04-02,Nottingham Forest,Fulham,0.6133,0.215,0.1717,3,3,16,12,1.947335187345743,1.4573041535913942,0,0,0.0,1.0,14.0,0.0,1.0,1,1,17,15,1.0535717159509654,0.8601356558501718,0,0,0.0,5.0,12.0,0.0,0.0
22202,2024-04-02,Newcastle United,Everton,0.6098,0.2173,0.1729,1,1,17,14,2.6965546440333124,2.1638754978775974,0,0,0.0,2.0,15.0,0.0,0.0,1,0,10,6,1.6983353421092031,0.8128598555922506,3,0,0.0,1.0,7.0,1.0,1.0
22195,2024-04-02,Bournemouth,Crystal Palace,0.7183,0.2403,0.0414,1,1,11,8,1.3114798720926044,1.0507274381816385,3,0,2.0,1.0,8.0,0.0,0.0,0,0,3,2,0.174388512969017,0.1394819915294647,2,0,0.0,1.0,2.0,0.0,0.0
22197,2024-04-02,Burnley,Wolverhampton Wanderers,0.3791,0.3116,0.3093,1,1,13,10,1.1258063046261664,1.0104879252612589,0,0,0.0,1.0,12.0,0.0,0.0,1,1,8,6,1.010210623964667,0.8445764537900684,2,0,0.0,3.0,4.0,0.0,1.0
22199,2024-04-02,West Ham United,Tottenham Hotspur,0.3691,0.3037,0.3272,1,1,11,7,1.4701714441180225,1.2650190517306328,1,0,1.0,3.0,7.0,0.0,0.0,1,1,13,9,1.3942307420074938,1.2343872077763076,4,0,0.0,2.0,11.0,0.0,0.0
22196,2024-04-03,Arsenal,Luton Town,0.6149,0.301,0.0841,1,1,13,9,1.1942791827023027,0.7913355845957991,1,0,0.0,2.0,11.0,0.0,0.0,0,0,5,3,0.2920824401080607,0.2015904933214186,1,0,1.0,0.0,5.0,0.0,0.0
22200,2024-04-03,Brentford,Brighton,0.1184,0.2938,0.5878,0,0,5,4,0.4232984967529773,0.3864428736269473,1,0,1.0,0.0,3.0,0.0,1.0,0,0,24,21,1.2367918659001584,1.0755187422037118,1,0,0.0,2.0,22.0,0.0,0.0
22204,2024-04-03,Manchester City,Aston Villa,0.8896,0.0723,0.0381,4,2,25,20,3.9500044211745258,3.412952098995447,1,0,2.0,0.0,23.0,0.0,0.0,1,1,8,8,1.1864306665956972,1.1864306814968584,2,0,0.0,2.0,6.0,0.0,0.0
22203,2024-04-04,Liverpool,Sheffield United,0.7969,0.151,0.0521,3,2,29,21,2.5177178718149658,2.1540729925036426,0,0,1.0,3.0,25.0,0.0,1.0,0,0,5,4,0.7209481000900266,0.6692666076123713,1,0,1.0,1.0,3.0,0.0,0.0
22201,2024-04-04,Chelsea,Manchester United,0.7877,0.1251,0.0872,4,1,28,24,3.4804799985140558,1.8183211758732796,2,0,1.0,6.0,18.0,2.0,1.0,3,2,19,14,1.5668626632541416,1.0298841111361978,0,0,0.0,1.0,15.0,0.0,3.0
22207,2024-04-06,Crystal Palace,Manchester City,0.211,0.2307,0.5583,2,2,7,5,1.4947213511914013,1.398433655500412,1,0,0.0,1.0,6.0,0.0,0.0,4,2,18,15,2.263814218342304,2.1046705134212966,1,0,0.0,3.0,14.0,0.0,1.0
22205,2024-04-06,Aston Villa,Brentford,0.2673,0.2872,0.4455,3,2,11,7,1.1682551056146622,0.8731077834963796,2,0,1.0,4.0,6.0,0.0,0.0,3,3,8,4,1.444400854408741,1.250218465924263,2,0,2.0,1.0,5.0,0.0,0.0
22208,2024-04-06,Everton,Burnley,0.3827,0.4499,0.1674,1,0,12,8,0.6598444702103731,0.4486294500529763,2,0,1.0,1.0,10.0,0.0,0.0,0,0,6,3,0.3496195264160632,0.2129286341369152,1,1,1.0,1.0,4.0,0.0,0.0
22209,2024-04-06,Fulham,Newcastle United,0.2389,0.3084,0.4527,0,0,14,11,0.8375989515334363,0.707074176520109,1,0,0.0,2.0,12.0,0.0,0.0,1,0,12,10,1.2070054188370702,0.8243576213717458,2,0,0.0,0.0,11.0,0.0,1.0
22210,2024-04-06,Luton Town,Bournemouth,0.5559,0.2877,0.1564,2,2,19,15,1.3074845671653743,1.0479410588741298,0,0,0.0,1.0,18.0,0.0,0.0,1,1,8,7,0.6161083504557608,0.5773927737027402,0,0,1.0,0.0,7.0,0.0,0.0
22214,2024-04-06,Wolverhampton Wanderers,West Ham United,0.5558,0.2917,0.1525,1,0,14,10,1.783405469730496,0.9046046724542972,5,0,1.0,2.0,10.0,1.0,0.0,2,0,11,5,1.1413314398378134,0.1193693559616803,2,0,2.0,3.0,5.0,1.0,0.0
22206,2024-04-06,Brighton,Arsenal,0.004,0.0185,0.9775,0,0,10,5,0.428513580933213,0.2261183299124239,1,0,0.0,4.0,6.0,0.0,0.0,3,2,20,18,4.165177457034588,3.299414999783038,2,0,0.0,6.0,11.0,1.0,2.0
22211,2024-04-07,Manchester United,Liverpool,0.007,0.0309,0.9621,2,1,9,7,0.8145087845623491,0.6857476755976677,5,0,0.0,2.0,7.0,0.0,0.0,2,1,28,20,4.457746420055628,3.132460575550794,2,0,0.0,6.0,20.0,1.0,1.0
22212,2024-04-07,Sheffield United,Chelsea,0.7207,0.2028,0.0765,2,2,11,10,1.7426471039652824,1.7042949758470056,4,0,0.0,1.0,7.0,0.0,3.0,2,2,6,6,0.5217893738299606,0.5217893570661545,2,0,0.0,1.0,5.0,0.0,0.0
22213,2024-04-07,Tottenham Hotspur,Nottingham Forest,0.2404,0.2793,0.4803,2,2,17,12,1.619778366759419,1.4257552679628132,2,0,1.0,7.0,9.0,0.0,0.0,1,1,13,9,2.061428746208548,0.6951535642147062,4,0,1.0,0.0,13.0,0.0,0.0
22222,2024-04-13,Newcastle United,Tottenham Hotspur,0.8841,0.0843,0.0316,4,3,18,15,3.14829958602786,2.6731130965054035,0,0,0.0,8.0,8.0,0.0,2.0,0,0,11,10,0.7375958254560826,0.6729822028428313,4,0,0.0,0.0,11.0,0.0,0.0
22217,2024-04-13,Brentford,Sheffield United,0.4097,0.3275,0.2628,1,1,9,9,1.0907079996541136,1.090707994997501,3,0,0.0,1.0,8.0,0.0,0.0,0,0,8,6,0.8344978699460623,0.7526247724890707,1,0,0.0,0.0,9.0,0.0,0.0
22218,2024-04-13,Burnley,Brighton,0.6483,0.2124,0.1393,1,0,11,9,1.852195221930742,1.4893731623888014,1,0,0.0,1.0,11.0,0.0,0.0,0,0,20,13,0.8991460204124448,0.5279974471777675,2,0,1.0,2.0,17.0,0.0,0.0
22221,2024-04-13,Manchester City,Luton Town,0.9687,0.0253,0.006,4,3,37,29,4.747345346957445,2.72802653349936,1,0,0.0,7.0,29.0,1.0,0.0,1,0,4,2,0.8097747042775153,0.3981597200036048,0,0,0.0,0.0,5.0,0.0,0.0
22223,2024-04-13,Nottingham Forest,Wolverhampton Wanderers,0.4299,0.2841,0.286,2,1,18,11,1.7624432221055026,0.6571841575205323,2,0,0.0,4.0,14.0,0.0,0.0,2,0,11,7,1.5266842655837531,0.2631127936765549,2,0,0.0,3.0,8.0,0.0,0.0
22215,2024-04-13,Bournemouth,Manchester United,0.5851,0.2409,0.174,2,2,20,17,2.622605899348855,1.803066691383719,4,0,1.0,2.0,15.0,0.0,2.0,2,0,8,5,1.5227396097034211,0.1886664796620605,0,0,0.0,0.0,7.0,1.0,0.0
22220,2024-04-14,Liverpool,Crystal Palace,0.586,0.205,0.209,0,0,21,18,3.055498292669653,2.2715834248811007,1,0,1.0,10.0,10.0,0.0,0.0,1,1,8,8,2.12879192084074,2.1287918761372566,1,0,0.0,0.0,7.0,0.0,1.0
22224,2024-04-14,West Ham United,Fulham,0.0551,0.1047,0.8402,0,0,15,11,1.4530708808451889,0.8803214654326436,1,0,0.0,6.0,9.0,0.0,0.0,2,1,18,15,3.632569883018732,2.7750706933438773,2,0,0.0,2.0,16.0,0.0,0.0
22216,2024-04-14,Arsenal,Aston Villa,0.6312,0.2246,0.1442,0,0,18,13,1.9861126462928949,1.7148145548999305,3,0,1.0,1.0,16.0,0.0,0.0,2,2,11,5,0.929221777245402,0.6587580740451812,1,0,1.0,2.0,8.0,0.0,0.0
22219,2024-04-15,Chelsea,Everton,0.8957,0.0806,0.0237,6,2,14,9,3.864370694383979,1.5832780450582504,1,0,0.0,1.0,12.0,1.0,0.0,0,0,10,7,1.217913370579481,1.0785751808434725,4,0,0.0,3.0,7.0,0.0,0.0
22230,2024-04-20,Luton Town,Brentford,0.0056,0.0305,0.9639,1,0,6,3,0.4977989010512826,0.1568146459758281,1,0,0.0,1.0,5.0,0.0,0.0,5,4,21,15,3.780901933088898,2.9505444951355457,2,0,0.0,3.0,14.0,0.0,4.0
22232,2024-04-20,Sheffield United,Burnley,0.2848,0.2176,0.4976,1,1,18,14,1.9834679178893564,1.4065016936510797,1,0,0.0,4.0,13.0,0.0,1.0,4,3,16,12,2.4294020673260093,1.754958240315318,0,0,0.0,3.0,13.0,0.0,0.0
22234,2024-04-20,Wolverhampton Wanderers,Arsenal,0.0263,0.1824,0.7913,0,0,5,2,0.1645159125328061,0.0526457615196704,3,0,0.0,1.0,4.0,0.0,0.0,2,1,24,17,1.6617889255285263,0.8644130975008009,2,0,0.0,2.0,18.0,0.0,4.0
22228,2024-04-21,Everton,Nottingham Forest,0.1131,0.289,0.5979,2,1,7,4,0.4732334502041337,0.3022692929953335,4,0,0.0,1.0,5.0,0.0,1.0,0,0,8,5,1.2873294651508331,0.7303437888622283,2,0,0.0,0.0,8.0,0.0,0.0
22225,2024-04-21,Aston Villa,Bournemouth,0.5185,0.2532,0.2283,3,3,14,12,2.940355055965483,2.8541284259408712,1,0,0.0,2.0,12.0,0.0,0.0,1,0,14,11,2.127052812837064,0.9475381411612032,3,0,0.0,0.0,13.0,1.0,0.0
22227,2024-04-21,Crystal Palace,West Ham United,0.8772,0.0909,0.0319,4,3,18,14,3.862662613391876,3.1954431608319283,3,0,1.0,2.0,16.0,0.0,0.0,1,1,4,4,1.3453568369150162,1.345356896519661,2,0,0.0,0.0,3.0,0.0,2.0
22229,2024-04-21,Fulham,Liverpool,0.2932,0.3265,0.3803,1,0,12,8,0.8507980331778523,0.4355841688811776,3,0,1.0,1.0,8.0,0.0,2.0,3,2,14,9,1.0244537182152271,0.7021913602948187,0,0,2.0,1.0,11.0,0.0,0.0
22175,2024-04-23,Arsenal,Chelsea,0.7702,0.1394,0.0904,5,4,27,25,3.459533832967281,2.9965300038456912,2,0,0.0,4.0,23.0,0.0,0.0,0,0,7,6,1.6034286394715307,1.5503503903746605,2,0,1.0,2.0,4.0,0.0,0.0
22184,2024-04-24,Wolverhampton Wanderers,Bournemouth,0.0421,0.1264,0.8315,0,0,15,10,0.4859405718743796,0.3131018821150061,4,0,0.0,4.0,10.0,0.0,1.0,1,0,21,15,2.415125772356987,1.2863576039671896,1,1,0.0,5.0,16.0,0.0,0.0
22178,2024-04-24,Crystal Palace,Newcastle United,0.6157,0.2628,0.1215,2,2,20,14,1.4366095587611194,1.239095062948763,3,0,3.0,6.0,10.0,0.0,1.0,0,0,7,6,0.5512900836765764,0.48822477273643,3,0,0.0,1.0,5.0,0.0,1.0
22179,2024-04-24,Everton,Liverpool,0.3871,0.2422,0.3707,2,1,16,12,1.941148506477475,1.3183902204036713,0,0,0.0,2.0,7.0,0.0,7.0,0,0,23,15,1.874331360682845,1.563592648133635,3,0,0.0,8.0,15.0,0.0,0.0
22182,2024-04-24,Manchester United,Sheffield United,0.862,0.0946,0.0434,4,3,25,20,3.514394488185644,2.5858778022229667,0,0,0.0,5.0,16.0,1.0,3.0,2,1,10,6,1.2097109574824572,0.6725070793181658,1,0,1.0,3.0,6.0,0.0,0.0
22176,2024-04-25,Brighton,Manchester City,0.0723,0.192,0.7357,0,0,7,4,0.5720211723819373,0.455934197641909,2,0,0.0,1.0,6.0,0.0,0.0,4,3,14,9,1.905073344707489,1.3464285284280777,0,0,1.0,2.0,10.0,0.0,1.0
22243,2024-04-27,West Ham United,Liverpool,0.0961,0.1784,0.7255,2,2,11,8,0.7940249200910325,0.6902248617261646,0,0,0.0,3.0,7.0,0.0,2.0,1,1,28,24,2.2951814904809,2.020957861095667,2,0,1.0,6.0,20.0,0.0,1.0
22238,2024-04-27,Fulham,Crystal Palace,0.4601,0.286,0.2539,1,1,9,7,1.3941844552755356,1.3184795938432217,0,0,0.0,2.0,7.0,0.0,0.0,1,1,14,11,1.0538705857470627,0.9570735245943066,2,0,0.0,2.0,11.0,0.0,1.0
22239,2024-04-27,Manchester United,Burnley,0.633,0.1894,0.1776,1,0,27,24,3.061967941001057,2.550726633518934,1,0,0.0,5.0,20.0,0.0,2.0,1,0,16,11,1.8963314983993764,0.9573591575026508,3,0,1.0,1.0,11.0,1.0,2.0
22240,2024-04-27,Newcastle United,Sheffield United,0.6347,0.1843,0.181,4,3,20,17,2.9347745925188065,2.098169561475516,0,0,0.0,1.0,17.0,1.0,1.0,1,1,15,13,1.8718876428902145,1.7027976401150229,0,0,0.0,5.0,10.0,0.0,1.0
22244,2024-04-27,Wolverhampton Wanderers,Luton Town,0.5315,0.2771,0.1914,2,2,13,9,1.4932503942400217,1.3614091016352174,3,0,0.0,2.0,11.0,0.0,0.0,1,1,9,6,0.9043503142893312,0.8009975869208572,1,0,0.0,3.0,6.0,0.0,0.0
22237,2024-04-27,Everton,Brentford,0.413,0.3107,0.2763,1,0,18,8,1.2148136086761947,0.5987426936626433,1,0,1.0,3.0,14.0,0.0,0.0,0,0,10,8,0.9581710621714592,0.8620103336870669,2,0,0.0,4.0,6.0,0.0,0.0
22236,2024-04-27,Aston Villa,Chelsea,0.1222,0.2418,0.636,1,1,9,8,0.6122569795697925,0.5990153811872003,3,0,0.0,1.0,8.0,0.0,0.0,2,1,21,16,1.5640063490718603,0.8902698904275891,5,0,1.0,1.0,18.0,0.0,2.0
22235,2024-04-28,Bournemouth,Brighton,0.6621,0.2038,0.1341,3,3,15,12,2.5851736962795258,2.3393104970455165,2,0,1.0,2.0,12.0,0.0,0.0,0,0,13,11,1.3595163915306323,1.215725867077708,2,0,0.0,1.0,10.0,0.0,2.0
22241,2024-04-28,Tottenham Hotspur,Arsenal,0.6558,0.2025,0.1417,2,0,14,6,2.6045783702284093,1.5052548870444296,2,0,0.0,5.0,8.0,1.0,1.0,2,2,9,7,1.5146911293268202,1.413224384188652,1,0,1.0,1.0,5.0,0.0,2.0
22242,2024-04-28,Nottingham Forest,Manchester City,0.7162,0.1854,0.0984,0,0,14,12,2.173116024583578,1.5282308477908368,0,0,1.0,2.0,11.0,0.0,0.0,2,2,11,9,0.9320629350841044,0.8505977131426331,0,0,1.0,2.0,8.0,0.0,0.0
22149,2024-05-02,Chelsea,Tottenham Hotspur,0.6141,0.2125,0.1734,2,1,16,8,2.45328090339899,1.1003305315971372,0,0,2.0,1.0,9.0,0.0,4.0,0,0,19,16,1.274170614778995,1.1272227177396412,1,0,0.0,4.0,14.0,0.0,1.0
22252,2024-05-03,Luton Town,Everton,0.2417,0.3209,0.4374,1,1,18,14,0.9536092281341548,0.8812623219564553,1,0,0.0,5.0,11.0,0.0,2.0,1,0,10,7,1.229585228487849,0.4298017695546148,3,0,0.0,3.0,5.0,1.0,1.0
22245,2024-05-04,Arsenal,Bournemouth,0.9654,0.0291,0.0055,3,2,24,19,3.925158299505711,2.891011662781238,2,0,0.0,3.0,19.0,1.0,1.0,0,0,7,3,0.4694460760802029,0.3082036525011062,3,0,1.0,0.0,5.0,0.0,1.0
22246,2024-05-04,Brentford,Fulham,0.1715,0.2963,0.5322,0,0,7,5,0.8557136915624141,0.3636665828526018,1,0,0.0,2.0,4.0,0.0,1.0,0,0,15,11,1.4557943344116209,0.787113446742296,1,0,0.0,2.0,13.0,0.0,0.0
22248,2024-05-04,Burnley,Newcastle United,0.0178,0.0508,0.9314,1,1,17,12,1.2865286208689208,1.0655309744179244,2,0,0.0,2.0,15.0,0.0,0.0,4,3,23,18,4.49611783400178,2.8813753295689817,2,0,1.0,3.0,17.0,1.0,1.0
22254,2024-05-04,Sheffield United,Nottingham Forest,0.5059,0.2253,0.2688,1,0,17,15,2.4898613654077053,1.6657474078238008,0,1,0.0,3.0,13.0,1.0,0.0,3,3,15,13,1.938180539757013,1.747773915529251,1,0,0.0,2.0,11.0,0.0,2.0
22253,2024-05-04,Manchester City,Wolverhampton Wanderers,0.991,0.0079,0.0011,5,3,20,14,4.53478834964335,2.654567062854767,0,0,0.0,3.0,15.0,2.0,0.0,1,0,2,1,0.3968867957592009,0.1362167000770568,4,0,0.0,0.0,2.0,0.0,0.0
22247,2024-05-05,Brighton,Aston Villa,0.9753,0.0239,0.0008,1,0,15,12,3.021677926182747,1.7071689926087854,2,0,0.0,1.0,12.0,1.0,1.0,0,0,2,1,0.0644055232405661,0.0502806417644023,1,0,0.0,1.0,1.0,0.0,0.0
22249,2024-05-05,Chelsea,West Ham United,0.9432,0.0394,0.0174,5,4,25,23,4.2695084270089865,3.8424321245402098,1,0,1.0,3.0,20.0,0.0,1.0,0,0,13,7,0.8973493836820123,0.5489672049880026,3,0,2.0,3.0,8.0,0.0,0.0
22251,2024-05-05,Liverpool,Tottenham Hotspur,0.8315,0.1185,0.05,4,3,25,17,3.724286906421185,2.327947875484824,1,0,0.0,2.0,23.0,0.0,0.0,2,2,11,7,1.1720535787753756,1.0294415615499015,4,0,1.0,1.0,7.0,0.0,2.0
22250,2024-05-06,Crystal Palace,Manchester United,0.8297,0.137,0.0333,4,3,18,15,2.065598152577877,1.3971723355352874,1,0,0.0,4.0,13.0,0.0,1.0,0,0,7,5,0.3414169447496531,0.2138091810047626,1,0,1.0,2.0,3.0,0.0,1.0
22258,2024-05-11,Fulham,Manchester City,0.001,0.0222,0.9768,0,0,1,0,0.088624507188797,0.0,1,1,0.0,0.0,1.0,0.0,0.0,4,3,16,15,3.1521784272044897,2.391009584069252,0,0,0.0,2.0,13.0,1.0,0.0
22255,2024-05-11,Bournemouth,Brentford,0.1659,0.2389,0.5952,1,1,13,10,1.072370711714029,0.535098649561405,2,0,0.0,1.0,12.0,0.0,0.0,2,2,11,9,1.927222106605768,1.41860369592905,2,0,0.0,1.0,10.0,0.0,0.0
22257,2024-05-11,Everton,Sheffield United,0.765,0.1746,0.0604,1,1,15,13,1.824111629277468,1.7543101739138358,1,0,0.0,1.0,13.0,0.0,1.0,0,0,13,6,0.4666256885975596,0.2495072782039641,2,0,0.0,1.0,12.0,0.0,0.0
22260,2024-05-11,Newcastle United,Brighton,0.4998,0.2298,0.2704,1,1,18,15,2.4516264069825406,2.273385619744658,3,0,0.0,3.0,15.0,0.0,0.0,1,0,15,10,1.9647872801870108,1.2403041832149029,4,0,0.0,4.0,11.0,0.0,0.0
22262,2024-05-11,Tottenham Hotspur,Burnley,0.8361,0.1169,0.047,2,2,21,17,3.0023761354386806,2.546054184436798,3,0,0.0,2.0,18.0,0.0,1.0,1,1,7,7,0.950331438332796,0.950331438332796,5,0,0.0,2.0,5.0,0.0,0.0
22263,2024-05-11,West Ham United,Luton Town,0.9567,0.0361,0.0072,3,1,24,15,3.7346824239939447,2.9428902231156826,1,0,1.0,3.0,20.0,0.0,0.0,1,1,4,2,0.6404558420181273,0.5549493879079818,3,0,0.0,0.0,4.0,0.0,0.0
22264,2024-05-11,Wolverhampton Wanderers,Crystal Palace,0.0949,0.1802,0.7249,1,0,13,6,1.1560956677421923,0.2877798518165942,3,0,0.0,4.0,5.0,0.0,4.0,3,2,13,10,2.5940074808895583,1.8728950805962088,2,1,0.0,2.0,11.0,0.0,0.0
22261,2024-05-11,Nottingham Forest,Chelsea,0.3917,0.2374,0.3709,2,2,20,13,2.449884559959173,1.2716720849275585,2,0,0.0,2.0,16.0,0.0,2.0,3,3,12,9,2.4106838330626488,2.116787761449814,3,0,1.0,2.0,8.0,0.0,1.0
22259,2024-05-12,Manchester United,Arsenal,0.0616,0.1941,0.7443,0,0,14,12,0.551668860018253,0.4436726542189713,0,0,0.0,0.0,14.0,0.0,0.0,1,1,11,10,1.7310430444777007,1.6634124871343372,2,0,0.0,3.0,8.0,0.0,0.0
22256,2024-05-13,Aston Villa,Liverpool,0.5746,0.2272,0.1982,3,3,19,16,2.719135669991374,2.652493778616189,1,0,0.0,2.0,16.0,0.0,2.0,2,1,14,12,1.953223161399364,1.1520619858056305,1,0,0.0,2.0,11.0,0.0,1.0
22233,2024-05-14,Tottenham Hotspur,Manchester City,0.169,0.2244,0.6066,0,0,10,7,1.8428465388715265,0.9859002903103828,3,0,0.0,3.0,7.0,0.0,0.0,2,1,8,5,2.703312613070011,1.4729007929563522,3,0,0.0,1.0,5.0,1.0,1.0
22226,2024-05-15,Brighton,Chelsea,0.2978,0.2856,0.4166,1,1,11,9,1.324229055084288,1.266834567300975,2,0,0.0,1.0,10.0,0.0,0.0,2,2,13,10,1.5446058847010131,1.4416983705013988,2,1,2.0,1.0,9.0,0.0,1.0
22231,2024-05-15,Manchester United,Newcastle United,0.2182,0.2203,0.5615,3,2,17,13,1.4970573429018257,1.3077551573514936,3,0,0.0,8.0,8.0,0.0,1.0,2,1,21,17,2.2825574586167927,2.126579355448484,3,0,0.0,4.0,14.0,0.0,3.0
22265,2024-05-19,Arsenal,Everton,0.9199,0.0673,0.0128,2,2,26,21,3.553740080446005,3.245141103863716,4,0,0.0,5.0,21.0,0.0,0.0,1,0,5,2,0.7079315930604934,0.14481882750988,3,0,2.0,0.0,3.0,0.0,0.0
22266,2024-05-19,Brentford,Newcastle United,0.0766,0.1234,0.8,2,2,10,9,1.7015716657042503,1.6624598950147629,4,0,1.0,0.0,8.0,0.0,1.0,4,3,12,8,3.7144128754734993,2.3873280584812164,4,0,2.0,0.0,8.0,0.0,2.0
22267,2024-05-19,Brighton,Manchester United,0.6239,0.2248,0.1513,0,0,17,13,1.9717045705765484,1.4600356128066776,1,0,0.0,5.0,10.0,0.0,2.0,2,1,11,10,1.0040360698476432,0.6424369700253006,3,0,0.0,0.0,11.0,0.0,0.0
22268,2024-05-19,Burnley,Nottingham Forest,0.2347,0.2662,0.4991,1,1,20,16,1.0822231899946924,0.976637294515967,1,0,1.0,1.0,18.0,0.0,0.0,2,2,12,11,1.5796183198690412,1.557039652019739,0,0,0.0,2.0,8.0,0.0,2.0
22269,2024-05-19,Chelsea,Bournemouth,0.2743,0.2387,0.487,2,1,16,14,1.597714854869991,1.2380809038877485,2,0,0.0,0.0,16.0,0.0,1.0,0,0,22,17,2.197344926185905,1.348285015672445,3,0,0.0,3.0,18.0,0.0,1.0
22270,2024-05-19,Crystal Palace,Aston Villa,0.7913,0.1508,0.0579,5,4,15,12,2.231886476278305,2.0793911311775446,1,0,0.0,0.0,15.0,0.0,0.0,0,0,8,6,0.5988464578986166,0.5176982954144477,4,0,0.0,3.0,3.0,0.0,2.0
22271,2024-05-19,Liverpool,Wolverhampton Wanderers,0.9939,0.0057,0.0004,2,1,36,28,5.862780937924981,4.331828204914928,1,0,0.0,9.0,26.0,0.0,1.0,0,0,4,4,0.7312534973025321,0.674262836575508,1,1,1.0,0.0,3.0,0.0,0.0
22272,2024-05-19,Luton Town,Fulham,0.6273,0.2206,0.1521,2,0,15,9,2.0674289297312494,1.012736830860376,5,0,2.0,0.0,9.0,1.0,3.0,4,4,15,14,1.1159782186150546,1.0900892503559587,4,0,1.0,1.0,11.0,0.0,2.0
22273,2024-05-19,Manchester City,West Ham United,0.8797,0.1018,0.0185,3,3,28,20,2.323181308805942,1.792773205786943,0,0,2.0,6.0,19.0,0.0,1.0,1,0,3,2,0.2401586174964904,0.1394729390740394,1,0,0.0,2.0,1.0,0.0,0.0
22274,2024-05-19,Sheffield United,Tottenham Hotspur,0.0151,0.0617,0.9232,0,0,6,5,0.6973118335008621,0.6206391304731367,2,0,1.0,0.0,5.0,0.0,0.0,3,3,18,17,3.1967505179345603,3.1498254463076587,0,0,1.0,4.0,13.0,0.0,0.0
26602,2024-08-16,Manchester United,Fulham,0.8069,0.1489,0.0442,1,1,14,10,2.042675383388996,1.4489214811474085,2,0,0.0,2.0,12.0,0.0,0.0,0,0,10,9,0.418710935860872,0.3741739466786383,3,0,0.0,4.0,5.0,0.0,1.0
26603,2024-08-17,Ipswich Town,Liverpool,0.0026,0.018,0.9794,0,0,7,4,0.3426013551652431,0.232296224683523,3,0,0.0,2.0,3.0,0.0,2.0,2,1,19,13,3.935329210013151,3.1023338735103607,1,0,0.0,3.0,16.0,0.0,0.0
26604,2024-08-17,Arsenal,Wolverhampton Wanderers,0.6528,0.231,0.1162,2,2,18,17,1.6283030565828085,1.562046520411968,2,0,0.0,2.0,15.0,0.0,1.0,0,0,9,4,0.5758349280804392,0.339908244088292,2,0,1.0,0.0,8.0,0.0,0.0
26605,2024-08-17,Everton,Brighton,0.0481,0.1635,0.7884,0,0,9,4,0.4059078530408438,0.2204523538239297,1,1,0.0,0.0,8.0,0.0,1.0,3,3,10,10,1.7908271979540586,1.7908272221684456,1,0,0.0,1.0,8.0,0.0,1.0
26606,2024-08-17,Newcastle United,Southampton,0.0378,0.164,0.7982,1,1,3,3,0.4334894120693206,0.4334894232451914,2,1,0.0,1.0,1.0,0.0,1.0,0,0,19,15,2.15315693616867,1.5778115689754482,4,0,1.0,1.0,15.0,0.0,2.0
26607,2024-08-17,Nottingham Forest,Bournemouth,0.1994,0.2537,0.5469,1,0,14,11,1.2847969811409707,0.621685905382037,1,0,0.0,1.0,13.0,0.0,0.0,1,0,13,7,1.909149706363678,0.9752922058105468,3,0,1.0,1.0,11.0,0.0,0.0
26608,2024-08-17,West Ham United,Aston Villa,0.4123,0.2321,0.3556,1,0,14,10,3.348508710041642,1.538676965981722,1,0,0.0,2.0,11.0,1.0,0.0,2,2,15,12,2.680925324559212,2.338401343673468,2,0,0.0,2.0,13.0,0.0,0.0
26609,2024-08-18,Brentford,Crystal Palace,0.4248,0.3141,0.2611,2,1,9,7,1.4440843565389512,0.656262380070984,1,0,0.0,2.0,8.0,0.0,0.0,0,0,14,9,1.1475661881268022,0.8383689597249027,5,0,1.0,2.0,11.0,0.0,0.0
26610,2024-08-18,Chelsea,Manchester City,0.3036,0.3245,0.3719,0,0,10,9,1.0612259488552809,1.0107959769666193,1,0,0.0,1.0,9.0,0.0,0.0,2,1,11,8,1.1803840696811676,1.0273573622107506,1,0,0.0,1.0,10.0,0.0,0.0
26611,2024-08-19,Leicester City,Tottenham Hotspur,0.2541,0.2951,0.4508,1,1,7,5,1.0261399326846,0.957823561504483,1,0,0.0,1.0,5.0,0.0,1.0,1,1,15,13,1.4077527727931731,1.3622955456376074,1,0,0.0,5.0,7.0,0.0,3.0
26612,2024-08-24,Brighton,Manchester United,0.601,0.2392,0.1598,2,2,14,12,2.14152517542243,2.0077701043337584,1,0,1.0,1.0,9.0,0.0,3.0,1,1,11,11,1.2855581175535915,1.2855581194162364,2,0,0.0,1.0,9.0,0.0,1.0
26613,2024-08-24,Crystal Palace,West Ham United,0.3315,0.2678,0.4007,0,0,14,13,1.3761002114042635,1.3561491407454014,1,0,0.0,2.0,10.0,0.0,2.0,2,1,18,8,1.5662244856357572,0.5780581086874007,1,0,0.0,5.0,12.0,0.0,1.0
26614,2024-08-24,Fulham,Leicester City,0.6596,0.215,0.1254,2,2,18,17,1.9621819220483303,1.9255263004451988,2,0,1.0,6.0,11.0,0.0,0.0,1,1,10,6,0.8570050010457633,0.7009560354053974,2,0,1.0,4.0,4.0,0.0,1.0
26615,2024-08-24,Manchester City,Ipswich Town,0.9435,0.0503,0.0062,4,2,14,11,3.0781802982091904,2.1336819007992744,2,0,1.0,2.0,10.0,1.0,0.0,1,1,1,1,0.4799985289573669,0.4799985289573669,3,0,0.0,0.0,1.0,0.0,0.0
26616,2024-08-24,Southampton,Nottingham Forest,0.0067,0.0496,0.9437,0,0,5,4,0.214951630681753,0.1934976764023303,3,0,0.0,1.0,4.0,0.0,0.0,1,0,23,17,2.91705410182476,2.1884036939591165,3,0,0.0,8.0,15.0,0.0,0.0
26617,2024-08-24,Tottenham Hotspur,Everton,0.8398,0.1124,0.0478,4,3,13,11,2.611426630988717,2.0101319327950478,0,0,1.0,5.0,7.0,0.0,0.0,0,0,10,8,0.6563607379794119,0.5864115059375762,0,0,0.0,6.0,4.0,0.0,0.0
26618,2024-08-24,Aston Villa,Arsenal,0.3113,0.3023,0.3864,0,0,11,9,1.344039660878479,0.8266307683661579,1,0,0.0,1.0,10.0,0.0,0.0,2,1,9,7,1.4139866270124912,1.3007401600480075,3,0,0.0,0.0,9.0,0.0,0.0
26619,2024-08-25,Wolverhampton Wanderers,Chelsea,0.4888,0.2228,0.2884,2,2,12,8,2.41810227651149,2.267384867183864,2,0,1.0,1.0,8.0,0.0,2.0,6,5,14,12,2.029353991150856,1.666278101503849,3,0,1.0,1.0,12.0,0.0,0.0
26620,2024-08-25,Bournemouth,Newcastle United,0.5396,0.2334,0.227,1,1,16,14,2.5351329548284407,2.468319041654467,2,0,1.0,2.0,13.0,0.0,0.0,1,1,14,14,1.8928701654076576,1.8928701821714635,2,0,0.0,5.0,8.0,0.0,1.0
26621,2024-08-25,Liverpool,Brentford,0.8893,0.0893,0.0214,2,2,19,17,2.756623607128858,2.6592837870121,2,0,1.0,4.0,14.0,0.0,0.0,0,0,8,5,0.4572391100227831,0.4130499139428137,3,0,0.0,3.0,3.0,0.0,2.0
26622,2024-08-31,Arsenal,Brighton,0.5278,0.2236,0.2486,1,1,11,8,2.417976055294275,2.160547524690628,3,1,0.0,1.0,9.0,0.0,1.0,1,0,22,12,1.9663049019873136,0.951309848576784,2,0,0.0,2.0,18.0,0.0,2.0
26623,2024-08-31,Brentford,Southampton,0.8348,0.1027,0.0625,3,1,20,16,3.894881457090378,2.092459017410874,2,0,0.0,0.0,19.0,0.0,1.0,1,1,18,14,1.647134471684694,1.4721890194341538,1,0,1.0,3.0,14.0,0.0,0.0
26624,2024-08-31,Everton,Bournemouth,0.3027,0.216,0.4813,2,2,18,16,2.556290931999683,2.454906465485692,2,0,0.0,5.0,12.0,0.0,1.0,3,3,17,14,3.3066052766516805,2.589760180562734,1,0,0.0,3.0,13.0,0.0,1.0
26625,2024-08-31,Ipswich Town,Fulham,0.2034,0.3116,0.485,1,1,11,9,0.7070484366267917,0.6082497518509624,2,0,1.0,4.0,6.0,0.0,0.0,1,1,9,8,1.1888347603380678,1.1139624118804927,3,0,0.0,2.0,7.0,0.0,0.0
26626,2024-08-31,Leicester City,Aston Villa,0.0646,0.1791,0.7563,1,1,9,5,0.7747405581176279,0.6850404692813753,4,0,0.0,0.0,7.0,0.0,2.0,2,2,10,7,2.163850903511048,2.03261161968112,5,0,0.0,0.0,8.0,0.0,2.0
26627,2024-08-31,Nottingham Forest,Wolverhampton Wanderers,0.4728,0.3229,0.2043,1,1,16,15,1.4106868514791129,1.3652912126854058,3,0,1.0,4.0,11.0,0.0,0.0,1,1,11,8,1.103084495291114,0.5720706358551977,4,0,0.0,2.0,9.0,0.0,0.0
26628,2024-08-31,West Ham United,Manchester City,0.0483,0.1075,0.8442,0,0,10,6,0.9472012324258684,0.7404882088303565,3,0,0.0,2.0,8.0,0.0,0.0,3,3,23,20,3.2019733116030693,2.919990085065365,2,0,1.0,7.0,16.0,0.0,0.0
26629,2024-09-01,Newcastle United,Tottenham Hotspur,0.3519,0.2857,0.3624,2,2,9,6,1.5869362987577913,1.524054333567619,4,0,0.0,4.0,6.0,0.0,0.0,0,0,20,13,1.6458891481161115,0.566707477904856,4,0,1.0,6.0,11.0,0.0,2.0
26630,2024-09-01,Chelsea,Crystal Palace,0.9429,0.0461,0.011,1,1,13,10,2.9774303641170263,2.365445328876376,4,0,1.0,2.0,9.0,0.0,1.0,1,0,9,7,0.4612591508775948,0.3884047027677296,2,0,1.0,1.0,5.0,0.0,2.0
26631,2024-09-01,Manchester United,Liverpool,0.2409,0.2462,0.5129,0,0,8,7,1.5008667362853885,1.4630636861547826,4,0,0.0,1.0,7.0,0.0,0.0,3,3,11,9,2.103968296200037,1.8500498980283733,1,0,0.0,1.0,10.0,0.0,0.0
26632,2024-09-14,Southampton,Manchester United,0.0634,0.1533,0.7833,0,0,6,4,1.513524740934372,0.5453166998922824,1,1,0.0,0.0,3.0,1.0,2.0,3,3,20,17,3.0269304383546114,2.9380231350660324,4,0,0.0,5.0,15.0,0.0,0.0
26633,2024-09-14,Brighton,Ipswich Town,0.6638,0.2448,0.0914,0,0,21,10,2.097727064043283,0.5318510271608827,4,0,2.0,4.0,14.0,0.0,1.0,0,0,6,4,0.7239301744848488,0.5958264730870723,3,0,0.0,3.0,3.0,0.0,0.0
26634,2024-09-14,Fulham,West Ham United,0.8681,0.0971,0.0348,1,1,21,16,2.8860092824324965,2.311094807460904,2,0,2.0,1.0,17.0,0.0,1.0,1,1,11,9,0.6827187836170192,0.6279580211266873,3,0,0.0,2.0,8.0,0.0,1.0
26635,2024-09-14,Liverpool,Nottingham Forest,0.5221,0.3244,0.1535,0,0,14,13,1.1704416219145055,1.1207849271595474,4,0,0.0,3.0,11.0,0.0,0.0,1,1,5,5,0.5895325038582085,0.589532496407628,4,0,0.0,0.0,5.0,0.0,0.0
26636,2024-09-14,Crystal Palace,Leicester City,0.6779,0.1869,0.1352,2,1,20,14,2.903072293847799,1.824875171296298,0,0,1.0,3.0,15.0,1.0,0.0,2,2,9,9,1.651870399713516,1.6518704667687414,3,0,0.0,1.0,7.0,0.0,1.0
26637,2024-09-14,Manchester City,Brentford,0.4771,0.2847,0.2382,2,1,18,16,1.5527861826121805,1.4471002463251348,3,0,0.0,6.0,12.0,0.0,0.0,1,0,8,6,1.0509431585669515,0.4571983274072407,1,0,0.0,2.0,4.0,0.0,2.0
26638,2024-09-14,Aston Villa,Everton,0.8919,0.0838,0.0243,3,2,17,12,3.1780617088079453,2.5170384366065264,1,0,0.0,3.0,13.0,0.0,1.0,2,1,6,4,0.8521577296778556,0.7577195083722471,4,0,0.0,0.0,3.0,0.0,3.0
26639,2024-09-14,Bournemouth,Chelsea,0.5298,0.2902,0.18,0,0,19,12,1.537309221923351,0.6421093046665188,6,0,0.0,2.0,15.0,1.0,1.0,1,1,10,8,0.9327258709818124,0.7714177509769795,8,0,0.0,2.0,8.0,0.0,0.0
26640,2024-09-15,Tottenham Hotspur,Arsenal,0.234,0.3157,0.4503,0,0,15,12,0.7925954088568684,0.6902382504194969,5,0,0.0,1.0,14.0,0.0,0.0,1,1,7,6,1.1208970248699186,1.067626804113388,3,0,0.0,3.0,4.0,0.0,0.0
26641,2024-09-15,Wolverhampton Wanderers,Newcastle United,0.3576,0.2692,0.3732,1,1,12,8,1.4696940854191778,1.202488213777542,3,0,0.0,1.0,11.0,0.0,0.0,2,2,14,13,1.488065836951136,1.445432746782899,3,0,0.0,3.0,10.0,0.0,1.0
26642,2024-09-21,West Ham United,Chelsea,0.0778,0.15,0.7722,0,0,15,9,0.758535077795386,0.5048528276383873,5,0,1.0,2.0,11.0,0.0,1.0,3,3,12,12,2.3972694128751755,2.397269412875175,2,0,0.0,0.0,12.0,0.0,0.0
26643,2024-09-21,Southampton,Ipswich Town,0.6951,0.1778,0.1271,1,1,11,8,2.9827280510216947,2.819888442754745,4,0,0.0,0.0,9.0,0.0,2.0,1,0,13,12,1.6449953969568012,1.609964974224567,4,0,0.0,4.0,7.0,0.0,2.0
26644,2024-09-21,Leicester City,Everton,0.2591,0.2621,0.4788,1,0,12,10,1.337933136150241,0.6983594633638855,1,0,0.0,3.0,8.0,0.0,1.0,1,1,16,12,1.8305506035685537,1.3443058170378206,2,0,1.0,1.0,14.0,0.0,0.0
26645,2024-09-21,Liverpool,Bournemouth,0.597,0.2063,0.1967,3,3,19,18,2.437313297763467,2.270160425454378,1,0,0.0,0.0,18.0,0.0,1.0,0,0,19,14,1.4881656104698775,0.9797975346446036,4,0,1.0,3.0,13.0,0.0,2.0
26646,2024-09-21,Fulham,Newcastle United,0.8274,0.1124,0.0602,3,3,22,18,3.2131480760872364,3.0041472539305687,6,0,0.0,5.0,16.0,0.0,1.0,1,1,15,11,1.0985201299190517,0.6459745587781067,0,0,1.0,0.0,11.0,0.0,3.0
26647,2024-09-21,Aston Villa,Wolverhampton Wanderers,0.8449,0.1134,0.0417,3,3,9,7,2.37351281195879,2.2559846937656403,3,0,1.0,2.0,5.0,0.0,1.0,1,0,10,7,0.5201174132525916,0.408648747950792,6,0,0.0,5.0,5.0,0.0,0.0
26648,2024-09-21,Tottenham Hotspur,Brentford,0.9397,0.0464,0.0139,3,2,23,15,4.139012491330504,2.374615851789713,3,0,0.0,2.0,21.0,0.0,0.0,1,1,6,6,0.893565055914223,0.8935650745406745,1,0,0.0,1.0,5.0,0.0,0.0
26649,2024-09-21,Crystal Palace,Manchester United,0.2248,0.2317,0.5435,0,0,9,8,1.698305947706103,1.175422145053744,3,0,0.0,1.0,7.0,0.0,1.0,0,0,15,12,2.450990037992596,1.485906720161438,2,0,0.0,4.0,10.0,0.0,1.0
26650,2024-09-22,Brighton,Nottingham Forest,0.3886,0.31,0.3014,2,1,14,12,1.56835825368762,0.9454821702092884,3,0,1.0,3.0,8.0,0.0,2.0,2,1,4,3,1.369229830801487,0.6080609932541847,4,1,0.0,0.0,3.0,1.0,0.0
26651,2024-09-22,Manchester City,Arsenal,0.72,0.1782,0.1018,2,1,33,27,2.8628866076469417,1.7063539624214168,3,0,1.0,7.0,25.0,0.0,0.0,2,2,5,4,1.284106958657503,1.1926802322268486,4,1,0.0,2.0,3.0,0.0,0.0
26652,2024-09-28,Newcastle United,Manchester City,0.3867,0.2946,0.3187,1,0,11,8,1.3434404730796812,0.4731986150145529,4,0,0.0,1.0,6.0,1.0,3.0,1,1,16,13,1.2651648372411723,1.093100845813751,4,0,0.0,0.0,15.0,0.0,1.0
26653,2024-09-28,Nottingham Forest,Fulham,0.1181,0.2591,0.6228,0,0,11,5,0.6163018113002176,0.4153682263568041,2,0,0.0,2.0,8.0,0.0,1.0,1,0,14,7,1.4398168129846451,0.425957379862666,4,0,0.0,1.0,10.0,1.0,2.0
26654,2024-09-28,Everton,Crystal Palace,0.3388,0.3145,0.3467,2,1,8,7,1.1095863324590023,1.027498104143887,2,0,0.0,2.0,4.0,0.0,2.0,1,1,17,12,1.1305033778771754,0.940011518076062,0,0,1.0,7.0,7.0,0.0,2.0
26655,2024-09-28,Arsenal,Leicester City,0.9988,0.0009,0.0003,3,2,36,26,6.178353248164058,3.5904036425054078,2,0,0.0,11.0,24.0,0.0,1.0,2,2,5,5,0.3379089683294295,0.3379089683294294,4,0,0.0,1.0,4.0,0.0,1.0
26656,2024-09-28,Brentford,West Ham United,0.1512,0.3899,0.4589,1,1,8,4,0.370222241617739,0.1875568293035029,2,0,1.0,0.0,6.0,0.0,1.0,1,1,19,14,0.8831509239971632,0.7491802163422103,3,0,0.0,4.0,15.0,0.0,0.0
26657,2024-09-28,Chelsea,Brighton,0.8777,0.0846,0.0377,4,2,15,12,3.658393144607544,2.844957321882248,3,0,1.0,2.0,11.0,1.0,0.0,2,1,15,8,1.207116700708866,0.6348526170477268,2,0,2.0,0.0,12.0,0.0,1.0
26658,2024-09-28,Wolverhampton Wanderers,Liverpool,0.0583,0.1722,0.7695,1,0,7,5,0.7489248597994445,0.2458407338708637,2,0,0.0,1.0,6.0,0.0,0.0,2,1,10,7,2.117242820560932,0.8838627180084586,3,0,1.0,3.0,5.0,1.0,0.0
26659,2024-09-29,Ipswich Town,Aston Villa,0.5579,0.2508,0.1913,2,2,15,13,1.846082800999284,1.8109366744756696,4,0,0.0,3.0,10.0,0.0,2.0,2,2,7,6,1.1449441760778425,1.0159157067537306,1,0,1.0,0.0,6.0,0.0,0.0
26660,2024-09-29,Manchester United,Tottenham Hotspur,0.0007,0.0037,0.9956,0,0,11,9,0.6007213965058325,0.5204498469829555,5,1,0.0,3.0,8.0,0.0,0.0,3,2,24,19,5.6144447810947895,4.085005048662424,3,0,0.0,4.0,18.0,0.0,2.0
26661,2024-09-30,Bournemouth,Southampton,0.5743,0.2732,0.1525,3,3,14,11,1.4421546738594766,1.3833739366382358,2,0,0.0,1.0,12.0,0.0,1.0,1,0,9,7,0.6960677057504652,0.3270432427525519,5,0,0.0,1.0,6.0,0.0,2.0
26662,2024-10-05,Crystal Palace,Liverpool,0.0716,0.1652,0.7632,0,0,9,6,0.609481234103441,0.5524916052818297,4,0,0.0,1.0,7.0,0.0,1.0,1,1,16,16,2.073316497728228,2.0733165144920345,2,0,0.0,1.0,14.0,0.0,1.0
26663,2024-10-05,Leicester City,Bournemouth,0.1209,0.225,0.6541,1,1,6,5,0.9120630919933318,0.8676477856934068,4,0,0.0,0.0,6.0,0.0,0.0,0,0,17,15,1.9516055118292568,1.819204134866595,1,0,0.0,4.0,12.0,0.0,1.0
26664,2024-10-05,Manchester City,Fulham,0.1266,0.1656,0.7078,3,2,20,14,1.3712239451706407,1.0791174815967677,2,0,1.0,3.0,15.0,0.0,1.0,2,2,11,11,2.758462004363537,2.758462011814117,1,0,0.0,1.0,10.0,0.0,0.0
26665,2024-10-05,West Ham United,Ipswich Town,0.9499,0.0394,0.0107,4,1,23,15,4.584100019186735,2.23649226129055,0,0,1.0,2.0,20.0,0.0,0.0,1,0,9,8,1.1846260884776707,1.1696457788348196,1,0,0.0,2.0,6.0,0.0,1.0
26666,2024-10-05,Arsenal,Southampton,0.8063,0.1259,0.0678,3,2,29,22,3.3658318780362606,2.847038254141808,0,0,0.0,8.0,21.0,0.0,0.0,1,1,8,5,1.3026389461010692,0.8215947560966014,3,0,0.0,1.0,7.0,0.0,0.0
26667,2024-10-05,Brentford,Wolverhampton Wanderers,0.9617,0.03,0.0083,5,3,19,14,4.136057883501053,2.565370392054319,2,0,1.0,6.0,11.0,1.0,0.0,3,3,17,14,0.6962541481479999,0.6661753803491589,3,0,0.0,1.0,14.0,0.0,2.0
26669,2024-10-05,Everton,Newcastle United,0.0811,0.2469,0.672,0,0,8,6,0.7492438927292822,0.2635893188416957,1,0,1.0,0.0,7.0,0.0,0.0,0,0,14,9,1.7904811352491377,0.8111355397850273,2,0,0.0,4.0,8.0,1.0,1.0
26668,2024-10-06,Chelsea,Nottingham Forest,0.5362,0.2216,0.2422,1,1,22,17,2.2825718782842155,2.117607142776251,6,0,0.0,4.0,18.0,0.0,0.0,1,1,16,9,1.6665377784520383,1.117303693667054,2,1,2.0,2.0,11.0,0.0,1.0
26670,2024-10-06,Aston Villa,Manchester United,0.2909,0.4681,0.241,0,0,11,8,0.5328091792762276,0.38478291593492,1,0,1.0,2.0,7.0,0.0,1.0,0,0,10,6,0.4499803278595206,0.1777684409171341,5,0,1.0,2.0,6.0,0.0,1.0
26671,2024-10-06,Brighton,Tottenham Hotspur,0.6114,0.2216,0.167,3,1,11,8,1.9721711203455925,1.07221607118845,2,0,0.0,2.0,9.0,0.0,0.0,2,2,13,8,1.0931400153785942,0.8606713153421875,2,0,0.0,1.0,10.0,0.0,2.0
26672,2024-10-19,Tottenham Hotspur,West Ham United,0.5079,0.2755,0.2166,3,3,22,19,1.440517861396074,1.3231892287731166,1,0,0.0,3.0,18.0,0.0,1.0,1,0,11,8,0.8588033532723783,0.3799202218651768,3,1,0.0,1.0,10.0,0.0,1.0
26673,2024-10-19,Fulham,Aston Villa,0.6895,0.1842,0.1263,1,1,10,8,2.6307429037988186,1.838952783495188,4,1,0.0,3.0,7.0,1.0,0.0,2,2,14,11,1.438676437363028,1.2800387404859064,3,1,1.0,4.0,7.0,0.0,2.0
26674,2024-10-19,Ipswich Town,Everton,0.2478,0.2698,0.4824,0,0,13,11,1.173999466001987,1.027347434312105,1,0,2.0,3.0,7.0,0.0,1.0,2,1,11,7,1.6080376543104649,0.7884243875741959,1,0,1.0,2.0,8.0,0.0,0.0
26675,2024-10-19,Manchester United,Brentford,0.5945,0.2395,0.166,2,2,23,19,1.7655498720705505,1.558853773400187,2,0,0.0,3.0,20.0,0.0,0.0,1,1,8,6,0.8928425703197713,0.7761552259325979,2,0,1.0,1.0,6.0,0.0,0.0
26676,2024-10-19,Newcastle United,Brighton,0.4377,0.2411,0.3212,0,0,21,16,1.9408696740865703,1.7267590202391143,2,0,2.0,2.0,16.0,0.0,1.0,1,1,10,6,1.678797130472958,1.127877056598663,2,0,0.0,3.0,6.0,0.0,1.0
26678,2024-10-19,Southampton,Leicester City,0.2806,0.241,0.4784,2,1,14,12,2.434364894405007,1.69595749117434,5,1,0.0,4.0,10.0,0.0,0.0,3,2,18,17,2.838264748454094,2.077095843851566,3,0,0.0,3.0,12.0,1.0,2.0
26680,2024-10-19,Bournemouth,Arsenal,0.762,0.1786,0.0594,2,1,13,10,2.184187339618802,0.7182985134422777,1,0,0.0,3.0,9.0,1.0,0.0,0,0,6,3,0.8295468017458913,0.386652149260044,1,1,0.0,2.0,4.0,0.0,0.0
26681,2024-10-20,Wolverhampton Wanderers,Manchester City,0.2016,0.2881,0.5103,1,1,3,3,0.7612166255712508,0.7612166255712508,3,0,0.0,0.0,3.0,0.0,0.0,2,2,22,19,1.369582869112491,1.060736939311027,1,0,2.0,6.0,13.0,0.0,1.0
26679,2024-10-20,Liverpool,Chelsea,0.6225,0.2262,0.1513,2,1,8,6,2.2251714318990707,1.0054610073566437,4,0,0.0,0.0,7.0,1.0,0.0,1,1,12,8,1.340475926175713,0.7316311206668613,3,0,1.0,0.0,10.0,0.0,1.0
26677,2024-10-21,Nottingham Forest,Crystal Palace,0.6418,0.2131,0.1451,1,0,20,15,1.891400499269366,1.491103000938892,2,0,0.0,5.0,15.0,0.0,0.0,0,0,20,16,0.8358681816607709,0.7282177880406375,3,0,0.0,3.0,15.0,0.0,2.0
26682,2024-10-25,Leicester City,Nottingham Forest,0.0468,0.1406,0.8126,1,1,11,10,0.8324153730645774,0.8187908641993996,5,0,0.0,0.0,10.0,0.0,1.0,3,1,20,10,2.5852372664958234,1.283902738243341,3,0,1.0,4.0,14.0,0.0,1.0
26683,2024-10-26,Manchester City,Southampton,0.9467,0.0452,0.0081,1,1,22,19,3.1628592051565643,2.991040125489235,1,0,0.0,4.0,16.0,0.0,2.0,0,0,5,5,0.3699886091053485,0.369988605380058,3,0,0.0,0.0,4.0,0.0,1.0
26684,2024-10-26,Aston Villa,Bournemouth,0.8162,0.1422,0.0416,1,1,18,13,1.9739982932806013,1.7082962952554224,7,0,0.0,4.0,12.0,0.0,2.0,1,1,11,9,0.328651493415236,0.2594413105398415,6,0,0.0,1.0,9.0,0.0,1.0
26685,2024-10-26,Brentford,Ipswich Town,0.8503,0.0898,0.0599,3,2,20,17,4.096629731357098,3.1847215201705694,0,0,1.0,1.0,17.0,1.0,0.0,3,3,11,8,1.6569772344082592,1.2240288536995647,1,1,0.0,2.0,10.0,0.0,0.0
26686,2024-10-26,Brighton,Wolverhampton Wanderers,0.4662,0.2703,0.2635,2,2,19,12,1.5145256426185367,0.9071081485599276,3,0,1.0,4.0,13.0,0.0,1.0,2,1,14,12,1.1369987465441225,0.9761921316385268,3,0,0.0,5.0,7.0,0.0,2.0
26687,2024-10-26,Everton,Fulham,0.1867,0.2839,0.5294,1,1,10,9,0.8848454300314184,0.8436052855104206,1,0,0.0,0.0,9.0,0.0,1.0,1,1,14,12,1.4991022180765865,1.431719498708844,0,0,0.0,1.0,12.0,0.0,1.0
26688,2024-10-27,Chelsea,Newcastle United,0.317,0.2757,0.4073,2,2,17,14,1.6179371550679205,1.4608846977353094,6,0,0.0,2.0,15.0,0.0,0.0,1,1,11,9,1.7465437129139898,1.6392154768109315,3,0,1.0,2.0,7.0,0.0,1.0
26689,2024-10-27,Crystal Palace,Tottenham Hotspur,0.3194,0.3264,0.3542,1,1,14,8,0.981878539547324,0.7467459607869387,4,0,1.0,5.0,6.0,0.0,2.0,0,0,11,6,1.0191975906491275,0.7898627892136573,4,0,0.0,5.0,6.0,0.0,0.0
26690,2024-10-27,West Ham United,Manchester United,0.4816,0.2222,0.2962,2,1,12,11,3.056178148835897,2.2451599463820457,5,0,0.0,2.0,9.0,1.0,0.0,1,1,18,14,2.654681768268347,2.4484609514474864,1,0,1.0,3.0,13.0,0.0,1.0
26691,2024-10-27,Arsenal,Liverpool,0.2606,0.3127,0.4267,2,2,9,8,1.0882991850376127,1.0641520358622072,2,0,0.0,1.0,6.0,0.0,2.0,2,2,9,6,1.3534563062712548,1.2483915761113165,2,0,0.0,1.0,8.0,0.0,0.0
26694,2024-11-02,Newcastle United,Arsenal,0.3122,0.3446,0.3432,1,1,9,7,0.8597152009606358,0.8031533621251581,4,0,0.0,1.0,8.0,0.0,0.0,0,0,10,9,0.9192553795874115,0.9099350422620772,4,0,0.0,3.0,7.0,0.0,0.0
26692,2024-11-02,Bournemouth,Manchester City,0.4071,0.2358,0.3571,2,2,12,10,2.564529187977314,2.0102622136473656,2,0,0.0,0.0,12.0,0.0,0.0,1,1,19,14,2.646974943578243,1.5063041765242815,1,0,0.0,6.0,12.0,0.0,1.0
26695,2024-11-02,Ipswich Town,Leicester City,0.162,0.2044,0.6336,1,1,14,9,1.340055875480175,1.0141701474785805,4,1,1.0,3.0,10.0,0.0,0.0,1,1,20,14,2.3411058634519577,1.7141844071447847,2,0,0.0,6.0,14.0,0.0,0.0
26696,2024-11-02,Liverpool,Brighton,0.5793,0.2344,0.1863,2,2,16,13,1.810369659215212,1.535987552255392,1,0,0.0,3.0,12.0,0.0,1.0,1,1,13,10,1.015681767836213,0.8095605596899983,1,0,2.0,1.0,9.0,0.0,1.0
26698,2024-11-02,Nottingham Forest,West Ham United,0.9176,0.0732,0.0092,3,2,19,14,2.3501077555119987,1.909148335456848,1,0,1.0,2.0,13.0,0.0,3.0,0,0,4,2,0.1323169805109499,0.068055151030421,2,1,0.0,2.0,2.0,0.0,0.0
26699,2024-11-02,Southampton,Everton,0.0769,0.2034,0.7197,1,1,9,8,0.5403450205922125,0.5061609772965308,4,0,0.0,1.0,7.0,0.0,1.0,0,0,16,9,1.7877909336239095,1.559116154909134,2,0,2.0,4.0,8.0,0.0,2.0
26701,2024-11-02,Wolverhampton Wanderers,Crystal Palace,0.1625,0.2097,0.6278,2,2,11,10,1.65116782579571,1.56934966892004,1,0,0.0,1.0,10.0,0.0,0.0,2,1,19,12,2.725300867110491,2.221256628632545,2,0,0.0,5.0,13.0,0.0,1.0
26700,2024-11-03,Tottenham Hotspur,Aston Villa,0.268,0.2601,0.4719,4,3,16,10,2.0975054688751698,1.8718399982899427,2,0,1.0,2.0,12.0,0.0,1.0,1,0,12,11,2.522529667243361,1.607205634005367,0,0,0.0,2.0,8.0,0.0,2.0
26697,2024-11-03,Manchester United,Chelsea,0.6277,0.2289,0.1434,1,0,11,7,2.1605038680136204,0.7996820881962775,6,0,1.0,1.0,8.0,1.0,0.0,1,0,12,8,1.2422373853623865,0.9347176179289816,2,0,0.0,4.0,7.0,0.0,1.0
26693,2024-11-04,Fulham,Brentford,0.5292,0.2933,0.1775,2,2,26,19,1.4458460994064803,0.9016777146607632,2,0,0.0,5.0,21.0,0.0,0.0,1,1,5,4,0.7392313182353972,0.6436606794595717,1,0,0.0,0.0,5.0,0.0,0.0
26702,2024-11-09,Brentford,Bournemouth,0.1761,0.2142,0.6097,3,2,12,9,1.5647412408143275,1.1299447789788244,2,0,0.0,1.0,9.0,0.0,2.0,2,1,15,11,2.493347212672233,1.5275940820574758,4,0,1.0,3.0,10.0,0.0,1.0
26706,2024-11-09,Crystal Palace,Fulham,0.3182,0.233,0.4488,0,0,13,9,1.9770974116399884,1.0469764070585366,1,1,0.0,1.0,11.0,0.0,1.0,2,2,17,16,2.253306996077299,2.221465565264225,1,0,0.0,2.0,15.0,0.0,0.0
26710,2024-11-09,West Ham United,Everton,0.4316,0.3045,0.2639,0,0,11,9,1.1237047165632246,1.036301316693425,1,0,0.0,2.0,9.0,0.0,0.0,0,0,18,13,0.8768813423812385,0.673427954316139,2,0,0.0,3.0,15.0,0.0,0.0
26711,2024-11-09,Wolverhampton Wanderers,Southampton,0.3679,0.3593,0.2728,2,2,8,5,0.9135486874729392,0.8387353643774985,1,0,0.0,0.0,7.0,0.0,1.0,0,0,9,5,0.7926551671698687,0.6484072618186473,4,0,1.0,2.0,6.0,0.0,0.0
26703,2024-11-09,Brighton,Manchester City,0.4425,0.2309,0.3266,2,1,10,7,2.999816432595253,2.2155803591012955,3,0,1.0,0.0,9.0,0.0,0.0,1,0,15,13,3.128096479922533,2.2006867639720435,3,0,0.0,1.0,13.0,0.0,1.0
26707,2024-11-09,Liverpool,Aston Villa,0.6245,0.2004,0.1751,2,1,14,12,2.6949719414114948,2.0584917291998863,0,0,0.0,1.0,10.0,0.0,3.0,0,0,12,9,1.663367237895727,1.1136264130473137,3,0,0.0,6.0,6.0,0.0,0.0
26704,2024-11-10,Nottingham Forest,Newcastle United,0.1929,0.2586,0.5485,1,1,9,8,1.1785193569958206,1.1389732416719198,1,0,0.0,2.0,6.0,0.0,1.0,3,2,17,13,1.9229492833837865,1.1641847677528856,1,0,0.0,3.0,13.0,0.0,1.0
26708,2024-11-10,Manchester United,Leicester City,0.5982,0.2945,0.1073,2,2,13,12,1.2369041116908188,1.2251642011106012,0,0,0.0,0.0,11.0,0.0,2.0,0,0,6,5,0.4172950498759744,0.36508347466588,1,0,0.0,0.0,5.0,0.0,2.0
26709,2024-11-10,Tottenham Hotspur,Ipswich Town,0.2526,0.2562,0.4912,1,1,17,13,1.7536223866045473,1.2583352997899055,1,0,0.0,5.0,12.0,0.0,0.0,2,1,8,5,2.183915320783853,0.7589955423027277,5,0,0.0,2.0,6.0,0.0,0.0
26705,2024-11-10,Chelsea,Arsenal,0.2027,0.2425,0.5548,1,1,17,13,1.240668836981058,1.047790130600333,4,0,3.0,1.0,12.0,0.0,1.0,1,1,13,10,1.968971880152821,1.5435542333871122,2,0,0.0,2.0,11.0,0.0,0.0
26719,2024-11-23,Leicester City,Chelsea,0.0341,0.1172,0.8487,1,0,4,3,0.9679870828986166,0.2068182379007338,4,0,0.0,0.0,3.0,1.0,0.0,2,1,16,11,2.9143615141510963,1.3864323087036607,3,0,0.0,3.0,13.0,0.0,0.0
26712,2024-11-23,Bournemouth,Brighton,0.5236,0.2614,0.215,1,1,18,15,1.9122692793607712,1.8254762105643745,2,0,0.0,4.0,14.0,0.0,0.0,2,1,6,5,1.2402997072786093,0.621095335111022,2,1,0.0,0.0,5.0,0.0,1.0
26714,2024-11-23,Arsenal,Nottingham Forest,0.7179,0.2107,0.0714,3,3,19,18,1.6768836043775075,1.6432442590594287,3,0,0.0,4.0,15.0,0.0,0.0,0,0,7,5,0.403135538101196,0.2860760614275931,2,0,1.0,0.0,4.0,0.0,2.0
26715,2024-11-23,Everton,Brentford,0.4084,0.2773,0.3143,0,0,27,22,1.5968711711466308,1.394820481538772,0,0,0.0,4.0,22.0,0.0,1.0,0,0,9,8,1.3431399585679171,1.2832589140161867,0,1,0.0,0.0,9.0,0.0,0.0
26716,2024-11-23,Aston Villa,Crystal Palace,0.7188,0.1649,0.1163,2,2,17,12,3.0476522929966445,1.480043049901724,3,0,0.0,7.0,9.0,1.0,0.0,2,2,13,8,1.6162723712623115,1.0732945203781126,2,0,1.0,1.0,11.0,0.0,0.0
26717,2024-11-23,Fulham,Wolverhampton Wanderers,0.173,0.3006,0.5264,1,1,10,8,0.7171579916030164,0.6517334114760158,3,0,0.0,1.0,8.0,0.0,1.0,4,4,10,9,1.3390309512615204,1.2478521838784216,0,0,0.0,0.0,10.0,0.0,0.0
26720,2024-11-23,Manchester City,Tottenham Hotspur,0.167,0.1774,0.6556,0,0,23,22,2.1589884329587217,2.095611087977886,4,0,0.0,4.0,19.0,0.0,0.0,4,4,9,9,3.304488066583872,3.304487995803356,2,0,0.0,0.0,9.0,0.0,0.0
26721,2024-11-24,Southampton,Liverpool,0.0739,0.155,0.7711,2,1,7,5,1.9754093550145624,0.6420146096497772,3,0,0.0,1.0,3.0,1.0,2.0,3,1,27,17,3.194276947528124,1.3381449133157726,4,0,1.0,3.0,20.0,1.0,2.0
26718,2024-11-24,Ipswich Town,Manchester United,0.5708,0.244,0.1852,1,1,11,7,1.996147397905588,1.1519165858626363,0,0,1.0,1.0,9.0,0.0,0.0,1,1,11,10,1.2691229339689012,1.202647596597671,0,0,1.0,0.0,10.0,0.0,0.0
26713,2024-11-25,Newcastle United,West Ham United,0.5237,0.2649,0.2114,0,0,18,12,1.529572784900665,0.824932616204023,1,0,0.0,3.0,15.0,0.0,0.0,2,2,15,8,0.9428237378597256,0.638319659978151,0,0,1.0,1.0,13.0,0.0,0.0
26723,2024-11-29,Brighton,Southampton,0.6061,0.2296,0.1643,1,1,22,16,1.8698599822819228,1.2710109818726774,2,0,0.0,3.0,16.0,0.0,3.0,1,0,10,7,0.9476319551467892,0.8102831989526746,4,0,0.0,1.0,8.0,0.0,1.0
26722,2024-11-30,Brentford,Leicester City,0.7088,0.1969,0.0943,4,3,13,10,2.220164351165294,1.7899856157600875,1,0,1.0,0.0,12.0,0.0,0.0,1,1,7,4,0.9075554283335804,0.7531317668035626,1,0,0.0,2.0,4.0,0.0,1.0
26725,2024-11-30,Crystal Palace,Newcastle United,0.9419,0.0569,0.0012,1,1,16,13,2.39194031059742,1.9949856512248516,3,0,0.0,5.0,10.0,0.0,2.0,0,0,1,1,0.0209890250116586,0.0209890250116586,3,0,0.0,1.0,0.0,0.0,0.0
26728,2024-11-30,Nottingham Forest,Ipswich Town,0.7632,0.18,0.0568,1,0,12,9,1.7658728547394271,0.922998197376728,1,0,1.0,3.0,7.0,1.0,0.0,0,0,7,7,0.462771141901612,0.4627711344510315,3,0,0.0,2.0,5.0,0.0,0.0
26731,2024-11-30,Wolverhampton Wanderers,Bournemouth,0.0264,0.0766,0.897,2,2,10,6,0.8660344029776749,0.7497434169054029,5,0,1.0,3.0,6.0,0.0,0.0,4,1,12,8,3.0790077093988657,0.7758942525833844,1,0,0.0,2.0,7.0,3.0,0.0
26730,2024-11-30,West Ham United,Arsenal,0.0221,0.0602,0.9177,2,1,12,6,1.2426080424338577,0.5361558580771085,4,0,2.0,0.0,9.0,0.0,1.0,5,3,16,12,3.9993521319702263,2.37383347004652,1,0,1.0,3.0,9.0,2.0,1.0
26724,2024-12-01,Chelsea,Aston Villa,0.6442,0.2183,0.1375,3,2,17,10,2.0092198587954044,0.7559688985347746,2,0,0.0,0.0,14.0,0.0,3.0,0,0,10,8,0.8845556434243914,0.7802857663482425,2,0,0.0,3.0,5.0,0.0,2.0
26727,2024-12-01,Manchester United,Everton,0.6464,0.2311,0.1225,4,4,11,8,1.7616075351834295,1.612506315112114,2,0,0.0,2.0,9.0,0.0,0.0,0,0,8,5,0.7667487710714339,0.6137403938919305,3,0,2.0,1.0,4.0,0.0,1.0
26729,2024-12-01,Tottenham Hotspur,Fulham,0.2101,0.279,0.5109,1,1,8,5,1.0108593069016931,0.8023542379960416,0,0,2.0,3.0,3.0,0.0,0.0,1,1,14,9,1.5806854255497451,0.916747275739908,1,1,0.0,6.0,8.0,0.0,0.0
26726,2024-12-01,Liverpool,Manchester City,0.9556,0.0348,0.0096,2,1,18,14,3.700535159558057,2.515122167766094,1,0,0.0,5.0,12.0,1.0,0.0,0,0,8,6,0.7450149515643711,0.3719274522736666,3,0,0.0,0.0,8.0,0.0,0.0
26737,2024-12-03,Ipswich Town,Crystal Palace,0.0817,0.2191,0.6992,0,0,9,7,0.4717079726979133,0.43606920260936,2,0,0.0,2.0,6.0,0.0,1.0,1,1,13,9,1.6542215198278425,1.479310791939497,4,0,0.0,4.0,9.0,0.0,0.0
26738,2024-12-03,Leicester City,West Ham United,0.3889,0.1982,0.4129,3,3,8,7,2.780609138309956,2.440121538937092,2,0,0.0,1.0,7.0,0.0,0.0,1,1,31,24,2.9024081565439697,2.5622460842132564,2,0,0.0,5.0,22.0,0.0,4.0
26735,2024-12-04,Everton,Wolverhampton Wanderers,0.5314,0.2926,0.176,2,0,13,7,1.5021156724542375,0.6534415483474729,2,0,1.0,1.0,9.0,0.0,2.0,0,0,6,5,0.8477238751947879,0.8284742049872875,0,0,0.0,2.0,5.0,0.0,1.0
26739,2024-12-04,Manchester City,Nottingham Forest,0.8848,0.0839,0.0313,3,3,17,14,3.223611308261752,2.76276214979589,2,0,1.0,3.0,13.0,0.0,0.0,0,0,12,9,0.8021549070253965,0.4995313361287116,4,0,0.0,1.0,11.0,0.0,0.0
26740,2024-12-04,Newcastle United,Liverpool,0.2287,0.224,0.5473,3,3,17,13,1.5205685719847677,1.260382607579231,2,0,1.0,1.0,13.0,0.0,2.0,3,3,16,10,2.276900984346866,1.2025449723005297,5,0,0.0,2.0,14.0,0.0,0.0
26741,2024-12-04,Southampton,Chelsea,0.0093,0.0242,0.9665,1,1,6,5,1.9101413786411283,1.4045775830745697,1,1,0.0,1.0,5.0,0.0,0.0,5,5,26,17,6.118420170620084,3.720643490552902,0,0,1.0,5.0,20.0,0.0,0.0
26733,2024-12-04,Arsenal,Manchester United,0.9711,0.0262,0.0027,2,2,14,10,2.993674285709857,2.3220186308026314,1,0,0.0,7.0,7.0,0.0,0.0,0,0,5,3,0.2560831699520347,0.195564798079431,3,0,0.0,0.0,1.0,0.0,4.0
26734,2024-12-04,Aston Villa,Brentford,0.8304,0.1131,0.0565,3,1,20,15,3.226380513980984,1.766082478687167,2,0,0.0,3.0,14.0,1.0,2.0,1,0,9,7,1.1326617114245887,0.6107950769364832,2,0,0.0,2.0,7.0,0.0,0.0
26736,2024-12-05,Fulham,Brighton,0.2013,0.3279,0.4708,2,1,6,4,0.6666444018483161,0.2425020774826406,2,0,0.0,1.0,5.0,0.0,0.0,1,1,13,6,1.1039773151278491,0.7662370149046183,2,0,1.0,4.0,8.0,0.0,1.0
26732,2024-12-05,Bournemouth,Tottenham Hotspur,0.9101,0.0674,0.0225,1,1,21,18,3.2905760668218136,2.138989254832268,2,0,0.0,3.0,18.0,0.0,0.0,0,0,12,9,0.6239341199398036,0.450837073847651,2,0,0.0,2.0,10.0,0.0,0.0
26742,2024-12-07,Aston Villa,Southampton,0.886,0.0919,0.0221,1,0,18,14,2.521450088359415,2.0993838459253307,1,0,0.0,4.0,14.0,0.0,0.0,0,0,4,3,0.3858323581516741,0.2619719244539736,3,0,0.0,0.0,4.0,0.0,0.0
26743,2024-12-07,Brentford,Newcastle United,0.3256,0.2421,0.4323,4,3,11,8,1.7459991015493863,1.437644563615322,3,0,0.0,0.0,9.0,0.0,2.0,2,2,16,12,1.9610504135489464,1.7775917723774908,0,0,0.0,2.0,14.0,0.0,0.0
26747,2024-12-07,Crystal Palace,Manchester City,0.2665,0.2649,0.4686,2,2,12,7,1.2147611286491151,0.9377370700240134,1,0,0.0,4.0,8.0,0.0,0.0,2,2,12,10,1.5874345488846298,1.4745668321847916,0,1,0.0,2.0,10.0,0.0,0.0
26744,2024-12-07,Manchester United,Nottingham Forest,0.6066,0.2619,0.1315,2,1,17,13,1.6623177565634248,0.9775309097021814,0,0,1.0,1.0,13.0,0.0,2.0,3,3,11,9,0.6528000384569166,0.5621379613876339,2,0,0.0,2.0,7.0,0.0,2.0
26749,2024-12-08,Fulham,Arsenal,0.0014,0.0264,0.9722,1,1,2,2,0.1509879566729068,0.1509879566729068,4,0,0.0,0.0,2.0,0.0,0.0,1,1,12,10,2.7276004292070866,2.6706346310675144,2,0,0.0,4.0,6.0,0.0,2.0
26750,2024-12-08,Ipswich Town,Bournemouth,0.0631,0.1127,0.8242,1,1,18,14,1.5668041575700042,1.4698582664132118,2,0,0.0,4.0,11.0,0.0,3.0,2,1,22,16,3.982573825865984,3.148881117813289,1,0,0.0,4.0,18.0,0.0,0.0
26751,2024-12-08,Leicester City,Brighton,0.4514,0.2857,0.2629,2,1,10,7,1.4318118281662462,0.9945706017315388,1,0,1.0,1.0,7.0,0.0,1.0,2,1,16,12,1.12183909676969,0.6936670020222658,2,0,2.0,0.0,11.0,0.0,3.0
26745,2024-12-08,Tottenham Hotspur,Chelsea,0.5345,0.2066,0.2589,3,3,13,11,3.2557679638266563,3.1821659356355667,2,0,1.0,2.0,8.0,0.0,2.0,4,1,17,13,2.580835986882448,0.9213397447019812,3,0,0.0,4.0,11.0,2.0,0.0
26746,2024-12-09,West Ham United,Wolverhampton Wanderers,0.2929,0.2694,0.4377,2,2,19,13,1.1980825010687108,0.7197709446772931,5,0,0.0,5.0,8.0,0.0,6.0,1,1,19,15,1.4826572649180887,1.2150892484933131,4,0,0.0,0.0,15.0,0.0,4.0
26752,2024-12-14,Liverpool,Fulham,0.5821,0.2262,0.1917,2,2,16,12,2.1086698789149523,1.8125877864658828,3,1,0.0,1.0,13.0,0.0,2.0,2,2,12,10,1.286197043955326,1.1932647563517094,4,0,1.0,0.0,11.0,0.0,0.0
26755,2024-12-14,Arsenal,Everton,0.7239,0.2452,0.0309,0,0,13,13,1.3086453694850206,1.3086453825235365,0,0,0.0,2.0,11.0,0.0,0.0,0,0,2,1,0.1321656052023171,0.1200020536780357,3,0,0.0,0.0,2.0,0.0,0.0
26758,2024-12-14,Wolverhampton Wanderers,Ipswich Town,0.2239,0.2569,0.5192,1,1,16,11,1.2528833933174608,1.0032048560678957,1,0,0.0,1.0,15.0,0.0,1.0,1,1,10,8,1.774203278124332,1.6700706779956815,2,0,0.0,1.0,9.0,0.0,0.0
26760,2024-12-14,Newcastle United,Leicester City,0.9912,0.0083,0.0005,4,3,27,22,3.971558010205626,2.8199116121977563,3,0,1.0,4.0,20.0,0.0,2.0,0,0,4,3,0.1867589540779589,0.1464061215519904,3,0,0.0,1.0,3.0,0.0,0.0
26761,2024-12-14,Nottingham Forest,Aston Villa,0.8602,0.1107,0.0291,2,2,17,13,2.2871214449405666,2.0882027000188828,0,0,0.0,4.0,13.0,0.0,0.0,1,1,8,7,0.3894233033061026,0.3528106920421122,1,0,0.0,2.0,5.0,0.0,1.0
26756,2024-12-15,Brighton,Crystal Palace,0.0853,0.1405,0.7742,0,0,17,13,1.323233118280768,1.209077117964625,1,0,1.0,1.0,14.0,0.0,1.0,3,3,13,12,3.049707856029272,2.9587109833955765,4,0,0.0,3.0,11.0,0.0,0.0
26753,2024-12-15,Manchester City,Manchester United,0.0592,0.1626,0.7782,1,0,10,5,0.6381032578647134,0.4891584441065787,1,0,0.0,3.0,7.0,0.0,0.0,2,1,10,8,2.0466215517371893,1.2276558745652435,1,0,0.0,0.0,8.0,1.0,1.0
26757,2024-12-15,Chelsea,Brentford,0.586,0.2134,0.2006,2,2,26,19,2.5954342931509014,1.9934081621468065,0,1,0.0,4.0,21.0,0.0,1.0,1,1,9,7,1.697008675895631,1.6060698851943014,2,0,0.0,2.0,7.0,0.0,0.0
26759,2024-12-15,Southampton,Tottenham Hotspur,0.0241,0.0666,0.9093,0,0,9,6,1.2737492620944972,1.2341956878080962,1,0,0.0,1.0,8.0,0.0,0.0,5,3,18,13,3.992116842418909,2.8302115742117167,3,0,0.0,5.0,11.0,0.0,2.0
26754,2024-12-16,Bournemouth,West Ham United,0.4208,0.2448,0.3344,1,0,29,19,2.06377462670207,0.9749424215406176,0,0,1.0,7.0,21.0,0.0,0.0,1,0,16,14,1.8182683121412988,0.9864242821931836,2,0,0.0,3.0,12.0,1.0,0.0
26762,2024-12-21,Aston Villa,Manchester City,0.625,0.2175,0.1575,2,2,11,9,2.0598817281425,1.381386749446392,3,0,0.0,2.0,9.0,0.0,0.0,1,0,12,11,1.1025854870676992,0.7902192454785105,3,0,0.0,0.0,12.0,0.0,0.0
26766,2024-12-21,Brentford,Nottingham Forest,0.2696,0.3449,0.3855,0,0,7,4,0.7690044455230233,0.5732308998703955,3,0,0.0,4.0,3.0,0.0,0.0,2,1,10,8,0.9648965802043674,0.7457104474306104,4,0,0.0,1.0,8.0,0.0,1.0
26767,2024-12-21,West Ham United,Brighton,0.3078,0.2958,0.3964,1,0,11,5,1.246576517820358,0.607547778636217,2,0,0.0,1.0,10.0,0.0,0.0,1,0,12,9,1.3806328102946277,1.0670333579182625,2,0,0.0,2.0,10.0,0.0,0.0
26771,2024-12-21,Ipswich Town,Newcastle United,0.0493,0.1079,0.8428,0,0,10,9,1.0642698537558315,0.6715121660381552,2,0,0.0,1.0,9.0,0.0,0.0,4,3,15,13,3.2338572181761265,3.121086820960045,0,0,0.0,1.0,14.0,0.0,0.0
26765,2024-12-21,Crystal Palace,Arsenal,0.0889,0.1591,0.752,1,1,15,12,1.624510649591684,1.1746883094310758,2,0,0.0,1.0,13.0,0.0,1.0,5,4,14,11,3.537657257169485,2.439573794603348,2,0,0.0,3.0,11.0,0.0,0.0
26763,2024-12-22,Fulham,Southampton,0.6439,0.2824,0.0737,0,0,16,13,1.252547357231378,1.0594343943521378,1,0,0.0,1.0,15.0,0.0,0.0,0,0,5,2,0.2800310216844079,0.1263441666960716,3,0,1.0,1.0,2.0,0.0,1.0
26764,2024-12-22,Everton,Chelsea,0.2011,0.3143,0.4846,0,0,5,2,1.0708061680197716,0.3739506527781486,4,0,1.0,0.0,4.0,0.0,0.0,0,0,12,7,1.714443005621433,1.093422656878829,1,0,2.0,2.0,8.0,0.0,0.0
26769,2024-12-22,Manchester United,Bournemouth,0.4755,0.2552,0.2693,0,0,23,18,2.4468801151961084,1.7769606467336416,1,0,1.0,8.0,13.0,0.0,1.0,3,2,10,8,1.8283090405166147,1.0260459017008543,3,0,0.0,0.0,8.0,1.0,1.0
26770,2024-12-22,Leicester City,Wolverhampton Wanderers,0.2316,0.3222,0.4462,0,0,9,8,0.7886799313127993,0.70833970233798,2,0,0.0,0.0,8.0,0.0,1.0,3,3,8,7,1.135309794917703,1.0965794119983912,0,0,1.0,1.0,6.0,0.0,0.0
26768,2024-12-22,Tottenham Hotspur,Liverpool,0.0035,0.0181,0.9784,3,2,9,7,1.2024466358125208,1.1291938386857507,1,0,0.0,1.0,8.0,0.0,0.0,6,4,24,16,6.027675935067237,3.1609082194045186,2,0,0.0,1.0,22.0,0.0,1.0
26777,2024-12-26,Manchester City,Everton,0.8257,0.1319,0.0424,1,1,24,16,2.520266644656658,1.2878831047564745,1,0,1.0,7.0,13.0,1.0,2.0,1,0,8,6,0.653289498761296,0.2783040758222341,4,0,0.0,3.0,5.0,0.0,0.0
26772,2024-12-26,Bournemouth,Crystal Palace,0.5459,0.3067,0.1474,0,0,18,15,1.219476547092199,1.0515239126980302,2,0,1.0,5.0,12.0,0.0,0.0,0,0,10,9,0.5000664889812466,0.4047429906204341,2,0,0.0,1.0,8.0,0.0,1.0
26775,2024-12-26,Chelsea,Fulham,0.3046,0.2616,0.4338,1,1,12,9,1.5604198612272735,1.1421778416261077,1,0,1.0,0.0,8.0,0.0,3.0,2,2,14,12,1.7792936060577629,1.6708967564627526,3,0,1.0,1.0,12.0,0.0,0.0
26778,2024-12-26,Newcastle United,Aston Villa,0.9441,0.0485,0.0074,3,2,22,14,2.885405927896499,1.8130754232406612,2,0,1.0,2.0,19.0,0.0,0.0,0,0,4,1,0.2279392965137957,0.0825506076216697,1,1,1.0,1.0,0.0,0.0,2.0
26779,2024-12-26,Nottingham Forest,Tottenham Hotspur,0.423,0.3077,0.2693,1,1,10,5,1.316296901553869,0.7755988091230392,3,0,0.0,1.0,9.0,0.0,0.0,0,0,13,11,1.057577885687351,0.9603408873081204,2,1,1.0,3.0,9.0,0.0,0.0
26780,2024-12-26,Southampton,West Ham United,0.4419,0.2527,0.3054,0,0,18,17,2.198808900080621,2.185189183801412,1,0,0.0,1.0,17.0,0.0,0.0,1,1,16,12,1.9845241345465177,1.7080110926181074,2,0,1.0,2.0,12.0,0.0,1.0
26781,2024-12-26,Wolverhampton Wanderers,Manchester United,0.5212,0.3572,0.1216,2,1,7,4,0.8264885339885948,0.7415091302245853,2,0,1.0,2.0,4.0,0.0,0.0,0,0,11,10,0.3588756686076517,0.334744167514145,2,1,0.0,0.0,9.0,0.0,2.0
26776,2024-12-26,Liverpool,Leicester City,0.8314,0.1415,0.0271,3,3,19,16,1.8993474692106245,1.7362006083130834,3,0,0.0,3.0,16.0,0.0,0.0,1,1,4,3,0.223443180322647,0.1815625485032795,2,0,0.0,2.0,2.0,0.0,0.0
26774,2024-12-27,Brighton,Brentford,0.4464,0.2933,0.2603,0,0,24,15,1.3468765337020154,0.8970608264207838,0,0,1.0,3.0,19.0,0.0,1.0,0,0,8,7,0.9612330235540864,0.9135588183999058,2,0,0.0,2.0,6.0,0.0,0.0
26773,2024-12-27,Arsenal,Ipswich Town,0.9234,0.0721,0.0045,1,1,13,12,2.1646150965243574,2.0479641519486904,1,0,1.0,2.0,10.0,0.0,0.0,0,0,3,2,0.0783327426761387,0.0628165742382406,1,0,0.0,0.0,3.0,0.0,0.0
26788,2024-12-29,Leicester City,Manchester City,0.4402,0.2635,0.2963,0,0,11,7,1.843299429863691,1.4262633509933949,2,0,0.0,1.0,9.0,0.0,1.0,2,1,14,10,1.5858932174742215,1.1718392558395858,1,0,1.0,1.0,12.0,0.0,0.0
26784,2024-12-29,Crystal Palace,Southampton,0.808,0.1392,0.0528,2,1,19,10,3.054172873497009,2.225038453936577,2,0,2.0,3.0,13.0,0.0,1.0,1,1,7,6,1.341141582466662,1.303291816264391,3,0,0.0,1.0,5.0,0.0,1.0
26785,2024-12-29,Everton,Nottingham Forest,0.0727,0.1666,0.7607,0,0,13,11,0.6151905637234447,0.5173693466931578,4,0,1.0,1.0,11.0,0.0,0.0,2,2,11,7,2.1749321669340134,1.4573745019733906,1,0,0.0,0.0,11.0,0.0,0.0
26786,2024-12-29,Fulham,Bournemouth,0.1906,0.2453,0.5641,2,2,11,9,0.966578342951834,0.8344106525182723,1,0,0.0,1.0,10.0,0.0,0.0,2,2,16,12,1.706916470080614,1.5042960736900566,3,0,0.0,3.0,13.0,0.0,0.0
26790,2024-12-29,Tottenham Hotspur,Wolverhampton Wanderers,0.8038,0.1449,0.0513,2,2,13,11,2.2843339443206783,1.489792582578957,1,0,0.0,4.0,8.0,1.0,0.0,2,2,11,8,0.6406970731914039,0.5549571830779312,2,0,1.0,4.0,5.0,0.0,1.0
26791,2024-12-29,West Ham United,Liverpool,0.0128,0.0578,0.9294,0,0,7,6,0.5405857451260085,0.5207554865628479,0,0,0.0,1.0,6.0,0.0,0.0,5,4,22,19,3.298681583255529,3.1348438635468483,0,0,0.0,3.0,19.0,0.0,0.0
26782,2024-12-30,Aston Villa,Brighton,0.6329,0.2256,0.1415,2,1,20,15,1.879965828731656,0.9222495174035428,2,0,0.0,4.0,15.0,1.0,0.0,2,2,13,10,0.9380416739732024,0.8401818014681337,3,0,0.0,2.0,11.0,0.0,0.0
26787,2024-12-30,Ipswich Town,Chelsea,0.3269,0.2809,0.3922,2,1,9,5,1.5009264200925827,0.4578488282859324,3,0,0.0,1.0,6.0,1.0,1.0,0,0,20,17,1.6248914115130897,0.9708078950643536,4,0,0.0,0.0,18.0,0.0,2.0
26789,2024-12-30,Manchester United,Newcastle United,0.1201,0.1881,0.6918,0,0,10,8,1.0061508603394027,0.8881576731801031,1,0,0.0,2.0,8.0,0.0,0.0,2,1,12,10,2.242398001253605,1.6578743066638708,1,0,0.0,2.0,10.0,0.0,0.0
26783,2025-01-01,Brentford,Arsenal,0.0169,0.0986,0.8845,1,1,5,3,0.2760184481739997,0.2236889451742171,1,0,0.0,1.0,4.0,0.0,0.0,3,0,14,10,2.105342866852879,0.6195886228233574,2,0,0.0,2.0,12.0,0.0,0.0
26800,2025-01-04,Tottenham Hotspur,Newcastle United,0.0901,0.1716,0.7383,1,1,13,9,1.0154919698834417,0.8111754478886721,1,0,0.0,1.0,12.0,0.0,0.0,2,1,14,11,2.481272178702056,1.3932598754763603,4,0,0.0,5.0,9.0,0.0,0.0
26792,2025-01-04,Bournemouth,Everton,0.8834,0.0878,0.0288,1,1,19,14,2.843806412070989,2.027683733031153,2,0,0.0,5.0,14.0,0.0,0.0,0,0,9,6,0.5610150825232264,0.2666434422135352,2,0,0.0,1.0,8.0,0.0,0.0
26793,2025-01-04,Aston Villa,Leicester City,0.7996,0.1585,0.0419,2,1,13,7,2.345600532367825,1.5176328420639038,0,0,0.0,2.0,11.0,0.0,0.0,1,0,4,2,1.0299887172877789,0.5311647057533264,1,0,0.0,0.0,4.0,0.0,0.0
26795,2025-01-04,Crystal Palace,Chelsea,0.299,0.2753,0.4257,1,1,13,10,1.2766046468168497,1.1930488403886557,0,0,1.0,4.0,7.0,0.0,1.0,1,1,15,13,1.5226921383291478,1.4038884192705154,2,0,0.0,1.0,12.0,0.0,2.0
26798,2025-01-04,Manchester City,West Ham United,0.4955,0.241,0.2635,3,3,10,9,1.979860352352261,1.9488392872735856,2,0,0.0,2.0,8.0,0.0,0.0,1,1,17,15,1.5341124795377252,1.4658008366823192,1,0,1.0,1.0,15.0,0.0,1.0
26799,2025-01-04,Southampton,Brentford,0.0,0.0018,0.9982,0,0,8,7,0.2496136128902432,0.224436309188604,2,0,0.0,0.0,8.0,0.0,0.0,5,3,20,16,5.732756212353706,3.734402827918529,0,0,0.0,0.0,18.0,1.0,1.0
26794,2025-01-04,Brighton,Arsenal,0.3579,0.2825,0.3596,1,0,11,6,1.7651295391842723,0.8412140263244509,2,0,1.0,1.0,7.0,1.0,1.0,1,1,9,9,1.8114238455891607,1.811423845589161,3,0,0.0,1.0,6.0,0.0,2.0
26796,2025-01-05,Fulham,Ipswich Town,0.6982,0.1994,0.1024,2,0,15,10,2.6546923276036978,1.0612678714096546,1,0,0.0,3.0,6.0,2.0,4.0,2,0,7,4,1.443402636796236,0.5517321079969405,5,0,0.0,0.0,6.0,1.0,0.0
26797,2025-01-05,Liverpool,Manchester United,0.6561,0.1928,0.1511,2,1,19,12,2.862003892660141,1.6433723503723736,2,0,1.0,2.0,15.0,1.0,0.0,2,1,13,8,1.6889609452337022,1.0475242640823126,4,0,0.0,3.0,10.0,0.0,0.0
26801,2025-01-06,Wolverhampton Wanderers,Nottingham Forest,0.2109,0.2442,0.5449,0,0,13,9,1.9643718637526035,0.9021002426743504,1,0,0.0,3.0,9.0,0.0,1.0,3,3,11,8,2.572274355217814,2.005759596824646,2,0,1.0,1.0,9.0,0.0,0.0
26803,2025-01-14,Brentford,Manchester City,0.344,0.2081,0.4479,2,2,18,17,2.394373022019863,2.3252762965857983,0,0,0.0,1.0,16.0,0.0,1.0,2,1,21,20,2.669802002608776,2.2701686993241306,0,0,0.0,3.0,18.0,0.0,0.0
26808,2025-01-14,West Ham United,Fulham,0.0454,0.1195,0.8351,3,2,4,3,0.9373221695423124,0.888265274465084,3,0,0.0,0.0,4.0,0.0,0.0,2,2,21,17,2.8392545543611045,2.037976903840899,3,0,1.0,1.0,18.0,0.0,1.0
26809,2025-01-14,Chelsea,Bournemouth,0.7303,0.1818,0.0879,2,1,26,18,2.8158605704084034,1.78438139334321,2,0,2.0,5.0,18.0,0.0,1.0,2,1,7,6,1.1484504528343673,0.3872816171497104,3,0,0.0,1.0,4.0,1.0,1.0
26807,2025-01-14,Nottingham Forest,Liverpool,0.0251,0.0922,0.8827,1,1,6,3,0.5292000006884336,0.4395358376204967,2,0,1.0,0.0,5.0,0.0,0.0,1,1,23,16,2.7229089718312025,1.9894389808177948,1,0,0.0,4.0,19.0,0.0,0.0
26804,2025-01-15,Everton,Aston Villa,0.3421,0.2933,0.3646,0,0,10,6,1.2312615327537058,1.1022635921835895,2,0,0.0,3.0,6.0,0.0,1.0,1,1,11,7,1.306489758193493,0.6349768489599226,1,0,1.0,0.0,10.0,0.0,0.0
26806,2025-01-15,Leicester City,Crystal Palace,0.332,0.242,0.426,0,0,21,17,2.1000348702073093,1.9705322301015251,0,0,2.0,1.0,18.0,0.0,0.0,2,2,9,7,2.265732236206531,2.169096663594246,0,0,0.0,0.0,8.0,0.0,1.0
26810,2025-01-15,Newcastle United,Wolverhampton Wanderers,0.5366,0.2243,0.2391,3,2,17,13,2.133272103965282,1.902942841872573,0,0,0.0,1.0,15.0,0.0,1.0,0,0,13,12,1.47433085180819,1.4087468143552535,2,0,0.0,0.0,11.0,0.0,2.0
26802,2025-01-15,Arsenal,Tottenham Hotspur,0.7393,0.1752,0.0855,1,1,14,9,2.2732098475098605,1.9736767411231992,3,0,0.0,1.0,13.0,0.0,0.0,1,0,10,8,0.7770713679492471,0.7232194170355795,1,0,0.0,4.0,7.0,0.0,0.0
26805,2025-01-16,Ipswich Town,Brighton,0.0804,0.3326,0.587,0,0,5,4,0.2681265994906424,0.1763642132282254,2,0,0.0,0.0,5.0,0.0,0.0,2,1,11,10,1.0634346157312389,0.975213276222348,2,0,0.0,2.0,8.0,0.0,1.0
26811,2025-01-16,Manchester United,Southampton,0.7548,0.145,0.1002,3,1,23,18,3.1264581084251404,2.1597800627350803,1,0,0.0,1.0,22.0,0.0,1.0,0,0,13,10,1.451205689460039,0.7659728378057475,3,0,1.0,1.0,11.0,0.0,0.0
26819,2025-01-18,Newcastle United,Bournemouth,0.0695,0.1343,0.7962,1,1,13,7,0.8603107500821348,0.5816735513508317,1,0,1.0,3.0,6.0,0.0,3.0,4,4,19,15,2.7350376583635803,2.336313607171178,6,0,0.0,3.0,15.0,0.0,1.0
26813,2025-01-18,Brentford,Liverpool,0.0249,0.0644,0.9107,0,0,11,9,1.2002117559313774,1.1163158658891914,2,0,0.0,1.0,9.0,0.0,1.0,2,2,37,33,4.17981675080955,3.9510817416012287,3,0,0.0,6.0,29.0,0.0,2.0
26817,2025-01-18,Leicester City,Fulham,0.0384,0.1352,0.8264,0,0,8,5,0.6769335735589262,0.1934162154793738,3,0,0.0,1.0,7.0,0.0,0.0,2,2,17,13,2.6514159925282,2.378271140158176,1,0,1.0,3.0,13.0,0.0,0.0
26821,2025-01-18,West Ham United,Crystal Palace,0.0243,0.152,0.8237,0,0,7,5,0.2210615351796148,0.1599903050810096,1,1,0.0,3.0,4.0,0.0,0.0,2,1,12,9,1.6256133522838352,0.7317104544490574,0,0,0.0,0.0,8.0,1.0,3.0
26812,2025-01-18,Arsenal,Aston Villa,0.4688,0.2781,0.2531,2,2,17,11,1.644584195688367,1.3151421491056678,2,0,0.0,4.0,12.0,0.0,1.0,2,2,8,5,1.206017706543207,1.0575246289372442,3,0,0.0,0.0,7.0,0.0,1.0
26815,2025-01-19,Everton,Tottenham Hotspur,0.6673,0.1943,0.1384,2,2,12,11,2.560890829190612,2.477499967440963,2,0,0.0,2.0,9.0,0.0,1.0,2,1,11,6,1.3640892598778005,1.084583342075348,1,0,0.0,2.0,10.0,0.0,0.0
26818,2025-01-19,Manchester United,Brighton,0.1466,0.2332,0.6202,1,0,10,9,1.321094376966357,0.5599255599081514,3,0,0.0,2.0,7.0,1.0,0.0,3,2,6,5,2.171719506382942,1.7476552072912457,3,0,0.0,0.0,6.0,0.0,0.0
26820,2025-01-19,Nottingham Forest,Southampton,0.7025,0.2129,0.0846,3,3,14,9,3.10254256054759,1.99254353903234,0,0,1.0,1.0,9.0,0.0,3.0,2,2,10,9,1.2603229042142623,1.2493489682674404,4,0,0.0,4.0,3.0,0.0,3.0
26816,2025-01-19,Ipswich Town,Manchester City,0.0313,0.0809,0.8878,0,0,8,7,0.7956366008147595,0.78521610237658,0,0,0.0,2.0,4.0,0.0,2.0,6,5,17,13,3.2096304260194297,2.442397691309452,1,0,0.0,3.0,14.0,0.0,0.0
26814,2025-01-20,Chelsea,Wolverhampton Wanderers,0.8751,0.0966,0.0283,3,2,19,12,3.2093339981511235,2.5023488737642765,4,0,0.0,4.0,12.0,0.0,3.0,1,0,9,8,1.0672611854970453,0.3724192082881925,2,0,0.0,1.0,7.0,0.0,1.0
26822,2025-01-25,Bournemouth,Nottingham Forest,0.8133,0.1202,0.0665,5,4,16,9,2.870561391115188,1.7557066716253755,2,0,1.0,0.0,14.0,0.0,1.0,0,0,18,12,1.0000570267438884,0.7811139468103646,3,0,2.0,4.0,9.0,0.0,3.0
26824,2025-01-25,Brighton,Everton,0.2006,0.3683,0.4311,0,0,16,9,0.643779497593641,0.3508331663906572,4,0,0.0,1.0,14.0,0.0,1.0,1,0,3,1,0.8708834424614905,0.095846489071846,4,0,0.0,1.0,1.0,1.0,0.0
26827,2025-01-25,Liverpool,Ipswich Town,0.7524,0.1872,0.0604,4,3,16,12,2.2766659855842586,1.4313004687428472,0,0,0.0,2.0,14.0,0.0,0.0,1,1,3,2,0.8047068919986486,0.7873832583427429,2,0,0.0,2.0,1.0,0.0,0.0
26829,2025-01-25,Southampton,Newcastle United,0.0343,0.0917,0.874,1,1,12,10,0.825902256183326,0.6859209332615135,1,0,0.0,2.0,10.0,0.0,0.0,3,2,17,14,3.0831898171454664,1.8002255484461784,0,0,0.0,3.0,12.0,1.0,1.0
26831,2025-01-25,Wolverhampton Wanderers,Arsenal,0.1951,0.3648,0.4401,0,0,9,7,0.5147236287593839,0.3954955935478207,0,1,0.0,1.0,8.0,0.0,0.0,1,0,9,7,0.8941059485077855,0.6768722571432588,1,1,1.0,0.0,6.0,0.0,2.0
26828,2025-01-25,Manchester City,Chelsea,0.5598,0.2262,0.214,3,3,15,11,2.3604351859539747,2.096856454387307,3,0,1.0,1.0,11.0,0.0,2.0,1,1,10,8,1.4984323419630523,1.043678641319275,2,0,0.0,1.0,8.0,0.0,1.0
26825,2025-01-26,Crystal Palace,Brentford,0.1717,0.2637,0.5646,1,1,16,10,1.2317652683705087,0.9000837244093417,2,0,2.0,0.0,11.0,0.0,3.0,2,1,13,10,1.9203674504533408,1.092969039455056,2,0,1.0,3.0,8.0,1.0,0.0
26830,2025-01-26,Tottenham Hotspur,Leicester City,0.2769,0.3568,0.3663,1,1,14,10,1.2756627723574634,1.1753901988267896,1,0,1.0,2.0,8.0,0.0,3.0,2,2,12,9,1.4052054099738596,1.2914665024727578,5,0,0.0,1.0,11.0,0.0,0.0
26823,2025-01-26,Aston Villa,West Ham United,0.1721,0.2404,0.5875,1,1,14,11,0.9091036077588792,0.8039731495082376,2,0,1.0,0.0,12.0,0.0,1.0,1,1,14,8,1.6815887764096258,1.1248929016292093,3,0,0.0,1.0,10.0,0.0,3.0
26826,2025-01-26,Fulham,Manchester United,0.3804,0.5075,0.1121,0,0,9,7,0.5605705454945561,0.3734461907297369,0,0,0.0,2.0,7.0,0.0,0.0,1,0,4,1,0.2019881606101988,0.0959480255842208,1,0,1.0,0.0,2.0,0.0,1.0
26840,2025-02-01,Nottingham Forest,Brighton,0.969,0.0256,0.0054,6,4,14,12,4.182436496019363,3.071442425251006,1,0,0.0,2.0,11.0,1.0,0.0,0,0,10,6,0.7562962733209129,0.5643534269183871,3,0,1.0,1.0,9.0,0.0,0.0
26832,2025-02-01,Bournemouth,Liverpool,0.1696,0.1937,0.6367,0,0,14,8,1.6605082768946884,1.1192104145884514,2,0,0.0,0.0,13.0,0.0,1.0,2,1,19,14,2.72190329991281,1.6908407770097251,3,0,0.0,4.0,14.0,1.0,0.0
26836,2025-02-01,Everton,Leicester City,0.9305,0.0535,0.016,4,3,13,11,3.11260936781764,2.5833230316638947,0,0,0.0,2.0,11.0,0.0,0.0,0,0,9,6,0.4518258441239593,0.2436728589236735,0,0,1.0,4.0,4.0,0.0,0.0
26837,2025-02-01,Ipswich Town,Southampton,0.5756,0.2593,0.1651,1,0,15,9,1.9484506621956823,0.8963476829230782,0,0,2.0,0.0,12.0,0.0,1.0,2,0,9,5,1.2191344052553177,0.2029369287192819,3,0,0.0,2.0,7.0,0.0,0.0
26839,2025-02-01,Newcastle United,Fulham,0.2568,0.2823,0.4609,1,0,11,10,1.2271599378436802,0.8556177653372286,4,0,0.0,1.0,7.0,0.0,3.0,2,2,15,13,1.6088124774396415,1.556302836164832,4,0,0.0,3.0,11.0,0.0,1.0
26841,2025-02-01,Wolverhampton Wanderers,Aston Villa,0.7201,0.194,0.0859,2,1,8,3,2.053843438625336,1.234954059123993,2,0,1.0,0.0,7.0,0.0,0.0,0,0,10,8,0.742808924987912,0.6463968623429537,3,0,0.0,4.0,5.0,0.0,1.0
26834,2025-02-02,Brentford,Tottenham Hotspur,0.5556,0.2508,0.1936,0,0,20,11,1.669067556969821,1.2336704581975937,0,0,1.0,3.0,16.0,0.0,1.0,1,1,13,12,0.946643643081188,0.9049139376729723,1,0,0.0,1.0,12.0,0.0,0.0
26838,2025-02-02,Manchester United,Crystal Palace,0.1555,0.2072,0.6373,0,0,17,12,1.5092653650790449,1.3158990591764448,3,0,0.0,8.0,7.0,0.0,2.0,2,1,11,9,2.4792063757777214,1.6078755371272562,1,0,0.0,0.0,9.0,0.0,2.0
26833,2025-02-02,Arsenal,Manchester City,0.5825,0.2677,0.1498,5,4,12,9,1.5320209637284274,1.3993957117199896,2,0,0.0,3.0,9.0,0.0,0.0,1,1,7,5,0.7431908361613749,0.6556494534015656,0,0,0.0,2.0,5.0,0.0,0.0
26835,2025-02-03,Chelsea,West Ham United,0.4124,0.2751,0.3125,1,0,22,17,1.416141595691442,0.9785368852317328,3,0,1.0,4.0,16.0,0.0,1.0,1,0,14,7,1.186797251924872,0.7182099670171733,1,0,1.0,2.0,10.0,0.0,2.0
26748,2025-02-12,Everton,Liverpool,0.3088,0.35,0.3412,2,2,10,9,0.9105225950479506,0.8911092616617676,2,1,0.0,0.0,8.0,0.0,2.0,2,1,6,5,0.9640374332666396,0.5675026178359984,2,1,0.0,0.0,6.0,0.0,0.0
26843,2025-02-14,Brighton,Chelsea,0.7552,0.1726,0.0722,3,3,13,9,2.068921977654099,1.9469827376306057,1,0,0.0,1.0,11.0,0.0,1.0,0,0,8,6,0.6497884560376403,0.5810031723231075,2,0,0.0,2.0,6.0,0.0,0.0
26846,2025-02-15,Leicester City,Arsenal,0.028,0.1538,0.8182,0,0,6,4,0.2332091741263864,0.1557656936347483,2,0,0.0,0.0,6.0,0.0,0.0,2,2,11,8,1.7500042328611014,1.644700694829225,1,0,0.0,0.0,10.0,0.0,1.0
26842,2025-02-15,Aston Villa,Ipswich Town,0.9322,0.0564,0.0114,1,0,25,17,2.929321931675076,1.3533610217273233,0,0,2.0,7.0,14.0,0.0,2.0,1,1,4,2,0.3328642584383486,0.242174319922924,3,1,1.0,0.0,3.0,0.0,0.0
26845,2025-02-15,Fulham,Nottingham Forest,0.8401,0.1266,0.0333,2,2,24,15,2.2312218546867366,1.7584598464891312,0,0,0.0,6.0,17.0,0.0,1.0,1,1,8,5,0.331679203547537,0.2418805845081804,0,0,0.0,0.0,7.0,0.0,1.0
26848,2025-02-15,Manchester City,Newcastle United,0.8953,0.0917,0.013,4,4,11,11,2.120038265362382,2.120038229972124,0,0,0.0,3.0,8.0,0.0,0.0,0,0,3,3,0.1572110205888746,0.1572110205888746,1,0,0.0,1.0,2.0,0.0,0.0
26849,2025-02-15,Southampton,Bournemouth,0.1063,0.2076,0.6861,1,1,11,11,0.9744178662076588,0.9744178690016264,1,0,0.0,1.0,8.0,0.0,2.0,3,3,14,13,2.087222561240196,2.022836286574602,3,0,0.0,2.0,12.0,0.0,0.0
26851,2025-02-15,West Ham United,Brentford,0.0938,0.1906,0.7156,0,0,13,7,0.6734659718349572,0.3262062016874549,1,0,2.0,3.0,8.0,0.0,0.0,1,0,14,10,1.9649915806949136,1.0589175038039682,1,0,1.0,0.0,13.0,0.0,0.0
26844,2025-02-15,Crystal Palace,Everton,0.7009,0.1861,0.113,1,1,17,14,2.3064640238881107,1.8325728047639127,0,0,0.0,3.0,12.0,0.0,2.0,2,1,11,9,1.0216318070888517,0.85316514223814,1,0,0.0,1.0,8.0,0.0,2.0
26847,2025-02-16,Liverpool,Wolverhampton Wanderers,0.6122,0.2355,0.1523,2,0,10,4,1.8675843551754951,0.2127236053347584,2,0,0.0,3.0,6.0,1.0,0.0,1,1,16,11,1.0552255949005482,0.8299511875957246,2,0,2.0,1.0,12.0,0.0,1.0
26850,2025-02-16,Tottenham Hotspur,Manchester United,0.5145,0.2364,0.2491,1,0,22,18,2.046595180407166,1.1781312562525268,1,0,0.0,7.0,13.0,0.0,2.0,0,0,16,13,1.4332150258123872,1.172019775956869,2,0,0.0,4.0,11.0,0.0,1.0
26884,2025-02-19,Aston Villa,Liverpool,0.1458,0.2222,0.632,2,1,9,5,1.0493584210053084,0.5631443932652472,1,0,0.0,2.0,5.0,0.0,2.0,2,2,17,16,2.042792651802301,1.9516758657991888,0,0,0.0,2.0,15.0,0.0,0.0
26858,2025-02-21,Leicester City,Brentford,0.0917,0.1945,0.7138,0,0,8,6,0.7279009521007537,0.6511401906609535,4,0,0.0,0.0,8.0,0.0,0.0,4,3,14,11,2.0685347001999617,1.871216267347336,0,0,0.0,2.0,10.0,0.0,2.0
26855,2025-02-22,Everton,Manchester United,0.7638,0.1698,0.0664,2,1,9,7,2.104437591508031,1.7464490979909897,3,0,0.0,2.0,7.0,0.0,0.0,2,0,9,4,0.6477951034903525,0.4775017946958541,1,0,2.0,3.0,2.0,0.0,2.0
26852,2025-02-22,Bournemouth,Wolverhampton Wanderers,0.0614,0.1686,0.77,0,0,8,6,0.6296906620264051,0.5705402139574287,3,1,0.0,2.0,6.0,0.0,0.0,1,1,13,9,2.1157307699322696,1.6351722646504638,3,0,1.0,0.0,11.0,0.0,1.0
26853,2025-02-22,Arsenal,West Ham United,0.4239,0.3113,0.2648,0,0,20,17,1.375022331252694,1.143742889165878,1,1,1.0,2.0,13.0,0.0,4.0,1,1,5,5,1.0268360376358032,1.0268360264599323,3,0,0.0,0.0,4.0,0.0,1.0
26856,2025-02-22,Fulham,Crystal Palace,0.0391,0.2007,0.7602,0,0,10,6,0.2342603662982579,0.1181804984807967,1,0,0.0,6.0,4.0,0.0,1.0,1,1,10,7,1.4979475121945145,1.3576649278402328,3,0,1.0,3.0,6.0,0.0,0.0
26857,2025-02-22,Ipswich Town,Tottenham Hotspur,0.2241,0.2857,0.4902,1,1,17,14,1.1636964781209826,1.0412751846015451,2,0,1.0,2.0,11.0,0.0,3.0,4,4,10,9,1.6317584104835985,1.5507918819785116,1,0,0.0,0.0,10.0,0.0,0.0
26861,2025-02-22,Southampton,Brighton,0.0,0.0021,0.9979,0,0,6,5,0.1541465139016507,0.1375234751030801,2,0,0.0,2.0,3.0,0.0,1.0,4,3,18,14,5.120184760540724,4.0694801565259695,0,0,1.0,2.0,15.0,0.0,0.0
26854,2025-02-22,Aston Villa,Chelsea,0.5071,0.2492,0.2437,2,2,12,9,2.694128587841988,2.3724768590182066,1,0,0.0,1.0,10.0,0.0,1.0,1,1,15,12,2.175914879888296,2.031214840710163,3,0,0.0,3.0,12.0,0.0,0.0
26860,2025-02-23,Newcastle United,Nottingham Forest,0.6361,0.2024,0.1615,4,2,13,8,3.490176863968372,1.1675717383623123,1,0,0.0,1.0,8.0,1.0,3.0,3,1,17,11,2.43921142630279,1.568203460425138,4,0,0.0,6.0,10.0,0.0,1.0
26859,2025-02-23,Manchester City,Liverpool,0.2307,0.3757,0.3936,0,0,16,13,0.5824795924127099,0.4153239810839292,0,0,1.0,1.0,14.0,0.0,0.0,2,2,8,6,0.8070577941834924,0.681937452405691,0,0,0.0,3.0,5.0,0.0,0.0
26863,2025-02-25,Brighton,Bournemouth,0.5925,0.2144,0.1931,2,1,11,6,2.580788780003786,1.308509640395641,2,0,1.0,0.0,7.0,1.0,2.0,1,1,19,17,1.7338237464427946,1.0681448113173244,1,0,0.0,6.0,12.0,0.0,1.0
26867,2025-02-25,Wolverhampton Wanderers,Fulham,0.2308,0.264,0.5052,1,1,18,10,0.9321880303323268,0.5573447123169896,1,0,3.0,3.0,10.0,0.0,2.0,2,2,11,10,1.4347305707633495,1.3198630437254903,3,0,0.0,1.0,10.0,0.0,0.0
26868,2025-02-25,Crystal Palace,Aston Villa,0.9849,0.0127,0.0024,4,3,19,14,4.422010036185383,2.9797622859478,3,0,1.0,5.0,13.0,0.0,0.0,1,1,6,5,0.6672168597579,0.6243806704878804,1,0,0.0,3.0,3.0,0.0,0.0
26869,2025-02-25,Chelsea,Southampton,0.8414,0.1106,0.048,4,4,19,17,2.989087041467428,2.908131431788206,1,0,1.0,4.0,13.0,0.0,1.0,0,0,7,6,0.8450385741889476,0.8308440446853638,2,0,0.0,1.0,5.0,0.0,1.0
26862,2025-02-26,Brentford,Everton,0.3083,0.3272,0.3645,1,0,12,8,1.7182452557608483,0.8118889778852459,2,0,0.0,1.0,10.0,0.0,1.0,1,1,14,10,1.449549868702888,0.8462921706959603,1,0,0.0,2.0,12.0,0.0,0.0
26864,2025-02-26,Nottingham Forest,Arsenal,0.1237,0.2822,0.5941,0,0,6,4,0.5086110923439263,0.4336368888616561,1,0,0.0,0.0,4.0,0.0,2.0,0,0,13,12,1.3176632933318613,1.2788273729383943,1,0,0.0,5.0,8.0,0.0,0.0
26865,2025-02-26,Tottenham Hotspur,Manchester City,0.1445,0.1966,0.6589,0,0,11,11,1.284258387982845,1.284258425235748,3,0,0.0,3.0,6.0,0.0,2.0,1,0,12,8,2.3864146433770657,1.6923515759408472,0,0,1.0,0.0,9.0,0.0,2.0
26871,2025-02-26,Manchester United,Ipswich Town,0.4582,0.3388,0.203,2,1,10,6,1.5893143545836208,0.61416782066226,4,1,0.0,6.0,4.0,0.0,0.0,2,1,12,8,1.0449822153896091,0.324491914361715,4,0,0.0,2.0,10.0,0.0,1.0
26870,2025-02-26,Liverpool,Newcastle United,0.6317,0.2727,0.0956,2,2,12,12,1.4002684354782102,1.4002684354782102,0,0,0.0,0.0,12.0,0.0,0.0,0,0,3,1,0.4588200934231281,0.3771337270736694,1,0,1.0,0.0,2.0,0.0,0.0
26866,2025-02-27,West Ham United,Leicester City,0.844,0.1313,0.0247,1,0,8,6,2.0717530995607376,1.4130543917417524,0,0,0.0,3.0,5.0,0.0,0.0,0,0,10,5,0.2895781844854351,0.1521696429699656,0,0,1.0,2.0,7.0,0.0,1.0
26878,2025-03-08,Nottingham Forest,Manchester City,0.2224,0.4104,0.3672,1,1,9,9,0.5014760866761205,0.5014760959893462,3,0,0.0,1.0,7.0,0.0,1.0,0,0,14,10,0.721233911812305,0.4952595531940458,2,0,1.0,2.0,11.0,0.0,0.0
26873,2025-03-08,Brighton,Fulham,0.7336,0.201,0.0654,2,1,9,6,1.9441728778183456,1.094963554292917,0,0,0.0,0.0,7.0,1.0,1.0,1,1,6,5,0.7082269750535487,0.6448574382811784,2,0,0.0,2.0,4.0,0.0,0.0
26875,2025-03-08,Crystal Palace,Ipswich Town,0.7226,0.1671,0.1103,1,0,19,14,3.138789081946016,2.1167579693719745,4,0,1.0,5.0,13.0,0.0,0.0,0,0,15,11,1.9888589307665825,0.7694600354880092,3,0,0.0,5.0,9.0,0.0,1.0
26876,2025-03-08,Liverpool,Southampton,0.9927,0.0062,0.0011,3,1,28,22,5.109887272119522,3.102587040513754,2,0,0.0,5.0,21.0,2.0,0.0,1,0,6,5,0.5115655940026042,0.2168535869568584,1,0,0.0,2.0,4.0,0.0,0.0
26872,2025-03-08,Brentford,Aston Villa,0.1633,0.2951,0.5416,0,0,13,9,0.6509572267532345,0.4495647782459854,2,0,0.0,3.0,10.0,0.0,0.0,1,1,12,7,1.2994339950382707,0.9485655538737772,2,0,1.0,0.0,9.0,0.0,2.0
26881,2025-03-08,Wolverhampton Wanderers,Everton,0.194,0.2875,0.5185,1,1,11,8,0.8124320134520527,0.6727806646376846,2,0,1.0,2.0,8.0,0.0,0.0,1,1,12,10,1.36719742976129,1.2083209250122304,2,0,0.0,3.0,8.0,0.0,1.0
26874,2025-03-09,Chelsea,Leicester City,0.8869,0.1028,0.0103,1,1,20,18,1.7684381008148191,0.980394262820482,1,0,0.0,5.0,14.0,1.0,0.0,0,0,3,2,0.1084868125617503,0.0756659060716627,0,0,0.0,0.0,3.0,0.0,0.0
26879,2025-03-09,Tottenham Hotspur,Bournemouth,0.1689,0.2356,0.5955,2,1,12,10,1.350528006441891,0.5613273521885274,3,0,0.0,3.0,8.0,1.0,0.0,2,2,17,9,2.2480517858639355,1.2994413301348684,3,0,1.0,3.0,11.0,0.0,2.0
26877,2025-03-09,Manchester United,Arsenal,0.2494,0.2503,0.5003,1,0,10,8,1.3110668417066331,1.0883167237043376,0,0,1.0,0.0,8.0,0.0,1.0,1,1,17,12,1.87018561270088,1.1963792033493517,1,0,1.0,3.0,12.0,0.0,1.0
26880,2025-03-10,West Ham United,Newcastle United,0.1317,0.2723,0.596,0,0,9,6,0.8239864148199557,0.2462154747918244,0,0,0.0,1.0,8.0,0.0,0.0,1,1,9,8,1.6322544794529674,1.032751929014921,1,0,0.0,1.0,8.0,0.0,0.0
26885,2025-03-15,Everton,West Ham United,0.5617,0.2988,0.1395,1,1,13,11,1.1890036612749098,1.0968511179089544,1,0,0.0,3.0,10.0,0.0,0.0,1,1,9,9,0.5160286277532575,0.5160286100581287,2,0,0.0,3.0,5.0,0.0,1.0
26887,2025-03-15,Ipswich Town,Nottingham Forest,0.1282,0.2796,0.5922,2,2,11,7,0.5208391100168225,0.3896439373493193,1,0,1.0,4.0,5.0,0.0,1.0,4,3,11,7,1.307219324633479,0.7518026717007158,1,0,0.0,3.0,8.0,0.0,0.0
26889,2025-03-15,Manchester City,Brighton,0.3549,0.2457,0.3994,2,1,11,7,2.0578951984643936,1.0641850717365742,2,0,0.0,3.0,7.0,1.0,1.0,1,0,15,12,2.1111858468502755,1.7121923416852949,5,0,1.0,3.0,11.0,0.0,0.0
26891,2025-03-15,Southampton,Wolverhampton Wanderers,0.5861,0.2875,0.1264,1,0,10,9,1.3193344268947838,0.752958284690976,0,0,0.0,2.0,7.0,0.0,1.0,2,2,5,5,0.5407183021306989,0.540718302130699,0,0,0.0,0.0,5.0,0.0,0.0
26882,2025-03-15,Bournemouth,Brentford,0.4739,0.2501,0.276,0,0,17,16,2.0299809249117966,1.9762031221762293,3,0,0.0,1.0,16.0,0.0,0.0,2,1,10,7,1.6032084450125692,0.934502989053726,0,0,1.0,2.0,7.0,0.0,1.0
26883,2025-03-16,Arsenal,Chelsea,0.4147,0.45,0.1353,1,1,12,8,0.6957245394587515,0.429615397006273,3,0,1.0,2.0,9.0,0.0,0.0,0,0,8,5,0.2920449450612067,0.1577002219855784,3,0,0.0,0.0,8.0,0.0,0.0
26886,2025-03-16,Fulham,Tottenham Hotspur,0.2471,0.284,0.4689,2,1,13,7,1.039665017277002,0.6723977848887441,0,0,0.0,3.0,8.0,0.0,2.0,0,0,12,11,1.4086545007303355,1.3560700416564937,0,0,0.0,3.0,7.0,0.0,2.0
26888,2025-03-16,Leicester City,Manchester United,0.4016,0.2898,0.3086,0,0,11,8,1.3069433560594914,0.914392937906086,2,0,0.0,0.0,10.0,0.0,1.0,3,3,18,11,1.1389201674610372,0.8718747971579431,0,0,0.0,4.0,13.0,0.0,1.0
26892,2025-04-01,Arsenal,Fulham,0.5873,0.2548,0.1579,2,2,17,11,2.4493286274373527,2.1535601168870926,1,0,0.0,3.0,13.0,0.0,1.0,1,1,9,7,1.4420641129836438,1.347472426481545,2,0,0.0,2.0,7.0,0.0,0.0
26895,2025-04-01,Wolverhampton Wanderers,West Ham United,0.1952,0.2691,0.5357,1,0,9,7,1.1035851314663887,0.9949764311313628,4,0,1.0,0.0,7.0,0.0,1.0,0,0,10,6,1.7410200946033,1.1857867166399956,2,0,2.0,0.0,8.0,0.0,0.0
26894,2025-04-01,Nottingham Forest,Manchester United,0.077,0.191,0.732,1,1,8,7,0.5150326453149314,0.4948340281844134,1,0,0.0,1.0,6.0,0.0,1.0,0,0,23,19,1.8869751971215007,1.3061815351247783,3,0,0.0,5.0,18.0,0.0,0.0
26893,2025-04-02,Brighton,Aston Villa,0.1514,0.2948,0.5538,0,0,11,8,0.562074885703623,0.3589845029637213,1,0,1.0,1.0,9.0,0.0,0.0,3,3,8,7,1.2071451712399717,1.1785166710615156,3,0,0.0,0.0,6.0,0.0,2.0
26896,2025-04-02,Bournemouth,Ipswich Town,0.5322,0.248,0.2198,1,0,24,14,2.048369960859417,1.0819959193468092,1,0,0.0,4.0,17.0,0.0,3.0,2,2,10,9,1.4126271884888408,1.3948123259469865,2,0,0.0,2.0,8.0,0.0,0.0
26898,2025-04-02,Manchester City,Leicester City,0.8769,0.1115,0.0116,2,1,18,13,2.072881646454334,1.4447351582348344,1,0,2.0,1.0,11.0,0.0,4.0,0,0,2,2,0.1047409698367117,0.1047409698367118,4,0,0.0,0.0,2.0,0.0,0.0
26899,2025-04-02,Newcastle United,Brentford,0.5477,0.2381,0.2142,2,2,21,16,2.266560005955398,1.935007778927684,1,0,0.0,2.0,19.0,0.0,0.0,1,0,12,8,1.536313712596893,0.6306547634303568,1,0,0.0,1.0,10.0,1.0,0.0
26900,2025-04-02,Southampton,Crystal Palace,0.2392,0.3508,0.41,1,1,8,6,0.6873037070035933,0.5709886699914931,2,0,0.0,1.0,6.0,0.0,1.0,1,1,9,7,0.93776036798954,0.4507081992924209,1,0,1.0,0.0,8.0,0.0,0.0
26901,2025-04-02,Liverpool,Everton,0.4792,0.3008,0.22,1,1,17,13,1.2971752807497974,1.0635958462953563,2,0,1.0,1.0,15.0,0.0,0.0,0,0,5,4,0.8231356889009475,0.8001754209399222,2,0,0.0,0.0,4.0,0.0,1.0
26897,2025-04-03,Chelsea,Tottenham Hotspur,0.3193,0.3011,0.3796,1,1,11,8,1.3044255822896955,1.0603687427937984,5,0,0.0,0.0,11.0,0.0,0.0,0,0,8,5,1.4038742855191226,1.253719612956047,5,0,1.0,4.0,3.0,0.0,0.0
26905,2025-04-05,Everton,Arsenal,0.3191,0.3028,0.3781,1,0,5,4,1.2287457510828972,0.4675769209861755,3,0,0.0,1.0,3.0,1.0,0.0,1,1,14,10,1.4380563646554942,1.024231560528278,1,0,2.0,4.0,8.0,0.0,0.0
26904,2025-04-05,Crystal Palace,Brighton,0.1042,0.2649,0.6309,2,2,8,7,0.443964935839176,0.4022849444299934,0,2,1.0,1.0,5.0,0.0,1.0,1,1,11,9,1.2755160219967363,0.9796784594655036,1,1,0.0,0.0,10.0,0.0,1.0
26907,2025-04-05,Ipswich Town,Wolverhampton Wanderers,0.035,0.1224,0.8426,1,1,6,4,0.8723555952310559,0.8088588826358317,2,0,0.0,0.0,5.0,0.0,1.0,2,1,22,15,2.8106802813708778,2.339718233793973,2,0,0.0,4.0,16.0,0.0,2.0
26911,2025-04-05,West Ham United,Bournemouth,0.1035,0.2145,0.682,2,2,9,7,0.9078321773558854,0.799452558159828,2,0,1.0,2.0,6.0,0.0,0.0,2,1,11,9,1.979823421686888,1.2400632817298172,2,0,0.0,2.0,7.0,0.0,2.0
26902,2025-04-05,Aston Villa,Nottingham Forest,0.7726,0.1407,0.0867,2,2,17,14,2.633489057421684,2.5044651757925744,2,0,1.0,3.0,13.0,0.0,0.0,1,1,19,17,0.967690034769475,0.8515704721212384,2,0,0.0,2.0,16.0,0.0,1.0
26903,2025-04-06,Brentford,Chelsea,0.3449,0.2702,0.3849,0,0,9,7,1.3612336739897726,1.2028347700834272,1,0,1.0,2.0,6.0,0.0,0.0,0,0,21,18,1.4826816152781244,1.3190492540597911,3,0,0.0,4.0,15.0,0.0,2.0
26906,2025-04-06,Fulham,Liverpool,0.4558,0.2602,0.284,3,1,12,7,1.7515260130167003,1.2509279251098633,3,0,0.0,2.0,10.0,0.0,0.0,2,2,14,11,1.407286329194903,0.9481580611318348,0,0,0.0,2.0,11.0,0.0,1.0
26910,2025-04-06,Tottenham Hotspur,Southampton,0.8259,0.1232,0.0509,3,2,13,12,2.6480012722313404,1.8868324458599088,1,0,0.0,1.0,10.0,1.0,1.0,1,1,12,10,0.7904303446412085,0.7455049017444249,1,0,0.0,0.0,9.0,0.0,3.0
26909,2025-04-06,Manchester United,Manchester City,0.5013,0.3126,0.1861,0,0,13,8,1.244940255768597,0.8982701003551481,3,0,1.0,2.0,8.0,0.0,2.0,0,0,9,5,0.6878940891474483,0.1646847743541,2,0,1.0,1.0,6.0,0.0,1.0
26908,2025-04-07,Leicester City,Newcastle United,0.0023,0.0173,0.9804,0,0,7,6,0.3545745760202406,0.2579728728160259,2,0,0.0,2.0,5.0,0.0,0.0,3,1,16,7,3.606873976066708,1.0367566887289283,0,0,1.0,1.0,14.0,0.0,0.0
26917,2025-04-12,Manchester City,Crystal Palace,0.953,0.0375,0.0095,5,3,21,12,5.3423615619540215,3.6833910271525374,2,0,1.0,0.0,19.0,0.0,1.0,2,2,7,4,1.3380847042426465,1.2274421006441116,3,0,1.0,3.0,3.0,0.0,0.0
26914,2025-04-12,Brighton,Leicester City,0.757,0.1406,0.1024,2,0,21,16,3.697798620909452,1.957615293562412,2,0,1.0,0.0,18.0,2.0,0.0,2,1,15,11,2.04070926271379,1.1667240411043165,5,0,0.0,2.0,11.0,0.0,2.0
26920,2025-04-12,Nottingham Forest,Everton,0.1152,0.2812,0.6036,0,0,10,8,0.4239493887871501,0.385133654810488,0,0,0.0,0.0,9.0,0.0,1.0,1,1,13,9,1.2603622712194915,1.10322180762887,3,0,0.0,1.0,12.0,0.0,0.0
26921,2025-04-12,Southampton,Aston Villa,0.0067,0.0401,0.9532,0,0,7,5,0.4122561011463402,0.3437294885516165,3,0,0.0,1.0,5.0,0.0,1.0,3,2,25,17,3.3544415645301338,1.2130758557468648,1,0,1.0,5.0,14.0,2.0,3.0
26913,2025-04-12,Arsenal,Brentford,0.3528,0.3931,0.2541,1,1,14,11,0.7673686984926458,0.6879131114110347,1,0,0.0,3.0,10.0,0.0,1.0,1,1,3,2,0.5885834507644176,0.5242016352713108,3,0,0.0,2.0,1.0,0.0,0.0
26915,2025-04-13,Chelsea,Ipswich Town,0.683,0.1687,0.1483,1,1,34,30,2.9075785893946886,2.8465774133801456,2,0,0.0,8.0,25.0,0.0,1.0,2,2,13,10,1.6030083298683164,1.519697002135217,2,0,0.0,2.0,12.0,0.0,0.0
26916,2025-04-13,Liverpool,West Ham United,0.3477,0.2738,0.3785,2,2,15,12,1.4290193412452934,1.3328579440712929,0,0,1.0,4.0,11.0,0.0,0.0,0,0,11,8,1.495540842413902,1.311114080250263,1,0,0.0,1.0,10.0,0.0,0.0
26919,2025-04-13,Wolverhampton Wanderers,Tottenham Hotspur,0.5173,0.2576,0.2251,3,1,13,8,2.229772806167602,1.1370457001030445,1,0,1.0,0.0,10.0,0.0,2.0,2,1,11,8,1.6667191544547673,0.8496237918734548,2,0,1.0,3.0,7.0,0.0,1.0
26918,2025-04-13,Newcastle United,Manchester United,0.8412,0.1171,0.0417,4,3,12,9,2.638300359249115,1.7196797654032705,0,0,0.0,4.0,8.0,0.0,0.0,1,1,9,6,0.7865678351372478,0.7318683080375193,2,0,0.0,0.0,9.0,0.0,0.0
26912,2025-04-14,Bournemouth,Fulham,0.5849,0.252,0.1631,1,0,12,7,1.8590357676148412,1.5331573067232966,3,0,0.0,2.0,7.0,0.0,3.0,0,0,12,8,1.0890080146491523,0.8594803437590596,2,0,0.0,1.0,10.0,0.0,1.0
26890,2025-04-16,Newcastle United,Crystal Palace,0.3579,0.2435,0.3986,4,4,14,12,2.3784329257905483,2.2741949558258057,2,0,0.0,2.0,10.0,0.0,2.0,0,0,11,9,2.375477027148008,1.5599188376218078,3,0,0.0,1.0,10.0,1.0,0.0
26923,2025-04-19,Brentford,Brighton,0.7701,0.1388,0.0911,4,4,16,14,2.9551646262407303,2.3009551847353578,3,0,0.0,5.0,10.0,0.0,1.0,2,2,12,7,1.2410711236298082,1.0614501088857649,3,1,2.0,3.0,7.0,0.0,0.0
26924,2025-04-19,Crystal Palace,Bournemouth,0.1637,0.455,0.3813,0,0,5,2,0.3378175571560858,0.1966933906078338,3,1,1.0,1.0,2.0,0.0,1.0,0,0,15,13,0.6640932355076071,0.5686850398778912,4,0,0.0,2.0,13.0,0.0,0.0
26925,2025-04-19,Everton,Manchester City,0.1104,0.2189,0.6707,0,0,8,5,0.8217444941401479,0.6359338797628877,4,0,0.0,1.0,6.0,0.0,1.0,2,2,12,8,1.879889791831374,1.2889012321829794,0,0,0.0,1.0,11.0,0.0,0.0
26931,2025-04-19,West Ham United,Southampton,0.3491,0.3248,0.3261,1,1,12,10,0.9842302966862914,0.8395816199481486,2,0,0.0,0.0,12.0,0.0,0.0,1,0,15,11,0.9272688906639812,0.7144289612770078,1,0,1.0,1.0,6.0,0.0,7.0
26922,2025-04-19,Aston Villa,Newcastle United,0.7759,0.1423,0.0818,3,3,23,19,3.120270036160946,2.8630412630736823,1,0,0.0,5.0,15.0,0.0,3.0,1,1,10,7,1.273173472844064,1.1030778381973505,3,0,0.0,4.0,6.0,0.0,1.0
26926,2025-04-20,Fulham,Chelsea,0.1302,0.4303,0.4395,1,1,6,4,0.3061223402619359,0.1816603448241948,1,0,1.0,2.0,3.0,0.0,0.0,2,1,13,9,0.7584360074251885,0.5673904065042732,3,0,1.0,0.0,9.0,0.0,3.0
26927,2025-04-20,Ipswich Town,Arsenal,0.0072,0.0553,0.9375,0,0,4,3,0.1928790062665938,0.1542200408875941,0,1,0.0,0.0,3.0,0.0,1.0,4,4,24,20,2.881501775234937,2.1716857776045795,0,0,1.0,7.0,16.0,0.0,0.0
26929,2025-04-20,Manchester United,Wolverhampton Wanderers,0.6609,0.2871,0.052,0,0,12,7,1.1396601330488918,0.8894317327067256,2,0,3.0,2.0,7.0,0.0,0.0,1,0,4,3,0.1878142319619654,0.1121774651110171,3,0,1.0,1.0,2.0,0.0,0.0
26928,2025-04-20,Leicester City,Liverpool,0.0008,0.0076,0.9916,0,0,5,3,0.2322050184011458,0.1469322405755519,1,0,0.0,0.0,4.0,0.0,1.0,1,0,28,22,4.892748655751348,3.810264572501183,2,0,1.0,9.0,18.0,0.0,0.0
26930,2025-04-21,Tottenham Hotspur,Nottingham Forest,0.8257,0.1354,0.0389,1,1,22,15,2.4023992940783496,1.8357424549758437,1,0,0.0,4.0,17.0,0.0,1.0,2,2,4,4,0.557682307437062,0.5576823204755781,4,0,0.0,1.0,2.0,0.0,1.0
26937,2025-04-22,Manchester City,Aston Villa,0.2418,0.2563,0.5019,2,1,14,11,1.362317211925983,0.8250765055418012,3,0,0.0,5.0,8.0,0.0,1.0,1,0,7,5,1.8590551521629093,1.0782182216644285,3,0,0.0,2.0,4.0,1.0,0.0
26933,2025-04-23,Arsenal,Crystal Palace,0.246,0.2422,0.5118,2,2,12,9,2.3224921971559525,0.96747587993741,1,0,0.0,1.0,8.0,0.0,3.0,2,1,15,12,2.505149480886757,2.459044769406318,1,0,0.0,5.0,10.0,0.0,0.0
26935,2025-04-26,Chelsea,Everton,0.2698,0.3471,0.3831,1,1,10,7,0.7683133929967879,0.2944756187498567,0,0,0.0,2.0,7.0,0.0,1.0,0,0,6,3,0.9168381504714488,0.7873711436986923,0,0,0.0,0.0,6.0,0.0,0.0
26934,2025-04-26,Brighton,West Ham United,0.3616,0.3042,0.3342,3,3,16,12,1.3193847080692644,1.0972614437341688,1,0,0.0,6.0,10.0,0.0,0.0,2,2,12,10,1.2413383424282072,1.1974792424589396,1,0,0.0,1.0,10.0,0.0,1.0
26938,2025-04-26,Newcastle United,Ipswich Town,0.9957,0.0042,0.0001,3,2,25,22,4.192998623475432,3.3000049646943808,1,0,0.0,3.0,20.0,1.0,1.0,0,0,4,2,0.1272028777748345,0.0332105681300162,2,1,0.0,1.0,2.0,0.0,1.0
26940,2025-04-26,Southampton,Fulham,0.1505,0.2297,0.6198,1,1,7,5,0.9355813153088092,0.8035870157182217,1,0,0.0,0.0,6.0,0.0,1.0,2,2,26,20,1.995604146271944,1.62699145078659,1,0,0.0,12.0,14.0,0.0,0.0
26941,2025-04-26,Wolverhampton Wanderers,Leicester City,0.7706,0.1808,0.0486,3,3,20,18,2.5766569525003438,2.525638658553361,1,0,1.0,0.0,18.0,0.0,1.0,0,0,8,5,1.0509861335158346,0.2351842205971477,4,0,0.0,1.0,6.0,1.0,0.0
26932,2025-04-27,Bournemouth,Manchester United,0.0921,0.1962,0.7117,1,1,8,7,0.6099497489631174,0.5725887338630853,4,1,1.0,0.0,4.0,0.0,3.0,1,1,25,20,1.927485074847936,1.61857459321618,2,0,0.0,10.0,15.0,0.0,0.0
26936,2025-04-27,Liverpool,Tottenham Hotspur,0.8573,0.1117,0.031,4,3,25,20,2.512948185205459,2.20023082382977,2,0,0.0,8.0,15.0,0.0,2.0,1,1,8,4,0.5128124812617896,0.1713406918570398,1,0,0.0,1.0,6.0,0.0,2.0
26939,2025-05-01,Nottingham Forest,Brentford,0.1438,0.2489,0.6073,0,0,14,11,0.6729441974312065,0.5721851140260693,3,0,0.0,3.0,8.0,0.0,3.0,2,2,11,10,1.520535570569336,1.441751919686794,5,0,0.0,3.0,7.0,0.0,1.0
26942,2025-05-02,Manchester City,Wolverhampton Wanderers,0.3848,0.3891,0.2261,1,1,9,8,0.8594630584120748,0.8195081353187559,0,0,0.0,2.0,6.0,0.0,1.0,0,0,6,2,0.6739350222051141,0.1222589164972304,0,0,0.0,0.0,6.0,0.0,0.0
26946,2025-05-03,Aston Villa,Fulham,0.5348,0.2908,0.1744,1,1,10,10,1.290129706263542,1.2901297025382517,0,0,0.0,3.0,7.0,0.0,0.0,0,0,11,10,0.7027869662269947,0.673743978142738,4,0,0.0,0.0,11.0,0.0,0.0
26950,2025-05-03,Everton,Ipswich Town,0.2298,0.3338,0.4364,2,2,8,5,0.8084812536835669,0.7069318629801273,4,0,0.0,2.0,5.0,0.0,1.0,2,1,12,8,1.1437917463481424,0.4583960203453896,4,0,0.0,2.0,10.0,0.0,0.0
26951,2025-05-03,Leicester City,Southampton,0.6624,0.2346,0.103,2,1,14,11,1.6099473536014557,1.4480567127466202,1,0,2.0,2.0,8.0,0.0,2.0,0,0,8,8,0.5507743861526246,0.5507743842899796,3,0,0.0,4.0,4.0,0.0,0.0
26945,2025-05-03,Arsenal,Bournemouth,0.5211,0.2557,0.2232,1,1,13,8,2.054836109280586,1.156802702695131,0,0,1.0,0.0,12.0,0.0,0.0,2,1,9,8,1.4468570500612257,0.9347923211753366,2,0,0.0,3.0,6.0,0.0,0.0
26943,2025-05-04,West Ham United,Tottenham Hotspur,0.4364,0.3336,0.23,1,1,11,6,1.1519904546439643,1.0130734145641327,2,0,1.0,0.0,8.0,0.0,2.0,1,1,7,4,0.8470221105962991,0.7688100636005402,2,0,1.0,1.0,5.0,0.0,0.0
26944,2025-05-04,Brighton,Newcastle United,0.1051,0.2547,0.6402,1,1,5,5,0.6878627073019741,0.6878627091646193,2,0,0.0,0.0,4.0,0.0,1.0,1,0,13,7,1.643724193796515,0.4207414388656614,1,0,2.0,0.0,9.0,1.0,1.0
26947,2025-05-04,Brentford,Manchester United,0.8872,0.0801,0.0327,3,2,12,9,3.650258772075176,2.9822221249341965,0,0,0.0,2.0,9.0,0.0,1.0,3,3,14,12,1.146575756371021,1.016513906419277,2,0,0.0,1.0,14.0,0.0,0.0
26948,2025-05-04,Chelsea,Liverpool,0.8324,0.1076,0.06,2,1,17,14,3.5194447338581085,2.662246860563755,2,0,0.0,1.0,15.0,1.0,0.0,1,1,11,9,1.4267029762268066,1.2667363137006755,2,0,1.0,3.0,7.0,0.0,1.0
26949,2025-05-05,Crystal Palace,Nottingham Forest,0.8147,0.1331,0.0522,1,0,20,11,2.358203565701842,0.8681502481922505,3,0,0.0,3.0,11.0,1.0,5.0,1,1,12,7,0.6373444274067877,0.4776900671422479,8,0,1.0,2.0,8.0,0.0,1.0
26953,2025-05-10,Fulham,Everton,0.3218,0.296,0.3822,1,1,18,17,1.2086859736591575,1.1594597138464446,1,0,0.0,1.0,17.0,0.0,0.0,3,3,11,9,1.3260406255722044,1.2353038322180507,0,0,0.0,4.0,7.0,0.0,0.0
26954,2025-05-10,Ipswich Town,Brentford,0.1823,0.2938,0.5239,0,0,11,10,0.7174325343221422,0.6482709515839814,2,0,0.0,1.0,10.0,0.0,0.0,1,1,15,10,1.337010473012924,0.9647688455879684,4,0,0.0,1.0,14.0,0.0,0.0
26959,2025-05-10,Southampton,Manchester City,0.0229,0.2094,0.7677,0,0,2,2,0.1369947902858256,0.1369947902858256,2,0,0.0,0.0,2.0,0.0,0.0,0,0,26,17,1.6007257550954814,1.0935551337897775,0,0,2.0,5.0,18.0,0.0,1.0
26961,2025-05-10,Wolverhampton Wanderers,Brighton,0.1305,0.2918,0.5777,0,0,10,8,0.7339504100382326,0.6737590376287697,1,0,0.0,2.0,7.0,0.0,1.0,2,1,7,6,1.4125425461679697,0.6513737067580221,1,0,0.0,0.0,6.0,1.0,0.0
26955,2025-05-10,Bournemouth,Aston Villa,0.274,0.3837,0.3423,0,0,10,7,1.2195793194696305,0.4762049512937663,4,0,0.0,2.0,7.0,0.0,1.0,1,1,6,3,1.130043763667345,0.9551783651113508,3,1,0.0,0.0,6.0,0.0,0.0
26957,2025-05-11,Newcastle United,Chelsea,0.6582,0.2315,0.1103,2,2,15,11,1.670302014797926,1.2681359630078075,4,0,0.0,2.0,9.0,0.0,4.0,0,0,10,8,0.6479878909885879,0.5871905889362095,2,1,0.0,2.0,8.0,0.0,0.0
26956,2025-05-11,Manchester United,West Ham United,0.399,0.2482,0.3528,0,0,20,16,2.315965866670012,2.0906747877597804,0,0,0.0,2.0,12.0,0.0,6.0,2,2,9,6,2.213022299110889,1.678691379725933,1,0,0.0,1.0,7.0,0.0,1.0
26958,2025-05-11,Nottingham Forest,Leicester City,0.5061,0.2652,0.2287,2,2,15,10,1.7962880134582515,1.1257077641785145,3,0,1.0,1.0,11.0,0.0,2.0,2,1,10,8,1.2548333220183847,0.5794029515236614,3,0,0.0,2.0,7.0,0.0,1.0
26960,2025-05-11,Tottenham Hotspur,Crystal Palace,0.0142,0.0453,0.9405,0,0,8,4,0.8067915719002483,0.6551186591386794,1,0,1.0,2.0,5.0,0.0,0.0,2,2,23,19,3.9854554682970047,3.794443085789681,1,0,0.0,7.0,15.0,0.0,1.0
26952,2025-05-11,Liverpool,Arsenal,0.5145,0.2225,0.263,2,2,14,11,2.7468249723315235,2.205241627991199,1,0,1.0,1.0,12.0,0.0,0.0,2,1,15,11,2.200884573161602,1.4801901988685129,1,1,0.0,0.0,13.0,0.0,2.0
26963,2025-05-16,Aston Villa,Tottenham Hotspur,0.6815,0.2339,0.0846,2,2,18,12,1.6906074844300742,1.0766562782227989,1,0,0.0,4.0,13.0,0.0,1.0,0,0,3,2,0.5230164229869841,0.4615875966846942,2,0,1.0,0.0,2.0,0.0,0.0
26966,2025-05-16,Chelsea,Manchester United,0.663,0.2621,0.0749,1,1,11,6,1.2957069538533683,1.1634008660912514,1,0,1.0,3.0,7.0,0.0,0.0,0,0,5,5,0.3376316912472247,0.3376316912472246,6,0,0.0,1.0,4.0,0.0,0.0
26968,2025-05-18,Everton,Southampton,0.8042,0.1512,0.0446,2,1,13,9,2.6865801364183426,2.4952370375394817,1,0,0.0,4.0,7.0,0.0,2.0,0,0,6,3,1.124017387628555,0.8870665282011032,1,0,0.0,1.0,5.0,0.0,0.0
26971,2025-05-18,West Ham United,Nottingham Forest,0.1065,0.1841,0.7094,1,0,16,10,0.8504568003118035,0.5383591614663598,6,0,0.0,4.0,12.0,0.0,0.0,2,1,10,7,2.1475629145279527,1.2363560087978838,3,0,0.0,1.0,7.0,0.0,2.0
26964,2025-05-18,Brentford,Fulham,0.6007,0.2318,0.1675,2,1,11,6,2.698485601693392,0.8228041939437386,4,0,0.0,0.0,10.0,1.0,0.0,3,1,16,9,1.6242349408566947,0.4788463637232777,4,0,2.0,2.0,10.0,0.0,2.0
26969,2025-05-18,Leicester City,Ipswich Town,0.2047,0.2845,0.5108,2,2,9,7,0.7885438613593576,0.7133746147155761,1,0,0.0,0.0,8.0,0.0,1.0,0,0,20,17,1.3752314597368236,1.1799024567008014,0,0,0.0,0.0,18.0,0.0,2.0
26962,2025-05-18,Arsenal,Newcastle United,0.1377,0.2035,0.6588,1,1,12,12,1.1595796272158618,1.1595795936882494,3,0,0.0,3.0,9.0,0.0,0.0,0,0,14,11,2.2642147410660978,1.7129558250308032,3,0,1.0,4.0,9.0,0.0,0.0
26965,2025-05-19,Brighton,Liverpool,0.2057,0.1973,0.597,3,2,25,19,2.1952935978770256,1.838691402226686,1,0,1.0,5.0,18.0,0.0,1.0,2,2,18,14,3.06785283703357,2.7930066110566254,0,0,1.0,0.0,16.0,0.0,1.0
26967,2025-05-20,Crystal Palace,Wolverhampton Wanderers,0.4333,0.2618,0.3049,4,3,14,12,1.6845141947269435,1.5402775816619392,1,0,1.0,0.0,12.0,0.0,1.0,2,2,12,11,1.428858038038015,1.377663545310497,2,0,0.0,6.0,6.0,0.0,0.0
26970,2025-05-20,Manchester City,Bournemouth,0.5444,0.2663,0.1893,3,3,12,8,1.5977936871349807,1.409644406288862,1,1,1.0,1.0,9.0,0.0,1.0,1,0,8,5,0.9620141759514806,0.5825756564736366,3,1,0.0,0.0,8.0,0.0,0.0
26972,2025-05-25,Nottingham Forest,Chelsea,0.4164,0.3092,0.2744,0,0,10,6,1.5905142817646265,1.3847161680459974,2,0,1.0,5.0,4.0,0.0,0.0,1,1,6,5,1.4707693904638288,1.1363027766346931,2,0,0.0,2.0,4.0,0.0,0.0
26973,2025-05-25,Newcastle United,Everton,0.3642,0.3114,0.3244,0,0,17,12,1.160032611340284,0.8467266084626315,1,0,1.0,7.0,9.0,0.0,0.0,1,1,14,7,1.1087326183915134,0.7475598827004432,4,0,1.0,2.0,11.0,0.0,0.0
26974,2025-05-25,Manchester United,Aston Villa,0.9378,0.0534,0.0088,2,1,25,18,2.96285006031394,1.5687059760093685,2,0,1.0,2.0,19.0,1.0,2.0,0,0,6,4,0.3394432328641413,0.239698641002178,2,1,0.0,0.0,6.0,0.0,0.0
26975,2025-05-25,Liverpool,Crystal Palace,0.4965,0.2624,0.2411,1,1,14,13,1.9280966548249123,1.851498309522867,2,1,0.0,4.0,10.0,0.0,0.0,1,1,8,5,1.4195634871721263,1.229382419958711,0,0,0.0,0.0,7.0,0.0,1.0
26976,2025-05-25,Tottenham Hotspur,Brighton,0.1249,0.1908,0.6843,1,0,4,3,1.852645605802536,1.0914767310023306,3,0,0.0,0.0,3.0,1.0,0.0,4,1,23,16,3.1447650156915183,1.0556030906736846,1,0,0.0,11.0,11.0,1.0,0.0
26977,2025-05-25,Southampton,Arsenal,0.0582,0.1366,0.8052,1,1,7,3,0.6036077188327906,0.3245538175106048,0,0,1.0,2.0,4.0,0.0,0.0,2,2,23,20,2.430194115266203,1.8834596853703256,0,0,0.0,4.0,19.0,0.0,0.0
26978,2025-05-25,Wolverhampton Wanderers,Brentford,0.1792,0.2217,0.5991,1,1,18,16,1.1088884416967626,0.9487189240753646,2,0,0.0,0.0,18.0,0.0,0.0,1,1,13,9,1.9719578158110376,1.6789352148771284,1,0,0.0,1.0,12.0,0.0,0.0
26979,2025-05-25,Bournemouth,Leicester City,0.9369,0.058,0.0051,2,2,20,13,2.7505407631397247,1.997156108729541,0,0,1.0,4.0,13.0,0.0,2.0,0,0,3,2,0.1603947244584559,0.0528926588594913,2,0,0.0,0.0,3.0,0.0,0.0
26980,2025-05-25,Ipswich Town,West Ham United,0.3083,0.339,0.3527,1,1,14,8,0.89309530518949,0.679741213098168,1,0,0.0,2.0,10.0,0.0,2.0,3,3,10,8,0.9712253473699092,0.836630133911967,1,0,0.0,0.0,10.0,0.0,0.0
26981,2025-05-25,Fulham,Manchester City,0.336,0.2351,0.4289,0,0,13,7,2.2435341365635395,0.7484342511743305,0,0,0.0,1.0,12.0,0.0,0.0,2,0,20,13,2.519029751420021,1.3544928468763828,0,0,1.0,4.0,13.0,1.0,1.0
28778,2025-08-15,Liverpool,Bournemouth,0.5498,0.2276,0.2226,4,3,19,15,2.3300733175128694,2.130792960524559,1,0,0.0,4.0,14.0,0.0,1.0,2,2,10,8,1.5730311349034307,1.488858319818973,2,0,1.0,1.0,8.0,0.0,0.0
28779,2025-08-16,Aston Villa,Newcastle United,0.0629,0.2371,0.7,0,0,3,3,0.3186008632183074,0.3186008632183074,1,1,0.0,1.0,2.0,0.0,0.0,0,0,16,14,1.4009808972477913,1.3265939732082186,1,0,0.0,1.0,12.0,0.0,3.0
28780,2025-08-16,Brighton,Fulham,0.5158,0.3088,0.1754,1,0,10,7,1.4400783553719518,0.518243335187435,3,0,0.0,1.0,7.0,1.0,1.0,1,0,7,5,0.9166869549080724,0.2810370763763784,3,0,0.0,1.0,6.0,0.0,0.0
28781,2025-08-16,Sunderland,West Ham United,0.363,0.391,0.246,3,2,10,7,0.7243677675724028,0.5305169522762296,0,0,0.0,5.0,5.0,0.0,0.0,0,0,12,7,0.5589482765644787,0.4302727840840813,1,0,0.0,3.0,7.0,0.0,2.0
28782,2025-08-16,Tottenham Hotspur,Burnley,0.7032,0.1993,0.0975,3,3,16,12,2.0389567911624904,1.3807306736707683,0,0,0.0,4.0,12.0,0.0,0.0,0,0,14,12,0.7499592266976831,0.6924330350011585,0,0,1.0,3.0,9.0,0.0,1.0
28783,2025-08-16,Wolverhampton Wanderers,Manchester City,0.0404,0.1179,0.8417,0,0,9,7,0.5194363547489045,0.3973257159814234,1,0,0.0,0.0,8.0,0.0,1.0,4,3,15,9,2.305920399725437,1.932860882952809,2,0,1.0,3.0,10.0,0.0,1.0
28784,2025-08-17,Chelsea,Crystal Palace,0.4404,0.2929,0.2667,0,0,19,10,1.376580957323312,0.8420445434749124,2,0,1.0,6.0,12.0,0.0,0.0,0,0,12,6,1.037559527903795,0.789832965005189,3,0,0.0,0.0,9.0,0.0,3.0
28785,2025-08-17,Nottingham Forest,Brentford,0.4714,0.2855,0.2431,3,2,11,9,1.7570475796237586,1.6406866759061811,1,0,0.0,1.0,10.0,0.0,0.0,1,0,10,7,1.3344093598425386,0.5085999332368372,2,0,0.0,1.0,8.0,1.0,0.0
28786,2025-08-17,Manchester United,Arsenal,0.3408,0.3074,0.3518,0,0,22,17,1.3853190084919331,1.0138404052704568,1,0,1.0,1.0,19.0,0.0,1.0,1,0,9,5,1.3303993958979845,0.341419845819473,4,0,1.0,3.0,5.0,0.0,0.0
28787,2025-08-18,Leeds United,Everton,0.8116,0.1394,0.049,1,0,21,12,2.385626144707203,0.9846199750900266,0,0,0.0,5.0,15.0,1.0,0.0,0,0,7,3,0.6892823874950407,0.1538531854748724,2,0,1.0,1.0,1.0,0.0,4.0
28788,2025-08-22,West Ham United,Chelsea,0.0153,0.0485,0.9362,1,1,12,10,0.9785720277577636,0.8038325682282446,0,0,1.0,4.0,6.0,0.0,1.0,5,4,12,7,3.9758191853761673,3.236348588019609,1,0,0.0,4.0,8.0,0.0,0.0
28789,2025-08-23,Manchester City,Tottenham Hotspur,0.3526,0.2889,0.3585,0,0,10,8,1.247499695047736,1.187553336843848,1,0,0.0,3.0,7.0,0.0,0.0,2,1,12,7,1.2829761970788238,0.713145015761256,4,0,1.0,0.0,9.0,0.0,2.0
28790,2025-08-23,Brentford,Aston Villa,0.4019,0.3328,0.2653,1,0,9,5,1.37653979845345,0.6611648164689541,1,0,0.0,3.0,6.0,0.0,0.0,0,0,17,12,0.9803101569414135,0.7469563521444794,2,0,0.0,5.0,12.0,0.0,0.0
28791,2025-08-23,Burnley,Sunderland,0.2978,0.3293,0.3729,2,2,7,6,1.0038139838725326,0.9673936162143943,0,0,0.0,0.0,6.0,0.0,1.0,0,0,9,7,1.121270347386598,1.0474624484777448,1,0,0.0,2.0,6.0,0.0,1.0
28792,2025-08-23,Bournemouth,Wolverhampton Wanderers,0.7888,0.1642,0.047,1,1,14,13,1.784623460844159,1.6991480104625225,2,0,1.0,0.0,12.0,0.0,1.0,0,0,6,4,0.3733670199289914,0.2318155663087963,4,1,1.0,1.0,4.0,0.0,0.0
28793,2025-08-23,Arsenal,Leeds United,0.9569,0.039,0.0041,5,4,18,13,2.7670508064329624,1.4017236828804014,0,0,0.0,4.0,11.0,1.0,2.0,0,0,3,3,0.156760811805725,0.1567608118057251,2,0,0.0,1.0,2.0,0.0,0.0
28794,2025-08-24,Crystal Palace,Nottingham Forest,0.2822,0.3071,0.4107,1,1,8,7,1.1018764227628703,1.0586495772004123,3,0,0.0,1.0,6.0,0.0,1.0,1,1,9,6,1.32987392693758,0.7140605151653289,3,0,0.0,1.0,8.0,0.0,0.0
28795,2025-08-24,Everton,Brighton,0.2765,0.2775,0.446,2,2,11,9,1.8180652409791944,1.740797184407711,4,0,0.0,2.0,9.0,0.0,0.0,0,0,13,10,2.084871085360646,0.9204919235780832,3,0,0.0,0.0,12.0,1.0,0.0
28796,2025-08-24,Fulham,Manchester United,0.3868,0.2852,0.328,1,1,13,9,1.662839937955141,1.474812690168619,1,0,0.0,8.0,6.0,0.0,0.0,0,0,10,9,1.5460268855094907,0.7848580759018656,1,0,0.0,3.0,5.0,1.0,1.0
28797,2025-08-25,Newcastle United,Liverpool,0.7493,0.1793,0.0714,2,1,10,7,1.9634245401248331,0.9018543167039748,2,1,1.0,3.0,5.0,0.0,1.0,3,3,5,6,0.6465590894222258,0.6465590819716454,3,0,0.0,0.0,5.0,0.0,0.0
28798,2025-08-30,Chelsea,Fulham,0.811,0.1338,0.0552,2,1,13,11,2.4323999173939224,1.2145226560533045,2,0,0.0,5.0,7.0,1.0,0.0,0,0,11,9,0.7362277898937459,0.6746058352291581,2,0,1.0,3.0,7.0,0.0,0.0
28799,2025-08-30,Tottenham Hotspur,Bournemouth,0.016,0.1089,0.8751,0,0,5,3,0.1706703556701538,0.1094889761880038,2,0,0.0,0.0,4.0,0.0,1.0,1,1,19,13,2.1235710121691227,1.5786789618432515,4,0,1.0,2.0,15.0,0.0,1.0
28800,2025-08-30,Wolverhampton Wanderers,Everton,0.1205,0.2084,0.6711,2,2,12,9,0.9459305042400952,0.7223665881901977,0,0,0.0,3.0,9.0,0.0,0.0,3,3,10,9,2.0379134621471167,2.027420468628406,1,0,0.0,0.0,7.0,0.0,3.0
28801,2025-08-30,Sunderland,Brentford,0.3654,0.3194,0.3152,2,1,12,5,1.5731097767129538,0.4714811742305754,3,0,0.0,2.0,9.0,1.0,0.0,1,1,8,4,1.4460431225597856,0.6219247281551361,2,0,0.0,2.0,4.0,1.0,1.0
28802,2025-08-30,Manchester United,Burnley,0.911,0.0655,0.0235,2,1,26,19,4.024839909747242,2.347406957298517,1,0,0.0,4.0,19.0,1.0,2.0,2,1,6,2,1.3765081726014612,0.5822235345840454,5,0,1.0,0.0,5.0,0.0,1.0
28803,2025-08-30,Leeds United,Newcastle United,0.408,0.4518,0.1402,0,0,10,8,0.6772996038198469,0.636668587103486,1,0,1.0,1.0,8.0,0.0,0.0,0,0,8,7,0.3036351967602966,0.2474481267854569,1,0,0.0,0.0,8.0,0.0,0.0
28804,2025-08-31,Nottingham Forest,West Ham United,0.0594,0.1552,0.7854,0,0,11,8,0.7160180862993,0.625105086714029,0,0,0.0,2.0,9.0,0.0,0.0,3,2,12,11,2.235996223986149,1.4748273715376852,0,0,0.0,3.0,7.0,1.0,1.0
28805,2025-08-31,Brighton,Manchester City,0.3828,0.2726,0.3446,2,1,12,9,2.208641067147255,0.8101575821638104,2,0,0.0,2.0,8.0,1.0,1.0,1,1,12,8,2.134180669672787,1.3299858104437587,2,0,0.0,2.0,10.0,0.0,0.0
28806,2025-08-31,Liverpool,Arsenal,0.2681,0.4624,0.2695,1,0,9,7,0.4814036004245277,0.379333199933171,2,0,1.0,1.0,7.0,0.0,0.0,0,0,11,5,0.4906639773398635,0.2535487208515403,2,0,1.0,3.0,7.0,0.0,0.0
28807,2025-08-31,Aston Villa,Crystal Palace,0.0734,0.161,0.7656,0,0,13,10,1.2277567610144613,0.8868406601250169,2,0,0.0,3.0,9.0,0.0,1.0,3,1,6,4,2.5971274711191654,1.7853188663721085,3,0,0.0,0.0,5.0,1.0,0.0
28808,2025-09-13,Arsenal,Nottingham Forest,0.9419,0.048,0.0101,3,2,16,13,2.881697706878185,1.7540022917091844,1,0,0.0,4.0,10.0,0.0,2.0,0,0,5,4,0.2936811931431292,0.2743923179805278,1,0,0.0,0.0,5.0,0.0,0.0
28809,2025-09-13,Newcastle United,Wolverhampton Wanderers,0.6234,0.2851,0.0915,1,1,16,12,1.1930506378412242,1.066788790747523,1,0,0.0,4.0,11.0,0.0,1.0,0,0,8,5,0.3759419927373527,0.2640034556388854,4,0,1.0,2.0,5.0,0.0,0.0
28810,2025-09-13,Bournemouth,Brighton,0.6177,0.2664,0.1159,2,1,13,9,1.4418748430907724,0.4892853498458859,4,0,2.0,2.0,8.0,1.0,0.0,1,1,6,4,0.6249234341084956,0.5153703913092612,4,0,0.0,1.0,4.0,0.0,1.0
28811,2025-09-13,Crystal Palace,Sunderland,0.7823,0.1686,0.0491,0,0,14,8,1.8022697400301693,0.7260794416069982,1,0,0.0,2.0,10.0,0.0,2.0,0,0,6,6,0.354128737002611,0.3541287370026109,1,0,0.0,0.0,5.0,0.0,1.0
28812,2025-09-13,Everton,Aston Villa,0.7847,0.1658,0.0495,0,0,20,17,1.893398980610072,1.6615825854241846,3,0,0.0,5.0,12.0,0.0,3.0,0,0,7,3,0.3543270006775854,0.2500552348792552,3,0,1.0,2.0,4.0,0.0,0.0
28813,2025-09-13,Fulham,Leeds United,0.4371,0.3383,0.2246,0,0,5,4,1.139793667942285,1.0610258914530275,1,0,1.0,0.0,4.0,0.0,0.0,0,0,10,4,0.8303975351154802,0.5203160382807254,2,0,0.0,2.0,9.0,0.0,0.0
28814,2025-09-13,West Ham United,Tottenham Hotspur,0.1696,0.2807,0.5497,0,0,7,6,0.7932476699352262,0.7614124007523058,0,1,0.0,2.0,4.0,0.0,1.0,3,3,14,11,1.514016982167959,1.394614333286881,1,0,0.0,6.0,8.0,0.0,0.0
28815,2025-09-13,Brentford,Chelsea,0.495,0.2994,0.2056,2,2,7,7,1.1753317862749098,1.1753317750990389,3,0,0.0,3.0,4.0,0.0,0.0,2,1,16,13,0.7563956212252374,0.6654973383992907,2,0,1.0,1.0,12.0,0.0,2.0
28816,2025-09-14,Burnley,Liverpool,0.0037,0.0387,0.9576,0,0,3,2,0.1680411975830792,0.1546297250315546,0,1,0.0,0.0,1.0,0.0,2.0,1,0,27,21,2.797998032532632,1.818301238119602,2,0,1.0,4.0,21.0,1.0,0.0
28817,2025-09-14,Manchester City,Manchester United,0.4799,0.2573,0.2628,3,3,12,9,2.0130717419087887,1.8419841341674328,0,0,0.0,0.0,12.0,0.0,0.0,0,0,13,10,1.5516251772642131,1.3305456843227148,0,0,0.0,2.0,11.0,0.0,0.0
28818,2025-09-20,Liverpool,Everton,0.4455,0.33,0.2245,2,2,11,7,1.0657111853361128,0.7902086749672887,2,0,1.0,1.0,9.0,0.0,0.0,1,1,9,8,0.7213706858456133,0.6874969527125357,2,0,1.0,3.0,5.0,0.0,0.0
28819,2025-09-20,West Ham United,Crystal Palace,0.035,0.1161,0.8489,1,1,8,8,0.4663649573922154,0.4663649573922155,3,0,0.0,2.0,6.0,0.0,0.0,2,0,18,13,2.389185521751642,1.2376047382131217,3,0,0.0,5.0,10.0,0.0,3.0
28820,2025-09-20,Wolverhampton Wanderers,Leeds United,0.6878,0.2266,0.0856,1,1,16,14,1.5660953801125286,1.2165341861546035,1,0,0.0,1.0,14.0,0.0,1.0,3,1,6,2,0.4569876594468949,0.3038977906107902,1,0,1.0,0.0,5.0,0.0,0.0
28821,2025-09-20,Brighton,Tottenham Hotspur,0.4028,0.3289,0.2683,2,1,12,9,1.404663704335689,1.3357380423694845,1,0,1.0,1.0,11.0,0.0,0.0,1,1,11,10,1.254677802324295,1.1887329611927269,2,0,0.0,1.0,10.0,0.0,0.0
28822,2025-09-20,Burnley,Nottingham Forest,0.4397,0.3168,0.2435,1,1,12,10,1.1423343373462556,0.6957721486687658,1,0,1.0,2.0,5.0,0.0,4.0,1,0,17,13,0.8313797079026696,0.6215239539742464,1,0,0.0,3.0,12.0,0.0,2.0
28824,2025-09-20,Manchester United,Chelsea,0.6294,0.2748,0.0958,2,2,11,6,1.346915069967508,1.0705522149801252,0,1,1.0,4.0,4.0,0.0,2.0,1,1,5,4,0.4698432832956313,0.4471742752939462,5,1,0.0,3.0,1.0,0.0,1.0
28825,2025-09-20,Fulham,Brentford,0.5643,0.2588,0.1769,2,2,14,11,1.5371032580733297,1.1483339015394447,4,0,0.0,2.0,11.0,0.0,1.0,1,0,8,4,0.8265561163425442,0.2479872927069662,1,0,0.0,0.0,9.0,0.0,0.0
28823,2025-09-21,Bournemouth,Newcastle United,0.3942,0.5216,0.0842,0,0,11,6,0.5506602367386217,0.279623234644532,2,0,1.0,1.0,8.0,0.0,1.0,0,0,4,3,0.1536288447678089,0.1410128958523273,1,0,0.0,1.0,3.0,0.0,0.0
28826,2025-09-21,Sunderland,Aston Villa,0.3258,0.3463,0.3279,1,1,14,10,0.9420927288010712,0.7081967368721959,2,1,0.0,2.0,10.0,0.0,2.0,1,1,11,7,0.9393543265759944,0.7807156518101691,1,0,0.0,1.0,9.0,0.0,1.0
28827,2025-09-21,Arsenal,Manchester City,0.2028,0.3221,0.4751,1,1,12,8,0.7185752857476468,0.5599671751260754,1,0,0.0,3.0,9.0,0.0,0.0,1,1,5,5,1.1226973794400692,1.1226974055171013,2,0,0.0,0.0,5.0,0.0,0.0
28828,2025-09-27,Brentford,Manchester United,0.5118,0.2491,0.2391,3,2,10,8,2.78726458363235,2.1366669796407223,2,0,0.0,2.0,6.0,0.0,2.0,1,0,14,9,3.2375838570296764,0.4266096744686363,2,0,0.0,2.0,10.0,1.0,1.0
28829,2025-09-27,Chelsea,Brighton,0.2603,0.2482,0.4915,1,0,13,9,2.026527468115091,1.0105721633881328,4,1,1.0,1.0,7.0,0.0,4.0,3,3,12,7,2.4925379324704404,1.974670998752117,5,0,2.0,1.0,8.0,0.0,1.0
28830,2025-09-27,Crystal Palace,Liverpool,0.4872,0.1968,0.316,2,1,16,12,3.544257577508688,2.660325458273292,1,0,0.0,1.0,14.0,0.0,1.0,1,0,20,12,3.114836951717734,2.314707994461059,3,0,1.0,3.0,14.0,0.0,2.0
28832,2025-09-27,Leeds United,Bournemouth,0.6258,0.219,0.1552,2,1,19,13,2.0808804780244827,1.697811516933143,2,0,0.0,9.0,10.0,0.0,0.0,2,1,12,8,1.060328926891088,0.7526022270321844,2,0,1.0,1.0,8.0,0.0,2.0
28833,2025-09-27,Manchester City,Burnley,0.9279,0.0602,0.0119,3,2,21,14,3.2213342739269137,2.1717851646244526,1,0,0.0,6.0,15.0,0.0,0.0,1,1,9,7,0.5135461706668135,0.4579989276826379,3,0,0.0,0.0,11.0,0.0,0.0
28834,2025-09-27,Nottingham Forest,Sunderland,0.2527,0.2346,0.5127,0,0,22,16,1.432127404026687,1.1043145209550858,4,0,0.0,5.0,17.0,0.0,0.0,1,1,11,5,1.9444248303771012,1.1596273630857463,2,0,0.0,2.0,6.0,0.0,3.0
28835,2025-09-27,Tottenham Hotspur,Wolverhampton Wanderers,0.2181,0.3376,0.4443,1,1,10,7,0.8187109138816591,0.6096460018306967,3,0,0.0,2.0,8.0,0.0,0.0,1,0,9,5,1.1737865563482044,0.3953481037169694,2,0,0.0,4.0,5.0,0.0,0.0
28831,2025-09-28,Aston Villa,Fulham,0.4792,0.293,0.2278,3,3,9,7,1.365747139789164,1.299784690141678,1,0,1.0,1.0,6.0,0.0,1.0,1,1,11,7,0.952611967921257,0.5998781407251952,4,0,0.0,1.0,10.0,0.0,0.0
28836,2025-09-28,Newcastle United,Arsenal,0.0956,0.1872,0.7172,1,1,8,8,0.7398511059582231,0.7398511096835135,2,0,0.0,3.0,3.0,0.0,2.0,2,2,20,15,2.0739194713532925,1.7919687852263446,1,0,0.0,4.0,14.0,0.0,2.0
28837,2025-09-29,Everton,West Ham United,0.3639,0.3478,0.2883,1,1,12,9,0.9097032956779,0.7620387598872183,3,0,1.0,3.0,6.0,0.0,2.0,1,0,14,10,0.7757659666240212,0.5816267058253287,4,0,0.0,2.0,10.0,0.0,2.0
28838,2025-10-03,Bournemouth,Fulham,0.5037,0.2971,0.1992,3,3,11,7,1.3345776088535783,0.6992258056998248,0,0,0.0,1.0,10.0,0.0,0.0,1,1,12,9,0.8433503508567808,0.7441070042550562,1,0,0.0,2.0,10.0,0.0,0.0
28844,2025-10-04,Leeds United,Tottenham Hotspur,0.6,0.2633,0.1367,1,0,16,14,1.5347339101135729,0.7855010358616709,2,0,0.0,2.0,11.0,0.0,3.0,2,1,9,5,0.6881977273151276,0.4990153759717939,3,0,1.0,0.0,8.0,0.0,0.0
28839,2025-10-04,Arsenal,West Ham United,0.8876,0.0891,0.0233,2,0,21,11,3.1216610139235854,1.4564449992030857,0,0,0.0,5.0,12.0,1.0,3.0,0,0,4,4,0.8645494021475314,0.8645494021475314,2,0,0.0,2.0,2.0,0.0,0.0
28845,2025-10-04,Manchester United,Sunderland,0.6826,0.2067,0.1107,2,1,15,11,1.9646358713507648,0.7386708632111547,1,0,0.0,1.0,13.0,0.0,1.0,0,0,8,6,0.8071186570450661,0.7496198071166872,4,0,0.0,2.0,6.0,0.0,0.0
28842,2025-10-04,Chelsea,Liverpool,0.1603,0.2554,0.5843,2,2,12,9,1.2377228904515505,1.1854366697371004,0,0,0.0,2.0,9.0,0.0,1.0,1,1,12,10,2.0613001715391874,1.9891193583607676,2,0,0.0,0.0,12.0,0.0,0.0
28840,2025-10-05,Aston Villa,Burnley,0.7029,0.2168,0.0803,2,2,15,13,1.735715103335678,1.2893926249817012,3,0,0.0,6.0,9.0,0.0,0.0,1,1,5,3,0.5022915918380021,0.4272389523684978,1,0,0.0,2.0,2.0,0.0,1.0
28843,2025-10-05,Everton,Crystal Palace,0.3623,0.2646,0.3731,2,0,14,10,2.520303243771195,0.91760129481554,2,0,0.0,1.0,10.0,1.0,2.0,1,1,15,8,2.2344437576830387,0.7387199662625787,3,0,0.0,2.0,12.0,0.0,1.0
28846,2025-10-05,Newcastle United,Nottingham Forest,0.9788,0.0182,0.003,2,1,18,15,3.919541221112013,2.5691396035254,0,0,0.0,5.0,12.0,1.0,0.0,0,0,5,4,0.3376886025071143,0.2603826932609081,4,0,1.0,0.0,4.0,0.0,0.0
28847,2025-10-05,Wolverhampton Wanderers,Brighton,0.0797,0.2474,0.6729,0,0,6,4,0.3694044258445499,0.2640502005815505,2,0,1.0,0.0,3.0,0.0,2.0,1,1,17,13,1.391583919525146,0.7013233816251156,4,0,2.0,3.0,11.0,0.0,2.0
28841,2025-10-05,Brentford,Manchester City,0.2127,0.3477,0.4396,0,0,6,4,0.6937584048137067,0.1527172029018401,3,0,0.0,0.0,6.0,0.0,0.0,1,1,10,10,1.0964743345975876,1.096474327147007,2,0,0.0,1.0,9.0,0.0,0.0
28854,2025-10-18,Nottingham Forest,Chelsea,0.2761,0.2325,0.4914,0,0,11,8,2.076551273465157,1.609217997640371,2,0,0.0,3.0,8.0,0.0,0.0,3,2,17,12,2.5582966338843107,1.818985432386398,2,1,2.0,2.0,12.0,0.0,1.0
28848,2025-10-18,Brighton,Newcastle United,0.234,0.2943,0.4717,2,1,13,10,0.8588743917644021,0.7496022917330261,0,0,0.0,2.0,11.0,0.0,0.0,1,1,16,11,1.2946859672665592,1.008634941652417,1,0,0.0,1.0,13.0,0.0,2.0
28849,2025-10-18,Burnley,Leeds United,0.0318,0.1277,0.8405,2,2,4,3,0.5096474979072808,0.4683029558509587,2,0,1.0,0.0,3.0,0.0,0.0,0,0,19,16,2.3402107581496234,2.1513828560709958,1,0,1.0,2.0,16.0,0.0,0.0
28850,2025-10-18,Crystal Palace,Bournemouth,0.8893,0.0764,0.0343,3,1,20,12,4.603448085486889,3.084337055683136,1,0,0.0,3.0,16.0,1.0,0.0,3,1,8,4,2.0470992531627417,1.0208816900849342,4,0,0.0,1.0,7.0,0.0,0.0
28853,2025-10-18,Manchester City,Everton,0.7871,0.157,0.0559,2,2,19,17,2.548717541620135,2.38398028165102,0,0,0.0,2.0,16.0,0.0,1.0,0,0,5,3,0.7946222862228749,0.6924105836078523,2,0,0.0,0.0,5.0,0.0,0.0
28855,2025-10-18,Sunderland,Wolverhampton Wanderers,0.4521,0.3322,0.2157,1,1,8,7,1.0255934549495576,1.0116501860320566,0,0,0.0,1.0,7.0,0.0,0.0,0,0,16,10,0.676779904402792,0.4554870640859004,0,0,1.0,0.0,14.0,0.0,2.0
28851,2025-10-18,Fulham,Arsenal,0.0509,0.1423,0.8068,0,0,9,8,0.5023315306752918,0.489720083773136,0,0,0.0,3.0,6.0,0.0,0.0,1,1,16,13,2.13024777546525,1.3815993685275314,0,0,0.0,4.0,12.0,0.0,0.0
28856,2025-10-19,Tottenham Hotspur,Aston Villa,0.7246,0.2099,0.0655,1,1,9,7,1.5146122500300403,0.9344158396124838,2,0,0.0,2.0,6.0,0.0,1.0,2,1,8,5,0.3522309530526397,0.2877652868628499,0,0,0.0,2.0,6.0,0.0,0.0
28852,2025-10-19,Liverpool,Manchester United,0.403,0.2349,0.3621,1,1,19,18,2.664366258308291,2.611141514033079,0,0,0.0,4.0,13.0,0.0,2.0,2,2,12,9,2.541389395482838,1.4455209570005536,2,0,0.0,3.0,8.0,0.0,1.0
28857,2025-10-20,West Ham United,Brentford,0.0056,0.0286,0.9658,0,0,7,4,0.2602508980780837,0.1962012480944393,1,0,0.0,1.0,6.0,0.0,0.0,2,2,22,20,3.497696686536073,2.920394033193588,1,0,0.0,4.0,17.0,0.0,1.0
28864,2025-10-24,Leeds United,West Ham United,0.8342,0.1246,0.0412,2,1,13,9,2.486324749886989,1.6448540985584257,3,0,0.0,2.0,11.0,0.0,0.0,1,1,9,7,0.4986526519060132,0.4128127638250587,3,0,0.0,1.0,8.0,0.0,0.0
28862,2025-10-25,Chelsea,Sunderland,0.2529,0.2876,0.4595,1,1,16,14,1.2150818984955547,1.1074418630450962,1,0,0.0,7.0,9.0,0.0,0.0,2,1,10,6,1.550603814423084,0.6091332659125326,1,0,1.0,0.0,8.0,0.0,1.0
28866,2025-10-25,Newcastle United,Fulham,0.6984,0.1854,0.1162,2,0,18,13,2.8305990863591437,1.3884598985314367,0,0,0.0,1.0,15.0,0.0,2.0,1,0,12,7,1.9111405517905948,0.525076216086745,2,0,0.0,1.0,11.0,0.0,0.0
28865,2025-10-25,Manchester United,Brighton,0.6368,0.216,0.1472,4,4,13,12,1.9623136464506383,1.92939281091094,2,0,0.0,0.0,12.0,0.0,1.0,2,1,17,13,0.9471539258956904,0.7689576726406809,2,0,1.0,3.0,11.0,0.0,2.0
28861,2025-10-25,Brentford,Liverpool,0.6466,0.1867,0.1667,3,1,17,11,3.271264314651489,1.964994475245476,3,0,0.0,0.0,16.0,1.0,0.0,2,1,14,10,2.1644383538514376,1.030352205969393,2,0,0.0,1.0,13.0,0.0,0.0
28858,2025-10-26,Bournemouth,Nottingham Forest,0.4009,0.4563,0.1428,2,1,13,8,0.6642512530088424,0.4591457955539224,3,0,0.0,1.0,12.0,0.0,0.0,0,0,8,7,0.3054928090423343,0.2775666173547502,1,0,0.0,2.0,5.0,0.0,1.0
28859,2025-10-26,Arsenal,Crystal Palace,0.4818,0.3843,0.1339,1,0,10,7,0.8820138415321706,0.5771009447053073,0,0,0.0,1.0,3.0,0.0,6.0,0,0,7,4,0.3505342314019798,0.2141482727602123,0,0,0.0,2.0,5.0,0.0,0.0
28860,2025-10-26,Aston Villa,Manchester City,0.2191,0.289,0.4919,1,1,9,6,0.8769126487895845,0.4409143514931199,1,0,0.0,4.0,5.0,0.0,0.0,0,0,18,14,1.3820517528802154,0.9330997355282304,4,0,0.0,6.0,12.0,0.0,0.0
28867,2025-10-26,Wolverhampton Wanderers,Burnley,0.6426,0.2132,0.1442,2,1,15,9,2.581322196871042,0.91651526838541,1,0,1.0,0.0,13.0,1.0,0.0,3,3,11,7,1.5454446151852603,1.3869210109114645,0,0,0.0,1.0,9.0,0.0,1.0
28863,2025-10-26,Everton,Tottenham Hotspur,0.1933,0.2511,0.5556,0,0,12,9,1.423220824450254,0.714699476957321,2,0,0.0,1.0,10.0,0.0,1.0,3,3,7,4,2.093274548649788,1.5433158539235592,0,0,1.0,4.0,2.0,0.0,0.0
28868,2025-11-01,Brighton,Leeds United,0.9151,0.0719,0.013,3,2,14,9,2.6412739884108305,1.782593199983239,0,0,0.0,1.0,13.0,0.0,0.0,0,0,5,3,0.3591895271092651,0.1989431101828812,1,0,1.0,0.0,4.0,0.0,0.0
28869,2025-11-01,Burnley,Arsenal,0.0346,0.1281,0.8373,0,0,3,1,0.6791769228875636,0.5850650668144226,2,0,1.0,0.0,1.0,0.0,1.0,2,2,12,10,2.5164893437176943,2.4074139576405287,1,0,0.0,2.0,9.0,0.0,1.0
28870,2025-11-01,Crystal Palace,Brentford,0.284,0.3671,0.3489,1,1,9,4,0.734557870775461,0.1540894918143747,0,0,1.0,2.0,5.0,0.0,1.0,0,0,6,3,0.8204984739422797,0.5824409872293472,3,0,1.0,1.0,5.0,0.0,0.0
28871,2025-11-01,Fulham,Wolverhampton Wanderers,0.8557,0.1234,0.0209,2,1,19,16,2.0398236513137813,1.320575054734945,1,0,0.0,1.0,17.0,0.0,1.0,0,0,5,4,0.2099337987601754,0.1260922886431216,3,1,1.0,0.0,5.0,0.0,0.0
28874,2025-11-01,Nottingham Forest,Manchester United,0.5553,0.2598,0.1849,2,1,17,12,1.594520259648561,0.7268781736493108,1,0,0.0,4.0,13.0,0.0,0.0,2,1,18,14,0.9239989854395384,0.717230401933193,1,0,0.0,4.0,14.0,0.0,0.0
28876,2025-11-01,Tottenham Hotspur,Chelsea,0.0016,0.0201,0.9783,0,0,3,3,0.146953597664833,0.1469535939395427,4,0,0.0,0.0,3.0,0.0,0.0,1,1,15,14,3.344738844782114,3.2939332127571106,2,0,0.0,1.0,14.0,0.0,0.0
28872,2025-11-01,Liverpool,Aston Villa,0.6494,0.2552,0.0954,2,1,16,12,1.4702099841088054,0.7820335291326044,2,0,1.0,1.0,13.0,0.0,1.0,0,0,10,10,0.4350201506167647,0.4350201524794097,3,0,0.0,0.0,9.0,0.0,1.0
28877,2025-11-02,West Ham United,Newcastle United,0.6355,0.2546,0.1099,2,1,14,10,1.5960425920784471,0.9082047156989572,1,0,1.0,3.0,10.0,0.0,0.0,1,1,12,8,0.5236148517578838,0.3489722460508345,2,0,0.0,1.0,12.0,0.0,0.0
28873,2025-11-02,Manchester City,Bournemouth,0.7693,0.1598,0.0709,3,3,15,13,2.489992685616016,2.362676616758108,2,0,1.0,1.0,13.0,0.0,0.0,1,0,8,5,0.8998462865129111,0.242953274399042,2,0,0.0,1.0,7.0,0.0,0.0
28875,2025-11-03,Sunderland,Everton,0.3718,0.3203,0.3079,1,1,17,13,1.180683925747871,0.9965585730969904,3,0,0.0,2.0,12.0,0.0,3.0,1,0,8,4,1.007414937019348,0.8163460493087767,2,0,0.0,0.0,8.0,0.0,0.0
28886,2025-11-08,Tottenham Hotspur,Manchester United,0.5103,0.2821,0.2076,2,2,10,6,1.3595070810988543,1.206963211297989,5,0,0.0,2.0,7.0,0.0,1.0,2,2,5,4,0.8202558755874633,0.759821020066738,1,0,0.0,1.0,4.0,0.0,0.0
28882,2025-11-08,Everton,Fulham,0.855,0.1105,0.0345,2,2,14,10,2.306073072366416,2.1428563445806503,2,0,3.0,5.0,6.0,0.0,0.0,0,0,8,5,0.42713220231235,0.238415367901325,2,0,1.0,0.0,6.0,0.0,1.0
28887,2025-11-08,West Ham United,Burnley,0.6782,0.2072,0.1146,3,0,15,9,3.0434022694826126,0.3886608090251682,2,0,1.0,6.0,8.0,0.0,0.0,2,0,16,10,1.8788514253683384,0.4866323079913852,2,0,2.0,2.0,12.0,0.0,0.0
28885,2025-11-08,Sunderland,Arsenal,0.1307,0.214,0.6553,2,1,6,5,1.2049474343657491,0.7155129238963125,2,0,0.0,1.0,4.0,0.0,1.0,2,2,17,9,2.592251975089312,1.5025010388344524,1,0,1.0,1.0,15.0,0.0,0.0
28880,2025-11-08,Chelsea,Wolverhampton Wanderers,0.9924,0.0074,0.0002,3,2,20,14,4.057877875864506,2.8282385561615224,1,0,1.0,1.0,18.0,0.0,0.0,0,0,3,2,0.1114623099565505,0.0933195296674966,2,0,0.0,0.0,3.0,0.0,0.0
28878,2025-11-09,Aston Villa,Bournemouth,0.3334,0.2653,0.4013,4,2,16,11,1.919094576500356,1.6319393487647176,2,0,1.0,5.0,8.0,0.0,2.0,0,0,13,8,2.0099150193855166,0.8646514825522897,2,0,1.0,3.0,7.0,1.0,1.0
28879,2025-11-09,Brentford,Newcastle United,0.9194,0.0653,0.0153,3,0,15,9,2.7372880596667524,1.0298653934150934,2,0,0.0,1.0,10.0,1.0,3.0,1,0,5,4,0.4322769809514283,0.1612020861357448,1,1,0.0,1.0,4.0,0.0,0.0
28881,2025-11-09,Crystal Palace,Brighton,0.3615,0.3807,0.2578,0,0,10,8,0.8395473584532736,0.6910864636301991,1,0,0.0,2.0,7.0,0.0,1.0,0,0,7,6,0.637037057429552,0.2382969968020915,4,0,0.0,2.0,5.0,0.0,0.0
28884,2025-11-09,Nottingham Forest,Leeds United,0.8925,0.0884,0.0191,3,1,14,9,2.49276040494442,1.038840521126985,2,0,0.0,4.0,9.0,1.0,0.0,1,1,10,5,0.4222668278962371,0.2300407644361255,1,0,0.0,3.0,6.0,0.0,1.0
28883,2025-11-09,Manchester City,Liverpool,0.5265,0.2798,0.1937,3,3,14,11,1.5954161286354065,0.6887657679617404,2,0,1.0,1.0,11.0,1.0,0.0,0,0,7,6,1.0281015979126094,0.9607824459671972,4,0,0.0,0.0,7.0,0.0,0.0
28891,2025-11-22,Burnley,Chelsea,0.109,0.2248,0.6662,0,0,8,8,0.6609428916126487,0.6609428878873584,2,0,0.0,0.0,7.0,0.0,1.0,2,2,15,11,1.7209330154582856,1.5413997806608677,3,0,0.0,3.0,12.0,0.0,0.0
28888,2025-11-22,Bournemouth,West Ham United,0.9602,0.0349,0.0049,2,1,28,18,3.547960572876036,1.4450431056320665,3,0,0.0,2.0,23.0,1.0,2.0,2,2,5,4,0.3992575109004974,0.2356234416365621,2,0,0.0,0.0,3.0,0.0,2.0
28890,2025-11-22,Brighton,Brentford,0.0872,0.1756,0.7372,2,1,14,9,0.9810441033914684,0.7752402666956184,4,0,1.0,1.0,12.0,0.0,0.0,1,0,10,5,2.1997854430228467,0.6150252446532248,2,0,0.0,2.0,4.0,2.0,2.0
28892,2025-11-22,Fulham,Sunderland,0.9361,0.0547,0.0092,1,1,24,19,2.837291177362203,2.166344383731484,3,0,0.0,3.0,20.0,0.0,1.0,0,0,4,4,0.2227684482932088,0.2227684445679185,3,0,0.0,1.0,3.0,0.0,0.0
28894,2025-11-22,Liverpool,Nottingham Forest,0.5209,0.2497,0.2294,0,0,21,18,1.7927304208278652,1.1612574616447089,2,0,0.0,2.0,18.0,0.0,1.0,3,1,15,6,1.2053142953664062,0.6853264160454271,0,0,3.0,3.0,6.0,0.0,3.0
28897,2025-11-22,Wolverhampton Wanderers,Crystal Palace,0.428,0.285,0.287,0,0,8,5,1.7058871602639554,1.0258939554914832,2,0,1.0,1.0,5.0,0.0,1.0,2,2,10,9,1.4665355533361433,1.4033508896827698,3,0,0.0,2.0,7.0,0.0,1.0
28896,2025-11-22,Newcastle United,Manchester City,0.3783,0.2442,0.3775,2,1,9,7,2.9035165309906006,1.8035112246870997,1,0,0.0,4.0,5.0,0.0,0.0,1,0,17,13,2.456480430439114,2.304354395717382,2,0,0.0,5.0,12.0,0.0,0.0
28893,2025-11-23,Leeds United,Aston Villa,0.5039,0.2601,0.236,1,0,14,11,2.1334591880440708,1.2944755908101793,5,0,0.0,2.0,8.0,0.0,4.0,2,1,14,12,1.3597753457725046,1.1736982511356473,1,0,2.0,1.0,11.0,0.0,0.0
28889,2025-11-23,Arsenal,Tottenham Hotspur,0.9246,0.0744,0.001,4,4,17,11,2.2782681025564666,2.0406073592603207,1,0,2.0,3.0,10.0,0.0,2.0,1,1,3,3,0.0300671728327868,0.0300671719014643,3,0,0.0,0.0,3.0,0.0,0.0
28895,2025-11-24,Manchester United,Everton,0.8897,0.0985,0.0118,0,0,25,20,2.277055211365223,2.016804868355393,2,0,0.0,4.0,21.0,0.0,0.0,1,1,3,3,0.1550633162260054,0.1550633162260054,0,1,0.0,0.0,3.0,0.0,0.0
28899,2025-11-29,Brentford,Burnley,0.9508,0.0419,0.0073,3,1,14,9,3.745793528854847,1.9614856280386448,0,0,0.0,3.0,10.0,1.0,0.0,1,0,6,2,0.8740249406546353,0.0483496282249688,2,0,0.0,3.0,2.0,1.0,0.0
28903,2025-11-29,Manchester City,Leeds United,0.6549,0.2088,0.1363,3,3,18,13,3.3560956958681345,3.043222906067967,4,0,1.0,6.0,11.0,0.0,0.0,2,0,9,3,2.22941330447793,0.2446213886141776,1,0,0.0,0.0,3.0,1.0,5.0
28905,2025-11-29,Sunderland,Bournemouth,0.1677,0.3108,0.5215,3,2,11,9,1.1695519834756851,0.3914112895727155,5,0,0.0,1.0,8.0,1.0,1.0,2,0,18,13,2.1362712923437357,1.3427468072623014,5,1,1.0,0.0,17.0,0.0,0.0
28902,2025-11-29,Everton,Newcastle United,0.0953,0.1744,0.7303,1,1,10,7,1.0161367952823637,0.8871829845011232,0,0,0.0,3.0,7.0,0.0,0.0,4,4,13,11,2.4588170610368247,2.2455344088375564,0,0,0.0,4.0,9.0,0.0,0.0
28906,2025-11-29,Tottenham Hotspur,Fulham,0.5297,0.324,0.1463,1,1,14,10,1.0883808685466645,0.2970526870340107,3,0,0.0,1.0,13.0,0.0,0.0,2,2,7,4,0.4947358183562753,0.2754963189363478,2,0,0.0,1.0,6.0,0.0,0.0
28901,2025-11-30,Crystal Palace,Manchester United,0.5412,0.2822,0.1766,1,0,14,8,2.1356117539107795,0.5457832980901001,3,0,1.0,2.0,10.0,1.0,0.0,2,2,14,9,2.0503025827929373,0.3618266992270945,2,0,0.0,2.0,8.0,0.0,4.0
28898,2025-11-30,Aston Villa,Wolverhampton Wanderers,0.4809,0.3149,0.2042,1,1,16,13,1.1548615470528598,0.6739046610891816,0,0,1.0,2.0,11.0,0.0,2.0,0,0,9,7,0.6976036280393598,0.5820480994880197,4,0,0.0,5.0,4.0,0.0,0.0
28904,2025-11-30,Nottingham Forest,Brighton,0.1427,0.2061,0.6512,0,0,19,16,0.9620246961712832,0.8847633507102726,0,0,0.0,5.0,12.0,0.0,2.0,2,0,17,11,2.058633536100388,1.1155266091227531,1,0,0.0,5.0,11.0,0.0,1.0
28907,2025-11-30,West Ham United,Liverpool,0.0588,0.1997,0.7415,0,0,7,6,0.3641518019139765,0.3553782263770697,1,1,0.0,0.0,7.0,0.0,0.0,2,2,9,8,1.567934735678136,1.5562186222523449,0,0,0.0,1.0,7.0,0.0,1.0
28900,2025-11-30,Chelsea,Arsenal,0.2095,0.3069,0.4836,1,1,11,10,0.7919136881828304,0.6983003616333006,1,1,0.0,1.0,8.0,0.0,2.0,1,1,8,7,1.2282768040895462,1.1960951555520294,6,0,0.0,0.0,8.0,0.0,0.0
28908,2025-12-02,Bournemouth,Everton,0.1737,0.3189,0.5074,0,0,5,3,0.6354146525263785,0.5205442309379577,3,0,0.0,1.0,3.0,0.0,1.0,1,1,13,10,1.1957342438399787,1.092477351427078,3,0,0.0,2.0,10.0,0.0,1.0
28912,2025-12-02,Fulham,Manchester City,0.1408,0.2232,0.636,4,1,12,7,0.9726350568234918,0.7978485487401483,0,0,0.0,4.0,9.0,0.0,0.0,4,3,11,8,1.986434027552605,1.7268390282988548,1,0,0.0,1.0,10.0,0.0,0.0
28916,2025-12-02,Newcastle United,Tottenham Hotspur,0.5817,0.2502,0.1681,2,1,19,12,1.8855817355215545,0.7148435972630974,0,0,0.0,2.0,16.0,1.0,0.0,2,1,8,6,1.0520482771098612,0.9691522903740404,3,0,0.0,2.0,6.0,0.0,0.0
28909,2025-12-03,Arsenal,Brentford,0.8618,0.1086,0.0296,2,2,15,13,2.6874545607715845,1.6540187206119297,0,0,0.0,0.0,15.0,0.0,0.0,0,0,6,4,0.5895843561738726,0.5207027122378347,1,0,0.0,4.0,2.0,0.0,0.0
28910,2025-12-03,Brighton,Aston Villa,0.1501,0.1771,0.6728,2,2,16,9,1.9639818072319029,1.2235614135861397,2,0,1.0,5.0,10.0,0.0,0.0,4,3,14,12,3.157454613596201,2.487443335354328,1,0,0.0,4.0,11.0,0.0,0.0
28911,2025-12-03,Burnley,Crystal Palace,0.3817,0.3288,0.2895,0,0,10,8,1.1709891501814125,0.9705302994698284,0,0,1.0,1.0,8.0,0.0,0.0,1,1,3,3,0.9877967238426208,0.9877967312932012,0,0,0.0,0.0,3.0,0.0,0.0
28917,2025-12-03,Wolverhampton Wanderers,Nottingham Forest,0.3096,0.3553,0.3351,0,0,5,5,1.0246096663177011,1.0246096663177011,2,0,0.0,1.0,4.0,0.0,0.0,1,1,10,8,1.1238918229937551,1.0319045782089231,2,0,1.0,4.0,5.0,0.0,0.0
28913,2025-12-03,Leeds United,Chelsea,0.7167,0.1866,0.0967,3,2,17,9,2.344746477901935,1.0149379596114156,1,0,0.0,3.0,14.0,0.0,0.0,1,1,14,11,0.9656297899782657,0.875452598556876,1,0,0.0,4.0,10.0,0.0,0.0
28914,2025-12-03,Liverpool,Sunderland,0.5385,0.2953,0.1662,0,0,23,17,1.380300341174006,0.7097842693328853,1,0,0.0,8.0,15.0,0.0,0.0,1,1,9,4,0.7162012383341787,0.5299790576100348,1,0,1.0,2.0,5.0,0.0,2.0
28915,2025-12-04,Manchester United,West Ham United,0.6156,0.2213,0.1631,1,0,17,10,2.389433927834034,1.0616235807538033,2,0,0.0,2.0,15.0,0.0,0.0,1,0,11,6,1.4140599593520162,0.4185492992401122,2,0,0.0,3.0,7.0,0.0,1.0
28919,2025-12-06,Aston Villa,Arsenal,0.5866,0.2031,0.2103,2,1,15,9,3.1337856762111187,1.6744132339954374,0,0,0.0,0.0,15.0,0.0,0.0,1,0,15,10,1.8596533462405205,1.1837740242481232,2,0,0.0,3.0,12.0,0.0,0.0
28918,2025-12-06,Bournemouth,Chelsea,0.6116,0.271,0.1174,0,0,13,8,1.4791298247873783,0.4674810543656348,0,0,0.0,0.0,12.0,0.0,1.0,0,0,11,9,0.672602135688066,0.5370596926659343,2,0,0.0,0.0,11.0,0.0,0.0
28921,2025-12-06,Everton,Nottingham Forest,0.6583,0.263,0.0787,2,2,11,8,1.2534817997366188,1.102323582395911,4,0,1.0,2.0,7.0,0.0,1.0,0,0,7,4,0.3123404039070007,0.1493095541372893,3,0,1.0,1.0,5.0,0.0,1.0
28924,2025-12-06,Manchester City,Sunderland,0.8094,0.1365,0.0541,3,3,18,16,2.4301259629428387,2.29950072336942,1,0,0.0,2.0,16.0,0.0,0.0,0,0,8,5,0.6264860704541204,0.2583946101367471,0,1,0.0,2.0,6.0,0.0,0.0
28925,2025-12-06,Newcastle United,Burnley,0.4078,0.2946,0.2976,2,0,17,10,1.807077763602137,0.8381000012159345,2,0,2.0,3.0,11.0,1.0,0.0,1,0,9,8,1.5837547779083252,0.8225859310477969,2,1,0.0,2.0,5.0,1.0,1.0
28926,2025-12-06,Tottenham Hotspur,Brentford,0.874,0.1019,0.0241,2,1,15,9,2.438502501696348,1.7424128577113152,3,0,0.0,3.0,9.0,0.0,3.0,0,0,4,3,0.4705634023994207,0.45429340749979,4,0,0.0,1.0,3.0,0.0,0.0
28923,2025-12-06,Leeds United,Liverpool,0.3199,0.2543,0.4258,3,1,12,8,1.7933335816487668,0.3961226753890512,3,0,0.0,3.0,7.0,1.0,1.0,3,1,16,13,2.0480525810271497,1.5093713290989397,3,0,1.0,1.0,12.0,0.0,2.0
28920,2025-12-07,Brighton,West Ham United,0.4659,0.2432,0.2909,1,1,22,16,2.109694437123834,1.80243182182312,2,0,0.0,6.0,16.0,0.0,0.0,1,1,14,11,1.7447582203894854,1.2381154522299764,2,0,0.0,2.0,11.0,0.0,1.0
28922,2025-12-07,Fulham,Crystal Palace,0.1398,0.2443,0.6159,1,1,12,9,0.7667712960392233,0.5851411055773494,0,0,0.0,2.0,9.0,0.0,1.0,2,2,11,9,1.7249971162527795,1.4788756202906368,0,0,0.0,2.0,9.0,0.0,0.0
28927,2025-12-08,Wolverhampton Wanderers,Manchester United,0.0013,0.0112,0.9875,1,1,8,7,0.2621469385921952,0.243662013672292,3,0,0.0,0.0,7.0,0.0,1.0,4,3,27,21,4.14756925124675,2.9464367618784304,2,0,1.0,5.0,19.0,1.0,1.0
28931,2025-12-13,Chelsea,Everton,0.6853,0.181,0.1337,2,2,17,12,2.6445670686662197,1.9712003506720064,1,0,1.0,3.0,13.0,0.0,0.0,0,0,11,10,1.3399954997003076,0.945850446820259,0,0,0.0,2.0,8.0,0.0,1.0
28933,2025-12-13,Liverpool,Brighton,0.5519,0.2199,0.2282,2,2,18,16,2.4127022065222263,2.228443622589111,1,0,0.0,1.0,16.0,0.0,1.0,0,0,14,11,1.6900423495098942,1.48690740019083,2,0,0.0,0.0,14.0,0.0,0.0
28930,2025-12-13,Burnley,Fulham,0.4687,0.2506,0.2807,2,1,16,10,2.06177008152008,1.3737319428473709,1,0,1.0,3.0,9.0,0.0,3.0,3,3,6,6,1.6505325585603714,1.6505325734615326,2,0,0.0,2.0,4.0,0.0,0.0
28928,2025-12-13,Arsenal,Wolverhampton Wanderers,0.6309,0.2644,0.1047,0,0,16,13,1.6179552935063837,1.403737975284457,0,0,1.0,3.0,12.0,0.0,0.0,1,1,3,3,0.6199695840477942,0.6199695840477942,4,0,0.0,1.0,4.0,0.0,0.0
28932,2025-12-14,Crystal Palace,Manchester City,0.3229,0.2899,0.3872,0,0,16,6,1.3034500367939468,0.6982872635126113,2,0,0.0,0.0,15.0,0.0,1.0,3,2,7,5,1.353165365755558,0.5551228523254395,0,0,1.0,0.0,4.0,1.0,1.0
28935,2025-12-14,Nottingham Forest,Tottenham Hotspur,0.8804,0.0967,0.0229,3,3,15,10,2.38321441411972,2.006165906786918,1,0,1.0,1.0,12.0,0.0,1.0,0,0,6,5,0.3802463784813878,0.3240508697926996,3,0,0.0,1.0,5.0,0.0,0.0
28936,2025-12-14,Sunderland,Newcastle United,0.4509,0.4675,0.0816,0,0,5,4,0.6300445226952431,0.5773056996986268,5,0,0.0,0.0,5.0,0.0,0.0,0,0,6,5,0.1693290416151284,0.1238098256289957,4,0,0.0,1.0,6.0,0.0,0.0
28937,2025-12-14,West Ham United,Aston Villa,0.5651,0.3111,0.1238,2,1,10,6,1.3223795825615523,0.8966467892751094,1,0,0.0,3.0,8.0,0.0,0.0,2,2,7,6,0.5950928814709185,0.5855756234377621,2,0,0.0,0.0,7.0,0.0,0.0
28929,2025-12-14,Brentford,Leeds United,0.1171,0.2592,0.6237,1,0,7,4,0.6970054786652324,0.1915654595941303,0,0,0.0,0.0,7.0,0.0,0.0,1,1,17,11,1.6340929903089998,1.3647941593080757,0,0,0.0,1.0,16.0,0.0,0.0
28934,2025-12-15,Manchester United,Bournemouth,0.5797,0.1979,0.2224,4,1,25,19,3.215734526515007,1.6258529620245097,2,0,1.0,2.0,21.0,0.0,1.0,4,2,14,10,2.463612634688616,1.3786998353898523,3,0,1.0,0.0,11.0,0.0,2.0
28945,2025-12-20,Newcastle United,Chelsea,0.8323,0.117,0.0507,2,1,11,8,3.369501695036888,2.487816290929913,3,0,1.0,1.0,6.0,0.0,3.0,2,1,13,11,1.0261012371629474,0.9565963484346864,6,0,1.0,0.0,11.0,0.0,1.0
28938,2025-12-20,Bournemouth,Burnley,0.7581,0.1923,0.0496,1,0,16,15,1.818472662940621,1.779522748664021,1,0,0.0,3.0,13.0,0.0,0.0,1,1,4,2,0.4808944389224052,0.4425809662789106,1,0,0.0,3.0,1.0,0.0,0.0
28940,2025-12-20,Brighton,Sunderland,0.2447,0.2888,0.4665,0,0,16,14,0.9192717541009188,0.8034969354048367,2,0,1.0,0.0,15.0,0.0,0.0,0,0,14,9,1.313107647001743,0.6901184394955633,2,0,0.0,1.0,11.0,0.0,2.0
28944,2025-12-20,Manchester City,West Ham United,0.9032,0.0686,0.0282,3,1,17,12,3.7846476547420025,2.544997736811638,1,0,0.0,2.0,14.0,0.0,1.0,0,0,7,3,1.0232882536947725,0.4777633398771285,1,0,1.0,0.0,6.0,0.0,0.0
28947,2025-12-20,Wolverhampton Wanderers,Brentford,0.2792,0.2924,0.4284,0,0,9,5,1.2697512432932854,0.2884149998426435,2,0,1.0,1.0,5.0,1.0,1.0,2,2,7,5,1.5630930364131927,1.351946197450161,4,0,0.0,0.0,7.0,0.0,0.0
28946,2025-12-20,Tottenham Hotspur,Liverpool,0.3774,0.3092,0.3134,1,0,15,11,1.408187684603035,0.8141628680750724,3,2,1.0,4.0,10.0,0.0,0.0,2,1,8,7,1.2316387929022312,0.6041426621377467,3,0,0.0,1.0,6.0,0.0,1.0
28941,2025-12-20,Everton,Arsenal,0.0177,0.1169,0.8654,0,0,5,3,0.2132731843739746,0.0941937956959007,2,0,0.0,0.0,3.0,0.0,2.0,1,0,13,9,1.8795172553509472,0.8792185075581073,2,0,0.0,1.0,11.0,1.0,0.0
28943,2025-12-20,Leeds United,Crystal Palace,0.7202,0.1848,0.095,4,1,20,8,3.383201476186513,1.053506288677454,1,0,1.0,8.0,11.0,0.0,0.0,1,0,9,6,1.5328765064477918,0.6360461711883543,3,0,0.0,1.0,7.0,1.0,0.0
28939,2025-12-21,Aston Villa,Manchester United,0.5333,0.27,0.1967,2,2,12,10,2.081335606053472,1.4308072999119756,1,0,0.0,3.0,9.0,0.0,0.0,1,1,15,8,1.3059077002108097,1.1052123159170149,2,0,1.0,1.0,13.0,0.0,0.0
28942,2025-12-22,Fulham,Nottingham Forest,0.743,0.1931,0.0639,1,0,11,9,1.7056767605245111,0.8785589858889576,5,0,0.0,2.0,8.0,1.0,0.0,0,0,12,11,0.486295841634273,0.4246902875602241,3,0,0.0,0.0,11.0,0.0,1.0
28954,2025-12-26,Manchester United,Newcastle United,0.2985,0.3125,0.389,1,0,9,7,0.9408106058835982,0.8186012655496595,2,0,0.0,1.0,7.0,0.0,1.0,0,0,16,11,1.1299765259027477,0.8573007993400094,1,0,0.0,4.0,11.0,0.0,1.0
28955,2025-12-27,Nottingham Forest,Manchester City,0.1293,0.2671,0.6036,1,1,7,4,0.6012188605964182,0.5081725213676689,1,0,0.0,0.0,5.0,0.0,2.0,2,2,16,15,1.4653355069458482,1.4546890752390025,2,0,0.0,1.0,15.0,0.0,0.0
28948,2025-12-27,Arsenal,Brighton,0.822,0.1286,0.0494,1,1,24,18,2.8517099600285287,2.061089443042874,2,0,0.0,2.0,22.0,0.0,0.0,1,0,8,4,0.7305686101317403,0.2650119140744208,3,0,0.0,2.0,7.0,0.0,0.0
28949,2025-12-27,Brentford,Bournemouth,0.4446,0.2365,0.3189,3,3,15,12,2.851300986483693,2.347801685333252,2,0,0.0,1.0,13.0,0.0,1.0,1,0,20,11,2.85773329436779,0.8945973869413135,2,0,0.0,5.0,16.0,0.0,0.0
28950,2025-12-27,Burnley,Everton,0.338,0.2938,0.3682,0,0,16,9,1.2649000361561773,0.7876401357352731,0,0,0.0,5.0,10.0,0.0,1.0,0,0,15,10,1.2531089428812263,1.0759349986910818,2,0,0.0,4.0,11.0,0.0,0.0
28953,2025-12-27,Liverpool,Wolverhampton Wanderers,0.5756,0.2883,0.1361,2,2,14,11,1.5650230050086973,1.3673882298171518,0,0,0.0,3.0,11.0,0.0,0.0,1,0,9,7,0.8446604460477828,0.6789809260517357,1,0,0.0,3.0,6.0,0.0,0.0
28957,2025-12-27,West Ham United,Fulham,0.3509,0.3111,0.338,0,0,11,6,1.1408945992588997,0.7562894746661184,1,0,0.0,1.0,9.0,0.0,1.0,1,1,15,11,1.116223640739917,0.8823389643803237,3,0,0.0,1.0,13.0,0.0,1.0
28951,2025-12-27,Chelsea,Aston Villa,0.3354,0.2749,0.3897,1,1,14,10,1.971547853201627,1.729538846760988,5,0,1.0,1.0,12.0,0.0,0.0,2,1,11,7,2.323495419695973,1.0204134704545138,3,0,2.0,1.0,8.0,0.0,0.0
28956,2025-12-28,Sunderland,Leeds United,0.0588,0.1287,0.8125,1,1,8,8,0.8059568768367169,0.8059568703174589,1,0,0.0,1.0,7.0,0.0,0.0,1,1,17,16,2.6065292283892627,2.586250342428684,0,0,0.0,4.0,12.0,0.0,1.0
28952,2025-12-28,Crystal Palace,Tottenham Hotspur,0.3247,0.3463,0.329,0,0,15,14,0.9296811912208792,0.8952452130615709,3,0,0.0,2.0,12.0,0.0,1.0,1,1,8,7,0.9312309920787808,0.9144691387191412,2,0,0.0,2.0,5.0,0.0,1.0
28960,2025-12-30,Burnley,Newcastle United,0.129,0.196,0.675,1,1,15,15,1.3255074284970758,1.3255073912441728,2,0,0.0,0.0,15.0,0.0,0.0,3,0,20,10,3.454383477568626,1.2986265011131763,1,0,0.0,3.0,14.0,0.0,3.0
28961,2025-12-30,Chelsea,Bournemouth,0.1502,0.1905,0.6593,2,1,17,13,2.332942090928554,1.301309913396835,1,0,0.0,4.0,12.0,1.0,0.0,2,0,17,10,3.923003083094954,1.5302814366295934,1,0,0.0,2.0,11.0,0.0,4.0
28965,2025-12-30,Nottingham Forest,Everton,0.3776,0.2639,0.3585,0,0,21,14,1.7586393095552917,1.5146209951490162,1,0,1.0,3.0,16.0,0.0,1.0,2,2,11,8,1.6952520608901975,1.6265772804617882,0,0,0.0,2.0,8.0,0.0,1.0
28967,2025-12-30,West Ham United,Brighton,0.1995,0.2097,0.5908,2,1,10,8,2.296356332488358,1.3753651501610873,3,0,0.0,1.0,7.0,1.0,1.0,2,0,16,11,3.089144149795174,0.6775524094700811,5,0,1.0,1.0,12.0,2.0,0.0
28958,2025-12-30,Arsenal,Aston Villa,0.6941,0.1691,0.1368,4,3,22,17,4.442217200994492,2.342488795518875,2,0,0.0,3.0,19.0,0.0,0.0,1,0,11,7,3.6005265787243843,0.8333823289722202,3,0,0.0,0.0,10.0,0.0,1.0
28964,2025-12-30,Manchester United,Wolverhampton Wanderers,0.3127,0.3104,0.3769,1,0,15,12,1.133061612024903,1.0206569135189054,0,0,0.0,3.0,12.0,0.0,0.0,1,0,11,7,1.2195316050201652,0.4103936832398174,2,0,0.0,2.0,8.0,0.0,1.0
28962,2026-01-01,Crystal Palace,Fulham,0.5385,0.2305,0.231,1,1,11,7,2.3534649945795536,0.9973800703883168,0,0,0.0,2.0,9.0,0.0,0.0,1,1,17,11,1.808671735227108,0.7119832821190355,5,0,0.0,1.0,16.0,0.0,0.0
28963,2026-01-01,Liverpool,Leeds United,0.8379,0.1434,0.0187,0,0,19,15,1.697224428877234,1.3252138867974277,0,0,1.0,3.0,14.0,0.0,1.0,0,0,4,1,0.1630869936197995,0.0279136784374713,2,0,0.0,1.0,3.0,0.0,0.0
28959,2026-01-01,Brentford,Tottenham Hotspur,0.2635,0.4337,0.3028,0,0,7,4,0.5563038410618898,0.4605055600404737,1,0,1.0,1.0,5.0,0.0,0.0,0,0,9,6,0.6137203089892862,0.46252348087728,2,0,0.0,1.0,8.0,0.0,0.0
28966,2026-01-01,Sunderland,Manchester City,0.0985,0.1597,0.7418,0,0,10,6,0.962140657007694,0.7599335126578806,1,0,0.0,1.0,9.0,0.0,0.0,0,0,14,9,2.5072109811007977,2.0805736556649204,1,0,0.0,2.0,12.0,0.0,0.0
28972,2026-01-03,Aston Villa,Nottingham Forest,0.5062,0.2854,0.2084,3,3,11,7,1.429878707975149,1.115139808505773,1,0,1.0,1.0,9.0,0.0,0.0,1,1,10,7,0.898199565708637,0.7895906260237096,2,0,0.0,1.0,9.0,0.0,0.0
28970,2026-01-03,Wolverhampton Wanderers,West Ham United,0.9109,0.0781,0.011,3,2,11,8,2.239249723032117,1.4321359340101478,1,0,0.0,4.0,6.0,1.0,0.0,0,0,6,4,0.23567777313292,0.148639466613531,0,0,0.0,2.0,2.0,0.0,2.0
28973,2026-01-03,Brighton,Burnley,0.7247,0.2236,0.0517,2,1,15,10,1.4716963842511177,1.133642055094242,0,0,1.0,1.0,10.0,0.0,3.0,0,0,5,2,0.2559882253408431,0.1331749334931373,4,0,1.0,2.0,2.0,0.0,0.0
28971,2026-01-03,Bournemouth,Arsenal,0.2551,0.2988,0.4461,2,1,15,9,0.9478456862270828,0.4240327347069975,3,0,1.0,1.0,11.0,0.0,2.0,3,2,12,10,1.320824053138494,0.8766015879809854,1,0,0.0,1.0,9.0,0.0,2.0
28976,2026-01-04,Leeds United,Manchester United,0.1395,0.2351,0.6254,1,1,10,7,0.9701381204649804,0.8967274464666842,0,0,0.0,2.0,8.0,0.0,0.0,1,1,15,11,1.968097191303968,1.8352533765137196,1,0,0.0,4.0,11.0,0.0,0.0
28968,2026-01-04,Newcastle United,Crystal Palace,0.7489,0.1653,0.0858,2,1,12,8,2.8924475386738773,1.461308069527149,1,0,0.0,4.0,7.0,0.0,1.0,0,0,11,7,1.283702440559864,0.9261022955179214,3,0,0.0,2.0,9.0,0.0,0.0
28969,2026-01-04,Tottenham Hotspur,Sunderland,0.6917,0.2321,0.0762,1,1,13,10,1.510232138447463,1.4593258518725634,2,0,0.0,3.0,9.0,0.0,1.0,1,1,10,8,0.4674814231693741,0.4106991635635493,3,0,0.0,2.0,8.0,0.0,0.0
28974,2026-01-04,Everton,Brentford,0.0586,0.1135,0.8279,2,2,14,13,1.0056592039763923,0.949071208015084,0,0,0.0,1.0,12.0,0.0,1.0,4,4,11,9,3.051794388331473,3.031663402915001,2,0,0.0,1.0,10.0,0.0,0.0
28975,2026-01-04,Fulham,Liverpool,0.0957,0.2177,0.6866,2,2,8,6,0.6091822907328605,0.5028727203607557,1,0,0.0,1.0,7.0,0.0,0.0,2,1,10,7,1.7188018001616,1.0530240777879951,1,0,1.0,3.0,6.0,0.0,0.0
28977,2026-01-04,Manchester City,Chelsea,0.1151,0.2012,0.6837,1,0,14,11,1.0304870083928104,0.8521651625633239,3,0,0.0,3.0,11.0,0.0,0.0,1,0,8,4,2.682700105011463,0.8386097401380539,3,0,0.0,0.0,8.0,0.0,0.0
28987,2026-01-06,West Ham United,Nottingham Forest,0.4809,0.2855,0.2336,0,0,14,10,1.7657377859577534,0.7640938721597194,3,0,0.0,3.0,11.0,0.0,0.0,2,1,13,9,1.2668349072337148,0.3638762272894379,0,0,0.0,3.0,9.0,1.0,1.0
28978,2026-01-07,Everton,Wolverhampton Wanderers,0.6437,0.2323,0.124,1,1,13,10,1.6569142714142795,1.5178530625998974,1,2,0.0,2.0,8.0,0.0,3.0,1,1,12,11,0.7132902145385741,0.6466683745384212,3,0,0.0,3.0,9.0,0.0,0.0
28979,2026-01-07,Bournemouth,Tottenham Hotspur,0.2401,0.2869,0.473,3,3,11,5,1.1944097466766832,0.8061649613082407,3,0,1.0,0.0,9.0,0.0,1.0,2,1,16,11,1.6332039171829815,1.2903715390712025,3,0,0.0,6.0,9.0,0.0,1.0
28981,2026-01-07,Brentford,Sunderland,0.8769,0.0866,0.0365,3,3,18,14,3.864777728915215,3.5887079946696754,2,0,2.0,3.0,13.0,0.0,0.0,0,0,11,5,1.5064414907246826,0.5067561622709035,1,0,1.0,3.0,5.0,1.0,1.0
28983,2026-01-07,Crystal Palace,Aston Villa,0.193,0.2327,0.5743,0,0,11,7,1.354852009564638,0.7326270192861554,2,0,0.0,0.0,11.0,0.0,0.0,0,0,15,12,2.079579966142773,1.957561988383532,0,0,0.0,2.0,11.0,0.0,2.0
28984,2026-01-07,Fulham,Chelsea,0.1032,0.1646,0.7322,2,1,16,11,1.07172380015254,0.6681974679231639,3,0,1.0,1.0,13.0,0.0,1.0,1,0,14,10,2.451067045331001,1.6237461417913437,3,1,0.0,5.0,9.0,0.0,0.0
28985,2026-01-07,Manchester City,Brighton,0.7562,0.1607,0.0831,1,0,22,15,2.961957462131977,1.4771096259355545,1,0,0.0,5.0,16.0,1.0,0.0,1,1,6,5,1.3316249242052434,1.2480630418285723,6,0,0.0,1.0,5.0,0.0,0.0
28982,2026-01-07,Burnley,Manchester United,0.0234,0.1025,0.8741,1,1,7,6,0.3197101131081579,0.2589307613670825,2,0,1.0,0.0,6.0,0.0,0.0,2,2,30,20,2.529651723802089,1.967070436105132,0,0,0.0,4.0,26.0,0.0,1.0
28986,2026-01-07,Newcastle United,Leeds United,0.401,0.2529,0.3461,4,2,18,13,2.475390189327299,1.3713238537311552,3,0,0.0,6.0,9.0,1.0,2.0,3,2,14,10,2.3531777933239937,1.420908074826002,2,0,0.0,2.0,10.0,1.0,1.0
28980,2026-01-08,Arsenal,Liverpool,0.4144,0.4412,0.1444,0,0,9,7,0.7018317542970177,0.6303902287036179,2,0,0.0,2.0,7.0,0.0,0.0,0,0,8,3,0.3196330871433017,0.0881573744118212,2,0,2.0,0.0,6.0,0.0,0.0
28993,2026-01-17,Manchester United,Manchester City,0.9392,0.0489,0.0119,2,2,11,8,3.094014490023256,2.423461899161339,2,0,0.0,1.0,10.0,0.0,0.0,0,0,7,7,0.3870154302567241,0.3870154190808532,3,0,0.0,1.0,6.0,0.0,0.0
28990,2026-01-17,Chelsea,Brentford,0.4189,0.2809,0.3002,2,1,6,5,1.6226299479603767,0.8614611029624939,3,0,0.0,0.0,5.0,1.0,0.0,0,0,15,14,1.4752065669745205,1.4325858913362024,2,0,0.0,4.0,10.0,0.0,1.0
28991,2026-01-17,Leeds United,Fulham,0.864,0.1163,0.0197,1,1,14,12,2.1689804866909976,2.0873308777809143,1,0,0.0,3.0,11.0,0.0,0.0,0,0,8,5,0.2587956804782149,0.2062687054276465,5,0,0.0,3.0,5.0,0.0,0.0
28992,2026-01-17,Liverpool,Burnley,0.9471,0.041,0.0119,1,1,32,25,3.506443873047828,2.326039550825953,1,0,0.0,1.0,30.0,1.0,0.0,1,1,7,3,0.5481028482317922,0.3770787827670573,1,0,0.0,0.0,7.0,0.0,0.0
28995,2026-01-17,Sunderland,Crystal Palace,0.5566,0.26,0.1834,2,1,13,6,1.9992113076150413,0.8890564590692518,3,0,1.0,1.0,9.0,0.0,2.0,1,0,6,4,1.1516856774687767,1.0018470510840416,3,0,1.0,2.0,2.0,0.0,1.0
28996,2026-01-17,Tottenham Hotspur,West Ham United,0.1425,0.202,0.6555,1,1,21,18,1.8106964603066444,0.9464710149914024,5,0,0.0,3.0,14.0,0.0,4.0,2,1,17,12,2.8234616070985794,1.2755777984857557,3,0,0.0,5.0,11.0,0.0,1.0
28994,2026-01-17,Nottingham Forest,Arsenal,0.0086,0.0474,0.944,0,0,6,4,0.3184806117787955,0.2769074812531469,1,0,0.0,0.0,4.0,0.0,2.0,0,0,15,11,2.8818780109286304,2.248287916183472,1,0,0.0,6.0,7.0,0.0,2.0
28997,2026-01-18,Wolverhampton Wanderers,Newcastle United,0.1649,0.3912,0.4439,0,0,6,5,0.3902157619595526,0.328352890908718,2,0,0.0,1.0,5.0,0.0,0.0,0,0,12,8,0.8161765616387124,0.6291382275521753,2,0,1.0,1.0,6.0,0.0,4.0
28988,2026-01-18,Aston Villa,Everton,0.3565,0.3572,0.2863,0,0,18,15,0.905392896384,0.7702899021096524,1,0,0.0,3.0,15.0,0.0,0.0,1,0,9,7,0.7617845144122835,0.2643378432840106,2,0,0.0,2.0,7.0,0.0,0.0
28989,2026-01-19,Brighton,Bournemouth,0.1781,0.2457,0.5762,1,1,17,14,0.9957770239561786,0.8276694975793357,2,0,0.0,6.0,10.0,0.0,1.0,1,0,12,8,1.6977994348853824,0.8056080453097818,3,0,0.0,3.0,8.0,1.0,0.0
29007,2026-01-24,West Ham United,Sunderland,0.777,0.1625,0.0605,3,1,13,7,2.210113611072302,1.0471327453851698,1,0,0.0,3.0,7.0,1.0,2.0,1,1,7,5,0.7138377055525778,0.6469791969284414,5,0,0.0,1.0,5.0,0.0,1.0
29001,2026-01-24,Burnley,Tottenham Hotspur,0.153,0.2126,0.6344,2,1,9,7,1.7095614559948444,1.2815944626927376,1,0,0.0,0.0,9.0,0.0,0.0,2,1,18,11,2.6033275322988625,1.7697034552693365,0,0,2.0,4.0,12.0,0.0,0.0
29004,2026-01-24,Fulham,Brighton,0.1687,0.2381,0.5932,2,1,12,9,1.1324271503835914,0.9744307929649948,1,0,1.0,1.0,10.0,0.0,0.0,1,1,13,9,2.0294419266283508,1.638305701315403,1,0,0.0,3.0,10.0,0.0,0.0
29005,2026-01-24,Manchester City,Wolverhampton Wanderers,0.4964,0.3317,0.1719,2,2,11,11,1.0653974246233702,1.065397450700402,1,0,0.0,2.0,9.0,0.0,0.0,0,0,11,7,0.5426826439797877,0.3569361604750154,3,0,1.0,2.0,7.0,0.0,1.0
28998,2026-01-24,Bournemouth,Liverpool,0.8979,0.0725,0.0296,3,2,12,6,3.652742713689804,1.680339276790619,1,0,1.0,1.0,10.0,0.0,0.0,2,2,14,13,0.9373345756903289,0.800770707428455,1,0,1.0,1.0,12.0,0.0,0.0
29000,2026-01-25,Brentford,Nottingham Forest,0.5375,0.2893,0.1732,0,0,10,9,2.004132471978664,1.9448513686656952,1,0,0.0,3.0,5.0,0.0,2.0,2,1,7,4,1.3895770944654942,1.223123662173748,0,0,0.0,0.0,6.0,0.0,1.0
29002,2026-01-25,Crystal Palace,Chelsea,0.2467,0.2125,0.5408,1,1,13,8,2.472686411812901,1.7480060830712318,2,1,1.0,5.0,6.0,0.0,1.0,3,1,10,4,3.0903755873441696,1.1481587700545788,2,0,0.0,0.0,9.0,1.0,0.0
29006,2026-01-25,Newcastle United,Aston Villa,0.5465,0.2409,0.2126,0,0,15,11,1.9579578395932908,1.6993977203965187,1,0,0.0,1.0,14.0,0.0,0.0,2,2,14,8,1.3214325755834575,0.8092296309769151,2,0,1.0,3.0,9.0,0.0,1.0
28999,2026-01-25,Arsenal,Manchester United,0.6023,0.2707,0.127,1,0,15,13,1.424109252169728,0.677894292399287,2,0,0.0,4.0,9.0,0.0,2.0,3,2,10,7,0.64090153388679,0.2903821207582949,0,0,0.0,0.0,11.0,0.0,0.0
29003,2026-01-26,Everton,Leeds United,0.1546,0.259,0.5864,1,1,10,7,0.8899154998362063,0.8007940370589494,0,0,0.0,1.0,9.0,0.0,0.0,1,1,14,8,1.6940840911120174,0.874261228367686,3,0,0.0,2.0,12.0,0.0,0.0
29010,2026-01-31,Brighton,Everton,0.3888,0.2998,0.3114,1,1,11,9,1.4394276663661,1.277004465460777,1,0,0.0,3.0,8.0,0.0,0.0,1,0,7,4,1.3197010420262811,0.5587817914783954,2,0,0.0,1.0,5.0,0.0,1.0
29015,2026-01-31,Leeds United,Arsenal,0.0022,0.0201,0.9777,0,0,3,2,0.1787104746326802,0.1633338965475558,1,0,0.0,2.0,2.0,0.0,0.0,3,3,14,12,3.546179848723113,3.4013886591419578,1,0,0.0,6.0,8.0,0.0,0.0
29017,2026-01-31,Wolverhampton Wanderers,Bournemouth,0.4904,0.26,0.2496,0,0,17,10,2.1175599917769423,1.4913010746240614,3,0,2.0,5.0,8.0,0.0,2.0,2,2,9,9,1.5911620631814003,1.591162100434303,3,0,0.0,2.0,7.0,0.0,0.0
29009,2026-01-31,Chelsea,West Ham United,0.6123,0.2211,0.1666,3,2,14,9,3.187388688325882,1.5101313609629867,3,0,2.0,1.0,10.0,0.0,1.0,2,2,11,9,1.7258542776107788,1.100902996957302,2,1,0.0,0.0,9.0,0.0,2.0
29014,2026-01-31,Liverpool,Newcastle United,0.9463,0.0443,0.0094,4,3,17,14,3.099734537303448,2.559359490871429,1,0,0.0,4.0,12.0,0.0,1.0,1,0,8,6,0.2843186277896163,0.1563259065151213,3,0,0.0,2.0,4.0,0.0,2.0
29008,2026-02-01,Aston Villa,Brentford,0.8302,0.1363,0.0335,0,0,27,20,2.15850138105452,1.818418066948652,0,0,0.0,10.0,16.0,0.0,1.0,1,0,6,3,0.3149158004671332,0.1229578517377376,3,1,0.0,0.0,6.0,0.0,0.0
29012,2026-02-01,Manchester United,Fulham,0.3948,0.2664,0.3388,3,3,13,12,1.8778603821992872,1.7907180115580557,2,0,0.0,2.0,10.0,0.0,1.0,2,1,14,9,1.7199790328741071,0.7021383903920647,1,0,2.0,3.0,7.0,1.0,1.0
29013,2026-02-01,Nottingham Forest,Crystal Palace,0.1767,0.2772,0.5461,1,0,9,7,0.9872535318136212,0.3931688852608202,1,1,0.0,1.0,8.0,0.0,0.0,1,0,14,12,1.6556192785501476,0.8332266407087442,3,0,0.0,3.0,10.0,1.0,0.0
29016,2026-02-01,Tottenham Hotspur,Manchester City,0.2511,0.2387,0.5102,2,2,12,8,1.4973792098462575,1.26284715346992,3,0,2.0,0.0,10.0,0.0,0.0,2,2,15,12,2.055572669953108,1.6915574762970207,3,0,0.0,3.0,9.0,0.0,3.0
29011,2026-02-02,Sunderland,Burnley,0.8773,0.1119,0.0108,2,1,14,11,1.9684987924993036,0.7987191360443828,1,0,0.0,1.0,11.0,0.0,2.0,0,0,5,4,0.1263713613152501,0.1150542376562952,4,0,0.0,0.0,4.0,0.0,2.0
29023,2026-02-06,Leeds United,Nottingham Forest,0.7774,0.1399,0.0827,3,3,14,11,3.597767427563667,2.493860274553299,1,0,0.0,6.0,7.0,0.0,1.0,1,1,16,12,1.6641154959797857,1.4547155071049926,1,0,0.0,3.0,13.0,0.0,0.0
29025,2026-02-07,Manchester United,Tottenham Hotspur,0.7759,0.1586,0.0655,2,2,23,18,2.1666182093322277,1.68155200779438,1,0,0.0,5.0,17.0,0.0,1.0,0,0,7,5,0.5939418692141768,0.5579661112278698,2,1,0.0,0.0,7.0,0.0,0.0
29018,2026-02-07,Bournemouth,Aston Villa,0.6897,0.2097,0.1006,1,1,20,15,1.8461484014987943,1.1369476355612274,1,0,0.0,3.0,16.0,0.0,1.0,1,1,7,7,0.6464961767196653,0.6464961711317299,1,0,0.0,2.0,5.0,0.0,0.0
29019,2026-02-07,Arsenal,Sunderland,0.569,0.3173,0.1137,3,3,16,11,1.1940142065286634,0.9365659542381762,1,0,0.0,4.0,12.0,0.0,0.0,0,0,5,4,0.4272250160574911,0.4192334692925213,2,0,0.0,0.0,2.0,0.0,3.0
29021,2026-02-07,Burnley,West Ham United,0.5545,0.2637,0.1818,0,0,18,13,1.8929992271587248,1.0649345694109795,3,0,1.0,2.0,15.0,0.0,0.0,2,2,6,5,1.1222973056137562,1.108895979821682,1,0,0.0,0.0,6.0,0.0,0.0
29022,2026-02-07,Fulham,Everton,0.4559,0.2296,0.3145,0,0,13,9,2.2012593671679497,1.6040269359946249,1,0,0.0,5.0,9.0,0.0,0.0,1,1,16,13,1.8877755142748356,1.7706929221749304,5,0,1.0,4.0,10.0,0.0,2.0
29027,2026-02-07,Wolverhampton Wanderers,Chelsea,0.0241,0.0624,0.9135,1,1,11,9,1.1137211620807643,1.052530762739479,1,0,0.0,3.0,7.0,0.0,1.0,3,1,15,10,3.766005594283342,2.1546133905649185,1,0,0.0,0.0,13.0,2.0,0.0
29026,2026-02-07,Newcastle United,Brentford,0.7774,0.1378,0.0848,2,1,16,11,3.339797742664814,1.7681112587451933,2,0,1.0,6.0,7.0,1.0,1.0,3,2,11,8,1.6502164378762243,0.8204547166824339,2,0,1.0,0.0,9.0,1.0,0.0
29020,2026-02-08,Brighton,Crystal Palace,0.2553,0.3644,0.3803,0,0,7,4,0.7489739637821912,0.2636053562164306,1,0,0.0,1.0,5.0,0.0,1.0,1,1,7,5,0.9284042101353408,0.8375561684370039,3,0,0.0,2.0,4.0,0.0,1.0
29024,2026-02-08,Liverpool,Manchester City,0.1318,0.1961,0.6721,1,0,15,12,1.266522957012057,1.1455747671425338,2,1,2.0,1.0,11.0,0.0,1.0,2,1,16,14,2.4147557392716403,1.5917408540844915,4,0,1.0,1.0,12.0,1.0,1.0
29030,2026-02-10,Chelsea,Leeds United,0.8272,0.1298,0.043,2,1,19,16,3.215481013059616,2.274726144969463,4,0,1.0,4.0,12.0,1.0,1.0,2,1,4,2,1.28948231972754,0.5113474577665329,4,0,0.0,0.0,2.0,1.0,1.0
29032,2026-02-10,Everton,Bournemouth,0.6046,0.235,0.1604,1,0,16,7,2.3510856777429576,0.6147377602756021,1,1,1.0,4.0,8.0,1.0,2.0,2,2,11,9,1.4120966270565989,1.3589840028434992,3,0,1.0,0.0,9.0,0.0,1.0
29036,2026-02-10,Tottenham Hotspur,Newcastle United,0.2104,0.2207,0.5689,1,1,16,15,1.6904718531295655,1.6739723589271305,3,0,0.0,2.0,13.0,0.0,1.0,2,1,21,10,2.551787007600069,0.8011167384684084,2,0,0.0,9.0,7.0,0.0,5.0
29037,2026-02-10,West Ham United,Manchester United,0.5384,0.2938,0.1678,1,1,7,5,1.307464960962534,1.1472985371947289,1,0,0.0,0.0,7.0,0.0,0.0,1,1,9,8,0.73576733097434,0.6966238394379616,1,0,0.0,2.0,7.0,0.0,0.0
29028,2026-02-11,Aston Villa,Brighton,0.3064,0.4474,0.2462,0,0,15,13,0.5815846398472784,0.4856190094724295,2,0,0.0,5.0,10.0,0.0,0.0,0,0,9,7,0.4813060425221918,0.3871483094990252,3,0,0.0,1.0,9.0,0.0,0.0
29031,2026-02-11,Crystal Palace,Burnley,0.7338,0.1809,0.0853,2,2,21,15,2.1371397674083705,1.843810340389609,2,0,0.0,4.0,17.0,0.0,1.0,2,2,8,5,0.6912728361785409,0.5477931909263133,1,0,0.0,2.0,4.0,0.0,2.0
29033,2026-02-11,Manchester City,Fulham,0.5343,0.2546,0.2111,3,2,13,8,1.6772185564041138,0.7357328161597249,3,0,0.0,3.0,10.0,0.0,0.0,0,0,14,9,1.061104803346097,0.8012560801580546,1,0,0.0,3.0,11.0,0.0,0.0
29034,2026-02-11,Nottingham Forest,Wolverhampton Wanderers,0.9709,0.0249,0.0042,0,0,35,26,3.69190086890012,2.6513286689296365,0,0,1.0,5.0,28.0,0.0,1.0,0,0,7,5,0.4142486862838267,0.3264620900154112,2,0,0.0,0.0,7.0,0.0,0.0
29035,2026-02-11,Sunderland,Liverpool,0.0341,0.0804,0.8855,0,0,11,9,0.6937935128808019,0.6019080486148592,1,0,0.0,3.0,8.0,0.0,0.0,1,1,23,15,3.124734015204012,1.827150784432888,0,0,0.0,2.0,20.0,0.0,1.0
29029,2026-02-12,Brentford,Arsenal,0.6367,0.2304,0.1329,1,1,12,10,1.8115374892950056,1.6573980897665022,3,0,0.0,2.0,10.0,0.0,0.0,1,1,7,7,0.7841803357005117,0.7841803357005117,2,0,0.0,2.0,5.0,0.0,0.0
29087,2026-02-18,Wolverhampton Wanderers,Arsenal,0.0145,0.0862,0.8993,2,1,5,4,0.1731187952682374,0.0902987578883766,2,0,0.0,1.0,4.0,0.0,0.0,2,2,10,9,2.032900609076023,1.3607370294630527,1,0,0.0,1.0,9.0,0.0,0.0
29038,2026-02-21,Aston Villa,Leeds United,0.349,0.2903,0.3607,1,0,16,12,1.2543854452669616,1.0034090895205734,1,0,0.0,4.0,10.0,0.0,2.0,1,0,14,9,1.2811271985992787,1.05982282012701,4,0,1.0,2.0,10.0,0.0,1.0
29039,2026-02-21,Brentford,Brighton,0.4477,0.2841,0.2682,0,0,13,8,1.6902332752943034,1.3780030654743312,1,0,1.0,3.0,6.0,0.0,3.0,2,0,11,7,1.3732841983437536,0.6191097348928449,2,0,0.0,2.0,9.0,0.0,0.0
29040,2026-02-21,Chelsea,Burnley,0.7629,0.1628,0.0743,1,1,12,8,2.51534029468894,1.875045035034418,2,1,0.0,2.0,10.0,0.0,0.0,1,1,12,9,1.0125515758991237,0.8374380655586717,2,0,1.0,5.0,6.0,0.0,0.0
29047,2026-02-21,West Ham United,Bournemouth,0.8387,0.1203,0.041,0,0,20,16,2.390098913107068,1.6874759960919616,1,0,0.0,4.0,13.0,0.0,3.0,0,0,10,7,0.5227305591106413,0.4522515386343001,1,0,0.0,3.0,7.0,0.0,0.0
29043,2026-02-21,Manchester City,Newcastle United,0.8142,0.1373,0.0485,2,2,15,13,2.235853761434555,1.7459350675344465,2,0,0.0,0.0,14.0,0.0,1.0,1,1,13,10,0.5079535348340866,0.4427890349179503,5,0,1.0,4.0,4.0,0.0,4.0
29041,2026-02-22,Crystal Palace,Wolverhampton Wanderers,0.459,0.2691,0.2719,1,1,14,8,2.0801376113668084,1.5723201297223566,5,0,1.0,6.0,6.0,0.0,1.0,0,0,12,8,1.6774874012917278,0.760926203802228,1,1,1.0,2.0,7.0,1.0,1.0
29044,2026-02-22,Nottingham Forest,Liverpool,0.0658,0.1486,0.7856,0,0,18,11,0.9381333785131568,0.5659428238868712,2,0,1.0,2.0,15.0,0.0,0.0,1,0,10,8,2.703362062573433,1.8574570082128048,0,0,0.0,1.0,7.0,0.0,2.0
29045,2026-02-22,Sunderland,Fulham,0.2628,0.2664,0.4708,1,0,12,7,1.760899028740823,0.893546227365732,1,0,0.0,2.0,9.0,1.0,0.0,3,2,12,9,2.1804204992949963,1.3050101920962331,1,0,0.0,3.0,8.0,1.0,0.0
29046,2026-02-22,Tottenham Hotspur,Arsenal,0.0088,0.0401,0.9511,1,0,6,4,0.3832642175257205,0.2938686758279799,2,0,0.0,0.0,6.0,0.0,0.0,4,2,20,13,3.317012812010944,2.164750277996063,1,0,0.0,1.0,19.0,0.0,0.0
29042,2026-02-23,Everton,Manchester United,0.1076,0.245,0.6474,0,0,12,8,0.5609238334000107,0.3788049612194296,2,0,1.0,4.0,7.0,0.0,0.0,1,1,11,7,1.4547027479857204,0.6689017415046692,3,0,0.0,0.0,9.0,0.0,2.0
29057,2026-02-27,Wolverhampton Wanderers,Aston Villa,0.4226,0.2827,0.2947,2,1,9,5,1.5533578954637048,0.96274035051465,3,0,1.0,0.0,7.0,0.0,1.0,0,0,14,11,1.3505802638828754,0.8515857644379137,3,0,0.0,3.0,11.0,0.0,0.0
29048,2026-02-28,Bournemouth,Sunderland,0.5551,0.2648,0.1801,1,1,21,12,1.8325087707489724,1.1643447205424304,4,0,1.0,4.0,14.0,0.0,2.0,1,0,8,4,1.1019213479012249,0.1950890347361564,2,0,0.0,1.0,6.0,0.0,1.0
29051,2026-02-28,Burnley,Brentford,0.0609,0.1435,0.7956,2,2,12,11,0.8238239288330076,0.8107460476458072,2,0,0.0,1.0,11.0,0.0,0.0,4,3,16,13,2.4459507241845126,1.3668746501207347,2,0,1.0,2.0,14.0,0.0,0.0
29054,2026-02-28,Liverpool,West Ham United,0.5536,0.2339,0.2125,4,4,18,15,2.1069829352200027,1.817877110093832,2,0,0.0,3.0,14.0,0.0,1.0,2,2,11,8,1.3516995813697574,1.2900107596069572,2,0,0.0,4.0,8.0,0.0,0.0
29056,2026-02-28,Newcastle United,Everton,0.0575,0.169,0.7735,2,2,17,10,1.1188913043588398,0.2915976122021673,2,0,1.0,3.0,11.0,0.0,2.0,3,2,9,8,2.421175479888916,1.5417958144098518,3,0,0.0,1.0,8.0,0.0,0.0
29053,2026-02-28,Leeds United,Manchester City,0.1403,0.1978,0.6619,0,0,14,10,1.3782388065010305,1.3140556216239927,0,0,0.0,2.0,10.0,0.0,2.0,1,1,14,9,2.7158679552376266,1.949237272143364,3,0,0.0,4.0,10.0,0.0,0.0
29050,2026-03-01,Brighton,Nottingham Forest,0.4523,0.3035,0.2442,2,2,14,12,1.2010678350925443,1.1504938416182993,3,0,0.0,2.0,11.0,0.0,1.0,1,1,13,10,0.839505899697542,0.6893568262457845,1,0,0.0,1.0,11.0,0.0,1.0
29052,2026-03-01,Fulham,Tottenham Hotspur,0.7069,0.1828,0.1103,2,1,18,13,2.326914988458156,1.4781819116324184,3,0,0.0,4.0,13.0,0.0,1.0,1,1,13,8,0.9562055990099904,0.6858780197799202,3,0,0.0,5.0,7.0,0.0,1.0
29055,2026-03-01,Manchester United,Crystal Palace,0.8774,0.1001,0.0225,2,1,20,16,2.346090508624911,1.4815609790384767,2,0,1.0,3.0,14.0,1.0,1.0,1,1,8,8,0.3846994228661058,0.3846994303166864,2,1,0.0,1.0,6.0,0.0,1.0
29049,2026-03-01,Arsenal,Chelsea,0.4449,0.2926,0.2625,2,2,12,10,1.7159796655178068,1.687495494261384,1,0,0.0,3.0,10.0,0.0,0.0,0,0,9,8,1.35268091969192,0.7832174915820357,3,1,0.0,2.0,6.0,0.0,1.0
29058,2026-03-03,Bournemouth,Brentford,0.7902,0.1515,0.0583,0,0,13,11,2.320762727409601,2.19649288803339,2,0,0.0,2.0,11.0,0.0,0.0,0,0,5,5,0.6733280364423989,0.6733280699700116,1,0,0.0,1.0,3.0,0.0,1.0
29061,2026-03-03,Everton,Burnley,0.4352,0.3436,0.2212,2,2,14,8,1.160770373418927,0.8344254437834023,0,0,0.0,3.0,6.0,0.0,5.0,0,0,5,4,0.7622292470186949,0.7242274135351181,1,0,0.0,2.0,3.0,0.0,0.0
29063,2026-03-03,Leeds United,Sunderland,0.2954,0.3643,0.3403,0,0,18,10,0.8950150124728675,0.5674804709851738,1,0,2.0,2.0,14.0,0.0,0.0,1,0,3,2,0.8438564017415046,0.0826875641942023,3,0,0.0,1.0,1.0,1.0,0.0
29067,2026-03-03,Wolverhampton Wanderers,Liverpool,0.0584,0.166,0.7756,2,2,4,4,0.6360328905284405,0.6360329017043113,2,0,0.0,0.0,4.0,0.0,0.0,1,0,19,14,2.1721721179783344,1.7177498005330558,1,0,0.0,6.0,11.0,0.0,2.0
29059,2026-03-04,Aston Villa,Chelsea,0.0343,0.0834,0.8823,1,1,9,7,1.0685372501611707,0.9573055766522882,3,0,1.0,0.0,8.0,0.0,0.0,4,4,15,13,3.388833753764629,3.2618869692087173,2,0,0.0,2.0,13.0,0.0,0.0
29060,2026-03-04,Brighton,Arsenal,0.4417,0.3688,0.1895,0,0,11,7,0.9192284010350702,0.4549580914899704,4,0,0.0,0.0,11.0,0.0,0.0,1,1,7,6,0.5148026663810013,0.4509078636765478,1,0,0.0,1.0,5.0,0.0,1.0
29062,2026-03-04,Fulham,West Ham United,0.126,0.2422,0.6318,0,0,13,8,0.6281230747699734,0.3660566918551919,2,0,1.0,6.0,5.0,0.0,1.0,1,1,9,8,1.495281357318163,1.473340280354023,4,0,0.0,1.0,8.0,0.0,0.0
29064,2026-03-04,Manchester City,Nottingham Forest,0.7332,0.1652,0.1016,2,2,21,17,2.853691834956407,2.0149481780827045,0,0,1.0,4.0,16.0,0.0,0.0,2,2,9,7,1.2395090907812116,1.12457952927798,4,0,0.0,1.0,8.0,0.0,0.0
29065,2026-03-04,Newcastle United,Manchester United,0.4273,0.2544,0.3183,2,1,12,8,1.9663675129413605,1.0347485616803167,2,1,0.0,1.0,9.0,1.0,1.0,1,1,14,11,1.8252099007368088,1.235292859375477,3,0,0.0,1.0,12.0,0.0,1.0
29066,2026-03-05,Tottenham Hotspur,Crystal Palace,0.2054,0.2575,0.5371,1,1,12,10,1.2988899070769546,1.1727497279644008,3,1,1.0,3.0,7.0,0.0,1.0,3,2,9,4,1.9151459410786629,0.8298948444426059,2,0,0.0,1.0,7.0,1.0,0.0
29070,2026-03-14,Burnley,Bournemouth,0.2336,0.2214,0.545,0,0,15,10,1.6833888590335844,1.4051129184663294,1,0,0.0,5.0,8.0,0.0,2.0,0,0,22,16,2.3710365183651447,2.075474556535482,0,0,0.0,5.0,17.0,0.0,0.0
29076,2026-03-14,Sunderland,Brighton,0.1994,0.3158,0.4848,0,0,14,6,0.6590827181935305,0.2673660330474374,1,0,1.0,1.0,12.0,0.0,0.0,1,0,12,9,1.1283193789422508,1.000810505822301,2,0,0.0,5.0,7.0,0.0,0.0
29068,2026-03-14,Arsenal,Everton,0.5602,0.2503,0.1895,2,2,25,18,1.9128909725695844,1.6211428642272945,0,0,1.0,7.0,17.0,0.0,0.0,0,0,9,4,1.1887377947568891,0.1915637897327539,0,0,0.0,3.0,6.0,0.0,0.0
29071,2026-03-14,Chelsea,Newcastle United,0.5331,0.2697,0.1972,0,0,22,18,1.7250816412270067,1.5784507840871809,2,0,2.0,2.0,18.0,0.0,0.0,1,1,7,7,1.032510284334421,1.0325103253126142,2,0,0.0,0.0,6.0,0.0,1.0
29077,2026-03-14,West Ham United,Manchester City,0.0452,0.1911,0.7637,1,1,1,1,0.4889818429946899,0.4889818429946899,2,0,0.0,1.0,0.0,0.0,0.0,1,1,25,19,2.0138673726469274,1.2473028339445589,2,0,2.0,11.0,11.0,0.0,1.0
29072,2026-03-15,Crystal Palace,Leeds United,0.1278,0.3017,0.5705,0,0,12,6,0.5260065812617537,0.2794855898246167,2,0,1.0,5.0,4.0,0.0,2.0,0,0,10,5,1.1355821276083584,0.2812356688082216,1,1,0.0,2.0,4.0,1.0,3.0
29074,2026-03-15,Manchester United,Aston Villa,0.4854,0.264,0.2506,3,2,16,13,1.678225859999657,1.5137212965637443,3,0,0.0,4.0,12.0,0.0,0.0,1,0,9,7,1.2107135728001592,0.687155246734619,2,0,1.0,1.0,5.0,0.0,2.0
29075,2026-03-15,Nottingham Forest,Fulham,0.2552,0.3626,0.3822,0,0,11,9,0.8210111409425732,0.6905262544751164,2,0,1.0,3.0,7.0,0.0,0.0,0,0,5,2,0.9339877329766748,0.787354338914156,3,0,1.0,2.0,2.0,0.0,0.0
29073,2026-03-15,Liverpool,Tottenham Hotspur,0.3856,0.2861,0.3283,1,0,17,12,1.3007596060633655,0.9016081579029556,0,0,1.0,0.0,16.0,0.0,0.0,1,1,13,9,1.1563563384115694,1.0301533099263904,0,0,0.0,4.0,9.0,0.0,0.0
29069,2026-03-16,Brentford,Wolverhampton Wanderers,0.6218,0.2068,0.1714,2,2,10,9,2.7965959981083865,2.7634263560175896,2,0,0.0,0.0,9.0,0.0,1.0,2,2,13,11,1.8008262123912568,1.6895396113395689,4,0,0.0,1.0,9.0,0.0,3.0
29078,2026-03-20,Bournemouth,Manchester United,0.36,0.2839,0.3561,2,1,16,10,1.7666424661874764,0.8614096119999884,2,0,1.0,2.0,13.0,1.0,0.0,1,0,14,11,1.74573724810034,0.8992932513356205,2,1,0.0,4.0,8.0,1.0,1.0
29080,2026-03-21,Brighton,Liverpool,0.9049,0.069,0.0261,2,2,16,10,3.444554282352328,3.129776246845722,5,0,1.0,7.0,8.0,0.0,0.0,1,0,12,8,0.9568008035421368,0.4618715345859526,5,0,1.0,1.0,10.0,0.0,0.0
29082,2026-03-21,Fulham,Burnley,0.7203,0.1586,0.1211,3,1,22,16,3.574318874627352,1.5693675875663755,2,0,0.0,3.0,18.0,1.0,0.0,1,1,9,9,1.9255648665130132,1.9255649112164972,2,1,0.0,0.0,9.0,0.0,0.0
29081,2026-03-21,Everton,Chelsea,0.3819,0.2794,0.3387,3,3,10,9,1.4453191682696338,0.9978134632110596,0,0,0.0,1.0,9.0,0.0,0.0,0,0,12,8,1.3514340147376056,0.7090067733079192,2,0,0.0,7.0,4.0,0.0,1.0
29083,2026-03-21,Leeds United,Brentford,0.2789,0.5413,0.1798,0,0,14,11,0.4172963239252562,0.3234668932855127,2,0,0.0,2.0,12.0,0.0,0.0,0,0,6,4,0.3022211957722899,0.1702764611691234,0,0,1.0,0.0,4.0,0.0,1.0
29085,2026-03-22,Newcastle United,Sunderland,0.1162,0.1637,0.7201,1,1,16,12,1.2670481940731402,1.0823091715574262,0,0,2.0,4.0,10.0,0.0,0.0,2,0,17,9,2.7972736693918705,0.9299375433474776,6,0,0.0,4.0,13.0,0.0,0.0
29079,2026-03-22,Aston Villa,West Ham United,0.8124,0.1316,0.056,2,1,23,17,2.5855547459796067,1.6946373088285325,0,0,0.0,5.0,17.0,0.0,1.0,0,0,9,6,0.7600541096180675,0.6342130433768032,1,0,0.0,2.0,7.0,0.0,0.0
29086,2026-03-22,Tottenham Hotspur,Nottingham Forest,0.3718,0.2798,0.3484,0,0,14,10,1.6789452750235792,1.3744006063789127,1,0,0.0,5.0,8.0,0.0,1.0,3,3,8,7,1.54408161342144,1.534867763519287,2,0,0.0,2.0,5.0,0.0,1.0
29091,2026-04-10,West Ham United,Wolverhampton Wanderers,0.8438,0.1126,0.0436,4,3,18,14,2.5437930710613723,1.6404797881841655,2,0,0.0,3.0,13.0,0.0,2.0,0,0,14,8,0.571967178955674,0.3976622680202125,2,0,2.0,3.0,9.0,0.0,0.0
29092,2026-04-11,Arsenal,Bournemouth,0.8221,0.1297,0.0482,1,0,15,9,3.164335006847977,1.3454175945371385,1,0,0.0,5.0,6.0,1.0,3.0,2,1,8,5,1.395650519058108,0.5514363478869198,3,0,0.0,0.0,8.0,0.0,0.0
29093,2026-04-11,Brentford,Everton,0.5424,0.2365,0.2211,2,1,17,12,2.2847800347954035,1.1834434363991018,0,0,0.0,4.0,11.0,1.0,1.0,2,1,14,10,1.5739352628588674,0.9173186141997572,2,0,0.0,0.0,14.0,0.0,0.0
29094,2026-04-11,Burnley,Brighton,0.2682,0.3324,0.3994,0,0,10,8,0.8120289072394369,0.76214512437582,2,0,0.0,6.0,4.0,0.0,0.0,2,2,13,12,1.0718176793307062,0.9280203767120836,1,0,0.0,0.0,12.0,0.0,1.0
29097,2026-04-11,Liverpool,Fulham,0.5162,0.2415,0.2423,2,2,18,15,2.0149931199848647,1.74531976878643,0,0,0.0,3.0,15.0,0.0,0.0,0,0,19,15,1.42064110469073,1.0488937376067038,0,0,0.0,5.0,14.0,0.0,0.0
29089,2026-04-12,Nottingham Forest,Aston Villa,0.216,0.2804,0.5036,1,1,15,12,0.8552234210073946,0.6658209897577761,2,0,0.0,3.0,12.0,0.0,1.0,0,0,12,10,1.3629686040803788,1.1558443065732715,2,0,0.0,2.0,10.0,0.0,0.0
29090,2026-04-12,Sunderland,Tottenham Hotspur,0.5697,0.2554,0.1749,1,1,13,8,1.7758417949080465,1.4658085703849792,3,0,1.0,0.0,8.0,0.0,4.0,0,0,11,9,1.015980938449502,0.4890474621206518,3,0,1.0,3.0,7.0,0.0,0.0
29096,2026-04-12,Crystal Palace,Newcastle United,0.8241,0.1232,0.0527,2,1,11,6,3.1432973127812147,1.7105163261294365,0,0,0.0,1.0,7.0,1.0,2.0,1,1,7,4,1.2729891650378702,0.8109664432704448,3,0,1.0,0.0,4.0,0.0,2.0
29095,2026-04-12,Chelsea,Manchester City,0.1456,0.1934,0.661,0,0,12,10,1.2210752423852678,1.0926550589501856,3,0,1.0,0.0,10.0,0.0,1.0,3,2,18,14,2.4147226847708225,1.778676316142082,1,0,0.0,2.0,16.0,0.0,0.0
29088,2026-04-13,Manchester United,Leeds United,0.0997,0.1434,0.7569,1,1,20,14,1.3685045894235368,0.940640278160572,3,1,0.0,10.0,10.0,0.0,0.0,2,1,15,11,2.9511837046593428,1.858526851981878,2,0,0.0,3.0,11.0,0.0,1.0
29099,2026-04-18,Brentford,Fulham,0.7631,0.1594,0.0775,0,0,13,13,2.335519090294838,2.3355190977454185,0,0,0.0,6.0,7.0,0.0,0.0,0,0,10,8,0.7907074559479949,0.7115412093698976,1,0,0.0,0.0,9.0,0.0,1.0
29103,2026-04-18,Leeds United,Wolverhampton Wanderers,0.9601,0.032,0.0079,3,2,17,14,3.719396226108074,2.281975500285625,2,0,0.0,8.0,6.0,1.0,2.0,0,0,7,3,0.5789083354175089,0.2992785871028899,1,0,0.0,4.0,3.0,0.0,0.0
29105,2026-04-18,Newcastle United,Bournemouth,0.0545,0.1232,0.8223,1,0,12,5,1.632790897041559,0.7437594458460806,2,0,0.0,1.0,7.0,0.0,4.0,2,1,12,9,3.5091283442452545,2.5292753987014294,4,0,0.0,2.0,10.0,0.0,0.0
29107,2026-04-18,Tottenham Hotspur,Brighton,0.4794,0.273,0.2476,2,2,13,7,1.619723902083933,1.2982758600264783,3,0,0.0,3.0,9.0,0.0,1.0,2,2,10,8,1.1767834872007366,1.0576157830655573,1,0,1.0,0.0,7.0,0.0,2.0
29100,2026-04-18,Chelsea,Manchester United,0.5816,0.298,0.1204,0,0,21,16,1.2857867404818533,0.8682285174727438,1,0,2.0,3.0,15.0,0.0,1.0,1,1,4,4,0.4360433444380759,0.436043333262205,3,0,0.0,0.0,4.0,0.0,0.0
29098,2026-04-19,Aston Villa,Sunderland,0.8626,0.0885,0.0489,4,4,15,12,3.9360068868845697,3.7954977713525295,1,0,1.0,2.0,11.0,0.0,1.0,3,2,10,8,1.5600811354815955,1.213672362267971,3,0,0.0,1.0,8.0,0.0,1.0
29102,2026-04-19,Everton,Liverpool,0.3918,0.2837,0.3245,1,1,10,9,1.478398011066019,1.4345333911478515,2,0,0.0,0.0,9.0,0.0,1.0,2,2,14,13,1.3833304978907104,1.360557119362056,0,0,0.0,1.0,13.0,0.0,0.0
29106,2026-04-19,Nottingham Forest,Burnley,0.5978,0.2837,0.1185,4,3,10,7,1.4466118812561035,0.9210369475185868,0,0,1.0,0.0,9.0,0.0,0.0,1,1,4,3,0.6014180108904837,0.5665964446961879,2,0,1.0,1.0,2.0,0.0,0.0
29104,2026-04-19,Manchester City,Arsenal,0.4488,0.2479,0.3033,2,1,15,9,2.8213330637663603,1.4168303087353704,2,0,0.0,5.0,10.0,0.0,0.0,1,0,9,6,2.6300670001655817,1.1097870394587517,2,0,0.0,1.0,6.0,0.0,2.0
29101,2026-04-20,Crystal Palace,West Ham United,0.3437,0.3864,0.2699,0,0,9,8,0.733442215248942,0.6300961058586834,2,0,0.0,0.0,7.0,0.0,2.0,0,0,9,4,0.6224453113973138,0.3313449118286371,1,0,0.0,2.0,7.0,0.0,0.0
29110,2026-04-21,Brighton,Chelsea,0.9033,0.0788,0.0179,3,2,15,12,2.517843209207057,2.279338210821152,1,0,0.0,3.0,12.0,0.0,0.0,0,0,6,4,0.2978653758764265,0.229318719357252,1,0,0.0,1.0,5.0,0.0,0.0
29108,2026-04-22,Bournemouth,Leeds United,0.5513,0.2434,0.2053,2,2,17,14,1.9135511852800844,1.841405294835567,3,0,0.0,5.0,13.0,0.0,0.0,1,0,10,7,1.2160065732896326,0.8070211037993429,0,0,0.0,0.0,10.0,0.0,0.0
29111,2026-04-22,Burnley,Manchester City,0.0443,0.091,0.8647,0,0,9,6,0.9737754771485924,0.9367638900876044,0,0,0.0,0.0,7.0,0.0,2.0,1,1,28,23,3.522078555077314,3.0763648003339763,0,0,0.0,6.0,22.0,0.0,0.0
29115,2026-04-24,Sunderland,Nottingham Forest,0.1184,0.2415,0.6401,0,0,14,8,0.61517334356904,0.442304093390703,2,0,1.0,2.0,7.0,0.0,5.0,4,3,10,6,1.56151239387691,1.0351152438670397,5,0,0.0,2.0,6.0,0.0,2.0
29112,2026-04-25,Fulham,Aston Villa,0.4402,0.3154,0.2444,1,0,13,9,1.3220207355916498,0.715591602027416,2,0,1.0,0.0,10.0,0.0,2.0,0,0,10,9,0.9061555527150628,0.8894440010190009,2,0,0.0,1.0,9.0,0.0,0.0
29113,2026-04-25,Liverpool,Crystal Palace,0.2143,0.2313,0.5544,3,3,9,5,1.4588746204972265,1.272564597427845,1,0,0.0,2.0,7.0,0.0,0.0,1,0,14,11,2.223042884841561,2.022916072979569,3,0,0.0,5.0,9.0,0.0,0.0
29116,2026-04-25,West Ham United,Everton,0.5617,0.2554,0.1829,2,2,10,8,1.8356008641421795,1.7653028368949888,3,0,0.0,3.0,6.0,0.0,1.0,1,1,11,9,1.1879283674061296,1.0192564092576502,4,0,0.0,3.0,7.0,0.0,1.0
29117,2026-04-25,Wolverhampton Wanderers,Tottenham Hotspur,0.2136,0.3485,0.4379,0,0,11,5,0.7626556474715467,0.4822248667478561,3,0,2.0,3.0,5.0,0.0,1.0,1,1,11,8,1.1293956264853473,0.8796703964471815,4,0,0.0,4.0,7.0,0.0,0.0
29109,2026-04-25,Arsenal,Newcastle United,0.2295,0.3637,0.4068,1,1,11,11,0.6391890607774255,0.6391890626400705,2,0,0.0,3.0,7.0,0.0,1.0,0,0,13,10,0.8688972704112528,0.7811648249626157,2,0,0.0,2.0,9.0,0.0,2.0
29114,2026-04-27,Manchester United,Brentford,0.5285,0.2585,0.213,2,2,11,10,1.8485224097967148,1.827308714389801,2,0,0.0,4.0,7.0,0.0,0.0,1,1,12,7,1.3038320839405058,0.770825073122978,4,0,0.0,6.0,6.0,0.0,0.0
29124,2026-05-01,Leeds United,Burnley,0.8238,0.1368,0.0394,3,2,18,13,2.125097872689366,1.158108318224549,4,0,1.0,5.0,12.0,0.0,0.0,1,1,9,7,0.4355229102075096,0.4045902136713262,3,0,0.0,0.0,9.0,0.0,0.0
29121,2026-05-02,Brentford,West Ham United,0.7785,0.1517,0.0698,2,1,14,8,2.2761100195348263,1.0828940514475105,1,0,1.0,2.0,8.0,1.0,2.0,0,0,13,13,0.7538952603936193,0.7538952687755224,3,0,0.0,2.0,12.0,0.0,0.0
29126,2026-05-02,Newcastle United,Brighton,0.6723,0.171,0.1567,3,2,13,9,3.129328353330493,2.390608586370945,3,0,0.0,1.0,10.0,0.0,2.0,1,1,13,10,1.877782676368952,1.6879197089001532,3,0,0.0,3.0,9.0,0.0,1.0
29127,2026-05-02,Wolverhampton Wanderers,Sunderland,0.64,0.2208,0.1392,1,1,20,15,1.9613126702606676,1.7510400712490075,0,0,1.0,5.0,12.0,0.0,2.0,1,1,10,8,0.9239541627466676,0.7977015152573583,4,1,0.0,1.0,8.0,0.0,1.0
29119,2026-05-02,Arsenal,Fulham,0.9613,0.0311,0.0076,3,3,18,14,4.133651331067085,3.761377578601241,0,0,0.0,4.0,10.0,0.0,4.0,0,0,10,6,0.6979033313691613,0.5375501178205012,1,0,1.0,3.0,5.0,0.0,1.0
29118,2026-05-03,Bournemouth,Crystal Palace,0.7987,0.1448,0.0565,2,1,16,10,2.298032484948635,1.2780497334897516,0,0,2.0,3.0,10.0,1.0,0.0,0,0,7,6,0.6783285364508629,0.63855355232954,2,0,0.0,1.0,6.0,0.0,1.0
29125,2026-05-03,Manchester United,Liverpool,0.7491,0.1546,0.0963,3,0,18,12,2.5576467663049693,1.6338188499212265,2,0,0.0,4.0,11.0,0.0,3.0,2,1,13,11,1.0281355418264864,0.8853180222213265,2,0,1.0,2.0,10.0,0.0,0.0
29120,2026-05-03,Aston Villa,Tottenham Hotspur,0.1665,0.3396,0.4939,1,1,5,5,0.6094940444454549,0.6094940444454547,2,0,0.0,1.0,4.0,0.0,0.0,2,1,10,5,1.122251777909696,0.8870115634053944,5,0,0.0,3.0,7.0,0.0,0.0
29122,2026-05-04,Chelsea,Nottingham Forest,0.3108,0.2818,0.4074,1,1,21,16,2.1713231373578306,1.2414171732962132,3,0,1.0,4.0,14.0,1.0,1.0,3,2,6,4,2.3101900815963745,1.4566536843776705,1,0,0.0,1.0,4.0,1.0,0.0
29123,2026-05-04,Everton,Manchester City,0.4424,0.2639,0.2937,3,1,14,7,1.7214131634682417,0.4532164540141819,4,0,0.0,2.0,12.0,0.0,0.0,3,3,20,16,1.4363939473405476,1.1281156810000537,1,0,1.0,5.0,12.0,0.0,2.0
29132,2026-05-09,Liverpool,Chelsea,0.2937,0.4218,0.2845,1,1,8,7,0.6231908798217772,0.5826277323067188,2,0,1.0,2.0,3.0,0.0,2.0,1,0,6,4,0.5971839949488639,0.4531576074659824,4,0,1.0,0.0,5.0,0.0,0.0
29128,2026-05-09,Brighton,Wolverhampton Wanderers,0.8144,0.1409,0.0447,3,2,13,9,2.224272847175598,1.6856628879904747,1,0,0.0,4.0,8.0,0.0,1.0,0,0,5,5,0.5156471505761144,0.5156471505761144,2,0,0.0,2.0,3.0,0.0,0.0
29131,2026-05-09,Fulham,Bournemouth,0.4114,0.3148,0.2738,0,0,14,10,1.2433434706181286,0.975321404635906,4,1,0.0,4.0,9.0,0.0,1.0,1,1,10,10,0.9980033263564108,0.998003299348056,2,1,0.0,0.0,9.0,0.0,1.0
29135,2026-05-09,Sunderland,Manchester United,0.5615,0.2908,0.1477,0,0,15,12,1.2435882259160276,1.1427591312676666,0,0,0.0,1.0,12.0,0.0,2.0,0,0,11,9,0.5398363471031186,0.390636187046766,3,0,0.0,4.0,6.0,0.0,1.0
29133,2026-05-09,Manchester City,Brentford,0.9871,0.0121,0.0008,3,1,25,17,4.442099653184414,2.478637618944049,4,0,1.0,6.0,17.0,0.0,1.0,0,0,4,3,0.6700375415384768,0.6357252895832062,2,0,0.0,0.0,3.0,0.0,1.0
29129,2026-05-10,Burnley,Aston Villa,0.3632,0.2585,0.3783,2,1,15,11,1.7207445316016672,1.2724938355386255,1,0,0.0,1.0,14.0,0.0,0.0,2,2,18,12,1.7549267858266826,1.497294006869197,1,0,0.0,5.0,13.0,0.0,0.0
29130,2026-05-10,Crystal Palace,Everton,0.6403,0.1732,0.1865,2,0,21,14,3.2921331170946355,2.2545191776007405,0,0,0.0,4.0,14.0,0.0,3.0,2,1,13,11,2.107111647725105,1.7864296026527875,2,0,1.0,5.0,7.0,0.0,0.0
29134,2026-05-10,Nottingham Forest,Newcastle United,0.3112,0.2674,0.4214,1,1,17,12,1.4643432553857565,0.8916984163224695,2,0,0.0,1.0,16.0,0.0,0.0,1,1,16,11,1.6522357948124409,1.158314921893179,0,0,2.0,0.0,11.0,0.0,3.0
29137,2026-05-10,West Ham United,Arsenal,0.3272,0.2963,0.3765,0,0,9,7,1.322905085980892,1.2768159732222557,3,0,0.0,1.0,8.0,0.0,0.0,1,1,15,10,1.5184421613812444,0.9614026471972462,4,0,1.0,5.0,6.0,0.0,3.0
29136,2026-05-11,Tottenham Hotspur,Leeds United,0.2655,0.2596,0.4749,1,0,16,8,1.4985724352300165,1.018355671316385,3,0,1.0,7.0,8.0,0.0,0.0,1,0,11,8,1.8697632048279045,1.0074488651007412,1,0,0.0,2.0,8.0,1.0,0.0
29084,2026-05-13,Manchester City,Crystal Palace,0.7928,0.1582,0.049,3,3,15,11,1.956786007620394,1.863270228728652,0,0,0.0,3.0,12.0,0.0,0.0,0,0,6,5,0.4288615249097345,0.3945452757179736,2,0,0.0,1.0,5.0,0.0,0.0
29140,2026-05-15,Aston Villa,Liverpool,0.6252,0.2086,0.1662,4,3,14,10,2.9397338144481173,1.609736435115337,3,0,1.0,3.0,9.0,0.0,1.0,2,2,16,13,1.5620363233610983,1.0060707451775668,1,0,0.0,6.0,9.0,0.0,1.0
29145,2026-05-17,Manchester United,Nottingham Forest,0.8387,0.1022,0.0591,3,1,29,22,4.3416812885552645,3.286204075440764,2,0,0.0,3.0,24.0,0.0,2.0,2,2,11,10,1.8441767804324625,1.4622997678816314,1,0,0.0,2.0,8.0,0.0,1.0
29141,2026-05-17,Brentford,Crystal Palace,0.2919,0.2635,0.4446,2,1,14,8,1.555299926549196,1.0862565562129018,1,0,0.0,3.0,10.0,0.0,1.0,2,1,16,10,1.8391092354431744,0.7738355286419389,3,0,0.0,3.0,12.0,1.0,0.0
29143,2026-05-17,Everton,Sunderland,0.3601,0.3159,0.324,1,1,10,9,1.3218119842931626,1.3078133901581166,3,0,0.0,0.0,9.0,0.0,1.0,3,3,7,4,1.283827571198344,1.2297307550907135,0,0,0.0,0.0,6.0,0.0,1.0
29144,2026-05-17,Leeds United,Brighton,0.0717,0.1873,0.741,1,0,7,5,0.7477562204003332,0.2012207582592963,1,0,0.0,1.0,6.0,0.0,0.0,0,0,19,17,2.232379253953695,2.013766840100288,0,0,0.0,6.0,12.0,0.0,1.0
29147,2026-05-17,Wolverhampton Wanderers,Fulham,0.3551,0.2872,0.3577,1,1,11,7,1.4972496610134836,1.281822755932808,1,0,1.0,1.0,8.0,0.0,1.0,1,0,13,8,1.4841235652565952,0.5382689796388148,0,0,1.0,2.0,9.0,1.0,0.0
29146,2026-05-17,Newcastle United,West Ham United,0.6787,0.1995,0.1218,3,3,15,14,2.13385584205389,2.118889078497886,1,0,0.0,1.0,14.0,0.0,0.0,1,1,15,8,0.964609622955322,0.7171537587419151,3,0,1.0,0.0,14.0,0.0,0.0
29139,2026-05-18,Arsenal,Burnley,0.6915,0.2601,0.0484,1,1,13,11,1.2269537225365637,1.1222581677138803,1,0,0.0,2.0,9.0,0.0,2.0,0,0,5,4,0.1948838233947752,0.1788596771657465,3,0,0.0,1.0,4.0,0.0,0.0
29138,2026-05-19,Bournemouth,Manchester City,0.4866,0.2553,0.2581,1,1,10,10,1.730625420808792,1.7306253761053083,4,0,0.0,2.0,8.0,0.0,0.0,1,0,14,8,1.2770391814410684,0.7849723026156422,1,0,1.0,2.0,11.0,0.0,0.0
29142,2026-05-19,Chelsea,Tottenham Hotspur,0.1187,0.2128,0.6685,2,2,9,6,1.0926195196807384,0.921169305220246,4,0,2.0,0.0,7.0,0.0,0.0,1,1,9,8,2.238946534693241,2.18036812543869,3,0,1.0,1.0,6.0,0.0,1.0
29148,2026-05-24,Brighton,Manchester United,0.0517,0.1288,0.8195,0,0,13,9,0.7023979611694808,0.4855415765196083,0,0,1.0,0.0,12.0,0.0,0.0,3,3,11,11,2.328676499426365,2.3286765217781067,1,0,0.0,2.0,9.0,0.0,0.0
29149,2026-05-24,Burnley,Wolverhampton Wanderers,0.0878,0.1555,0.7567,1,1,16,14,1.2847593389451497,1.2448055166751144,2,0,0.0,3.0,13.0,0.0,0.0,1,0,16,12,2.8586413227021694,2.001775287091732,2,0,0.0,4.0,10.0,1.0,1.0
29150,2026-05-24,Crystal Palace,Arsenal,0.0213,0.0507,0.928,1,1,8,7,1.0049175340682266,0.9457638524472712,0,0,0.0,0.0,8.0,0.0,0.0,2,2,17,12,3.973099851980805,3.446106050163507,1,0,0.0,1.0,16.0,0.0,0.0
29151,2026-05-24,Fulham,Newcastle United,0.7857,0.1784,0.0359,2,1,21,16,1.7481393050402398,1.1815131772309535,2,0,1.0,2.0,17.0,0.0,1.0,0,0,7,6,0.2423195131123064,0.2285571098327635,2,0,0.0,1.0,5.0,0.0,1.0
29152,2026-05-24,Liverpool,Brentford,0.7222,0.1661,0.1117,1,1,24,19,2.9998204354196782,2.653163721784949,2,0,1.0,5.0,17.0,0.0,1.0,1,0,11,8,1.469784528017044,1.0369061082601547,3,0,1.0,1.0,9.0,0.0,0.0
29153,2026-05-24,Manchester City,Aston Villa,0.1618,0.189,0.6492,1,0,16,10,1.380845662206411,0.6345424670726058,1,0,1.0,4.0,10.0,0.0,1.0,2,1,12,9,2.4412201177328825,1.7131553664803505,0,0,1.0,3.0,7.0,0.0,1.0
29154,2026-05-24,Nottingham Forest,Bournemouth,0.5595,0.2329,0.2076,1,1,15,11,2.084243847988545,1.746527925133705,1,0,1.0,7.0,7.0,0.0,0.0,1,1,17,12,1.3378100469708438,1.141895554959774,1,0,2.0,1.0,14.0,0.0,0.0
29155,2026-05-24,Sunderland,Chelsea,0.7359,0.1755,0.0886,1,1,21,16,2.335686847567558,2.098138660192489,5,0,0.0,0.0,18.0,0.0,3.0,1,1,8,7,0.9249704256653783,0.8395364508032797,3,1,0.0,0.0,7.0,0.0,2.0
29156,2026-05-24,Tottenham Hotspur,Everton,0.7598,0.198,0.0422,1,0,20,12,1.6721986299380656,0.824295072816312,2,0,0.0,10.0,9.0,0.0,1.0,0,0,9,8,0.2684763940051194,0.2578229103237389,2,0,0.0,1.0,6.0,0.0,2.0
29157,2026-05-24,West Ham United,Leeds United,0.5581,0.2217,0.2202,3,3,16,10,2.7369333812966943,1.7475217292085288,0,0,0.0,4.0,12.0,0.0,0.0,0,0,13,10,1.9850604310631748,1.7490264456719158,3,0,1.0,2.0,9.0,0.0,1.0
