player_id,name,season,position,games,goals,shots,time,xG,assists,xA,key_passes,team,yellow,red,npg,npxG,xGChain,xGBuildup
12,Mario Vrancic,2019,Sub,20,1,14,613,1.0978842079639437,0,1.0300543904304504,7,Norwich,3,0,1,1.0978842079639437,1.7203896027058363,1.2261471096426249
37,Loris Karius,2023,GK,1,0,0,90,0.0,0,0.0,0,Newcastle United,0,0,0,0.0,0.0,0.0
37,Loris Karius,2017,GK,19,0,0,1710,0.0,0,0.0,0,Liverpool,1,0,0,0.0,4.033254375681281,4.033254375681281
37,Loris Karius,2016,GK,10,0,0,900,0.0,0,0.0,0,Liverpool,0,0,0,0.0,1.901400484144688,1.901400484144688
47,Yoshinori Muto,2019,Sub,8,0,1,193,0.0836718007922172,0,0.0141810001805424,1,Newcastle United,0,0,0,0.0836718007922172,0.2069709002971649,0.1091180993244052
47,Yoshinori Muto,2018,Sub,17,1,6,512,1.0190250873565674,0,0.3132422044873237,5,Newcastle United,1,0,1,1.0190250873565674,1.3042729999870062,0.7278854101896286
62,Lukas Rupp,2021,MC,19,0,12,744,0.4662756929174065,0,1.3048201203346252,9,Norwich,0,0,0,0.4662756929174065,2.5540910232812166,1.5202579200267792
62,Lukas Rupp,2019,Sub,12,0,4,701,0.8557934034615755,0,0.775527186691761,8,Norwich,1,0,0,0.8557934034615755,2.5548313884064555,0.9235105039551854
65,Timo Werner,2024,Sub,3,0,0,29,0.0,0,0.0,0,Tottenham,0,0,0,0.0,0.1030937228351831,0.1030937228351831
65,Timo Werner,2023,FWL,13,2,29,827,4.212947295978665,3,3.4769514203071594,15,Tottenham,1,0,2,4.212947295978665,10.507240116596222,3.767841313034296
65,Timo Werner,2021,FW,21,4,45,1291,6.1664436142891645,1,0.3183775003999471,8,Chelsea,1,0,4,6.1664436142891645,9.69383104518056,3.6192964669317007
65,Timo Werner,2020,FW,35,6,80,2605,13.432795317843556,8,6.667280228808522,36,Chelsea,2,0,6,13.432795317843556,20.53346479311585,5.242117813788354
76,Fabian Schär,2024,DC,3,1,5,207,0.1645298488438129,0,0.0,0,Newcastle United,0,1,1,0.1645298488438129,0.6296333819627762,0.5554612651467323
76,Fabian Schär,2023,DC,36,4,35,3057,2.679914410226047,1,1.2247396316379309,9,Newcastle United,5,0,4,2.679914410226047,13.900441944599152,13.216225143522024
76,Fabian Schär,2022,DC,36,1,56,3223,5.092751467600465,3,2.4296507444232702,19,Newcastle United,7,0,1,5.092751467600465,10.184462796896696,8.898998957127333
76,Fabian Schär,2021,DC,25,2,20,2167,0.8395391143858433,2,1.479282571002841,9,Newcastle United,4,0,2,0.8395391143858433,3.370413671247661,2.830271666869521
76,Fabian Schär,2020,DC,18,1,12,1252,1.4605767242610457,0,0.0,0,Newcastle United,4,1,0,0.6994077078998089,0.9551224838942288,0.8735605869442225
76,Fabian Schär,2019,DC,22,2,20,1675,1.0595886493101716,0,0.1013798560015857,4,Newcastle United,5,0,2,1.0595886493101716,2.5786611838266253,1.86530536133796
76,Fabian Schär,2018,DC,24,4,25,2007,2.1653389893472195,1,0.7358659468591213,11,Newcastle United,12,0,4,2.1653389893472195,5.651491337455809,4.65700698364526
85,Eduardo Vargas,2014,Sub,21,3,41,1389,3.477742818184197,2,1.8190635778009887,15,Queens Park Rangers,1,0,3,3.477742818184197,6.1312263906002045,2.8785364371724427
87,Joelinton,2024,MC,5,1,5,393,0.8293622061610222,0,0.1266430765390396,3,Newcastle United,3,0,1,0.8293622061610222,2.592386804521084,1.809675805270672
87,Joelinton,2023,MC,20,2,19,1289,2.559178806841373,1,2.958754763007164,23,Newcastle United,6,0,2,2.559178806841373,10.31060659699142,6.361314440146089
87,Joelinton,2022,MC,32,6,51,2677,6.252544686198235,1,3.116438364610076,26,Newcastle United,12,0,6,6.252544686198235,12.307858122512698,7.0922601986676455
87,Joelinton,2021,Sub,35,4,45,2554,3.816281186416745,1,1.880340499803424,29,Newcastle United,8,0,4,3.816281186416745,6.516400877386332,2.558566747233272
87,Joelinton,2020,Sub,31,4,43,2006,5.631008350290358,2,2.366482028737664,17,Newcastle United,3,0,3,4.869839348830283,9.26830423809588,3.2849566685035825
87,Joelinton,2019,FW,38,2,50,2722,6.031044367700815,2,3.1011656122282147,29,Newcastle United,7,0,2,6.031044367700815,12.042092223651707,4.822177573107183
91,Ron-Robert Zieler,2016,Sub,9,0,0,752,0.0,0,0.0,0,Leicester,0,0,0,0.0,0.5712888091802597,0.5712888091802597
101,Allan Saint-Maximin,2022,FWL,25,1,28,1101,1.6111805494874716,5,4.724137527868152,31,Newcastle United,1,0,1,1.6111805494874716,8.289438785985112,3.2378203477710485
101,Allan Saint-Maximin,2021,FW,35,5,64,2825,5.663675950840116,5,5.261044799350202,50,Newcastle United,5,0,5,5.663675950840116,14.37779556401074,3.8985789944417775
101,Allan Saint-Maximin,2020,MR,25,3,30,1578,2.825913516804576,4,4.01332547981292,29,Newcastle United,0,0,3,2.825913516804576,10.59471793845296,4.224005025811493
101,Allan Saint-Maximin,2019,Sub,26,3,46,1896,2.942516790702939,4,4.3318113358691335,33,Newcastle United,0,0,3,2.942516790702939,9.657798040658236,4.271794453263283
111,Jannik Vestergaard,2024,DC,2,0,1,180,0.0112053835764527,0,0.0,0,Leicester,1,0,0,0.0112053835764527,0.0739603042602539,0.0739603042602539
111,Jannik Vestergaard,2021,Sub,10,0,1,561,0.0387555994093418,0,0.0672715008258819,1,Leicester,2,0,0,0.0387555994093418,3.783557806164026,3.783557806164026
111,Jannik Vestergaard,2020,Sub,30,3,23,2571,2.1054085036739707,0,0.740825392305851,7,Southampton,3,1,3,2.1054085036739707,6.064834877848625,5.990050476044416
111,Jannik Vestergaard,2019,DC,19,1,12,1500,0.6769367959350348,0,0.7554684989154339,6,Southampton,3,0,1,0.6769367959350348,3.913532022386789,3.750415999442339
111,Jannik Vestergaard,2018,DC,23,0,14,2033,0.6773964921012521,0,0.5291908904910088,5,Southampton,2,0,0,0.6773964921012521,4.7497592959553,4.323442917317152
154,André Schürrle,2018,FWR,24,6,55,1670,3.3227698132395744,0,1.9269961081445215,21,Fulham,2,0,6,3.3227698132395744,5.964587397873402,1.6823585079982877
154,André Schürrle,2014,AMR,14,3,21,428,3.249142402783036,0,0.5976689020171762,6,Chelsea,2,0,3,3.249142402783036,4.820195187814534,1.4035241901874542
162,Timm Klose,2019,DC,7,0,3,591,0.2384888902306556,0,0.0,0,Norwich,0,0,0,0.2384888902306556,0.4654355943202972,0.4654355943202972
162,Timm Klose,2015,DC,10,1,3,849,0.5434640273451805,0,0.0,0,Norwich,3,0,1,0.5434640273451805,0.1904532015323639,0.1535042002797126
169,Lewis Holtby,2014,Sub,1,0,1,28,0.0457900986075401,0,0.0,0,Tottenham,0,0,0,0.0457900986075401,0.7009310126304626,0.6551409959793091
181,Bernd Leno,2024,GK,5,0,0,450,0.0,0,0.0,0,Fulham,1,0,0,0.0,1.224751517176628,1.224751517176628
181,Bernd Leno,2023,GK,38,0,0,3420,0.0,0,0.0,0,Fulham,3,0,0,0.0,4.714530278928578,4.714530278928578
181,Bernd Leno,2022,GK,36,0,0,3240,0.0,0,0.0308126993477344,1,Fulham,3,0,0,0.0,2.495602583512664,2.464789582416415
181,Bernd Leno,2021,GK,4,0,0,360,0.0,0,0.0,0,Arsenal,0,0,0,0.0,0.1893833950161934,0.1893833950161934
181,Bernd Leno,2020,GK,35,0,0,3136,0.0,0,0.0,0,Arsenal,0,1,0,0.0,4.326597798615694,4.326597798615694
181,Bernd Leno,2019,GK,30,0,0,2649,0.0,0,0.0,0,Arsenal,2,0,0,0.0,4.038203942589462,4.038203942589462
181,Bernd Leno,2018,Sub,32,0,0,2833,0.0,0,0.0,0,Arsenal,0,0,0,0.0,3.035940597765148,3.035940597765148
191,Chicharito,2019,Sub,2,1,3,107,0.8829850256443024,0,0.0,0,West Ham,0,0,1,0.8829850256443024,0.895859032869339,0.0704787001013755
191,Chicharito,2018,Sub,25,7,37,1336,7.894379161298275,1,1.256871908903122,5,West Ham,2,0,7,7.894379161298275,7.684438817203045,0.7545533049851656
191,Chicharito,2017,FW,28,8,29,1524,5.248026132583618,0,1.4220358971506355,21,West Ham,3,0,8,5.248026132583618,6.960863737389445,1.803986689075828
191,Chicharito,2015,Sub,1,0,1,22,0.3870880007743835,0,0.0423400998115539,1,Manchester United,0,0,0,0.3870880007743835,0.4294280111789703,0.0
191,Chicharito,2014,FW,1,0,0,49,0.0,0,0.0155975995585322,1,Manchester United,0,0,0,0.0,0.0465686991810798,0.0465686991810798
200,Andreas Christensen,2021,DC,19,0,5,1499,0.7990248026326299,0,0.1926607005298137,6,Chelsea,2,0,0,0.7990248026326299,8.302750419825315,8.291616421192884
200,Andreas Christensen,2020,DC,17,0,3,1375,0.1294082999229431,0,0.2501046005636453,6,Chelsea,2,1,0,0.1294082999229431,7.441709998995066,7.276740927249193
200,Andreas Christensen,2019,DC,21,0,7,1758,0.6141439154744148,0,0.8512685894966125,4,Chelsea,5,0,0,0.6141439154744148,6.5984344854950905,6.253278486430645
200,Andreas Christensen,2018,DC,8,0,0,614,0.0,0,0.0,0,Chelsea,1,0,0,0.0,2.413802243769169,2.413802243769169
200,Andreas Christensen,2017,Sub,27,0,12,2080,0.9954800978302956,0,0.1327016968280077,4,Chelsea,0,0,0,0.9954800978302956,5.8790369760245085,5.861930176615715
200,Andreas Christensen,2014,Sub,1,0,0,9,0.0,0,0.0,0,Chelsea,0,0,0,0.0,0.016525400802493,0.016525400802493
202,Håvard Nordtveit,2018,DC,5,0,0,361,0.0,1,0.1195162981748581,3,Fulham,0,0,0,0.0,0.7121488973498344,0.6134674996137619
202,Håvard Nordtveit,2016,MC,16,0,7,955,0.1332853026688099,1,0.7496677190065384,4,West Ham,2,0,0,0.1332853026688099,1.644134528003633,0.8764191921800375
204,Granit Xhaka,2022,DMC,37,7,40,3039,5.785433189943433,7,4.802904064767063,46,Arsenal,4,0,7,5.785433189943433,21.03214856982231,14.246417433023453
204,Granit Xhaka,2021,DMC,27,1,27,2338,1.1074839858338237,2,2.4247115943580866,32,Arsenal,10,1,1,1.1074839858338237,13.480487655848265,10.990657599642873
204,Granit Xhaka,2020,MC,31,1,21,2537,0.7788539975881577,2,1.4596665930002928,17,Arsenal,7,1,1,0.7788539975881577,13.89865631237626,12.85003492794931
204,Granit Xhaka,2019,DMC,31,1,11,2598,0.5712299924343824,2,0.972196189686656,16,Arsenal,10,0,1,0.5712299924343824,12.973864022642374,12.263061579316854
204,Granit Xhaka,2018,DMC,29,4,29,2511,1.8811397179961205,2,3.515733541920781,40,Arsenal,10,0,4,1.8811397179961205,15.243711369112134,12.580725133419037
204,Granit Xhaka,2017,MC,38,1,66,3274,2.1774980118498206,7,2.860932535491884,39,Arsenal,10,0,1,2.1774980118498206,24.63071095384657,22.75941666867584
204,Granit Xhaka,2016,Sub,32,2,34,2492,0.9050186015665532,2,2.115309687331319,35,Arsenal,5,2,2,0.9050186015665532,13.469469396397471,12.100475447252393
205,Mahmoud Dahoud,2023,DMC,9,0,6,462,0.1646883096545934,1,1.1006960421800611,10,Brighton,1,1,0,0.1646883096545934,3.1638661548495293,2.479746259748936
209,Josip Drmic,2019,Sub,21,1,14,609,2.934150788001716,0,0.9491624049842358,4,Norwich,0,1,1,2.934150788001716,2.37944620475173,0.2444554036483168
229,Thiago Alcántara,2023,Sub,1,0,0,1,0.0,0,0.0,0,Liverpool,0,0,0,0.0,0.0,0.0
229,Thiago Alcántara,2022,MC,18,0,10,1258,0.3972757617011666,0,1.4019673261791468,17,Liverpool,2,0,0,0.3972757617011666,8.877402268350124,7.261743916198611
229,Thiago Alcántara,2021,Sub,25,1,25,1531,1.6294421814382076,4,2.575972074642777,29,Liverpool,2,0,1,1.6294421814382076,12.86691565066576,10.548432012088597
229,Thiago Alcántara,2020,MC,24,1,22,1865,1.2113057915121317,0,2.5549221271649003,30,Liverpool,4,0,1,1.2113057915121317,11.15255158767104,9.468282479792832
232,Jan Kirchhoff,2016,MC,7,0,3,435,0.2340211048722267,0,0.0751333981752395,1,Sunderland,1,0,0,0.2340211048722267,0.4459524992853403,0.3587134052067995
232,Jan Kirchhoff,2015,DMC,15,0,8,1096,0.5767954010516405,0,0.4666622933000326,11,Sunderland,0,0,0,0.5767954010516405,3.1055965535342693,2.683108936995268
239,Pascal Groß,2023,DMC,36,4,55,3107,6.07863125950098,10,8.449651076458395,101,Brighton,6,0,3,5.317462421953678,23.86568094044924,17.94647761248052
239,Pascal Groß,2022,DMR,37,9,40,3261,5.954401790164411,8,11.246030485257506,80,Brighton,6,0,9,5.954401790164411,25.252408916130666,15.00836755335331
239,Pascal Groß,2021,DL,29,2,23,2044,2.865339705720544,4,5.79027221351862,60,Brighton,1,0,2,2.104170685634017,9.946591524407268,5.546557137742639
239,Pascal Groß,2020,Sub,34,3,32,2469,5.0105255879461765,8,5.368288877420127,69,Brighton,3,0,0,1.9658873826265333,10.404416730627418,6.732295922935009
239,Pascal Groß,2019,FWR,29,2,29,1812,1.4560961024835706,4,5.95470461063087,59,Brighton,4,0,2,1.4560961024835706,8.312002453953028,6.019410947337747
239,Pascal Groß,2018,AMC,25,3,24,1896,4.143627982586622,3,5.608689437620342,54,Brighton,1,0,2,2.621289949864149,6.614904586225748,2.3560402346774936
239,Pascal Groß,2017,FW,38,7,43,2979,3.33502649795264,8,8.656003165990114,81,Brighton,2,0,6,2.5738579919561744,12.210078336298466,5.425927145406604
248,Elias Kachunga,2018,Sub,20,0,14,1181,0.9763357732445002,0,0.2399289980530738,5,Huddersfield,2,0,0,0.9763357732445002,1.663942502811551,0.8041862118989229
248,Elias Kachunga,2017,AMR,19,1,12,1350,1.8368729976937173,1,0.6263600084930658,10,Huddersfield,1,0,1,1.8368729976937173,2.367136892862618,1.1234530275687575
250,Ørjan Nyland,2019,Sub,7,0,0,536,0.0,0,0.0,0,Aston Villa,0,0,0,0.0,0.1945070009678602,0.1945070009678602
265,Ragnar Klavan,2017,DC,19,1,1,1448,0.9329169988632202,0,0.1354067996144294,4,Liverpool,0,0,1,0.9329169988632202,4.131871744990349,4.1139897257089615
265,Ragnar Klavan,2016,DC,20,0,4,1402,0.1919241044670343,0,0.1798550933599472,3,Liverpool,3,0,0,0.1919241044670343,3.925374856218696,3.904076857492328
314,Ilkay Gündogan,2024,Sub,4,0,4,214,0.4302701503038406,0,0.4640325158834457,7,Manchester City,0,0,0,0.4302701503038406,2.1868532598018646,2.044173151254654
314,Ilkay Gündogan,2022,MC,31,8,54,2369,7.842695340514183,4,3.444544769823551,37,Manchester City,0,0,8,7.081526502966881,23.573771215975285,15.498776016756892
314,Ilkay Gündogan,2021,MC,27,8,55,1852,9.720699042081833,4,4.720962079241872,37,Manchester City,1,0,8,9.720699042081833,21.32915243878961,8.763398695737123
314,Ilkay Gündogan,2020,Sub,28,13,54,2033,9.566889390349388,2,3.816221438348293,42,Manchester City,1,0,12,8.044548198580742,19.286807842552665,10.1483694575727
314,Ilkay Gündogan,2019,Sub,31,2,32,2006,4.346704069525003,1,2.919196816161275,34,Manchester City,7,0,1,2.824402211233973,19.26157533749938,15.24622729793191
314,Ilkay Gündogan,2018,DMC,31,6,43,2133,4.213995475322008,3,4.967496044933796,43,Manchester City,3,0,6,4.213995475322008,19.06554689258337,15.749675698578358
314,Ilkay Gündogan,2017,Sub,30,4,35,1504,3.583664510399103,1,2.348830319941044,21,Manchester City,3,0,3,2.8224959895014763,14.065661202184856,10.724260763265193
314,Ilkay Gündogan,2016,DMC,10,3,16,717,1.921189139597118,1,0.9761678762733936,12,Manchester City,0,0,3,1.921189139597118,6.541459213942289,4.147721093147993
317,Henrikh Mkhitaryan,2019,AMR,3,0,2,109,0.4295176938176155,0,0.2743020057678222,2,Arsenal,1,0,0,0.4295176938176155,0.8670729994773865,0.2900702953338623
317,Henrikh Mkhitaryan,2018,AML,25,6,49,1647,5.3435673750936985,4,6.486036565154791,29,Arsenal,1,0,6,5.3435673750936985,16.100102107971907,8.28257618099451
317,Henrikh Mkhitaryan,2017,AMC,15,1,15,936,0.885447395965457,5,3.3976200707256794,28,Manchester United,2,0,1,0.885447395965457,6.3627672009170055,3.6553721129894257
317,Henrikh Mkhitaryan,2017,AML,11,2,21,799,1.588223796337843,4,3.37404271773994,16,Arsenal,0,0,2,1.588223796337843,8.035239033401012,3.5171586014330387
317,Henrikh Mkhitaryan,2016,Sub,24,4,32,1347,2.7058538030833006,1,3.524276046082377,29,Manchester United,1,0,4,2.7058538030833006,8.492568464949727,4.655957274138928
318,Pierre-Emerick Aubameyang,2022,FW,15,1,16,542,2.122752519324422,0,0.3434317037463188,4,Chelsea,1,0,1,2.122752519324422,2.808082729578018,0.5031093060970306
318,Pierre-Emerick Aubameyang,2021,Sub,14,4,34,1047,6.893223594874144,1,0.8014164045453072,9,Arsenal,3,0,4,5.370884027332068,5.439355485141277,0.9636607579886912
318,Pierre-Emerick Aubameyang,2020,FWL,29,10,57,2333,10.450049884617329,3,2.4313496705144644,22,Arsenal,2,0,8,8.92772065103054,15.113904694095254,3.955130212008953
318,Pierre-Emerick Aubameyang,2019,FW,36,22,93,3143,16.352621614933014,3,4.492486532777548,26,Arsenal,3,1,20,14.830358684062958,19.964279878884557,5.339654562994838
318,Pierre-Emerick Aubameyang,2018,FW,36,22,94,2740,23.54997313022613,5,4.9898480754345655,33,Arsenal,0,0,18,19.744131192564964,26.582433130592108,6.483639904297888
318,Pierre-Emerick Aubameyang,2017,FW,13,10,31,1056,9.174359612166882,4,1.264147974550724,13,Arsenal,0,0,9,7.652027260512114,10.671037072315812,2.366456007584929
323,Adnan Januzaj,2016,Sub,25,0,27,1632,1.524125313386321,3,2.468368206173181,34,Sunderland,3,1,0,1.524125313386321,4.483380820602179,1.6501534078270197
323,Adnan Januzaj,2015,AMC,5,1,4,141,0.2422624006867408,0,0.0320644006133079,1,Manchester United,1,0,1,0.2422624006867408,0.2891866937279701,0.1348972972482442
323,Adnan Januzaj,2014,Sub,18,0,25,841,1.3452877216041088,0,1.4884035335853696,16,Manchester United,0,0,0,1.3452877216041088,4.198708147741854,2.252108808606863
330,Ralf Fährmann,2019,GK,1,0,0,21,0.0,0,0.0,0,Norwich,0,0,0,0.0,0.0,0.0
332,Joel Matip,2023,DC,10,0,5,798,0.5547500364482403,0,0.0490581784397363,2,Liverpool,2,0,0,0.5547500364482403,4.662791714072228,4.635653033852577
332,Joel Matip,2022,DC,14,1,5,1095,0.6459370153024793,0,0.3237086497247219,4,Liverpool,3,0,1,0.6459370153024793,5.542334942147136,5.465866832062602
332,Joel Matip,2021,DC,31,3,34,2790,2.720767354592681,3,2.078828541561961,12,Liverpool,2,0,3,2.720767354592681,15.503671199083328,13.809814861044288
332,Joel Matip,2020,Sub,10,1,5,701,0.7844756990671158,2,1.1802749931812286,3,Liverpool,2,0,1,0.7844756990671158,4.383123978972435,4.383123978972435
332,Joel Matip,2019,DC,9,1,4,706,0.3017805013805628,0,0.0156641993671655,1,Liverpool,0,0,1,0.3017805013805628,1.5552871152758598,1.5396230146288872
332,Joel Matip,2018,Sub,22,1,8,1535,0.9036615788936616,0,0.1802072003483772,3,Liverpool,3,0,1,0.9036615788936616,6.371966121718288,6.371966121718288
332,Joel Matip,2017,DC,25,1,11,1993,2.3469542302191257,0,0.5782749094069004,5,Liverpool,3,0,1,2.3469542302191257,9.510836694389582,8.805786561220884
332,Joel Matip,2016,DC,29,1,25,2453,3.102064985781908,0,0.5122785046696663,10,Liverpool,3,0,1,3.102064985781908,7.159184252843261,6.879070367664099
337,Leroy Sané,2019,Sub,1,0,2,6,0.0981592983007431,0,0.0,0,Manchester City,0,0,0,0.0981592983007431,0.1721689999103546,0.1210350021719932
337,Leroy Sané,2018,Sub,31,10,56,1866,6.9819496013224125,10,8.101670009084046,40,Manchester City,1,0,10,6.9819496013224125,21.354021787643436,10.558318005874751
337,Leroy Sané,2017,Sub,32,10,56,2421,6.241070871241391,15,9.04887949116528,58,Manchester City,4,0,10,6.241070871241391,19.68400301411748,11.898684792220592
337,Leroy Sané,2016,AML,26,5,33,1793,5.820728005841374,3,5.704544333741069,35,Manchester City,4,0,5,5.820728005841374,14.744566721841691,6.49314147606492
338,Max Meyer,2019,ML,17,0,9,641,0.4592803036794066,0,0.1979997940361499,4,Crystal Palace,1,0,0,0.4592803036794066,0.8563469778746367,0.3796439915895462
338,Max Meyer,2018,Sub,29,1,38,1403,1.97886168025434,2,1.0709684062749147,22,Crystal Palace,3,0,1,1.97886168025434,5.764599896967411,3.49971935339272
339,Eric Maxim Choupo-Moting,2017,Sub,30,5,60,2257,6.2899730913341045,5,3.2263085041195154,20,Stoke,3,0,5,6.2899730913341045,9.284934078343213,2.201911894604564
342,Sead Kolasinac,2021,DC,2,0,0,91,0.0,0,0.0,0,Arsenal,1,0,0,0.0,0.0,0.0
342,Sead Kolasinac,2020,DC,1,0,0,90,0.0,0,0.0,0,Arsenal,0,0,0,0.0,0.4293580055236816,0.4293580055236816
342,Sead Kolasinac,2019,Sub,26,0,4,1687,0.2549881963059306,2,1.334304090589285,10,Arsenal,4,0,0,0.2549881963059306,8.02809800952673,7.041230961680412
342,Sead Kolasinac,2018,DL,24,0,9,1897,0.4110749959945678,5,6.741933006793261,31,Arsenal,5,0,0,0.4110749959945678,11.890894275158644,9.11537922732532
342,Sead Kolasinac,2017,DC,27,2,21,2154,2.5496985241770744,4,4.005558914504945,19,Arsenal,3,0,2,2.5496985241770744,15.234833128750324,11.601472035050392
343,Pierre-Emile Højbjerg,2023,Sub,36,0,19,1212,0.544023672118783,0,1.134924995712936,8,Tottenham,4,0,0,0.544023672118783,11.555909689515827,10.493784312158825
343,Pierre-Emile Højbjerg,2022,MC,35,4,33,3137,1.5295524531975389,5,3.1992804715409875,30,Tottenham,5,0,4,1.5295524531975389,15.63659394159913,11.95062574185431
343,Pierre-Emile Højbjerg,2021,DMC,36,2,31,3202,2.644531223922968,2,2.538237292319536,25,Tottenham,3,0,2,2.644531223922968,24.113174375146627,20.07615688070655
343,Pierre-Emile Højbjerg,2020,DMC,38,2,14,3420,1.137927639298141,4,1.7558960048481822,16,Tottenham,9,0,2,1.137927639298141,16.205809246748686,14.680380446836352
343,Pierre-Emile Højbjerg,2019,Sub,33,0,46,2740,3.1789294173941016,1,1.8598964139819143,30,Southampton,5,0,0,3.1789294173941016,11.663622606545688,8.34850380755961
343,Pierre-Emile Højbjerg,2018,MC,31,4,53,2770,2.2558475229889154,3,2.3478172896429896,28,Southampton,7,2,4,2.2558475229889154,10.258457228541374,7.33534063026309
343,Pierre-Emile Højbjerg,2017,Sub,23,0,16,1669,0.7022011950612068,0,0.5964418984949589,12,Southampton,6,0,0,0.7022011950612068,4.023729445412755,3.106993293389678
343,Pierre-Emile Højbjerg,2016,Sub,22,0,28,1296,1.3645170638337731,0,0.6220744978636503,16,Southampton,2,0,0,1.3645170638337731,5.602686204947531,4.260687099769712
368,Konstantinos Stafylidis,2017,Sub,5,0,4,338,0.0661002993583679,0,0.0235514799132943,2,Stoke,0,0,0,0.0661002993583679,0.1770619973540306,0.0874101985245943
371,Sokratis,2019,DC,19,2,7,1698,1.4505057297647,0,0.7529760003089905,2,Arsenal,6,0,2,1.4505057297647,4.342150938697159,4.342150938697159
371,Sokratis,2018,DC,25,1,11,2198,0.8275357075035572,2,0.6274546086788177,5,Arsenal,12,0,1,0.8275357075035572,6.14280821941793,6.023907219991088
375,Odisseas Vlachodimos,2023,GK,5,0,0,450,0.0,0,0.0326653309166431,1,Nottingham Forest,0,0,0,0.0,1.0999388750642538,1.0672735627740622
379,Markus Suttner,2017,DL,14,0,3,1176,0.0741699892096221,0,0.268269401974976,6,Brighton,0,0,0,0.0741699892096221,1.6566904713399708,1.6237821765244007
394,Leon Balogun,2018,Sub,8,1,1,589,0.0824963971972465,0,0.0,0,Brighton,2,0,1,0.0824963971972465,0.7314175926148891,0.7314175926148891
447,Kevin De Bruyne,2024,AMC,4,1,14,360,0.98367041349411,1,2.120722249150276,16,Manchester City,1,0,1,0.98367041349411,3.3418755531311035,1.6099160313606262
447,Kevin De Bruyne,2023,DMC,18,4,44,1233,2.578734993934632,10,11.979073725640774,58,Manchester City,2,0,4,2.578734993934632,15.635810784995556,7.777100384235382
447,Kevin De Bruyne,2022,MC,32,7,65,2448,4.7582743894308805,16,16.31964398175478,97,Manchester City,1,0,7,4.7582743894308805,29.12851269170642,16.633560817688704
447,Kevin De Bruyne,2021,Sub,30,15,78,2214,5.949964433908463,8,11.260171007364988,87,Manchester City,2,0,15,5.949964433908463,20.317838434129957,9.413898749276996
447,Kevin De Bruyne,2020,AMC,25,6,81,2008,9.983444157987831,12,10.958204975351691,79,Manchester City,1,0,4,7.699938114732504,22.516895599663258,11.297135788947344
447,Kevin De Bruyne,2019,MC,35,14,100,2818,8.106427356600761,20,20.620712891221046,133,Manchester City,3,0,12,6.5840903371572495,37.79830400645733,19.244827073067427
447,Kevin De Bruyne,2018,Sub,19,2,31,965,1.4742405684664843,2,6.654018055647612,36,Manchester City,2,0,2,1.4742405684664843,12.2021916359663,8.481837928295135
447,Kevin De Bruyne,2017,MC,37,8,93,3103,5.40172931086272,16,13.101718165911734,105,Manchester City,2,0,8,5.40172931086272,33.50092287361622,22.899969128891826
447,Kevin De Bruyne,2016,AMC,36,6,86,2893,6.771996311843395,18,15.888654900714757,103,Manchester City,4,0,6,6.010865323245525,28.54269857145846,15.754017719998956
447,Kevin De Bruyne,2015,ML,25,7,49,2006,4.308095835149288,9,8.33203162252903,81,Manchester City,2,0,7,4.308095835149288,16.136462956666946,8.064566018991172
448,Ivan Perisic,2023,Sub,5,0,2,71,0.1300245970487594,1,1.1601292341947556,5,Tottenham,2,0,0,0.1300245970487594,1.8040422052145004,0.9906977340579032
448,Ivan Perisic,2022,Sub,34,1,29,2107,3.0171149894595146,8,6.623175095766783,48,Tottenham,6,0,1,3.0171149894595146,9.894330563023686,6.034054983407259
453,Son Heung-Min,2024,FWL,5,2,7,450,0.9137054327875376,2,1.8791195675730703,14,Tottenham,0,0,2,0.9137054327875376,4.318417608737946,2.086945056915283
453,Son Heung-Min,2023,AML,35,17,85,2989,12.978620901703836,10,13.341020658612251,69,Tottenham,1,0,15,11.45628322660923,30.115575216710567,10.445971379056571
453,Son Heung-Min,2022,AMC,36,10,81,2920,9.597895424813032,6,6.334341483190656,62,Tottenham,2,0,10,9.597895424813032,17.62133340537548,5.954911859706044
453,Son Heung-Min,2021,FW,35,23,86,3051,16.992173068225384,7,7.846952574327588,73,Tottenham,2,0,23,16.992173068225384,29.624786227941517,10.343098422512412
453,Son Heung-Min,2020,AML,37,17,68,3139,11.023286264389752,10,9.51299634668976,75,Tottenham,0,0,16,10.26211767271161,20.671933140605688,6.608754173852503
453,Son Heung-Min,2019,AML,30,11,81,2511,9.70170281920582,10,6.721725411713123,41,Tottenham,0,2,11,8.940532908774912,18.800013221800327,6.514012638479471
453,Son Heung-Min,2018,Sub,31,12,74,2061,8.363056467846036,6,3.965310787782073,33,Tottenham,2,1,12,8.363056467846036,16.200814746320248,6.026786215603352
453,Son Heung-Min,2017,Sub,37,12,75,2315,11.02160226739943,6,6.592508684843779,38,Tottenham,0,0,12,11.02160226739943,22.6179803609848,6.259734956547618
453,Son Heung-Min,2016,AML,34,14,80,2069,7.765331827104092,6,4.696415961720049,43,Tottenham,2,0,14,7.765331827104092,14.948597144335508,4.281623422168195
453,Son Heung-Min,2015,AML,28,4,38,1110,4.179750515148044,1,0.7707014922052622,18,Tottenham,0,0,4,4.179750515148044,7.979223553091288,4.450527301058173
455,Artur Boruc,2018,GK,12,0,0,1080,0.0,0,0.0,0,Bournemouth,2,0,0,0.0,1.5033307950943708,1.5033307950943708
455,Artur Boruc,2016,GK,35,0,0,3150,0.0,0,0.0229061003774404,1,Bournemouth,2,0,0,0.0,2.6897914987057447,2.666885493323207
455,Artur Boruc,2015,GK,32,0,0,2880,0.0,0,0.0938415005803108,1,Bournemouth,2,0,0,0.0,2.945116197690368,2.945116197690368
456,Simon Francis,2019,Sub,15,0,3,956,0.1545199006795883,0,0.4215389918535948,4,Bournemouth,3,1,0,0.1545199006795883,1.762462705373764,1.6790957059711218
456,Simon Francis,2018,Sub,17,0,3,1220,0.1211565006524324,2,0.604635301977396,10,Bournemouth,1,0,0,0.1211565006524324,4.562634974718094,4.339406698942184
456,Simon Francis,2017,DR,32,0,13,2706,0.4073728052899241,1,1.62935449462384,27,Bournemouth,8,1,0,0.4073728052899241,5.498504349961877,4.483427317813039
456,Simon Francis,2016,DC,34,0,7,2945,0.1653731008991599,1,1.5683694994077086,19,Bournemouth,4,1,0,0.1653731008991599,7.803949223831296,7.317913267761469
456,Simon Francis,2015,DR,38,0,7,3388,0.2090822048485279,4,2.3881555441766977,35,Bournemouth,5,1,0,0.2090822048485279,6.946317879483104,6.096748158335686
457,Tommy Elphick,2015,DC,12,1,4,1011,0.2931244038045406,0,0.0162585005164146,1,Bournemouth,1,0,1,0.2931244038045406,0.4805362988263368,0.4642777983099222
458,Steve Cook,2022,Sub,12,0,3,958,0.1638485975563526,0,0.7961927652359009,3,Nottingham Forest,4,0,0,0.1638485975563526,0.6675907094031572,0.6675907094031572
458,Steve Cook,2019,DC,29,1,12,2431,0.6190798981115222,0,0.6960187861695886,4,Bournemouth,6,1,1,0.6190798981115222,3.9237448014318943,3.79790960624814
458,Steve Cook,2018,DC,31,1,21,2788,1.461019229143858,1,1.145970832556486,11,Bournemouth,3,0,1,1.461019229143858,6.203706539236009,5.4173038033768535
458,Steve Cook,2017,DC,34,2,21,2761,1.360102791339159,1,1.0196236222982409,4,Bournemouth,5,0,2,1.360102791339159,3.275392532348633,2.954977236688137
458,Steve Cook,2016,DC,38,2,29,3420,1.654715915210545,0,0.4837766960263252,3,Bournemouth,5,0,2,1.654715915210545,6.486318210139871,6.173630646429956
458,Steve Cook,2015,DC,36,4,25,3199,2.054982926696539,0,0.914485789835453,6,Bournemouth,5,0,4,2.054982926696539,4.234161352738738,4.040296068415046
459,Charlie Daniels,2019,DL,2,0,0,126,0.0,0,0.1417219936847686,2,Bournemouth,0,0,0,0.0,0.4943439960479736,0.4184969961643219
459,Charlie Daniels,2018,DL,21,1,12,1587,0.6230829888954759,0,0.4582164054736495,11,Bournemouth,4,0,1,0.6230829888954759,5.916822295635939,5.410698838531971
459,Charlie Daniels,2017,DL,35,1,20,3012,0.5691780680790544,3,2.4838927080854774,30,Bournemouth,0,0,1,0.5691780680790544,5.587671730667353,4.4223194103688
459,Charlie Daniels,2016,DL,34,4,19,3060,1.6076873922720551,3,2.1656230110675097,29,Bournemouth,1,0,4,1.6076873922720551,9.365667060017586,7.032921178266406
459,Charlie Daniels,2015,DL,37,3,20,3288,2.930394820868969,5,2.489581812173128,37,Bournemouth,2,0,1,1.408056490123272,7.959776259958744,5.750342682003975
460,Andrew Surman,2019,Sub,5,0,1,230,0.0277360994368791,0,0.0489705987274646,1,Bournemouth,1,0,0,0.0277360994368791,0.9394945111125708,0.8905235137790442
460,Andrew Surman,2018,MC,18,0,9,1440,0.2738317009061575,0,0.4786581955850124,10,Bournemouth,2,0,0,0.2738317009061575,4.042274998500943,3.5818280540406704
460,Andrew Surman,2017,MC,25,2,18,1842,0.9914278090000151,5,1.5283968970179558,16,Bournemouth,2,0,2,0.9914278090000151,3.84026812016964,2.9263524897396564
460,Andrew Surman,2016,MC,22,0,8,1803,0.5123748127371073,1,0.4358646925538778,11,Bournemouth,1,1,0,0.5123748127371073,5.605382360517979,5.298719773069024
460,Andrew Surman,2015,MC,38,0,16,3420,0.5702397022396326,3,1.399254309013486,43,Bournemouth,4,0,0,0.5702397022396326,8.661977034062147,7.804074471816419
461,Matt Ritchie,2023,Sub,13,1,6,97,1.525990355759859,0,0.0,0,Newcastle United,1,0,1,1.525990355759859,2.365898761898279,0.8581954278051853
461,Matt Ritchie,2022,Sub,7,0,0,25,0.0,0,0.0817376971244812,1,Newcastle United,0,0,0,0.0,0.124439001083374,0.124439001083374
461,Matt Ritchie,2021,DL,18,0,10,1335,0.3662854041904211,2,1.964722783304751,29,Newcastle United,5,0,0,0.3662854041904211,2.9606213998049498,2.41146638058126
461,Matt Ritchie,2020,DL,18,0,11,1360,0.3301006983965635,2,2.49234551936388,24,Newcastle United,2,0,0,0.3301006983965635,5.130528144538403,4.383479591459036
461,Matt Ritchie,2019,DML,18,2,26,1321,1.5107389856129885,1,2.34536537528038,32,Newcastle United,4,0,2,0.7495703659951687,2.739801784977317,1.418418824672699
461,Matt Ritchie,2018,MR,36,2,41,2965,4.438610089942813,8,5.112595105543733,60,Newcastle United,9,0,1,2.9162715887650847,10.17896988708526,4.69108683988452
461,Matt Ritchie,2017,AMR,35,3,58,2822,3.193384911864996,5,6.588136021979153,53,Newcastle United,6,0,3,3.193384911864996,10.309619572013617,5.674186337739229
461,Matt Ritchie,2015,MR,37,4,77,2985,4.234732269309461,6,3.577278872951865,41,Bournemouth,5,0,4,4.234732269309461,9.965598065406084,5.387163908220828
462,Dan Gosling,2021,Sub,4,1,2,167,0.1960368985310197,0,0.0480008013546466,1,Watford,0,0,1,0.1960368985310197,0.2291908003389835,0.0480008013546466
462,Dan Gosling,2019,Sub,24,3,13,1255,2.929864052683115,1,1.369174674153328,10,Bournemouth,3,0,3,2.929864052683115,3.787046320736408,1.4419024251401424
462,Dan Gosling,2018,MC,25,2,21,1729,2.3945611137896776,1,0.9645073227584362,9,Bournemouth,8,0,2,2.3945611137896776,9.2429408589378,7.027777520008385
462,Dan Gosling,2017,MC,28,2,23,1940,2.266780578531325,1,0.9464141987264156,18,Bournemouth,8,0,2,2.266780578531325,5.96786998026073,3.591078914701938
462,Dan Gosling,2016,MC,27,2,16,1336,1.4571681842207909,0,0.7769592925906181,10,Bournemouth,6,0,2,1.4571681842207909,5.838790667243302,4.33312859851867
462,Dan Gosling,2015,Sub,34,3,40,2442,3.2276471266523004,1,1.8973795399069784,27,Bournemouth,6,0,3,3.2276471266523004,6.995542302727699,2.62172650359571
463,Junior Stanislas,2022,Sub,4,0,1,52,0.0267488993704319,0,0.0846412032842636,2,Bournemouth,0,0,0,0.0267488993704319,0.2599279023706913,0.2194729037582874
463,Junior Stanislas,2019,ML,15,3,17,706,1.8708659801632168,0,0.9225293016061188,12,Bournemouth,1,0,2,1.1096971053630114,2.2527448143810034,1.5802903287112713
463,Junior Stanislas,2018,Sub,23,2,34,1016,3.104417443275452,3,2.4888686761260037,15,Bournemouth,1,0,1,2.343248426914215,5.237211510539055,2.5536739006638527
463,Junior Stanislas,2017,ML,19,5,44,1313,3.831800082698464,2,1.9147699438035488,23,Bournemouth,1,0,4,3.070631066337228,5.26417401432991,1.892535164952278
463,Junior Stanislas,2016,MR,21,7,43,1489,4.84797247685492,5,3.854849436320365,22,Bournemouth,1,0,5,3.3256304506212477,7.382436146959662,4.268493261188269
463,Junior Stanislas,2015,MR,21,3,44,1448,2.733297389000654,2,3.781087612733245,34,Bournemouth,1,0,3,2.733297389000654,7.688769919797778,2.5720488391816616
464,Max Gradel,2016,Sub,11,0,5,107,0.2880242057144642,0,0.138032004237175,1,Bournemouth,3,0,0,0.2880242057144642,0.459123607724905,0.091152299195528
464,Max Gradel,2015,ML,14,1,18,918,1.706090216524899,2,0.682281706482172,10,Bournemouth,1,0,1,1.706090216524899,2.496540807187557,0.6888830978423357
465,Joshua King,2021,Sub,32,5,49,2247,8.284285517409444,3,4.002521988004446,35,Watford,5,0,4,7.523121478036046,12.03219684958458,2.661472711712122
465,Joshua King,2020,Sub,11,0,3,119,0.7881255093961954,0,0.0,0,Everton,0,0,0,0.7881255093961954,0.8868916016072035,0.7569960057735443
465,Joshua King,2019,AMC,26,6,26,2033,6.534089034423232,4,4.133097622543573,30,Bournemouth,0,0,3,4.250656159594655,8.37335154414177,3.021743267774582
465,Joshua King,2018,FW,35,12,72,2987,13.546655409038069,3,4.257975086569786,37,Bournemouth,3,0,7,8.97964733839035,19.06767139956355,8.407385468482971
465,Joshua King,2017,AMC,33,8,51,2458,6.555600753054023,3,4.888206169009209,38,Bournemouth,3,0,6,5.033263443037868,9.640527916140854,3.6070541189983487
465,Joshua King,2016,FWL,36,16,67,2734,10.91174860484898,2,2.409231800585985,30,Bournemouth,1,0,14,8.62825040332973,12.561983089894056,3.412045930512249
465,Joshua King,2015,FW,31,6,55,1931,5.712771352380514,2,3.535969901829958,25,Bournemouth,1,0,6,5.712771352380514,9.763266887515783,1.4393623927608132
466,Marc Pugh,2017,ML,20,0,19,981,1.3375982083380222,0,0.5683215968310833,10,Bournemouth,2,0,0,1.3375982083380222,2.8276277855038643,1.0480263940989971
466,Marc Pugh,2016,ML,21,2,18,1345,1.6018412858247757,2,1.878648228943348,19,Bournemouth,1,0,2,1.6018412858247757,4.169176809489727,2.3521924018859863
466,Marc Pugh,2015,ML,26,3,22,1328,2.465305913239717,2,1.1982270358130336,13,Bournemouth,1,0,3,2.465305913239717,4.759835608303547,1.5334025993943214
467,Lewis Grabban,2016,Sub,3,0,1,51,0.0744960978627204,1,0.0892584025859832,1,Bournemouth,0,0,0,0.0744960978627204,0.3032284080982208,0.1394740045070648
467,Lewis Grabban,2015,Sub,15,0,15,554,1.1842310056090355,0,0.1769910007715225,3,Bournemouth,2,0,0,1.1842310056090355,1.7714595021679995,0.5135533967986703
467,Lewis Grabban,2015,FW,6,1,4,252,1.12742168456316,0,0.2430734001100063,5,Norwich,0,0,1,1.12742168456316,1.3949206657707691,0.0623103007674217
468,Callum Wilson,2023,Sub,20,9,35,963,10.12450959533453,1,0.9339367430657148,8,Newcastle United,3,0,7,8.602172024548054,10.547705547884108,1.8611295819282527
468,Callum Wilson,2022,FW,31,18,73,1911,18.856768030673265,5,3.567963434383273,24,Newcastle United,4,0,15,16.57326026633382,15.5175623819232,1.810890594497323
468,Callum Wilson,2021,FW,18,8,35,1401,7.041790663264692,0,0.5302160959690809,10,Newcastle United,4,0,6,5.519451602362096,5.063281880691648,0.6320269033312798
468,Callum Wilson,2020,FW,26,12,49,2079,13.590087059885263,5,3.046299707144499,17,Newcastle United,2,0,8,10.545412976294756,14.205596320331097,1.052544891834259
468,Callum Wilson,2019,FW,35,8,53,2916,9.842872485518456,1,3.349535880610347,30,Bournemouth,10,0,8,9.842872485518456,12.562954794615507,2.707835785113275
468,Callum Wilson,2018,FW,30,14,65,2548,16.01651244610548,9,5.955956471152604,31,Bournemouth,3,0,13,14.494168512523174,21.33036122098565,5.061332207173109
468,Callum Wilson,2017,Sub,28,8,54,2007,7.619609080255032,2,1.552441207692027,18,Bournemouth,0,0,8,7.619609080255032,9.413973690010607,2.6971034863963723
468,Callum Wilson,2016,FW,20,6,31,1382,5.36559328250587,0,0.5500716008245945,8,Bournemouth,0,0,3,3.0820868369191885,4.324739621952176,0.8914686851203442
468,Callum Wilson,2015,FW,13,5,17,769,2.346478898078203,0,1.084264986217022,7,Bournemouth,0,0,4,1.5853149481117723,3.301333077251911,0.8096786122769117
469,Adam Federici,2016,GK,2,0,0,180,0.0,0,0.0,0,Bournemouth,1,0,0,0.0,0.4264579862356186,0.4264579862356186
469,Adam Federici,2015,GK,6,0,0,499,0.0,0,0.0,0,Bournemouth,0,0,0,0.0,0.2323209010064602,0.2323209010064602
471,Shaun MacDonald,2015,Sub,3,0,0,24,0.0,0,0.0,0,Bournemouth,0,0,0,0.0,0.0,0.0
472,Eunan O'Kane,2015,MC,16,0,6,739,0.5159941166639328,1,0.3260610997676849,7,Bournemouth,2,0,0,0.5159941166639328,1.7338117398321629,1.091798009350896
473,Danny Ward,2022,GK,26,0,0,2340,0.0,0,0.0,0,Leicester,0,0,0,0.0,2.5759871751070023,2.5759871751070023
473,Danny Ward,2021,GK,1,0,0,90,0.0,0,0.0,0,Leicester,0,0,0,0.0,0.7123159766197205,0.7123159766197205
473,Danny Ward,2015,GK,2,0,0,180,0.0,0,0.0,0,Liverpool,0,0,0,0.0,0.0310902697965502,0.0310902697965502
474,Connor Randall,2015,Sub,3,0,2,165,0.1192030012607574,0,0.0581432990729808,1,Liverpool,0,0,0,0.1192030012607574,1.1354419738054276,1.01623997092247
475,Lucas Leiva,2016,Sub,24,0,8,1097,0.7886195899918675,3,0.6543113999068737,6,Liverpool,4,0,0,0.7886195899918675,3.259511113166809,2.934801807627082
475,Lucas Leiva,2015,DC,27,0,9,1948,0.6402260018512607,1,1.5367639092728496,22,Liverpool,8,0,0,0.6402260018512607,7.419128969311714,6.147572515532374
475,Lucas Leiva,2014,DMC,20,0,11,1321,0.5969759095460176,0,0.4187125973403454,8,Liverpool,4,0,0,0.5969759095460176,5.052655240520835,4.298969464376569
476,Kolo Touré,2015,Sub,14,1,4,865,0.2425589971244335,0,0.0187493003904819,1,Liverpool,1,0,1,0.2425589971244335,2.5082754008471966,2.437144998461008
476,Kolo Touré,2014,Sub,12,0,1,708,0.0194799993187189,0,0.1440020054578781,1,Liverpool,0,0,0,0.0194799993187189,0.8870615046471357,0.8870615046471357
477,Brad Smith,2016,DL,5,0,2,274,0.090692900121212,0,0.0748870000243187,2,Bournemouth,1,0,0,0.090692900121212,0.9219538122415544,0.847066804766655
477,Brad Smith,2015,DL,4,0,1,281,0.0526629015803337,0,0.0753695964813232,2,Liverpool,1,1,0,0.0526629015803337,0.4246565010398626,0.4246565010398626
478,Sheyi Ojo,2015,FWL,8,0,5,395,0.2691828059032559,3,1.5683929026126862,12,Liverpool,0,0,0,0.2691828059032559,1.898192431777716,1.260773760266602
479,Kevin Stewart,2016,Sub,4,0,0,15,0.0,0,0.0,0,Liverpool,0,0,0,0.0,0.2421610057353973,0.2421610057353973
479,Kevin Stewart,2015,MC,7,0,5,562,0.1321856006979942,0,0.1015038043260574,4,Liverpool,1,0,0,0.1321856006979942,2.2099673375487328,2.0932400338351727
480,Joe Allen,2017,MC,36,2,24,3143,2.120808765292168,6,2.568119958974421,31,Stoke,8,0,2,2.120808765292168,7.955896701663732,4.571831592358649
480,Joe Allen,2016,Sub,36,6,40,2942,5.681928737089038,2,4.653242416679859,28,Stoke,9,0,6,5.681928737089038,13.03703667782247,6.203425923362374
480,Joe Allen,2015,MC,19,2,12,720,1.3847471065819263,1,1.3596460912376642,12,Liverpool,0,0,2,1.3847471065819263,3.9975115405395623,2.387468340806663
480,Joe Allen,2014,Sub,21,1,12,1477,0.7004709076136351,0,0.5434271022677422,15,Liverpool,3,0,1,0.7004709076136351,3.109191870316863,2.211215579882264
481,Jordon Ibe,2019,Sub,2,0,0,39,0.0,0,0.0,0,Bournemouth,0,0,0,0.0,0.0219985004514455,0.0219985004514455
481,Jordon Ibe,2018,Sub,19,1,9,799,0.7752668149769306,1,0.4199865916743874,10,Bournemouth,1,0,1,0.7752668149769306,1.8733189031481745,1.1102916896343231
481,Jordon Ibe,2017,Sub,32,2,54,2005,2.9314231853932142,6,3.7532153269276014,37,Bournemouth,1,0,2,2.9314231853932142,6.119109710678458,2.675478817895055
481,Jordon Ibe,2016,FWR,25,0,15,1067,0.8431019950658083,0,1.0524157071486115,18,Bournemouth,0,0,0,0.8431019950658083,3.201797315850854,1.8253067899495363
481,Jordon Ibe,2015,AMR,27,1,29,1161,1.426460581831634,2,1.639091721735895,20,Liverpool,0,0,1,1.426460581831634,5.9807505793869495,3.414081832394004
481,Jordon Ibe,2014,Sub,12,0,10,616,0.5851631872355938,0,0.3594918064773083,6,Liverpool,0,0,0,0.5851631872355938,2.3427453879266977,1.7213451024144888
482,Roberto Firmino,2022,FW,25,11,39,1203,8.122956335544586,4,3.0548400916159157,21,Liverpool,0,0,11,8.122956335544586,13.91264321282506,6.690170712769032
482,Roberto Firmino,2021,Sub,20,5,30,979,5.253263216465712,4,2.218823962844908,16,Liverpool,3,0,5,5.253263216465712,11.997239541262388,5.707365166395903
482,Roberto Firmino,2020,FW,36,9,83,2882,12.860216487199068,7,6.116864521056414,44,Liverpool,2,0,9,12.860216487199068,25.271468130871654,10.198549590073526
482,Roberto Firmino,2019,FW,38,9,98,3035,16.686226904392242,8,7.346652261912823,52,Liverpool,0,0,9,16.686226904392242,28.271110355854034,9.463313087821009
482,Roberto Firmino,2018,FW,34,12,75,2631,13.737690990790725,6,6.344288116320968,43,Liverpool,0,0,11,12.976520961150529,24.34562176931649,9.14971897471696
482,Roberto Firmino,2017,FW,37,15,84,2814,10.763703489676118,7,7.678424785844982,56,Liverpool,1,0,14,10.002534905448556,27.837464049458504,12.625409290194511
482,Roberto Firmino,2016,FW,35,11,100,3077,10.364667488262056,7,7.852917684242129,78,Liverpool,5,0,11,10.364667488262056,24.931322157382965,11.649156866595147
482,Roberto Firmino,2015,Sub,31,10,63,2005,7.1310254614800215,7,5.3966775089502335,49,Liverpool,1,0,10,7.1310254614800215,16.398770961910486,6.8297262620180845
483,Daniel Sturridge,2018,Sub,18,2,18,484,1.4982538828626275,1,1.072214774787426,8,Liverpool,1,0,2,1.4982538828626275,4.198271206580102,2.537230044603348
483,Daniel Sturridge,2017,FW,9,2,21,428,2.539037063717842,1,0.8414889993146062,13,Liverpool,0,0,2,2.539037063717842,3.4076597094535828,0.3862705333158374
483,Daniel Sturridge,2017,FW,6,0,3,111,0.1164868958294391,0,0.0445629013702273,2,West Bromwich Albion,0,0,0,0.1164868958294391,0.161049697548151,0.0
483,Daniel Sturridge,2016,FW,20,3,40,757,4.347297552973032,1,1.6363770924508572,14,Liverpool,1,0,3,4.347297552973032,7.814842473715544,3.2096377797424798
483,Daniel Sturridge,2015,FW,14,8,48,981,5.741582944989204,1,0.5159462941810489,7,Liverpool,0,0,8,5.741582944989204,7.218583904206753,1.6658330988138914
483,Daniel Sturridge,2014,FW,12,4,39,747,4.518865872174501,1,1.5182954035699368,11,Liverpool,0,0,4,4.518865872174501,7.007462449371815,1.7853876780718565
484,Divock Origi,2023,Sub,20,0,14,557,1.545853216201067,1,1.5920869708061218,7,Nottingham Forest,1,0,0,1.545853216201067,4.103459514677525,1.0764283947646618
484,Divock Origi,2021,Sub,7,3,10,104,1.675460308790207,0,0.0,0,Liverpool,0,0,3,1.675460308790207,1.5212998986244202,0.3876813985407352
484,Divock Origi,2020,Sub,9,0,7,176,1.0811219811439514,0,0.1400353033095598,2,Liverpool,0,0,0,1.0811219811439514,1.4969354905188084,0.7823662031441927
484,Divock Origi,2019,FWL,28,4,14,680,2.0965643152594566,1,0.8253546096384525,8,Liverpool,1,0,4,2.0965643152594566,3.536450305953622,0.8342479914426804
484,Divock Origi,2018,Sub,12,3,13,357,2.243102578446269,1,0.1880110949277877,3,Liverpool,0,0,3,2.243102578446269,1.4092785734683275,0.6994130127131939
484,Divock Origi,2017,Sub,1,0,0,5,0.0,0,0.0,0,Liverpool,0,0,0,0.0,0.0,0.0
484,Divock Origi,2016,Sub,34,7,37,1450,5.523562506772578,3,1.6023159064352512,16,Liverpool,0,0,7,5.523562506772578,7.650573030114174,1.9656791910529137
484,Divock Origi,2015,Sub,16,5,24,660,3.3548461496829987,1,0.5015547964721918,9,Liverpool,0,0,5,3.3548461496829987,3.105509469285608,0.2603828050196171
485,Mamadou Sakho,2020,DC,4,0,1,274,0.01883490011096,0,0.0,0,Crystal Palace,0,0,0,0.01883490011096,0.5140529870986938,0.5140529870986938
485,Mamadou Sakho,2019,Sub,14,0,0,928,0.0,0,0.0295727998018264,1,Crystal Palace,1,1,0,0.0,1.7384519297629597,1.708879029378295
485,Mamadou Sakho,2018,DC,27,0,4,2418,0.8266505710780621,0,0.1948233973234892,6,Crystal Palace,2,0,0,0.8266505710780621,5.196553472429514,5.178609274327755
485,Mamadou Sakho,2017,DC,19,1,3,1598,1.4854769185185432,2,1.0133860111236572,2,Crystal Palace,1,0,1,1.4854769185185432,3.279332496225834,2.2659460827708244
485,Mamadou Sakho,2016,DC,8,0,2,688,0.1358580999076366,0,0.2737864069640636,4,Crystal Palace,0,0,0,0.1358580999076366,1.615464708767831,1.5743994070217011
485,Mamadou Sakho,2015,DC,22,1,6,1856,0.8336915113031864,0,0.0714537985622882,4,Liverpool,1,0,1,0.8336915113031864,3.4503715224564075,3.4237603060901165
485,Mamadou Sakho,2014,DC,16,0,2,1419,0.1116890963166952,0,0.1159198004752397,5,Liverpool,1,0,0,0.1116890963166952,4.231288362294436,4.14598648622632
486,Adam Lallana,2024,Sub,3,0,2,89,0.1164719685912132,2,0.5023982785642147,2,Southampton,1,0,0,0.1164719685912132,1.4714198410511017,0.9447053968906404
486,Adam Lallana,2023,Sub,25,0,11,875,0.7641588356345892,1,1.4911685585975647,15,Brighton,2,0,0,0.7641588356345892,4.825282486155629,2.9767271457239985
486,Adam Lallana,2022,AMC,16,2,8,742,1.1926603838801384,1,0.9687040857970716,14,Brighton,0,0,2,1.1926603838801384,3.4976200629025698,1.924544109031558
486,Adam Lallana,2021,Sub,24,0,19,1568,0.8801135998219252,1,0.9317835252732038,8,Brighton,4,0,0,0.8801135998219252,5.687925541773439,5.048138685524464
486,Adam Lallana,2020,MC,30,1,22,1572,1.6143054887652395,1,2.6287574097514157,25,Brighton,0,0,1,1.6143054887652395,9.719970086589456,5.874308593571186
486,Adam Lallana,2019,Sub,15,1,5,362,0.8086851164698601,1,0.6536709740757942,4,Liverpool,1,0,1,0.8086851164698601,3.7205097936093807,2.3135495111346245
486,Adam Lallana,2018,Sub,13,0,5,459,0.303702000528574,0,0.5410387106239796,9,Liverpool,1,0,0,0.303702000528574,1.7405911087989807,1.262023393064737
486,Adam Lallana,2017,Sub,12,0,11,223,1.5457686018198729,0,0.4080988056957721,8,Liverpool,1,0,0,1.5457686018198729,2.1758723855018616,0.4919218048453331
486,Adam Lallana,2016,MC,31,8,50,2371,4.506964456290007,7,4.112386392429471,42,Liverpool,3,0,8,4.506964456290007,16.62996675260365,10.077396271750333
486,Adam Lallana,2015,AML,30,4,44,2115,3.5331818871200085,6,5.648350378498435,50,Liverpool,2,0,4,3.5331818871200085,13.23281530663371,6.65951232612133
486,Adam Lallana,2014,AML,27,5,38,1802,4.768371887505055,3,3.141798905096948,33,Liverpool,4,0,5,4.768371887505055,10.234401127323508,4.900887640193105
487,Simon Mignolet,2017,GK,19,0,0,1710,0.0,0,0.0,0,Liverpool,3,0,0,0.0,2.059764977544546,2.059764977544546
487,Simon Mignolet,2016,GK,28,0,0,2520,0.0,0,0.0,0,Liverpool,0,0,0,0.0,2.740660287439823,2.740660287439823
487,Simon Mignolet,2015,GK,34,0,0,3060,0.0,0,0.0067829601466655,1,Liverpool,2,0,0,0.0,5.2792473351582885,5.2792473351582885
487,Simon Mignolet,2014,GK,36,0,0,3225,0.0,0,0.0231027994304895,1,Liverpool,0,0,0,0.0,3.251259192824364,3.2281562946736813
488,Philippe Coutinho,2023,Sub,2,0,3,18,0.1422571539878845,0,0.0,0,Aston Villa,0,0,0,0.1422571539878845,0.1422571539878845,0.0118473293259739
488,Philippe Coutinho,2022,FWL,20,1,21,750,1.3861289341002705,0,0.3858625032007694,8,Aston Villa,3,0,1,1.3861289341002705,2.819877240806818,1.439754718914628
488,Philippe Coutinho,2021,Sub,19,5,43,1364,3.366971990093589,3,2.9328471841290598,25,Aston Villa,0,0,5,3.366971990093589,8.868810299783945,4.497148868627846
488,Philippe Coutinho,2017,MC,14,7,54,1132,3.6399386562407017,6,4.951584819704294,40,Liverpool,0,0,7,3.6399386562407017,9.052260179072618,3.709004541859031
488,Philippe Coutinho,2016,FWL,31,13,106,2265,8.867860339581966,7,6.25872659496963,65,Liverpool,2,0,13,8.867860339581966,18.205975122749805,8.191240821033716
488,Philippe Coutinho,2015,AMC,26,8,111,2019,6.49630680680275,5,5.286333870142698,50,Liverpool,2,1,8,6.49630680680275,16.146171182394028,6.785510125569999
488,Philippe Coutinho,2014,AMC,35,5,103,2810,4.376542285084724,5,5.527066104114056,59,Liverpool,3,0,5,4.376542285084724,13.680520413443446,7.004487870261073
489,James Milner,2024,DMC,3,0,2,176,0.1920489966869354,0,0.2607630733400583,4,Brighton,1,0,0,0.1920489966869354,0.5119482576847076,0.2050254121422767
489,James Milner,2023,DR,15,0,5,788,0.2864724565297365,2,1.4874638468027117,16,Brighton,3,0,0,0.2864724565297365,4.586263053119183,4.168471843004227
489,James Milner,2022,Sub,31,0,7,841,0.3870005868375301,1,1.6215140726417303,14,Liverpool,2,0,0,0.3870005868375301,5.001216296106577,3.942965844646096
489,James Milner,2021,MC,24,0,10,836,0.344711797311902,1,2.1824410259723663,22,Liverpool,2,0,0,0.344711797311902,7.414488084614277,6.516797125339508
489,James Milner,2020,Sub,26,0,12,1037,0.3565737046301365,1,0.7905595079064369,13,Liverpool,3,0,0,0.3565737046301365,5.685041844844818,4.885258160531521
489,James Milner,2019,Sub,22,2,12,895,2.1647368744015694,2,0.934651792049408,11,Liverpool,4,0,0,0.6423958018422127,6.64624097943306,5.740980058908463
489,James Milner,2018,MC,31,5,24,1775,3.3563838060945272,4,5.641541659832001,44,Liverpool,5,1,2,1.0728764878585937,12.487557557411492,9.807755361311138
489,James Milner,2017,Sub,32,0,21,1734,1.1417927127331495,3,3.4214612282812595,34,Liverpool,3,0,0,1.1417927127331495,10.222612489014864,8.298278329893947
489,James Milner,2016,DL,36,7,36,3170,7.355010665953159,3,3.951043674722314,56,Liverpool,5,0,0,1.2656571343541143,14.358936052769424,12.45564190670848
489,James Milner,2015,DMC,28,5,39,2428,3.398423934355378,11,5.385005238465965,61,Liverpool,9,1,4,2.637255409732461,9.69875493645668,6.059814522974193
489,James Milner,2014,Sub,32,5,39,1732,5.722099112346768,7,4.971145084127784,52,Manchester City,6,0,5,5.722099112346768,15.7020858284086,8.751345762982965
490,Jon Flanagan,2016,Sub,6,0,0,360,0.0,0,0.0560050010681152,1,Burnley,2,0,0,0.0,0.4323276132345199,0.3763225972652435
490,Jon Flanagan,2015,DR,5,0,0,422,0.0,1,0.1449427977204322,2,Liverpool,1,0,0,0.0,1.5134307630360126,1.3684879643842578
491,Petr Cech,2018,GK,7,0,0,587,0.0,0,0.0,0,Arsenal,0,0,0,0.0,0.5335072968155146,0.5335072968155146
491,Petr Cech,2017,GK,34,0,0,3042,0.0,0,0.0,0,Arsenal,1,0,0,0.0,3.3781968764960766,3.3781968764960766
491,Petr Cech,2016,GK,35,0,0,3097,0.0,0,0.0,0,Arsenal,2,0,0,0.0,5.055632218718529,5.055632218718529
491,Petr Cech,2015,GK,34,0,0,3060,0.0,0,0.0467074997723102,1,Arsenal,0,0,0,0.0,4.273002568632364,4.226295571774244
491,Petr Cech,2014,Sub,7,0,0,607,0.0,0,0.0,0,Chelsea,0,0,0,0.0,0.7863960172981024,0.7863960172981024
492,Héctor Bellerín,2020,DMR,25,1,15,2098,0.8602303061634302,2,2.1715131886303425,21,Arsenal,8,0,1,0.8602303061634302,8.0598920956254,6.266995308920741
492,Héctor Bellerín,2019,MR,15,1,7,1164,0.4325047023594379,0,0.449982613325119,3,Arsenal,2,0,1,0.4325047023594379,4.190358854830265,3.453752614557743
492,Héctor Bellerín,2018,DR,19,0,18,1539,0.9628542847931384,5,2.462862545624376,8,Arsenal,3,0,0,0.9628542847931384,8.642918668687344,5.913234882988036
492,Héctor Bellerín,2017,DMR,35,2,29,3051,2.469969682395458,3,4.652230934239924,32,Arsenal,5,0,2,2.469969682395458,19.897638525813814,14.828240491449831
492,Héctor Bellerín,2016,DR,33,1,22,2496,2.2728806994855404,4,3.5707100834697485,28,Arsenal,4,0,1,2.2728806994855404,12.358971258625388,7.489948648959398
492,Héctor Bellerín,2015,DR,36,1,13,3240,0.7077546939253807,5,4.75375734642148,24,Arsenal,3,0,1,0.7077546939253807,17.708984507247806,14.370255900546908
492,Héctor Bellerín,2014,Sub,20,2,5,1564,0.2796935010701418,1,1.7710434943437576,12,Arsenal,5,0,2,0.2796935010701418,6.440686859190464,5.210578402504325
493,Gabriel,2016,DC,19,0,9,1517,0.3913955921307206,0,0.2694435007870197,4,Arsenal,6,0,0,0.3913955921307206,3.9498982802033424,3.645409174263477
493,Gabriel,2015,DC,21,1,11,1761,0.9500337094068528,0,0.044633898884058,1,Arsenal,4,1,1,0.9500337094068528,6.478983839973807,6.478983839973807
493,Gabriel,2014,Sub,6,0,2,347,0.0429627988487482,1,0.0274593997746706,1,Arsenal,0,0,0,0.0429627988487482,0.8342673797160387,0.8342673797160387
494,Laurent Koscielny,2018,DC,17,3,5,1326,2.112583603709936,0,0.1201595999300479,2,Arsenal,1,0,3,2.112583603709936,3.885789316147566,3.851030617952347
494,Laurent Koscielny,2017,DC,25,2,9,2232,2.167561603710056,0,0.4440887998789549,7,Arsenal,4,0,2,2.167561603710056,7.934890883974731,7.80208885949105
494,Laurent Koscielny,2016,DC,33,2,9,2828,1.3298050742596388,0,0.1977356020361185,3,Arsenal,4,1,2,1.3298050742596388,7.749732313677669,7.706238312646747
494,Laurent Koscielny,2015,DC,33,4,19,2848,3.3445703331381083,0,0.7183354124426842,8,Arsenal,3,0,4,3.3445703331381083,10.752087464556098,9.075531175360084
494,Laurent Koscielny,2014,DC,27,3,8,2289,1.2747428007423878,0,0.1164884977042675,2,Arsenal,4,0,3,1.2747428007423878,3.6892703929916015,3.6175703862681994
495,Nacho Monreal,2019,DL,3,0,1,270,0.0439803004264831,0,0.4594329968094826,3,Arsenal,0,0,0,0.0439803004264831,0.6670902036130428,0.5824291966855526
495,Nacho Monreal,2018,DL,22,1,7,1857,1.228454826399684,3,2.008962827734649,11,Arsenal,5,0,1,1.228454826399684,8.730447378009558,6.2693409295752645
495,Nacho Monreal,2017,DC,28,5,21,2246,1.902514301240444,2,3.013729577884078,13,Arsenal,3,0,5,1.902514301240444,10.20765378512442,8.551952196285129
495,Nacho Monreal,2016,DL,36,0,12,3152,1.1331041110679507,2,1.9305520094931128,12,Arsenal,5,0,0,1.1331041110679507,11.072828330099584,9.217105515301228
495,Nacho Monreal,2015,DL,37,0,12,3247,0.9100389927625656,3,2.911943500861525,28,Arsenal,1,0,0,0.9100389927625656,17.69103268161416,15.249321714043615
495,Nacho Monreal,2014,Sub,28,0,4,2308,0.3041379973292351,1,1.3779590111225843,12,Arsenal,3,0,0,0.3041379973292351,9.092138472944498,8.257979298010468
496,Mohamed Elneny,2023,Sub,3,0,2,18,0.0575435645878315,0,0.0,0,Arsenal,0,0,0,0.0575435645878315,0.154712975025177,0.0971694067120552
496,Mohamed Elneny,2022,DMC,5,0,0,107,0.0,0,0.0,0,Arsenal,0,0,0,0.0,0.6661199927330017,0.6661199927330017
496,Mohamed Elneny,2021,Sub,14,0,8,785,0.1566442986950278,2,0.3957573026418686,9,Arsenal,1,0,0,0.1566442986950278,3.171078409999609,2.856382757425308
496,Mohamed Elneny,2020,MC,23,1,9,1540,0.4756157035008073,0,0.2569415085017681,4,Arsenal,3,0,1,0.4756157035008073,5.195760786533356,4.651168327778578
496,Mohamed Elneny,2018,MC,8,0,7,383,0.448422803543508,0,0.2225508987903595,5,Arsenal,0,0,0,0.448422803543508,2.365569495595992,1.8774521797895432
496,Mohamed Elneny,2017,MC,13,0,8,870,0.2833664044737816,1,0.7577551174908876,10,Arsenal,3,1,0,0.2833664044737816,5.305588902905583,4.854103496298194
496,Mohamed Elneny,2016,DMC,14,0,15,693,0.5528803020715714,1,0.1320842020213604,4,Arsenal,1,0,0,0.5528803020715714,2.462577788159251,2.088330280035734
496,Mohamed Elneny,2015,Sub,11,0,13,799,1.3251584004610777,1,0.3016597013920545,3,Arsenal,3,0,0,1.3251584004610777,6.723802291788161,5.921059274114668
497,Francis Coquelin,2017,Sub,7,0,1,155,0.0838641971349716,0,0.5104960203170776,1,Arsenal,0,0,0,0.0838641971349716,0.5776305049657822,0.4937663078308105
497,Francis Coquelin,2016,DMC,29,0,14,1799,0.7722077909857035,0,0.6728747999295592,15,Arsenal,5,0,0,0.7722077909857035,9.351144429296257,8.483365919440985
497,Francis Coquelin,2015,DMC,26,0,8,1652,0.1550964033231139,0,0.3483756929636001,6,Arsenal,5,1,0,0.1550964033231139,10.673911213874815,10.341711435467005
497,Francis Coquelin,2014,Sub,22,0,5,1667,0.0836223997175693,0,0.1876471955329179,5,Arsenal,5,0,0,0.0836223997175693,6.154337789863348,6.035231921821833
498,Alexis Sánchez,2018,FWL,20,1,17,875,1.7134784050285816,3,3.546852245926857,21,Manchester United,3,0,1,1.7134784050285816,6.49897401034832,2.985114647075534
498,Alexis Sánchez,2017,Sub,19,7,69,1509,8.165940208360553,3,5.444139964878559,51,Arsenal,4,0,6,7.404771009460092,16.155173882842064,5.951708247885108
498,Alexis Sánchez,2017,AML,12,2,19,1053,3.256659995764494,3,2.4735165908932686,26,Manchester United,1,0,2,2.495490025728941,6.127353653311729,3.114445196464658
498,Alexis Sánchez,2016,FW,38,24,129,3233,17.724455885589123,10,8.988114705309272,78,Arsenal,6,0,22,15.440943889319897,27.14119878038764,9.086725620552896
498,Alexis Sánchez,2015,Sub,30,13,107,2463,13.104378208518028,4,8.5547467879951,62,Arsenal,1,0,13,13.104378208518028,27.01940680295229,11.864848758094013
498,Alexis Sánchez,2014,MR,35,16,122,2967,13.45174823794514,8,8.494180873036385,82,Arsenal,4,0,16,12.690581277944148,27.15757017582655,10.736756768077612
499,Mesut Özil,2019,AMC,18,1,9,1472,1.708274181932211,2,2.2874074801802635,37,Arsenal,1,0,1,1.708274181932211,8.399060912430286,6.210026806220412
499,Mesut Özil,2018,AMR,24,5,11,1751,2.226022094488144,2,4.290137607604265,45,Arsenal,2,0,5,2.226022094488144,11.982878969982266,8.06083625741303
499,Mesut Özil,2017,AMC,26,4,39,2166,4.391981052234769,8,9.12885046750307,84,Arsenal,4,0,4,4.391981052234769,21.60949475318193,14.733471548184752
499,Mesut Özil,2016,AMC,33,8,40,2856,5.606561478227377,9,8.070462390780449,100,Arsenal,2,0,8,5.606561478227377,22.84276197478175,14.728370394557714
499,Mesut Özil,2015,AMC,35,6,48,3065,7.923172945156693,19,17.618861105293036,146,Arsenal,4,0,6,7.923172945156693,32.78600429929793,18.35120327118784
499,Mesut Özil,2014,ML,22,4,29,1861,3.8600258827209473,5,6.656995788216591,69,Arsenal,0,0,4,3.8600258827209473,16.41658142209053,9.916838062927129
500,Alex Iwobi,2024,AML,5,1,8,426,1.1736672390252352,1,1.6813523191958666,9,Fulham,0,0,1,1.1736672390252352,4.186623603105545,1.505777046084404
500,Alex Iwobi,2023,Sub,30,5,51,2248,5.3302923534065485,2,4.584039059467614,48,Fulham,2,0,5,5.3302923534065485,14.681883577257397,7.140391273424029
500,Alex Iwobi,2023,ML,2,0,4,150,0.3319731950759887,0,0.2267314866185188,4,Everton,0,0,0,0.3319731950759887,1.863471359014511,1.4011099338531494
500,Alex Iwobi,2022,MC,38,2,42,3388,2.7482709400355816,7,6.127815451472998,64,Everton,2,0,2,2.7482709400355816,13.531792795285584,7.712628765031695
500,Alex Iwobi,2021,Sub,28,2,24,2041,2.403040584176779,2,3.0656776819378138,36,Everton,1,0,2,2.403040584176779,9.433963952586057,5.091717269271612
500,Alex Iwobi,2020,Sub,30,1,15,1536,0.8436323963105679,2,2.1553488839417696,16,Everton,0,0,1,0.8436323963105679,7.2189144510775805,4.475585374981165
500,Alex Iwobi,2019,Sub,25,1,23,1637,2.478629492223263,0,2.224674778059125,24,Everton,0,0,1,2.478629492223263,7.12299270182848,3.2983944192528725
500,Alex Iwobi,2018,AML,35,3,35,1974,3.7199746686965223,6,7.637422086670995,40,Arsenal,0,0,3,3.7199746686965223,18.207131139934063,9.56119485013187
500,Alex Iwobi,2017,Sub,26,3,45,1873,4.132385391741991,5,3.4858011808246374,36,Arsenal,1,0,3,4.132385391741991,17.149048805236816,11.71952578984201
500,Alex Iwobi,2016,AML,26,3,39,1471,3.227379996329546,3,2.2150607239454985,26,Arsenal,1,0,3,3.227379996329546,9.353172458708286,5.631796456873417
500,Alex Iwobi,2015,Sub,13,2,15,639,1.5485198199748993,2,1.5110217109322548,12,Arsenal,0,0,2,1.5485198199748993,5.324223689734936,3.206701472401619
501,Danny Welbeck,2024,FW,5,3,13,437,2.3526541218161583,1,0.3161247447133064,5,Brighton,1,0,3,2.3526541218161583,3.719246774911881,1.579880878329277
501,Danny Welbeck,2023,FW,29,5,40,1723,6.242080001160502,1,2.18816620670259,22,Brighton,4,0,5,6.242080001160502,13.546813283115624,7.474573427811265
501,Danny Welbeck,2022,FW,31,6,62,1868,9.550176788121462,3,5.098056230694056,30,Brighton,0,0,6,9.550176788121462,16.103102758526802,5.398822439834476
501,Danny Welbeck,2021,Sub,25,6,43,1464,8.285231601446867,1,0.8949581095948815,17,Brighton,0,0,6,8.285231601446867,11.30901661515236,2.8017294164747
501,Danny Welbeck,2020,Sub,24,6,35,1551,7.38038232550025,1,3.231368396431208,22,Brighton,0,0,6,6.619250323623419,10.265666393563151,1.476512696594
501,Danny Welbeck,2019,Sub,18,2,22,791,3.385593056678772,0,0.235426802188158,3,Watford,0,0,2,3.385593056678772,3.5566499456763268,0.2847993355244398
501,Danny Welbeck,2018,Sub,8,1,4,137,0.7929710298776627,1,0.2816691994667053,5,Arsenal,0,0,1,0.7929710298776627,1.7137897610664368,0.7048691231757402
501,Danny Welbeck,2017,AMC,28,5,32,1169,5.722649320960045,2,1.3699032897129657,13,Arsenal,1,0,5,5.722649320960045,8.67899002879858,2.561773777939379
501,Danny Welbeck,2016,FW,16,2,19,743,3.4654518999159336,2,1.1594071947038174,5,Arsenal,0,0,2,3.4654518999159336,4.500693671405315,0.6830954924225807
501,Danny Welbeck,2015,Sub,11,4,20,581,2.9756076019257307,2,0.760790191590786,7,Arsenal,1,0,4,2.9756076019257307,3.884319473057985,1.0047504883259537
501,Danny Welbeck,2014,FW,25,4,58,1673,7.272420795634389,3,2.841032258234918,29,Arsenal,3,0,4,7.272420795634389,12.86812131293118,4.466750744730234
501,Danny Welbeck,2014,Sub,2,0,0,41,0.0,0,0.0466871000826358,1,Manchester United,0,0,0,0.0,0.0696137994527816,0.0229266993701457
502,Olivier Giroud,2020,Sub,17,4,29,750,5.0704178139567375,0,1.175797939300537,6,Chelsea,1,0,4,5.0704178139567375,5.245492395013571,1.711337806656957
502,Olivier Giroud,2019,Sub,18,8,39,1015,7.400898335501552,0,1.3883673138916492,8,Chelsea,1,0,8,7.400898335501552,9.75419471040368,2.356765000149608
502,Olivier Giroud,2018,Sub,27,2,32,808,5.060876211151481,4,2.291187172755599,18,Chelsea,1,0,2,5.060876211151481,7.711171815171838,2.7823833599686623
502,Olivier Giroud,2017,Sub,13,3,29,606,4.054364571347833,1,2.1585367266088724,13,Chelsea,0,0,3,4.054364571347833,6.08300257101655,0.7594744209200144
502,Olivier Giroud,2017,Sub,16,4,18,347,3.550344005227089,0,0.8545286040753126,7,Arsenal,0,0,4,3.550344005227089,4.612790782004595,0.8849826222285628
502,Olivier Giroud,2016,Sub,29,12,39,1170,6.999083910137415,3,2.0118066053837538,17,Arsenal,2,0,12,6.999083910137415,9.583846874535084,1.8246379978954792
502,Olivier Giroud,2015,FW,38,16,101,2411,14.503991460427642,6,5.762219719588757,36,Arsenal,2,0,15,13.742822444066404,18.885229421779517,6.915773553773761
502,Olivier Giroud,2014,Sub,27,14,70,1871,8.84634429961443,3,3.8601363133639097,29,Arsenal,5,1,14,8.84634429961443,13.639886705204844,4.129246592521668
503,Theo Walcott,2022,Sub,20,2,20,1149,3.126369597390294,2,1.8109254278242588,15,Southampton,1,0,2,3.126369597390294,4.903730925172567,0.985082202591002
503,Theo Walcott,2021,MR,9,0,6,387,0.862159313634038,0,0.0219032000750303,1,Southampton,0,0,0,0.862159313634038,1.1949572041630745,0.327977292239666
503,Theo Walcott,2020,MR,21,3,29,1650,2.2806765669956803,3,1.2631024159491062,17,Southampton,0,0,3,2.2806765669956803,5.551979128271341,2.23354927636683
503,Theo Walcott,2020,Sub,1,0,0,10,0.0,0,0.0,0,Everton,0,0,0,0.0,0.0,0.0
503,Theo Walcott,2019,Sub,25,2,31,1310,3.4808360189199448,3,3.9733654651790857,19,Everton,1,0,2,3.4808360189199448,8.397085935808718,2.607157975435257
503,Theo Walcott,2018,AMR,37,5,42,2127,6.505235152319074,2,2.8843122888356447,21,Everton,1,0,5,6.505235152319074,10.271764062345028,2.5488206204026937
503,Theo Walcott,2017,AMR,14,3,19,1152,3.1527174934744835,3,3.0277583124116063,13,Everton,2,0,3,3.1527174934744835,6.331263178028166,2.426530307158828
503,Theo Walcott,2017,Sub,6,0,0,55,0.0,0,0.0,0,Arsenal,0,0,0,0.0,0.016975799575448,0.016975799575448
503,Theo Walcott,2016,AMR,28,10,62,1944,9.901477228850126,2,2.52560676727444,13,Arsenal,1,0,10,9.140307921916246,11.123216319829226,2.42395200766623
503,Theo Walcott,2015,Sub,28,5,45,1374,8.386532507836819,2,2.0374574419111013,17,Arsenal,0,0,5,8.386532507836819,14.590723928064108,5.334491964429617
503,Theo Walcott,2014,Sub,14,5,23,427,5.347006626427174,0,0.4013857021927833,4,Arsenal,0,0,5,5.347006626427174,5.93331104516983,0.6996189914643764
504,Aaron Ramsey,2018,AMC,28,4,33,1326,3.707662631757557,6,2.3036546036601067,25,Arsenal,0,0,4,3.707662631757557,8.951481003314257,3.683660376816988
504,Aaron Ramsey,2017,Sub,24,7,56,1849,6.840765129774809,8,5.922476544976234,28,Arsenal,0,0,7,6.840765129774809,19.13114408403635,11.193596303462982
504,Aaron Ramsey,2016,AMC,23,1,42,1212,3.50575712043792,4,4.432390306144953,23,Arsenal,3,0,1,3.50575712043792,11.132133066654204,5.294310482218862
504,Aaron Ramsey,2015,DMC,31,5,69,2624,8.614322556182742,4,4.046241706237197,37,Arsenal,4,0,5,8.614322556182742,23.28256628662348,14.17644389718771
504,Aaron Ramsey,2014,MC,29,6,63,2013,6.636921921744943,6,5.299689516425133,47,Arsenal,6,0,6,6.636921921744943,16.720761343836784,8.166224587708712
505,David Ospina,2017,Sub,5,0,0,378,0.0,0,0.0,0,Arsenal,0,0,0,0.0,1.5613323859870434,1.5613323859870434
505,David Ospina,2016,GK,2,0,0,143,0.0,0,0.0,0,Arsenal,0,0,0,0.0,0.0281063001602888,0.0281063001602888
505,David Ospina,2015,GK,4,0,0,360,0.0,0,0.0,0,Arsenal,0,0,0,0.0,0.0357897989451885,0.0357897989451885
505,David Ospina,2014,GK,18,0,0,1620,0.0,0,0.0467964000999927,2,Arsenal,0,0,0,0.0,2.0648585204035044,2.018061827868223
506,Joel Campbell,2015,Sub,19,3,19,891,2.59413100220263,2,2.8309967815876007,13,Arsenal,0,0,3,2.59413100220263,7.517784925177693,3.5691321585327387
506,Joel Campbell,2014,Sub,4,0,0,34,0.0,0,0.0855237990617752,2,Arsenal,0,0,0,0.0,0.1540088001638651,0.134562000632286
507,Per Mertesacker,2017,DC,6,1,2,360,0.0877454970031976,0,0.0,0,Arsenal,0,0,1,0.0877454970031976,1.8337987288832664,1.8337987288832664
507,Per Mertesacker,2016,Sub,1,0,0,35,0.0,0,0.0,0,Arsenal,0,0,0,0.0,0.0,0.0
507,Per Mertesacker,2015,DC,24,0,8,2050,1.3489637859165668,0,0.3447166942059994,2,Arsenal,1,1,0,1.3489637859165668,6.381493804976344,6.381493804976344
507,Per Mertesacker,2014,DC,35,0,13,3150,0.8197573097422719,1,0.2377465032041072,3,Arsenal,2,0,0,0.8197573097422719,7.745292348787188,7.591860653832555
508,Calum Chambers,2023,Sub,5,0,0,137,0.0,1,0.0567669123411178,1,Aston Villa,1,0,0,0.0,0.6117476709187031,0.6117476709187031
508,Calum Chambers,2022,Sub,14,0,2,318,0.0993134919553995,0,0.3778975680470466,2,Aston Villa,2,0,0,0.0993134919553995,0.9255801159888506,0.5184373408555984
508,Calum Chambers,2021,Sub,11,1,3,829,0.2038417011499405,0,0.1213710010051727,2,Aston Villa,1,0,1,0.2038417011499405,2.2610404826700687,2.2037044800817966
508,Calum Chambers,2021,DR,2,0,2,172,0.0617923997342586,0,0.0555610992014408,1,Arsenal,0,0,0,0.0617923997342586,0.3205000013113022,0.2031462043523788
508,Calum Chambers,2020,DR,10,0,8,750,0.3639728929847479,2,1.0427637845277786,11,Arsenal,0,0,0,0.3639728929847479,3.835655957460403,2.8100062385201454
508,Calum Chambers,2019,DC,14,1,12,1102,0.6329499976709485,1,2.2414444722235203,7,Arsenal,5,0,1,0.6329499976709485,4.406147539615631,3.21046981215477
508,Calum Chambers,2018,DC,31,2,35,2588,2.442220315337181,0,0.9609899809584022,16,Fulham,9,0,2,2.442220315337181,7.281571019440889,6.194431564770639
508,Calum Chambers,2017,DC,12,0,10,875,1.5631778556853533,0,0.1031677965074777,2,Arsenal,1,0,0,1.5631778556853533,4.144316524267197,4.006783857941628
508,Calum Chambers,2016,DC,24,1,6,2160,0.7083904268220067,1,0.6078136097639799,6,Middlesbrough,4,0,1,0.7083904268220067,3.522163027897477,3.043673548847437
508,Calum Chambers,2016,DC,1,1,2,90,0.1319369971752166,0,0.0,0,Arsenal,0,0,1,0.1319369971752166,0.084788903594017,0.084788903594017
508,Calum Chambers,2015,DMC,12,0,2,299,0.1363250017166137,0,0.2018568962812423,2,Arsenal,2,0,0,0.1363250017166137,1.2246594913303852,0.991853591054678
508,Calum Chambers,2014,DC,23,1,7,1574,0.8142124898731709,1,0.8842718033120036,11,Arsenal,7,1,1,0.8142124898731709,3.61919866874814,3.2758464943617582
509,Wayne Hennessey,2022,GK,4,0,0,271,0.0,0,0.0,0,Nottingham Forest,0,0,0,0.0,0.0683410018682479,0.0683410018682479
509,Wayne Hennessey,2021,GK,2,0,0,180,0.0,0,0.1527590006589889,3,Burnley,0,0,0,0.0,0.0792241021990776,0.0
509,Wayne Hennessey,2019,GK,3,0,0,270,0.0,0,0.0,0,Crystal Palace,0,0,0,0.0,0.1149140000343322,0.1149140000343322
509,Wayne Hennessey,2018,GK,18,0,0,1576,0.0,0,0.0,0,Crystal Palace,0,0,0,0.0,1.1737918490543962,1.1737918490543962
509,Wayne Hennessey,2017,GK,27,0,0,2430,0.0,0,0.3960070013999939,1,Crystal Palace,1,0,0,0.0,2.211276195943356,1.8152688890695567
509,Wayne Hennessey,2016,GK,29,0,0,2610,0.0,0,0.0900442972779274,3,Crystal Palace,1,0,0,0.0,1.6218599863350391,1.5807639881968498
509,Wayne Hennessey,2015,GK,29,0,0,2610,0.0,0,0.0,0,Crystal Palace,1,0,0,0.0,0.6296927938237786,0.6296927938237786
509,Wayne Hennessey,2014,Sub,3,0,0,213,0.0,0,0.0,0,Crystal Palace,0,0,0,0.0,0.0140773002058267,0.0140773002058267
510,Joel Ward,2023,DR,26,0,10,1985,0.7851169966161251,1,0.0965822115540504,2,Crystal Palace,4,0,0,0.7851169966161251,5.3411974757909775,5.244141489267349
510,Joel Ward,2022,DC,28,1,7,2251,1.4655719939619305,0,0.3378884494304657,10,Crystal Palace,6,0,1,1.4655719939619305,3.974868109449744,3.709601128473878
510,Joel Ward,2021,DR,28,0,10,2487,0.3405505996197462,0,0.3251229990273714,6,Crystal Palace,8,0,0,0.3405505996197462,8.686228374019265,8.220768835395575
510,Joel Ward,2020,DR,26,0,2,2252,0.0517113013193011,1,0.4730029888451099,7,Crystal Palace,5,0,0,0.0517113013193011,3.1162296161055565,2.889396835118532
510,Joel Ward,2019,DR,29,0,5,2383,0.1988261993974447,0,0.2505737002938986,5,Crystal Palace,4,0,0,0.1988261993974447,2.5462682992219925,2.205836199223995
510,Joel Ward,2018,Sub,7,1,2,550,0.9176620244979858,0,0.1186030004173517,2,Crystal Palace,1,0,1,0.9176620244979858,1.6731309965252876,0.9782968014478683
510,Joel Ward,2017,DMR,19,0,5,1621,0.1989612989127636,1,0.878702076151967,8,Crystal Palace,4,0,0,0.1989612989127636,3.602487199008465,2.804774299263954
510,Joel Ward,2016,DR,38,0,14,3420,0.938627978786826,1,0.8645517863333225,11,Crystal Palace,7,0,0,0.938627978786826,4.739611620083451,3.5180703196674585
510,Joel Ward,2015,DR,30,2,17,2694,1.150739767588675,1,1.8000704925507307,13,Crystal Palace,4,0,2,1.150739767588675,7.403057044371962,5.379452791064978
510,Joel Ward,2014,DL,37,1,12,3330,0.3118089553900063,0,0.8839997025206685,22,Crystal Palace,4,0,1,0.3118089553900063,2.6755148847587407,2.126584256067872
511,Damien Delaney,2017,DC,2,0,0,94,0.0,0,0.0,0,Crystal Palace,0,0,0,0.0,0.0,0.0
511,Damien Delaney,2016,DC,30,0,5,1999,0.2144262576475739,2,1.6946072950959206,6,Crystal Palace,8,0,0,0.2144262576475739,1.6368580721318722,1.1091085858643055
511,Damien Delaney,2015,DC,32,2,21,2880,1.834194477647543,3,2.6911376118659973,10,Crystal Palace,2,0,2,1.834194477647543,3.014546509832144,1.73640001937747
511,Damien Delaney,2014,Sub,29,0,13,2430,0.7433970961719751,0,0.7396336989477277,8,Crystal Palace,6,1,0,0.7433970961719751,2.1144097167998552,1.757927181199193
512,Scott Dann,2020,DC,15,1,4,1350,0.5482884962111712,0,0.017612800002098,1,Crystal Palace,1,0,1,0.5482884962111712,1.1852098880335689,1.1675978926941752
512,Scott Dann,2019,DC,16,0,8,1263,0.4702076017856598,1,0.3574711913242936,5,Crystal Palace,0,0,0,0.4702076017856598,1.343575776554644,1.2433208730071783
512,Scott Dann,2018,Sub,10,0,6,658,0.2003950085490942,1,1.155619978904724,2,Crystal Palace,1,0,0,0.2003950085490942,0.6440684851258993,0.6440684851258993
512,Scott Dann,2017,DC,17,1,19,1435,2.433366016484797,0,0.2180560976266861,5,Crystal Palace,4,0,1,2.433366016484797,2.519523113965988,1.891201488673687
512,Scott Dann,2016,DC,23,3,21,1746,1.393032391555607,1,0.915567122399807,6,Crystal Palace,2,0,3,1.393032391555607,2.083009421825409,2.0511964187026024
512,Scott Dann,2015,DC,35,5,29,3150,2.5363450115546584,1,0.6297998037189245,10,Crystal Palace,7,0,5,2.5363450115546584,1.961611857637763,1.7568398602306845
512,Scott Dann,2014,DC,34,2,19,2926,1.2500941026955843,3,3.085112163797021,13,Crystal Palace,6,0,2,1.2500941026955843,3.4818167071789503,2.9505431074649096
513,Pape Souaré,2018,Sub,1,0,0,1,0.0,0,0.0,0,Crystal Palace,0,0,0,0.0,0.0,0.0
513,Pape Souaré,2017,Sub,1,0,0,7,0.0,0,0.0,0,Crystal Palace,0,0,0,0.0,0.0,0.0
513,Pape Souaré,2016,DL,3,0,2,270,0.0181965995579957,0,0.1499380022287368,2,Crystal Palace,0,0,0,0.0181965995579957,0.3327016048133373,0.1756095997989177
513,Pape Souaré,2015,DL,34,0,11,3017,0.3214282998815179,1,2.517557479441166,27,Crystal Palace,6,1,0,0.3214282998815179,8.01280982233584,6.117436507716775
513,Pape Souaré,2014,Sub,9,0,3,603,0.0421450398862361,0,1.7640714570879936,6,Crystal Palace,1,0,0,0.0421450398862361,1.9684704467654228,1.3314210921525955
514,Jason Puncheon,2018,MC,6,0,6,382,0.6146683916449547,0,0.8430846873670816,5,Huddersfield,1,0,0,0.6146683916449547,1.364948034286499,0.312830613926053
514,Jason Puncheon,2018,Sub,5,0,0,7,0.0,0,0.0,0,Crystal Palace,0,0,0,0.0,0.0,0.0
514,Jason Puncheon,2017,MC,10,0,10,560,1.378137692809105,0,0.4308172948658466,5,Crystal Palace,5,0,0,1.378137692809105,2.2230249792337418,0.7845398038625717
514,Jason Puncheon,2016,DMC,36,0,45,3099,1.7941933497786522,5,5.027023102156818,60,Crystal Palace,9,0,0,1.7941933497786522,6.893292895518243,4.80950806196779
514,Jason Puncheon,2015,ML,31,2,54,2647,3.873505707830191,3,4.142699588090181,59,Crystal Palace,3,0,2,3.873505707830191,10.056628016754985,5.015376521274447
514,Jason Puncheon,2014,MR,37,6,65,2823,2.794277905486524,7,5.305931127630174,65,Crystal Palace,7,1,6,2.794277905486524,8.85564645100385,4.6230769054964185
515,Mile Jedinak,2016,DMC,1,0,0,90,0.0,0,0.0682374984025955,2,Crystal Palace,0,0,0,0.0,0.1109350025653839,0.1109350025653839
515,Mile Jedinak,2015,Sub,27,0,13,1511,0.9263467136770488,0,0.8903788039460778,8,Crystal Palace,6,0,0,0.9263467136770488,4.383606683462858,3.8028412982821465
515,Mile Jedinak,2014,MC,24,5,31,2092,3.9022558932192624,3,0.9916814006865023,14,Crystal Palace,3,1,2,1.6187490834854543,3.540135175921023,2.9935821192339063
516,Yohan Cabaye,2017,MC,31,0,38,2422,2.1468065194785595,1,3.385513670742512,41,Crystal Palace,7,0,0,2.1468065194785595,9.485376745462418,6.560186420567334
516,Yohan Cabaye,2016,Sub,32,4,40,2138,3.425436284393072,3,2.888524482026696,34,Crystal Palace,7,0,4,2.664267268031836,6.46074209548533,3.456773331388831
516,Yohan Cabaye,2015,MC,33,5,67,2728,6.7147998213768005,1,3.237457119859755,50,Crystal Palace,7,0,2,3.67012457549572,7.653649169951677,4.280717957764864
517,Joe Ledley,2016,DMC,18,1,3,1169,0.133109200745821,0,0.1476328959688544,6,Crystal Palace,1,0,1,0.133109200745821,1.9581161011010408,1.718156697228551
517,Joe Ledley,2015,MC,19,1,7,979,0.3060399070382118,0,0.1568491961807012,3,Crystal Palace,1,0,1,0.3060399070382118,1.4343150025233626,1.128900956362486
517,Joe Ledley,2014,MC,32,2,13,2581,1.6935906121507287,0,1.5012018904089928,21,Crystal Palace,0,0,2,1.6935906121507287,3.830857226625085,2.5305068511515856
518,Yannick Bolasie,2017,FW,16,1,19,851,2.023974006064236,0,0.3391269966959953,4,Everton,0,0,1,2.023974006064236,2.5330591844394803,1.2261017113924026
518,Yannick Bolasie,2016,Sub,13,1,27,1033,1.2203223071992395,4,4.774217233061791,20,Everton,2,0,1,1.2203223071992395,6.779860287904739,1.3568600192666054
518,Yannick Bolasie,2016,Sub,1,0,0,23,0.0,0,0.0,0,Crystal Palace,1,0,0,0.0,0.0,0.0
518,Yannick Bolasie,2015,Sub,26,5,57,2075,4.791508495807648,3,3.785496551543474,23,Crystal Palace,2,0,5,4.791508495807648,7.913271760568023,1.9284982969984408
518,Yannick Bolasie,2014,ML,34,4,69,2788,4.837666932493448,6,5.125395653769374,46,Crystal Palace,3,0,4,4.837666932493448,11.8882925407961,3.093482803553343
519,Connor Wickham,2019,Sub,6,1,3,78,1.115553367882967,1,0.4237443953752517,3,Crystal Palace,0,0,1,1.115553367882967,1.451029408723116,0.0195183008909225
519,Connor Wickham,2018,Sub,6,0,5,56,0.3429006934165954,1,0.3942410051822662,4,Crystal Palace,0,0,0,0.3429006934165954,0.658871978521347,0.1418550014495849
519,Connor Wickham,2016,FW,8,2,10,406,1.089648500084877,0,0.0,0,Crystal Palace,1,0,2,1.089648500084877,1.2747620977461338,0.3482366017997265
519,Connor Wickham,2015,Sub,21,5,34,1328,4.318102177232504,3,0.8700869707390666,12,Crystal Palace,1,0,4,3.5569338016211987,4.5478780921548605,1.5450099892914295
519,Connor Wickham,2014,ML,36,5,83,2782,7.663331899791956,1,1.7667267946526408,21,Sunderland,8,0,5,7.663331899791956,12.304913464933634,4.778480676934123
520,Bakary Sako,2018,Sub,4,0,0,19,0.0,0,0.0,0,Crystal Palace,0,0,0,0.0,0.0,0.0
520,Bakary Sako,2017,Sub,16,3,17,446,2.270360799506306,0,0.7738896021619439,7,Crystal Palace,0,0,3,2.270360799506306,2.393583637662232,0.5047072134912014
520,Bakary Sako,2016,Sub,7,0,4,121,0.1308701988309621,0,0.0900105983018875,1,Crystal Palace,0,0,0,0.1308701988309621,0.1371254008263349,0.0881837997585535
520,Bakary Sako,2015,FW,20,2,34,1073,2.3595071816816926,1,1.8894953643903136,9,Crystal Palace,1,0,2,2.3595071816816926,4.876719728112221,1.9568675085902212
521,Emmanuel Adebayor,2015,FW,12,1,12,619,1.8238637335598469,1,0.1452674306929111,6,Crystal Palace,1,0,1,1.8238637335598469,2.034254115074873,0.3548254258930683
521,Emmanuel Adebayor,2014,FW,13,2,19,811,2.904069386422634,1,1.3501760102808475,12,Tottenham,1,0,2,2.904069386422634,5.354455184191465,1.697083406150341
522,Wilfried Zaha,2022,AML,27,7,66,2308,7.797594489529729,2,2.760253319516778,26,Crystal Palace,5,0,7,6.275257470086217,11.746893677860498,4.086586587131023
522,Wilfried Zaha,2021,FW,33,14,69,2762,10.184118073433638,1,4.893216146156192,46,Crystal Palace,4,1,9,4.855936596170068,12.100897870957851,3.8086952473968263
522,Wilfried Zaha,2020,FW,30,11,60,2615,8.804446421563625,2,3.702817730605602,30,Crystal Palace,6,0,9,7.282108388841152,13.579470183700325,3.6344375163316727
522,Wilfried Zaha,2019,Sub,38,4,61,3276,4.932662656530738,3,3.74423024058342,37,Crystal Palace,5,0,4,4.932662656530738,11.82981387898326,4.589509468525648
522,Wilfried Zaha,2018,FW,34,10,73,3046,6.490763375535607,5,5.404334627091885,54,Crystal Palace,8,1,10,6.490763375535607,16.55854376219213,7.036869237199426
522,Wilfried Zaha,2017,AMC,29,9,64,2551,9.735283127054572,3,5.2962576597929,53,Crystal Palace,5,0,9,9.735283127054572,16.144810386002064,3.001298817805946
522,Wilfried Zaha,2016,AML,35,7,49,3033,5.570255206897855,9,4.54127549380064,38,Crystal Palace,8,0,7,5.570255206897855,12.498163945041595,3.0121044302359223
522,Wilfried Zaha,2015,MR,34,2,32,2507,2.624895393848419,1,4.474730141460896,41,Crystal Palace,5,0,2,2.624895393848419,9.6161883585155,3.583674034103751
522,Wilfried Zaha,2014,Sub,31,4,40,1989,4.7616315223276615,2,2.188598118722439,14,Crystal Palace,1,0,4,4.7616315223276615,6.593071822077036,2.3008809750899677
523,Julian Speroni,2018,GK,1,0,0,90,0.0,0,0.0,0,Crystal Palace,0,0,0,0.0,0.0,0.0
523,Julian Speroni,2017,GK,11,0,0,990,0.0,0,0.0,0,Crystal Palace,0,0,0,0.0,0.8597650863230228,0.8597650863230228
523,Julian Speroni,2015,GK,2,0,0,180,0.0,0,0.0,0,Crystal Palace,0,0,0,0.0,0.099534697830677,0.099534697830677
523,Julian Speroni,2014,GK,36,0,0,3207,0.0,0,0.0,0,Crystal Palace,1,0,0,0.0,2.2790353205055,2.2790353205055
524,Adrian Mariappa,2019,DC,20,0,3,1503,0.1671657972037792,0,0.2478996999561786,4,Watford,4,1,0,0.1671657972037792,2.8531534364447,2.560185791924596
524,Adrian Mariappa,2018,Sub,26,0,7,1921,1.3865475971251726,0,0.6989381145685911,5,Watford,3,0,0,1.3865475971251726,3.518388135358691,3.4127970337867737
524,Adrian Mariappa,2017,DC,28,0,10,2208,0.615952898748219,0,0.1439169980585575,4,Watford,4,0,0,0.615952898748219,1.8902223883196712,1.7313851891085503
524,Adrian Mariappa,2016,DC,7,0,2,556,0.1235710009932518,0,0.0842455998063087,1,Watford,0,0,0,0.1235710009932518,0.4664047975093126,0.4664047975093126
524,Adrian Mariappa,2015,DC,3,0,0,256,0.0,0,0.0,0,Crystal Palace,0,0,0,0.0,0.0619012806564569,0.0619012806564569
524,Adrian Mariappa,2014,DR,12,0,0,838,0.0,0,0.0643958998844027,3,Crystal Palace,3,0,0,0.0,0.908168213441968,0.8679077122360468
525,Martin Kelly,2020,Sub,1,0,0,1,0.0,0,0.0,0,Crystal Palace,0,0,0,0.0,0.0,0.0
525,Martin Kelly,2019,DC,19,0,2,1554,0.0609723981469869,1,0.8339541032910347,6,Crystal Palace,0,0,0,0.0609723981469869,2.381862226873636,2.184053229168057
525,Martin Kelly,2018,DC,13,0,3,1109,0.7666512317955494,0,0.0234110001474618,1,Crystal Palace,2,0,0,0.7666512317955494,0.703543801791966,0.6801328016445041
525,Martin Kelly,2017,Sub,15,0,5,1199,0.3498201444745064,0,0.0872204964980483,2,Crystal Palace,1,0,0,0.3498201444745064,0.7294600866734982,0.7162100868299603
525,Martin Kelly,2016,Sub,29,0,3,2145,0.2385208979249,2,0.5268526971340179,8,Crystal Palace,4,0,0,0.2385208979249,2.816802779212594,2.510482406243682
525,Martin Kelly,2015,Sub,13,0,1,1039,0.0146246002987027,0,0.1302272994071245,4,Crystal Palace,3,0,0,0.0146246002987027,0.5918863043189049,0.5525651033967733
525,Martin Kelly,2014,DR,31,0,10,2503,0.1874168999493122,1,0.8051103092730045,10,Crystal Palace,2,0,0,0.1874168999493122,2.4445369206368923,1.7485505808144808
526,Lee Chung-yong,2017,FWL,7,0,1,126,0.0177712999284267,0,0.0978254005312919,2,Crystal Palace,0,0,0,0.0177712999284267,0.5603450015187263,0.500810794532299
526,Lee Chung-yong,2016,AMC,15,0,4,463,0.2505840854719281,1,0.90725512849167,7,Crystal Palace,0,0,0,0.2505840854719281,0.8395034978166223,0.3034419938921928
526,Lee Chung-yong,2015,Sub,13,1,5,375,0.1582505032420158,0,0.4583900086581707,6,Crystal Palace,0,0,1,0.1582505032420158,0.7814945951104164,0.6394797302782536
526,Lee Chung-yong,2014,Sub,3,0,2,86,0.0953060984611511,0,0.0,0,Crystal Palace,0,0,0,0.0953060984611511,0.2059495933353901,0.1519686989486217
527,Adrián,2020,GK,3,0,0,270,0.0,0,0.0,0,Liverpool,0,0,0,0.0,0.3974395953118801,0.3974395953118801
527,Adrián,2019,Sub,11,0,0,873,0.0,0,0.0,0,Liverpool,1,0,0,0.0,2.574332058429718,2.574332058429718
527,Adrián,2017,GK,19,0,0,1710,0.0,0,0.0,0,West Ham,2,0,0,0.0,0.913073118776083,0.913073118776083
527,Adrián,2016,GK,16,0,0,1440,0.0,0,0.0273687001317739,1,West Ham,1,0,0,0.0,0.4712297990918159,0.4438611008226871
527,Adrián,2015,GK,32,0,0,2880,0.0,0,0.0,0,West Ham,1,1,0,0.0,2.9404459968209267,2.9404459968209267
527,Adrián,2014,GK,38,0,0,3392,0.0,0,0.1295814979821443,3,West Ham,3,1,0,0.0,2.7573785092681646,2.6922287922352552
528,Angelo Ogbonna,2023,Sub,11,0,1,629,0.0406796969473362,0,0.0,0,West Ham,1,0,0,0.0406796969473362,0.2121387161314487,0.1714590191841125
528,Angelo Ogbonna,2022,Sub,16,0,3,1235,0.2092116959393024,0,0.4893949385732412,3,West Ham,0,0,0,0.2092116959393024,1.701007179915905,1.1259163338690996
528,Angelo Ogbonna,2021,DC,11,1,3,921,0.6117196120321751,0,0.0,0,West Ham,1,0,1,0.6117196120321751,1.006216997280717,0.9552069921046497
528,Angelo Ogbonna,2020,DC,28,3,13,2493,1.6960741942748427,0,0.4284708108752966,4,West Ham,5,0,3,1.6960741942748427,4.007841985672712,3.785347294062376
528,Angelo Ogbonna,2019,DC,31,2,13,2790,1.3031474184244871,0,0.0701396986842155,2,West Ham,4,0,2,1.3031474184244871,2.9480003491044044,2.8165119495242834
528,Angelo Ogbonna,2018,DC,24,1,14,1870,1.0196450930088758,1,1.160291399806738,4,West Ham,2,0,1,1.0196450930088758,1.095582826063037,0.899084223434329
528,Angelo Ogbonna,2017,DC,32,1,9,2880,0.7748627103865147,0,0.4505201913416385,6,West Ham,3,0,1,0.7748627103865147,3.605682189576328,3.0531395440921187
528,Angelo Ogbonna,2016,DC,20,0,3,1757,0.0701812990009784,0,0.2699175029993057,6,West Ham,2,0,0,0.0701812990009784,3.3454513773322105,3.13081169500947
528,Angelo Ogbonna,2015,DC,28,0,6,2326,0.3006751993671059,0,0.1014899984002113,2,West Ham,5,0,0,0.3006751993671059,2.4743277207016945,2.333718523383141
529,Winston Reid,2017,DC,17,0,5,1455,0.161590002477169,0,0.2370819970965385,4,West Ham,5,0,0,0.161590002477169,1.9009395018219948,1.7904294803738594
529,Winston Reid,2016,DC,30,2,11,2595,0.8129212111234665,2,0.9388464195653796,8,West Ham,8,1,2,0.8129212111234665,3.415017708204686,3.2767178118228912
529,Winston Reid,2015,DC,24,1,17,2139,1.3956439103931189,1,0.3526056036353111,7,West Ham,5,0,1,1.3956439103931189,2.7220241613686085,2.630920182913542
529,Winston Reid,2014,DC,30,1,11,2497,1.2366657685488462,0,1.2207213276997209,8,West Ham,10,0,1,1.2366657685488462,3.956107241567224,3.856598937418312
530,James Tomkins,2023,Sub,4,0,0,4,0.0,0,0.0,0,Crystal Palace,0,0,0,0.0,0.0,0.0
530,James Tomkins,2022,Sub,6,1,3,340,0.7290570810437202,0,0.0,0,Crystal Palace,1,1,1,0.7290570810437202,0.1063892990350723,0.0669699981808662
530,James Tomkins,2021,Sub,8,1,4,540,0.6890930850058794,0,0.352782592177391,2,Crystal Palace,2,0,1,0.6890930850058794,0.4859020113945007,0.4056853055953979
530,James Tomkins,2020,Sub,8,0,2,553,0.1233697012066841,0,0.1104480028152465,1,Crystal Palace,1,0,0,0.1233697012066841,0.2848687954246998,0.2848687954246998
530,James Tomkins,2019,DC,18,1,9,1589,1.054326729848981,1,0.1189459003508091,2,Crystal Palace,5,0,1,1.054326729848981,2.6492675859481096,2.5303213875740767
530,James Tomkins,2018,DC,29,1,22,2566,0.902450771536678,1,1.3705310951918364,7,Crystal Palace,6,0,1,0.902450771536678,3.183600613847375,3.097234828397632
530,James Tomkins,2017,Sub,28,3,22,2386,2.709296519868076,0,0.0720945000648498,1,Crystal Palace,8,0,3,2.709296519868076,2.0368885658681397,1.9920914648100732
530,James Tomkins,2016,DC,24,3,14,1984,4.003372926265001,0,0.1012417003512382,2,Crystal Palace,4,0,3,4.003372926265001,2.613171898759901,2.555121699348092
530,James Tomkins,2015,DR,25,0,9,1979,0.3937388593330979,0,1.6080678896978498,12,West Ham,4,0,0,0.3937388593330979,4.4722516890615225,2.75765890814364
530,James Tomkins,2014,DC,22,1,18,1858,2.159363705664873,3,2.032975606620312,10,West Ham,6,0,1,2.159363705664873,1.53314127959311,1.4398671817034483
531,Michail Antonio,2024,FW,5,0,7,292,0.9113035630434752,0,0.0,0,West Ham,1,0,0,0.9113035630434752,0.4997090585529804,0.0702740903943777
531,Michail Antonio,2023,FW,26,6,30,1775,6.025665767490864,2,1.559285182505846,9,West Ham,6,0,6,6.025665767490864,8.23398894816637,2.5248712673783302
531,Michail Antonio,2022,FW,33,5,39,1847,7.201865157112479,3,1.6608268171548843,15,West Ham,2,0,5,7.201865157112479,5.891749322414398,1.3007178837433455
531,Michail Antonio,2021,FW,36,10,83,2994,12.788629919290544,8,5.767140578478575,46,West Ham,6,1,10,12.027457922697067,21.07403276115656,6.651934439316392
531,Michail Antonio,2020,FW,26,10,63,1993,14.1388366445899,5,3.194422224536538,27,West Ham,3,0,10,14.1388366445899,19.27381713874638,2.7705205250531435
531,Michail Antonio,2019,AML,24,10,68,1767,13.249557899311185,3,3.921496020630002,26,West Ham,3,0,9,12.488387929275632,13.959712754935026,2.270156307145953
531,Michail Antonio,2018,AMR,33,6,65,2084,6.066019592806697,4,4.0292156636714935,23,West Ham,3,0,6,6.066019592806697,11.179384281858802,3.387627083808184
531,Michail Antonio,2017,AMR,21,3,34,1347,2.009118705056608,1,0.9207209972664714,14,West Ham,1,0,3,2.009118705056608,3.45652742125094,1.147850900888443
531,Michail Antonio,2016,DR,29,9,77,2451,9.790301950648429,3,3.3898478094488382,31,West Ham,4,1,9,9.790301950648429,13.229303304105995,3.0400034934282303
531,Michail Antonio,2015,MR,26,8,54,2074,5.896233828738332,3,2.84874646551907,24,West Ham,3,0,8,5.896233828738332,10.22215442545712,4.37820899952203
532,Cheikhou Kouyaté,2023,Sub,12,0,5,199,0.4007705431431532,0,0.0558466427028179,1,Nottingham Forest,2,0,0,0.4007705431431532,0.8718480132520199,0.4558485820889473
532,Cheikhou Kouyaté,2022,Sub,21,1,6,871,0.1867025382816791,0,0.9933399967849256,8,Nottingham Forest,3,0,1,0.1867025382816791,2.0716649424284697,1.7446327153593302
532,Cheikhou Kouyaté,2021,DC,27,0,7,1991,0.2199736936017871,1,0.703463114798069,4,Crystal Palace,3,0,0,0.2199736936017871,2.849405175074935,2.6750655602663755
532,Cheikhou Kouyaté,2020,DC,36,1,7,3126,0.8239277079701424,0,0.8307867012917995,8,Crystal Palace,4,0,1,0.8239277079701424,4.744332169182599,4.530509167350829
532,Cheikhou Kouyaté,2019,MC,35,1,24,2560,2.1179451942443848,1,0.7690877951681614,10,Crystal Palace,4,0,1,2.1179451942443848,3.4630201142281294,1.339795295149088
532,Cheikhou Kouyaté,2018,Sub,31,0,20,1900,1.6332277162000537,2,0.8914863066747785,14,Crystal Palace,3,0,0,1.6332277162000537,4.0476819118484855,2.86739890370518
532,Cheikhou Kouyaté,2017,Sub,33,2,22,2803,1.797162496484816,3,0.8765670051798224,16,West Ham,5,0,2,1.797162496484816,5.362252963706851,3.4819005113095045
532,Cheikhou Kouyaté,2016,MC,31,1,21,2738,1.052809914574027,0,0.3161097271367907,9,West Ham,3,0,1,1.052809914574027,4.682202092371881,3.997284322045744
532,Cheikhou Kouyaté,2015,MC,34,5,45,3017,5.835475044324994,2,1.3813032917678356,21,West Ham,5,1,5,5.835475044324994,10.393910318613052,5.815707007423043
532,Cheikhou Kouyaté,2014,DMC,31,4,33,2670,3.0627197325229645,2,1.1875272747129202,14,West Ham,5,0,4,3.0627197325229645,6.412817427888513,3.314806269481778
533,Mark Noble,2021,Sub,11,1,2,321,1.5223380327224731,0,0.0202884990721941,1,West Ham,0,0,0,0.0,2.256683925166726,2.236395426094532
533,Mark Noble,2020,AMC,21,0,1,702,0.0526794008910656,0,0.1763314018025994,5,West Ham,1,0,0,0.0526794008910656,0.7763154096901417,0.7236361093819141
533,Mark Noble,2019,DMC,33,4,17,2709,2.77382646035403,3,3.18147258553654,44,West Ham,5,0,1,0.4903194261714816,10.03794429358095,7.929704475216567
533,Mark Noble,2018,DMC,31,5,17,2339,3.590215993579477,5,1.7227647006511688,21,West Ham,6,1,1,0.5456139496527612,7.524796138051897,5.903577404096723
533,Mark Noble,2017,DMC,29,4,15,2411,2.2789487233385444,0,1.8096711933612823,20,West Ham,6,0,2,0.7566106906160712,6.650568084791303,4.334581365808845
533,Mark Noble,2016,MC,30,3,25,2422,3.651965294964612,0,1.4297507805749774,24,West Ham,10,0,2,2.1296242820099,7.117133017629385,5.723065760917962
533,Mark Noble,2015,MC,37,7,34,3221,3.879513105377555,4,3.2432395946234465,50,West Ham,8,1,4,1.596007790416479,10.757460918277502,8.088051256723702
533,Mark Noble,2014,DMC,28,2,21,2321,2.4249141104519367,3,3.0953231919556856,45,West Ham,4,0,1,0.9025766961276532,8.767040897160769,7.170456627383828
534,Aaron Cresswell,2024,Sub,2,0,0,16,0.0,0,0.0210413821041584,1,West Ham,0,0,0,0.0,0.0841361433267593,0.0841361433267593
534,Aaron Cresswell,2023,DL,11,0,0,414,0.0,0,0.4446245804429054,5,West Ham,1,0,0,0.0,0.323039136826992,0.2730376645922661
534,Aaron Cresswell,2022,DL,28,0,9,2231,0.4190359637141227,1,3.1738543678075075,40,West Ham,3,0,0,0.4190359637141227,6.406579466536641,5.813743421807885
534,Aaron Cresswell,2021,DL,31,2,18,2734,0.9124326836317778,3,3.670583555474877,31,West Ham,3,0,2,0.9124326836317778,10.5436932425946,9.624675979837775
534,Aaron Cresswell,2020,DL,36,0,19,3176,0.8834640998393297,8,7.390939770266414,58,West Ham,3,0,0,0.8834640998393297,10.620282838121057,8.392438812181354
534,Aaron Cresswell,2019,DL,31,3,18,2739,1.032538689672947,0,3.006656118668616,26,West Ham,7,0,3,1.032538689672947,6.834942300803959,4.891464427113533
534,Aaron Cresswell,2018,DL,20,0,11,1586,0.4192391019314527,1,0.9375776946544648,17,West Ham,1,0,0,0.4192391019314527,2.0393270030617714,1.5816005989909172
534,Aaron Cresswell,2017,Sub,36,1,21,3081,0.6747351279482245,7,3.3183175958693027,34,West Ham,7,0,1,0.6747351279482245,5.961045905016363,4.797647842206061
534,Aaron Cresswell,2016,ML,26,0,11,2124,0.58590570371598,2,2.37870701495558,17,West Ham,2,1,0,0.58590570371598,5.244611767120659,3.4105861019343138
534,Aaron Cresswell,2015,DL,37,2,28,3319,1.0925629902631044,4,3.2946184799075127,40,West Ham,1,0,2,1.0925629902631044,10.339367298409345,6.831139231100678
534,Aaron Cresswell,2014,DL,38,2,19,3420,1.2426329869776964,4,4.838664368726313,35,West Ham,5,0,2,1.2426329869776964,9.588580122217536,6.95385479554534
535,Manuel Lanzini,2022,AMC,10,1,3,230,0.6443301560357213,0,0.3371060192584991,1,West Ham,0,0,1,0.6443301560357213,1.1725098555907607,0.1910736504942178
535,Manuel Lanzini,2021,Sub,30,5,16,1801,3.375077722594142,3,2.594079665839672,23,West Ham,2,0,2,1.0915708057582378,8.181106477975845,7.256115834228694
535,Manuel Lanzini,2020,Sub,17,1,12,548,0.9710571253672242,1,1.0017916820943356,11,West Ham,1,0,1,0.9710571253672242,3.2326610730960965,1.5795046957209706
535,Manuel Lanzini,2019,AMC,24,0,23,1372,2.1417734138667583,2,2.079109814018011,31,West Ham,1,0,0,2.1417734138667583,5.773348860442638,3.4323984710499644
535,Manuel Lanzini,2018,Sub,10,1,11,693,1.183907315135002,1,0.958035985007882,5,West Ham,2,0,1,1.183907315135002,3.1162610054016118,2.155221574008465
535,Manuel Lanzini,2017,Sub,27,5,44,2054,3.83309031650424,6,3.7344188131392,41,West Ham,4,0,5,3.0719210039824247,9.272783692926168,5.11701599881053
535,Manuel Lanzini,2016,MC,35,8,69,2727,6.071731213480234,2,4.006757194176316,57,West Ham,9,0,6,4.5493931118398905,13.376216730102897,8.287111967802048
535,Manuel Lanzini,2015,Sub,26,6,48,1941,4.531228398904204,2,2.836365235969424,33,West Ham,3,0,6,4.531228398904204,12.438018679618835,5.984105244278908
536,Dimitri Payet,2016,Sub,18,2,55,1520,3.223100610077381,6,5.917087025940418,74,West Ham,2,0,2,3.223100610077381,6.662132266908884,2.9931112127378583
536,Dimitri Payet,2015,FWL,30,9,69,2576,5.748615788295865,12,11.665769186802208,119,West Ham,3,0,9,5.748615788295865,16.933078441768885,6.889105640351772
537,Andy Carroll,2020,FW,18,1,13,369,0.6033165901899338,0,0.0630198009312152,2,Newcastle United,1,0,1,0.6033165901899338,0.989015600644052,0.542128506116569
537,Andy Carroll,2019,Sub,19,0,16,582,1.4947954155504704,4,0.9094430077821016,12,Newcastle United,1,0,0,1.4947954155504704,2.18872887082398,1.0494361966848371
537,Andy Carroll,2018,Sub,12,0,14,438,1.980972357094288,0,0.2757707014679909,4,West Ham,2,0,0,1.980972357094288,2.81078914180398,1.0697424951940775
537,Andy Carroll,2017,FW,16,3,28,739,1.572163701057434,0,0.5253243083134294,7,West Ham,5,1,3,1.572163701057434,3.69131949916482,2.298567494377494
537,Andy Carroll,2016,FW,18,7,39,1318,4.521655203774571,1,1.7217979226261375,14,West Ham,3,0,7,4.521655203774571,6.552709426730871,3.009639358147979
537,Andy Carroll,2015,FW,27,9,56,1411,6.137788807973266,2,2.7616127114742994,20,West Ham,2,0,8,5.376620193943381,8.771361893042922,3.070083936676383
537,Andy Carroll,2014,Sub,14,5,37,1032,3.693270232528448,1,0.7689823769032955,11,West Ham,2,0,5,3.693270232528448,3.2884955015033484,0.4689181968569755
538,Emmanuel Emenike,2015,Sub,13,0,10,499,1.4561971388757229,0,0.3378948029130697,7,West Ham,0,0,0,1.4561971388757229,1.9074251353740688,0.3461496029049158
539,Enner Valencia,2016,FWR,21,3,24,690,3.69132237136364,1,0.8733555935323238,7,Everton,1,0,3,3.69132237136364,4.789857763797045,0.8321622982621193
539,Enner Valencia,2016,FWL,3,0,7,217,0.409692995250225,0,0.0,0,West Ham,0,0,0,0.409692995250225,0.6571170091629028,0.3157545030117035
539,Enner Valencia,2015,Sub,19,4,34,1014,4.249641552567482,2,1.475322525948286,12,West Ham,1,0,4,4.249641552567482,5.659652873873711,0.6797333937138319
539,Enner Valencia,2014,Sub,32,4,72,2119,6.480698708444834,3,2.593669313006103,18,West Ham,2,0,4,6.480698708444834,8.838937357068062,2.898073143791408
540,Darren Randolph,2020,GK,3,0,0,270,0.0,0,0.0,0,West Ham,0,0,0,0.0,0.2751617059111595,0.2751617059111595
540,Darren Randolph,2019,GK,2,0,0,180,0.0,0,0.0,0,West Ham,0,0,0,0.0,0.0,0.0
540,Darren Randolph,2016,GK,22,0,0,1980,0.0,0,0.0,0,West Ham,1,0,0,0.0,0.7022444903850555,0.7022444903850555
540,Darren Randolph,2015,GK,6,0,1,540,0.0764757990837097,0,0.0,0,West Ham,0,0,0,0.0764757990837097,0.4852911904454231,0.4852911904454231
541,Victor Moses,2018,Sub,2,0,0,24,0.0,0,0.1079389974474906,1,Chelsea,0,0,0,0.0,0.1079389974474906,0.0
541,Victor Moses,2017,DMR,28,3,35,2128,3.084544111043215,3,2.6375407949090004,20,Chelsea,3,0,3,3.084544111043215,9.645801581442356,5.043450225144625
541,Victor Moses,2016,Sub,34,3,45,2519,4.045990202575922,2,2.633279960602522,28,Chelsea,4,0,3,4.045990202575922,9.635234056040645,5.143250335007906
541,Victor Moses,2015,Sub,21,1,22,982,1.9115974642336369,2,1.506265616044402,16,West Ham,0,0,1,1.9115974642336369,4.521150814369321,1.3855820586904883
541,Victor Moses,2014,ML,19,3,41,1473,4.516806649044156,3,2.320559896528721,32,Stoke,3,0,2,3.755638243630529,6.229532454162836,1.9420529399067163
542,Pedro Obiang,2018,Sub,24,0,15,1112,0.5645460933446884,1,1.137345416471362,6,West Ham,0,0,0,0.5645460933446884,4.137817110866308,3.1170976143330336
542,Pedro Obiang,2017,DMC,21,2,13,1564,0.3268697001039982,0,0.5585408955812454,7,West Ham,3,0,2,0.3268697001039982,2.9364621434360743,2.252147342078388
542,Pedro Obiang,2016,Sub,22,1,9,1778,0.383512394502759,1,0.4733996344730258,6,West Ham,7,0,1,0.383512394502759,5.100283722393215,4.389140105806291
542,Pedro Obiang,2015,Sub,24,0,8,1069,0.2413672702386975,1,0.7868882790207863,3,West Ham,2,0,0,0.2413672702386975,1.8097580866888163,1.5900763869285583
543,Reece Oxford,2017,Sub,1,0,0,1,0.0,0,0.0,0,West Ham,0,0,0,0.0,0.0,0.0
543,Reece Oxford,2015,MC,7,0,1,206,0.1037110015749931,0,0.0,0,West Ham,0,0,0,0.1037110015749931,0.0223840996623039,0.0223840996623039
545,Kieran Gibbs,2020,DL,10,0,1,808,0.0619418993592262,0,0.4062060043215751,4,West Bromwich Albion,0,1,0,0.0619418993592262,0.8934742975980043,0.812916399911046
545,Kieran Gibbs,2017,DL,33,0,9,2836,0.3904306041076779,1,1.9128205999732015,22,West Bromwich Albion,3,0,0,0.3904306041076779,5.823241271078587,3.979991815984249
545,Kieran Gibbs,2016,Sub,11,0,5,701,0.3278139997273683,1,0.6635113917291164,10,Arsenal,3,0,0,0.3278139997273683,2.3076071366667747,1.573708064854145
545,Kieran Gibbs,2015,Sub,15,1,5,367,0.5577400848269463,0,0.0406477004289627,1,Arsenal,0,0,1,0.5577400848269463,1.0849711149930954,0.4865844957530498
545,Kieran Gibbs,2014,DL,22,0,12,1657,1.0783994244411588,3,1.82130139041692,15,Arsenal,3,0,0,1.0783994244411588,8.999918149784207,7.215284138917923
546,David de Gea,2022,GK,38,0,0,3420,0.0,0,0.0185502003878355,1,Manchester United,0,0,0,0.0,6.570318281650543,6.551768273115158
546,David de Gea,2021,GK,38,0,0,3420,0.0,0,0.0,0,Manchester United,0,0,0,0.0,3.3520901668816805,3.3520901668816805
546,David de Gea,2020,GK,26,0,0,2298,0.0,0,0.0,0,Manchester United,0,0,0,0.0,2.1132496232166886,2.1132496232166886
546,David de Gea,2019,GK,38,0,0,3420,0.0,0,0.0,0,Manchester United,2,0,0,0.0,4.695207281969488,4.695207281969488
546,David de Gea,2018,GK,38,0,0,3420,0.0,0,0.0,0,Manchester United,1,0,0,0.0,3.3250256115570664,3.3250256115570664
546,David de Gea,2017,GK,37,0,0,3330,0.0,0,0.0333255007863044,1,Manchester United,0,0,0,0.0,4.918443280272186,4.885117779485881
546,David de Gea,2016,GK,35,0,0,3150,0.0,0,0.0,0,Manchester United,2,0,0,0.0,4.725034132599831,4.725034132599831
546,David de Gea,2015,GK,34,0,0,3060,0.0,0,0.0,0,Manchester United,0,0,0,0.0,2.8570724595338106,2.8570724595338106
546,David de Gea,2014,GK,37,0,0,3315,0.0,0,0.0,0,Manchester United,0,0,0,0.0,3.725181600078941,3.725181600078941
547,Guillermo Varela,2015,DR,4,0,1,312,0.0120516000315546,0,0.0229803994297981,1,Manchester United,1,0,0,0.0120516000315546,1.4535866305232048,1.4535866305232048
548,Daley Blind,2017,DL,7,0,3,361,0.1167609989643096,0,0.4060279820114374,4,Manchester United,0,0,0,0.1167609989643096,1.4754479993134737,1.3109460044652224
548,Daley Blind,2016,DC,23,1,9,1827,0.4325320981442928,2,2.05253379419446,27,Manchester United,2,0,1,0.4325320981442928,7.496676508337259,6.478347789496183
548,Daley Blind,2015,DC,35,1,4,3123,0.1542002009227872,1,1.880606411024928,25,Manchester United,2,0,1,0.1542002009227872,7.339778674766421,6.81973690353334
548,Daley Blind,2014,DMC,25,2,28,2174,0.998192404396832,2,1.4453516565263271,17,Manchester United,4,0,2,0.998192404396832,9.220820680260658,7.474335089325905
549,Timothy Fosu-Mensah,2020,DR,1,0,1,85,0.0154493004083633,0,0.3051519989967346,2,Manchester United,1,0,0,0.0154493004083633,0.4019050002098083,0.3608219921588897
549,Timothy Fosu-Mensah,2019,DL,3,0,1,139,0.0857814028859138,0,0.1257479935884475,2,Manchester United,1,0,0,0.0857814028859138,0.6020890027284622,0.4799007996916771
549,Timothy Fosu-Mensah,2018,DR,12,0,4,797,0.0804357016459107,0,0.3679341981187463,6,Fulham,3,0,0,0.0804357016459107,2.697345519438386,2.2805972825735807
549,Timothy Fosu-Mensah,2017,DC,21,0,8,1595,0.2173014972358942,0,0.3670815974473953,6,Crystal Palace,2,0,0,0.2173014972358942,2.7277599656954408,2.3759200694039464
549,Timothy Fosu-Mensah,2016,DR,4,0,1,95,0.0319125987589359,0,0.0,0,Manchester United,0,0,0,0.0319125987589359,0.2643499970436096,0.2324369996786117
549,Timothy Fosu-Mensah,2015,Sub,8,0,2,247,0.0445834994316101,1,0.5879679918289185,1,Manchester United,1,0,0,0.0445834994316101,0.6066955961287022,0.5621117949485779
550,Marcos Rojo,2019,Sub,3,0,1,119,0.1320690065622329,0,0.0,0,Manchester United,1,0,0,0.1320690065622329,0.0324193993583321,0.0324193993583321
550,Marcos Rojo,2018,DC,5,0,6,208,0.2353720925748348,0,0.0,0,Manchester United,2,0,0,0.2353720925748348,0.7415014170110226,0.7083711177110672
550,Marcos Rojo,2017,DC,9,0,5,649,0.0711890002712607,0,0.0729225017130374,2,Manchester United,6,0,0,0.0711890002712607,2.267773585394025,2.214658686891198
550,Marcos Rojo,2016,Sub,21,1,14,1658,1.0273041892796757,0,0.2739330008625984,5,Manchester United,5,0,1,1.0273041892796757,4.780627865344286,4.35580032505095
550,Marcos Rojo,2015,DL,16,0,8,1264,0.2959688995033502,1,0.804326593875885,10,Manchester United,3,0,0,0.2959688995033502,1.8204301074147224,1.1858392897993326
550,Marcos Rojo,2014,DL,22,0,16,1767,1.529910685494542,0,0.3383659971877932,10,Manchester United,6,0,0,1.529910685494542,5.804772457107902,5.482042836025357
551,Morgan Schneiderlin,2019,DMC,15,0,6,1014,0.3373388992622494,0,0.1284838002175092,4,Everton,4,1,0,0.3373388992622494,3.29388926550746,3.029686452820897
551,Morgan Schneiderlin,2018,DMC,14,0,3,831,0.1010884009301662,1,0.8037047833204269,8,Everton,2,0,0,0.1010884009301662,1.9761153031140568,1.7469285167753696
551,Morgan Schneiderlin,2017,MC,30,0,5,2125,0.3219172917306423,0,0.2061133030802011,8,Everton,4,1,0,0.3219172917306423,4.26916216686368,3.9293958824127913
551,Morgan Schneiderlin,2016,MC,14,1,8,1059,0.7051461040973663,0,0.1290040984749794,6,Everton,2,0,1,0.7051461040973663,5.677683211863041,5.116363190114498
551,Morgan Schneiderlin,2016,Sub,3,0,0,8,0.0,0,0.0,0,Manchester United,0,0,0,0.0,0.0,0.0
551,Morgan Schneiderlin,2015,DMC,29,1,11,2204,0.8295513093471527,0,0.4136638976633549,9,Manchester United,3,0,1,0.8295513093471527,5.959417164325714,5.560283171012998
551,Morgan Schneiderlin,2014,MC,26,4,31,2183,2.391752235591412,1,1.5581406876444817,20,Southampton,5,1,4,2.391752235591412,8.423097917810082,7.155297724530101
552,Ander Herrera,2018,DC,22,2,21,1404,1.511772520840168,3,2.056090025231242,15,Manchester United,4,0,2,1.511772520840168,10.2428825404495,8.346531592309475
552,Ander Herrera,2017,Sub,26,0,12,1249,0.4104606937617063,2,1.4179544849321246,11,Manchester United,5,0,0,0.4104606937617063,4.201274625957012,3.252491995692253
552,Ander Herrera,2016,DMC,31,1,38,2466,1.4344899840652945,6,3.9950235225260258,36,Manchester United,5,1,1,1.4344899840652945,14.3265538290143,10.754210541024804
552,Ander Herrera,2015,Sub,27,3,24,1535,2.770497987046838,2,2.1379278171807528,21,Manchester United,4,0,2,2.009328970685601,6.950199795886874,4.081738583743572
552,Ander Herrera,2014,MC,26,6,37,1877,2.037225598469377,4,2.11998759675771,26,Manchester United,6,0,6,2.037225598469377,11.650219334289432,8.672010101377964
553,Anthony Martial,2023,Sub,13,1,6,430,1.0567390732467177,0,0.2762942183762789,6,Manchester United,0,0,1,1.0567390732467177,1.701497795060277,0.4121705777943134
553,Anthony Martial,2022,Sub,21,6,27,987,7.3281096909195185,2,1.756760749965906,12,Manchester United,0,0,5,6.566943714395165,9.77430764771998,2.775388235226273
553,Anthony Martial,2021,Sub,8,1,5,202,1.1682770177721975,0,0.0,0,Manchester United,0,0,1,1.1682770177721975,2.618613101541996,2.0982623919844627
553,Anthony Martial,2020,FW,22,4,42,1494,7.405648021958768,3,2.619799588806927,17,Manchester United,0,1,4,7.405648021958768,11.8148154579103,3.3195044174790382
553,Anthony Martial,2019,FW,32,17,80,2672,13.240488132461904,6,4.618775302544236,30,Manchester United,1,0,17,12.479318222030995,20.409552484750748,6.357812762260437
553,Anthony Martial,2018,FWL,27,10,39,1632,7.954480409622192,2,3.2472198167815804,36,Manchester United,2,0,9,7.193311810493469,11.796286111697556,3.6007302813231945
553,Anthony Martial,2017,Sub,30,9,49,1589,6.301932895556092,5,5.435460576787591,33,Manchester United,1,0,8,5.540763879194856,13.706217050552368,5.228315707296133
553,Anthony Martial,2016,AML,25,4,42,1558,3.31182773783803,6,3.670776694081724,25,Manchester United,2,0,4,3.31182773783803,8.690207365900278,2.4858346907421947
553,Anthony Martial,2015,ML,31,11,57,2632,7.273541077971458,4,6.173327440395951,37,Manchester United,2,0,11,7.273541077971458,15.577425617724655,5.8901663813740015
554,Juan Mata,2021,Sub,7,0,5,225,0.3362768962979316,0,0.3422580063343048,2,Manchester United,0,0,0,0.3362768962979316,1.4323438256978989,1.0960665792226791
554,Juan Mata,2020,AMR,9,1,5,518,1.0727033168077469,2,0.7225957177579403,8,Manchester United,0,0,0,0.3115343004465103,3.0369243174791336,2.1873118095099926
554,Juan Mata,2019,Sub,19,0,10,740,1.2170821130275726,2,2.1049311086535454,18,Manchester United,1,0,0,1.2170821130275726,4.749439934268594,3.057509958744049
554,Juan Mata,2018,FWR,22,3,19,1306,1.5762369083240628,2,3.700430253520608,30,Manchester United,3,0,3,1.5762369083240628,5.144090541638434,2.1955521078780293
554,Juan Mata,2017,AMR,28,3,28,1942,3.809659145772457,5,4.732914689928293,51,Manchester United,1,0,3,3.809659145772457,14.234991842880843,8.803705956786871
554,Juan Mata,2016,AMR,25,6,40,1641,5.665137184783816,3,4.540481245145202,45,Manchester United,3,0,6,5.665137184783816,11.835167105309663,6.035137891769409
554,Juan Mata,2015,AMR,38,6,57,2907,6.460017409175634,5,5.284316685050726,53,Manchester United,4,1,5,5.698849428445101,15.267891149036586,7.583365594036877
554,Juan Mata,2014,AMC,33,9,33,2318,6.5977520532906055,4,4.968639085069299,50,Manchester United,2,0,8,5.836587090045214,14.520843295380471,7.047827729955316
555,Memphis Depay,2016,Sub,4,0,0,13,0.0,0,0.0,0,Manchester United,1,0,0,0.0,0.0114200999960303,0.0114200999960303
555,Memphis Depay,2015,AML,29,2,57,1470,4.733708648942411,0,1.2230775114148855,12,Manchester United,2,0,2,4.733708648942411,7.542920334264636,2.9404460974037647
556,Marcus Rashford,2024,AML,5,1,4,352,0.2599236965179443,0,1.3967775870114565,4,Manchester United,0,0,1,0.2599236965179443,2.471568465232849,1.378898859024048
556,Marcus Rashford,2023,FW,33,7,62,2292,7.661536030471325,2,2.390108224004507,24,Manchester United,2,0,5,6.13919834792614,12.686340739950538,4.950286580249667
556,Marcus Rashford,2022,FWL,35,17,108,2907,18.761760517954823,5,3.735412929207087,31,Manchester United,2,0,17,18.761760517954823,30.33111381344497,9.589746218174696
556,Marcus Rashford,2021,Sub,25,4,22,1229,2.8203724659979343,2,2.4275257661938667,9,Manchester United,2,0,4,2.8203724659979343,6.920497505925596,1.981456129811704
556,Marcus Rashford,2020,AML,37,11,79,2941,9.579708877950909,9,4.185123202390969,44,Manchester United,4,0,11,9.579708877950909,20.441918712109327,8.927209110930562
556,Marcus Rashford,2019,AML,31,17,95,2673,19.503727892413732,7,5.457172006368637,33,Manchester United,3,0,11,13.414411062374713,20.244800126180053,5.906573572196066
556,Marcus Rashford,2018,FW,33,10,84,2360,11.614460183307528,6,5.270444078370929,38,Manchester United,3,1,10,11.614460183307528,16.822122670244426,5.243193206842989
556,Marcus Rashford,2017,AML,35,7,62,1792,5.530903106555343,5,4.5970649272203445,22,Manchester United,3,0,7,5.530903106555343,10.888672044500709,2.5785506181418896
556,Marcus Rashford,2016,Sub,32,5,44,1687,6.274289522320032,1,1.991822112351656,20,Manchester United,3,0,5,6.274289522320032,9.405529212206602,3.628077084198594
556,Marcus Rashford,2015,FW,11,5,16,870,3.0254475995898247,2,0.759778780862689,6,Manchester United,0,0,5,3.0254475995898247,4.797231607139111,1.2429611012339592
557,Matteo Darmian,2018,DR,6,0,1,447,0.0283087994903326,0,0.0504136011004447,2,Manchester United,0,0,0,0.0283087994903326,0.5790707990527153,0.5339906997978687
557,Matteo Darmian,2017,DL,8,0,2,442,0.0288006998598575,0,0.0212538000196218,1,Manchester United,0,0,0,0.0288006998598575,0.5322577878832817,0.5322577878832817
557,Matteo Darmian,2016,DR,18,0,2,1333,0.0914873965084552,0,0.4010920077562332,2,Manchester United,3,0,0,0.0914873965084552,5.309797024354339,4.91001901589334
557,Matteo Darmian,2015,DR,28,1,6,1937,0.1750630959868431,0,1.879050144925713,12,Manchester United,8,0,1,0.1750630959868431,4.96573755890131,3.754207780584693
558,Jesse Lingard,2022,MC,17,0,10,937,0.6977619081735611,0,0.4312230888754129,11,Nottingham Forest,1,0,0,0.6977619081735611,2.0684521049261093,1.2953029051423073
558,Jesse Lingard,2021,Sub,16,2,8,338,0.7739869020879269,0,0.4576387051492929,8,Manchester United,1,0,2,0.7739869020879269,1.5397445131093264,0.4106098096817732
558,Jesse Lingard,2020,AMC,16,9,42,1434,5.249173816293478,4,2.329291282221675,18,West Ham,3,0,8,3.726830512285233,10.09571509808302,5.690431963652372
558,Jesse Lingard,2019,AMR,22,1,22,919,2.327569890767336,0,1.1104197055101397,20,Manchester United,3,0,1,2.327569890767336,7.162807498127222,3.927907950244844
558,Jesse Lingard,2018,Sub,27,4,32,1677,4.844163816422224,2,3.156425293069333,17,Manchester United,3,0,3,4.082991819828749,10.800292232539505,5.214572378434241
558,Jesse Lingard,2017,Sub,33,8,56,1836,8.04835014604032,5,3.581980141811073,26,Manchester United,2,0,8,8.04835014604032,13.909837955608964,5.560849567875266
558,Jesse Lingard,2016,FWR,25,1,37,1384,3.757661821320653,2,2.1995952278375626,29,Manchester United,3,0,1,3.757661821320653,10.838652646169066,5.95788630284369
558,Jesse Lingard,2015,MR,25,4,31,1641,3.2912297286093235,1,1.2874503061175346,14,Manchester United,4,0,4,3.2912297286093235,7.917206218466163,4.496429245918989
558,Jesse Lingard,2014,MR,1,0,0,23,0.0,0,0.0,0,Manchester United,0,0,0,0.0,0.0187410004436969,0.0187410004436969
559,Paddy McNair,2016,Sub,9,0,1,359,0.07151660323143,0,0.1883467957377433,3,Sunderland,0,0,0,0.07151660323143,0.9063028991222382,0.7179556004703045
559,Paddy McNair,2015,DC,8,0,3,308,0.1490419954061508,0,0.1408360004425048,1,Manchester United,0,0,0,0.1490419954061508,0.5057020038366318,0.3648656010627746
559,Paddy McNair,2014,DC,16,0,4,1023,0.3108162861317396,0,0.2415097020566463,5,Manchester United,2,0,0,0.3108162861317396,3.425563907250762,3.31623918376863
560,Sergio Romero,2017,GK,1,0,0,90,0.0,0,0.0,0,Manchester United,0,0,0,0.0,0.3445830047130584,0.3445830047130584
560,Sergio Romero,2016,GK,2,0,0,180,0.0,0,0.0,0,Manchester United,0,0,0,0.0,0.1150706000626087,0.1150706000626087
560,Sergio Romero,2015,GK,4,0,0,360,0.0,0,0.0,0,Manchester United,0,0,0,0.0,0.6442757081240416,0.6442757081240416
561,Joe Rothwell,2023,DMC,11,0,2,370,0.0497114863246679,0,0.1371351620182395,4,Bournemouth,0,0,0,0.0497114863246679,1.69688056781888,1.6346725337207315
561,Joe Rothwell,2022,Sub,20,0,3,1028,0.1488286033272743,1,1.1982360780239103,8,Bournemouth,1,0,0,0.1488286033272743,2.398142223246396,2.1275645093992352
562,James Weir,2015,Sub,1,0,0,1,0.0,0,0.0,0,Manchester United,0,0,0,0.0,0.0,0.0
564,Heurelho Gomes,2017,GK,24,0,0,2130,0.0,0,0.0,0,Watford,0,0,0,0.0,1.597455580718815,1.597455580718815
564,Heurelho Gomes,2016,GK,38,0,0,3339,0.0,0,0.0404191985726356,1,Watford,1,0,0,0.0,0.7291128942742944,0.7291128942742944
564,Heurelho Gomes,2015,GK,38,0,0,3398,0.0,0,0.0,0,Watford,4,0,0,0.0,1.2916556289419532,1.2916556289419532
565,Nyom,2017,DR,29,0,3,2307,0.0564833907410502,1,1.1282283049076796,14,West Bromwich Albion,7,0,0,0.0564833907410502,3.010309279896319,2.1093602711334825
565,Nyom,2016,DMR,32,0,6,2640,0.2824708968400955,2,0.91437279433012,11,West Bromwich Albion,8,0,0,0.2824708968400955,3.618994126096368,2.734754228964448
565,Nyom,2015,DR,32,0,7,2483,0.3207143954932689,1,0.5813760934397578,7,Watford,8,0,0,0.3207143954932689,3.0983706079423428,2.7607759926468134
566,Sebastian Prödl,2019,DC,1,0,2,57,0.0579577013850212,0,0.0,0,Watford,0,0,0,0.0579577013850212,0.0,0.0
566,Sebastian Prödl,2018,Sub,1,0,0,13,0.0,0,0.0,0,Watford,0,0,0,0.0,0.0,0.0
566,Sebastian Prödl,2017,DC,21,0,8,1566,0.9169929064810276,0,0.3209409024566412,2,Watford,5,0,0,0.9169929064810276,1.0426293034106493,0.6432172004133463
566,Sebastian Prödl,2016,DC,33,1,22,2774,1.8484823750332,1,0.8706913068890572,10,Watford,10,1,1,1.8484823750332,3.04250480607152,2.431777410209179
566,Sebastian Prödl,2015,DC,21,2,13,1774,1.5338504202663898,0,0.1290602032095194,2,Watford,5,0,2,1.5338504202663898,1.934076652862132,1.906232641078532
567,Miguel Britos,2018,Sub,3,0,0,185,0.0,0,0.0,0,Watford,0,0,0,0.0,0.096755102276802,0.096755102276802
567,Miguel Britos,2017,DC,12,1,3,798,0.8243592055514455,0,0.8880611248314381,3,Watford,3,1,1,0.8243592055514455,1.6663381345570087,1.07122702896595
567,Miguel Britos,2016,DC,27,1,18,2291,2.0071697011590004,2,1.5747581291943789,7,Watford,6,2,1,2.0071697011590004,2.35990557866171,2.0335670551285148
567,Miguel Britos,2015,DC,24,0,6,2079,0.3842486049979925,0,0.0,0,Watford,7,0,0,0.3842486049979925,1.1019566962495446,1.1019566962495446
568,José Holebas,2019,DL,14,0,6,1019,0.2385539012029767,0,0.5429349038749933,11,Watford,5,0,0,0.2385539012029767,2.609514666721225,2.237691468559205
568,José Holebas,2018,DL,28,3,17,2395,0.9423710945993662,6,4.580443293787539,38,Watford,12,1,3,0.9423710945993662,7.107872102409601,5.283564519137144
568,José Holebas,2017,DL,28,0,17,2385,0.4316608998924494,4,3.713132351636887,37,Watford,7,0,0,0.4316608998924494,3.8699897844344378,3.213603099808097
568,José Holebas,2016,DML,33,2,28,2917,0.9236078038811684,4,2.9176323590800166,36,Watford,14,0,2,0.9236078038811684,5.528829487040639,4.063428420573473
568,José Holebas,2015,DL,11,0,13,948,0.5325350929051638,0,0.0901373978704214,6,Watford,2,0,0,0.5325350929051638,0.8886936912313104,0.6776373898610473
569,Almen Abdi,2015,Sub,32,2,38,1998,2.0675654159858823,0,2.5999508891254663,32,Watford,4,0,2,2.0675654159858823,8.051499697379768,5.146298512816429
570,Valon Behrami,2016,MC,27,0,6,2056,0.1859294967725873,0,0.4166424870491028,5,Watford,7,0,0,0.1859294967725873,2.384916942566633,1.8266244195401669
570,Valon Behrami,2015,MC,21,0,1,1284,0.0117324003949761,1,0.517133648507297,5,Watford,3,1,0,0.0117324003949761,2.334696613252163,1.8175630057230592
571,Ben Watson,2017,Sub,8,0,1,463,0.043156698346138,0,0.1822484023869037,3,Watford,1,0,0,0.043156698346138,0.3476935885846615,0.3301321882754564
571,Ben Watson,2016,Sub,4,0,0,46,0.0,0,0.0,0,Watford,0,1,0,0.0,0.4635030031204223,0.4635030031204223
571,Ben Watson,2015,Sub,35,2,17,2814,0.4924735939130187,0,2.1229016734287143,33,Watford,4,0,2,0.4924735939130187,5.762443410232663,5.366294101811945
572,Etienne Capoue,2019,DMC,30,0,19,2643,0.6416579047217965,3,2.5432482585310936,19,Watford,8,0,0,0.6416579047217965,8.06686213053763,6.257091630250216
572,Etienne Capoue,2018,DMC,33,1,18,2951,1.297315414994955,3,1.3692703181877732,10,Watford,14,1,1,1.297315414994955,8.080199571326375,7.016400104388595
572,Etienne Capoue,2017,Sub,23,1,23,1544,0.975931303575635,0,0.7933374866843224,8,Watford,3,0,1,0.975931303575635,4.4521506847813725,3.138649105094373
572,Etienne Capoue,2016,MC,37,7,50,3231,3.717312013730407,1,1.509296577423811,37,Watford,5,0,7,3.717312013730407,6.283083532936871,2.680030390620232
572,Etienne Capoue,2015,MC,33,0,35,2834,3.072994276881218,1,1.4461284149438145,24,Watford,7,0,0,3.072994276881218,8.910059592686594,5.593119697645307
572,Etienne Capoue,2014,DMC,12,0,7,911,0.1177910016849637,0,0.2407076973468065,4,Tottenham,2,0,0,0.1177910016849637,3.8608597703278074,3.654397491365671
573,Odion Ighalo,2020,Sub,1,0,0,5,0.0,0,0.0,0,Manchester United,0,0,0,0.0,0.0,0.0
573,Odion Ighalo,2019,Sub,11,0,7,69,2.456312999129296,0,0.0870993994176387,2,Manchester United,0,0,0,2.456312999129296,2.622233096510172,0.0788203999400138
573,Odion Ighalo,2016,FW,18,1,37,1292,3.474221682175994,1,0.6421252936124802,11,Watford,1,0,1,3.474221682175994,4.637669637799263,0.9040372986346484
573,Odion Ighalo,2015,Sub,37,15,109,3160,16.093822445720434,3,2.232191821560264,37,Watford,4,0,15,16.093822445720434,18.002249501645565,2.7645926093682647
574,Troy Deeney,2021,Sub,2,0,2,19,0.1094169989228248,0,0.0331710018217563,1,Watford,0,0,0,0.1094169989228248,0.1425880044698715,0.0
574,Troy Deeney,2019,FW,27,10,45,2253,11.589199660345912,2,3.735701800324023,29,Watford,3,0,5,7.022190598770976,11.63246042933315,3.334597068838775
574,Troy Deeney,2018,FW,32,9,64,2552,10.230634661391376,5,4.688376987352967,42,Watford,4,1,8,9.469461711123586,13.362730434164405,2.953571230173111
574,Troy Deeney,2017,Sub,29,5,36,1832,7.1495320573449135,2,2.376047436147928,26,Watford,1,1,2,3.343683119863272,7.171731054782867,2.7654132079333067
574,Troy Deeney,2016,FW,37,10,42,2940,8.593502411618829,4,3.109722388908267,40,Watford,7,0,7,6.309996869415045,9.318240785971284,2.0820989906787872
574,Troy Deeney,2015,FW,38,13,94,3291,12.199151435866952,7,7.923330025747418,56,Watford,6,0,7,6.8709652265533805,15.776734061539171,3.990332132205367
575,Nordin Amrabat,2017,FWR,3,0,1,202,0.0234245993196964,0,0.111159898340702,3,Watford,0,0,0,0.0234245993196964,0.2384499981999397,0.179076999425888
575,Nordin Amrabat,2016,DMR,29,0,29,2120,1.0545150060206652,3,2.7587036974728107,30,Watford,4,0,0,1.0545150060206652,6.155861644074321,2.710517233237624
575,Nordin Amrabat,2015,Sub,12,0,7,494,0.7446609828621149,0,0.5844015013426542,5,Watford,2,1,0,0.7446609828621149,2.060082023963332,0.9152984842658044
576,Mario Suárez,2015,Sub,15,0,8,736,0.2208740022033453,0,0.3330914042890072,7,Watford,2,0,0,0.2208740022033453,1.9377544112503529,1.4637698102742434
577,Ikechi Anya,2016,Sub,1,0,0,5,0.0,0,0.0,0,Watford,0,0,0,0.0,0.0,0.0
577,Ikechi Anya,2015,MR,28,0,10,1675,0.6807065000757575,1,1.284966191276908,19,Watford,0,0,0,0.6807065000757575,6.081409208476543,4.346893489360809
578,Juan Carlos Paredes,2015,Sub,17,0,5,758,0.118601600639522,0,0.5345230102539062,4,Watford,1,0,0,0.118601600639522,1.7468700082972646,1.3975473856553435
579,Nathan Aké,2024,Sub,1,0,0,1,0.0,0,0.0,0,Manchester City,0,0,0,0.0,0.0,0.0
579,Nathan Aké,2023,DC,29,2,20,2046,2.18010578583926,2,1.736834991723299,10,Manchester City,0,0,2,2.18010578583926,13.19555415958166,12.08234017342329
579,Nathan Aké,2022,DC,26,1,9,1874,1.3441827092319727,0,1.09055732563138,9,Manchester City,2,0,1,1.3441827092319727,13.650609649717808,13.542976595461369
579,Nathan Aké,2021,DC,14,2,5,920,1.3034928366541862,0,0.6172760128974915,2,Manchester City,0,0,2,1.3034928366541862,4.634195636957884,4.634195636957884
579,Nathan Aké,2020,DC,10,1,3,802,0.5053185075521469,0,0.0172292999923229,1,Manchester City,4,0,1,0.5053185075521469,4.211260549724102,4.194031249731779
579,Nathan Aké,2019,DC,29,2,25,2503,3.051248326897621,2,1.9629198797047136,7,Bournemouth,2,0,2,3.051248326897621,3.545494960621,2.957150461152196
579,Nathan Aké,2018,DC,38,4,25,3414,4.548659314401448,0,1.3218229915946722,7,Bournemouth,3,0,4,4.548659314401448,8.874464581720531,7.666214475408196
579,Nathan Aké,2017,DC,38,2,18,3353,2.2271396135911345,3,1.868868112564087,9,Bournemouth,5,0,2,2.2271396135911345,4.000493900850415,3.1078670881688595
579,Nathan Aké,2016,Sub,10,3,6,730,2.171996384859085,0,0.4931897893548012,3,Bournemouth,0,0,3,2.171996384859085,4.164601620286703,2.6262971721589565
579,Nathan Aké,2016,DC,2,0,1,96,0.0183610003441572,1,0.5130919814109802,1,Chelsea,1,0,0,0.0183610003441572,0.2733100056648254,0.254949003458023
579,Nathan Aké,2015,DL,24,1,16,1868,1.6093680169433355,0,0.7008997928351164,9,Watford,4,1,1,1.6093680169433355,2.832576386630535,2.378372272476554
579,Nathan Aké,2014,Sub,1,0,0,14,0.0,0,0.0,0,Chelsea,0,0,0,0.0,0.0723140016198158,0.0723140016198158
580,Costel Pantilimon,2016,Sub,2,0,0,81,0.0,0,0.0,0,Watford,0,0,0,0.0,0.0520550012588501,0.0520550012588501
580,Costel Pantilimon,2015,GK,17,0,0,1530,0.0,0,0.0236226003617048,1,Sunderland,3,0,0,0.0,1.5629971027374268,1.5393741056323051
580,Costel Pantilimon,2014,GK,28,0,0,2520,0.0,0,0.0,0,Sunderland,2,0,0,0.0,0.5580527139827609,0.5580527139827609
581,Craig Cathcart,2021,DR,31,0,3,2395,0.1614953018724918,1,1.4212622176855805,3,Watford,3,0,0,0.1614953018724918,1.947451688349247,1.947451688349247
581,Craig Cathcart,2019,DC,29,0,2,2490,0.185176096856594,0,0.0753877982497215,2,Watford,7,0,0,0.185176096856594,2.232964104041457,2.1953310053795576
581,Craig Cathcart,2018,DC,36,3,13,3104,1.8465651907026768,0,0.1080650016665458,1,Watford,2,0,3,1.8465651907026768,4.140128007158637,4.140128007158637
581,Craig Cathcart,2017,Sub,7,0,2,496,0.1606210023164749,0,0.0,0,Watford,1,0,0,0.1606210023164749,0.1296912990510463,0.1296912990510463
581,Craig Cathcart,2016,DC,15,0,3,1154,0.1438650004565715,1,0.7175358980894089,4,Watford,3,0,0,0.1438650004565715,1.7694043219089508,1.671617329120636
581,Craig Cathcart,2015,DC,35,1,5,3034,0.6867376808077097,0,0.1060620993375778,3,Watford,3,0,1,0.6867376808077097,3.8294328143820167,3.711509123444557
582,Jurado,2015,AMC,27,0,36,2057,1.3688285937532785,0,3.5557379331439734,41,Watford,3,0,0,1.3688285937532785,7.71329634077847,4.987436052411795
583,Adlène Guédioura,2016,MC,12,0,13,729,0.3425132986158132,1,0.5771714970469475,7,Watford,2,0,0,0.3425132986158132,1.8492221124470236,1.587728090584278
583,Adlène Guédioura,2016,Sub,5,0,6,125,0.1566690020263195,0,0.0815906971693039,1,Middlesbrough,0,0,0,0.1566690020263195,0.1897348035126924,0.0330657996237278
583,Adlène Guédioura,2015,MC,18,0,13,407,0.3290424859151244,2,0.7133982982486486,10,Watford,2,0,0,0.3290424859151244,1.928793104365468,1.5925066713243723
583,Adlène Guédioura,2014,Sub,7,0,5,111,0.3596608024090528,0,0.2166499942541122,1,Crystal Palace,1,0,0,0.3596608024090528,1.2446489930152893,0.727945514023304
584,Joel Robles,2022,GK,4,0,0,360,0.0,0,0.0,0,Leeds,1,0,0,0.0,0.0486088339239358,0.0486088339239358
584,Joel Robles,2016,GK,20,0,0,1735,0.0,1,0.0849992036819458,1,Everton,2,0,0,0.0,1.57752057723701,1.4925213735550642
584,Joel Robles,2015,GK,13,0,0,1170,0.0,0,0.0,0,Everton,1,0,0,0.0,1.238632912747562,1.238632912747562
584,Joel Robles,2014,Sub,7,0,0,575,0.0,0,0.0,0,Everton,1,0,0,0.0,0.3928008954972029,0.3928008954972029
585,Seamus Coleman,2024,DR,1,0,1,90,0.4752198457717895,0,0.0,0,Everton,0,0,0,0.4752198457717895,1.1356315612792969,0.6604117155075073
585,Seamus Coleman,2023,DR,12,0,0,654,0.0,0,0.8893022555857897,3,Everton,0,0,0,0.0,2.3442040607333183,1.454901821911335
585,Seamus Coleman,2022,DR,23,1,7,1686,0.2670318866148591,0,1.4559272825717926,4,Everton,1,0,1,0.2670318866148591,4.157558128237724,2.552595190703869
585,Seamus Coleman,2021,DR,30,1,9,2663,1.1748256795108318,0,0.7962016016244888,13,Everton,4,0,1,1.1748256795108318,5.379757348448038,3.757788091897965
585,Seamus Coleman,2020,DR,25,0,12,1612,0.8948423862457275,3,1.5076254913583398,19,Everton,0,0,0,0.8948423862457275,5.504018247127533,4.079465299844742
585,Seamus Coleman,2019,DR,27,0,8,1847,0.8494163099676371,1,1.5188007187098265,9,Everton,3,1,0,0.8494163099676371,6.014099862426519,4.1558014284819365
585,Seamus Coleman,2018,DR,29,2,15,2564,1.3583688139915466,2,3.801614256575704,22,Everton,1,0,2,1.3583688139915466,9.90746176056564,7.690768962725997
585,Seamus Coleman,2017,DR,12,0,5,1038,1.3617833852767944,1,0.7792870067059994,7,Everton,0,0,0,1.3617833852767944,3.160395324230194,2.080377032980323
585,Seamus Coleman,2016,DR,26,4,18,2317,1.3783671893179417,3,2.760131001472473,17,Everton,3,0,4,1.3783671893179417,10.482688758522272,8.16765077970922
585,Seamus Coleman,2015,DR,28,1,27,2392,2.323581524193287,3,1.440727211534977,18,Everton,4,0,1,2.323581524193287,8.981178171932697,7.0035767294466496
585,Seamus Coleman,2014,Sub,35,3,19,3062,2.010041296482086,2,2.727003906853497,34,Everton,5,0,3,2.010041296482086,8.555339315906167,5.938953053206205
586,John Stones,2024,Sub,3,1,1,127,0.5690616369247437,0,0.0,0,Manchester City,1,0,1,0.5690616369247437,0.4090006947517395,0.4090006947517395
586,John Stones,2023,Sub,16,1,4,1060,0.7489623166620731,0,0.261431485414505,6,Manchester City,2,0,1,0.7489623166620731,6.698675032705069,6.489708628505468
586,John Stones,2022,Sub,23,2,11,1852,1.3161899587139487,2,1.4483567401766777,8,Manchester City,2,0,2,1.3161899587139487,11.626406718045471,11.451622042804956
586,John Stones,2021,DC,14,1,9,1114,1.2149109998717904,0,0.1626314986497163,4,Manchester City,0,0,1,1.2149109998717904,6.591381952166557,6.4356369972229
586,John Stones,2020,DC,22,4,15,1933,2.501299239695072,0,0.046839602291584,2,Manchester City,0,1,4,2.501299239695072,10.388180335983634,10.288510343059896
586,John Stones,2019,DC,16,0,6,1114,0.5476329140365124,0,0.0606299005448818,2,Manchester City,0,0,0,0.5476329140365124,6.485635861754417,6.46672286093235
586,John Stones,2018,DC,24,0,5,1763,0.1587877990677952,0,0.2179630994796753,5,Manchester City,1,0,0,0.1587877990677952,10.331681538373232,10.240312475711107
586,John Stones,2017,DC,18,0,11,1310,1.3271582154557109,0,0.0,0,Manchester City,0,0,0,1.3271582154557109,10.52970838919282,10.457343373447657
586,John Stones,2016,DC,27,0,13,2011,1.4638394135981798,0,0.2321748984977603,4,Manchester City,1,0,0,1.4638394135981798,7.781384969130158,7.582047963514924
586,John Stones,2015,DC,33,0,8,2781,0.4201038014143705,0,2.0363227166235447,6,Everton,3,0,0,0.4201038014143705,7.334844416938722,6.957310444675386
586,John Stones,2014,DR,23,1,7,2046,0.2041568327695131,0,0.6552915908396244,4,Everton,1,0,1,0.2041568327695131,3.3579246811568737,3.278604283928871
587,Phil Jagielka,2020,DC,10,0,0,526,0.0,0,0.0,0,Sheffield United,1,1,0,0.0,0.9072468057274818,0.9072468057274818
587,Phil Jagielka,2019,Sub,6,0,0,233,0.0,0,0.0,0,Sheffield United,0,0,0,0.0,0.0951311998069286,0.0951311998069286
587,Phil Jagielka,2018,DC,7,1,1,323,0.6263629794120789,0,0.0990936011075973,2,Everton,0,1,1,0.6263629794120789,0.8958336189389229,0.2035455033183097
587,Phil Jagielka,2017,DC,25,0,7,2066,0.8036303035914898,0,0.0,0,Everton,2,0,0,0.8036303035914898,3.922821667045355,3.9137782640755177
587,Phil Jagielka,2016,DC,27,3,14,2252,1.2690291870385408,2,0.7028575781732798,5,Everton,4,1,3,1.2690291870385408,5.038554010912776,4.973763843998313
587,Phil Jagielka,2015,DC,21,0,9,1854,0.812141184695065,0,0.1359141990542411,2,Everton,0,0,0,0.812141184695065,4.056629993021488,3.956110261380673
587,Phil Jagielka,2014,DC,37,4,15,3295,2.394630601629615,0,0.0706789996474981,2,Everton,1,0,4,2.394630601629615,7.11154530569911,7.002300333231688
588,Leighton Baines,2019,Sub,8,0,1,399,0.0433604009449481,0,0.7610810045152903,7,Everton,0,0,0,0.0433604009449481,1.677618719637394,1.677618719637394
588,Leighton Baines,2018,DL,6,0,2,375,0.0755816027522087,0,0.0834846030920744,4,Everton,0,0,0,0.0755816027522087,0.8094734735786915,0.7900804728269577
588,Leighton Baines,2017,DML,22,2,7,1911,2.0704966159537435,3,2.298934182152152,24,Everton,1,0,0,0.5481556029990315,4.415299782529473,3.6214977321214974
588,Leighton Baines,2016,ML,32,2,15,2827,2.7509228345006704,3,2.6850180039182305,46,Everton,4,0,0,0.467415502294898,12.14088617824018,10.553630283102391
588,Leighton Baines,2015,DL,18,2,9,1473,1.2093742927536368,1,1.6651656907051802,22,Everton,0,0,1,0.4482050007209182,4.167015908285976,2.980505997315049
588,Leighton Baines,2014,DL,31,2,22,2775,2.973817222751677,9,6.3470416609197855,70,Everton,4,0,0,0.690310106612742,9.676740575581787,6.834206504747272
589,James McCarthy,2020,MC,16,0,1,834,0.0122777000069618,0,0.2898285947740078,5,Crystal Palace,1,0,0,0.0122777000069618,1.1981807127594948,1.0280193164944649
589,James McCarthy,2019,Sub,33,0,12,1641,0.4151823967695236,0,1.3983890786767006,17,Crystal Palace,9,0,0,0.4151823967695236,3.684042476117611,2.971498465165496
589,James McCarthy,2018,Sub,1,0,0,11,0.0,0,0.0,0,Everton,0,0,0,0.0,0.0,0.0
589,James McCarthy,2017,MC,4,0,1,210,0.028049599379301,0,0.0243862997740507,1,Everton,0,0,0,0.028049599379301,0.6067057177424431,0.554270014166832
589,James McCarthy,2016,MR,12,1,6,608,0.4602263029664755,1,0.2503915000706911,5,Everton,2,0,1,0.4602263029664755,2.297516133636236,1.6062764897942543
589,James McCarthy,2015,DMC,29,2,16,2445,0.8192178858444095,2,1.3880207985639572,14,Everton,5,1,2,0.8192178858444095,9.486362321302297,7.581050584092736
589,James McCarthy,2014,DMC,28,2,19,2416,1.406343501061201,1,1.040039410814643,16,Everton,7,0,2,1.406343501061201,8.40133503638208,6.607741830870509
590,Gareth Barry,2017,DMC,25,1,16,1935,1.364056725986302,1,1.4177412083372474,17,West Bromwich Albion,4,0,1,1.364056725986302,4.193312969990075,3.327081708237529
590,Gareth Barry,2016,MC,33,2,17,2109,0.861535887233913,1,1.3470333004370332,28,Everton,10,0,2,0.861535887233913,7.23050538636744,6.293835617601872
590,Gareth Barry,2015,DMC,33,0,15,2840,1.2188139986246824,1,2.900790685787797,34,Everton,5,1,0,1.2188139986246824,14.019369807094336,11.21757548302412
590,Gareth Barry,2014,DMC,33,0,16,2832,1.359760402701795,2,1.6736177988350391,16,Everton,10,1,0,1.359760402701795,7.333154417574406,6.384345341473818
591,Gerard Deulofeu,2019,AMC,28,4,63,2137,6.213231584057212,5,4.786339534446597,43,Watford,4,0,3,5.452063171193004,11.513660568743944,3.6732945516705513
591,Gerard Deulofeu,2018,Sub,30,10,60,2110,8.334900364279747,5,4.962499367073178,30,Watford,3,0,10,8.334900364279747,15.967123497277498,5.433882236480713
591,Gerard Deulofeu,2017,AMC,7,1,8,443,0.5635107047855854,0,0.5860524969175458,11,Watford,0,0,1,0.5635107047855854,1.2814745958894491,0.6878458019345999
591,Gerard Deulofeu,2016,FW,11,0,7,452,0.6818259106948972,0,0.4787795031443238,10,Everton,1,0,0,0.6818259106948972,2.8998373430222277,2.003328918479383
591,Gerard Deulofeu,2015,Sub,26,2,9,1389,1.413774512708187,8,5.973309900611639,35,Everton,2,0,2,1.413774512708187,8.983783259987831,3.341781474649906
592,Ross Barkley,2024,Sub,4,0,3,93,0.1121305236592888,1,0.1401662249118089,2,Aston Villa,1,0,0,0.1121305236592888,1.3651665868237617,1.3497241139411926
592,Ross Barkley,2023,MC,32,5,66,2627,4.483209175989032,4,4.823556295596063,43,Luton,6,0,5,4.483209175989032,11.16435156017542,5.912003388628364
592,Ross Barkley,2021,Sub,6,1,9,169,1.3613629937171936,0,0.6625455059111118,8,Chelsea,0,0,1,1.3613629937171936,3.718480050563812,2.1817568838596344
592,Ross Barkley,2020,AMC,24,3,38,1539,3.682417007163167,1,4.20376206561923,39,Aston Villa,0,0,3,3.682417007163167,9.674296136945486,3.6273961644619694
592,Ross Barkley,2020,Sub,2,0,1,35,0.0175170004367828,0,0.1152390018105506,1,Chelsea,0,0,0,0.0175170004367828,0.2226099967956543,0.089853897690773
592,Ross Barkley,2019,AML,21,1,40,1100,2.8449647277593613,4,2.8602421674877405,24,Chelsea,0,0,1,2.8449647277593613,10.34183919429779,6.369962956756353
592,Ross Barkley,2018,MC,27,3,40,1228,3.652173016220331,5,2.515679469332099,22,Chelsea,1,0,3,3.652173016220331,10.356788497418163,5.419116818346083
592,Ross Barkley,2017,AMC,2,0,2,134,0.6863798871636391,0,0.0756093002855777,2,Chelsea,0,0,0,0.6863798871636391,1.0438949763774872,0.3280099928379059
592,Ross Barkley,2016,FWR,36,5,89,2922,6.935658210888505,8,7.259016836993396,84,Everton,5,0,5,6.935658210888505,16.261969108134508,8.149087453261018
592,Ross Barkley,2015,AMC,38,8,95,3102,8.793569456785917,8,5.907710798084736,56,Everton,4,0,6,7.271230440586805,20.876105776056647,11.840945172123613
592,Ross Barkley,2014,AMC,29,2,51,1967,3.760159914381802,2,2.5696881152689457,33,Everton,1,0,2,2.9989909129217267,8.090891797095537,4.672089383006096
593,Aaron Lennon,2021,Sub,28,2,12,1538,1.0376689522527158,0,0.4255148032680154,9,Burnley,2,0,2,1.0376689522527158,3.164128842297941,1.978924488648772
593,Aaron Lennon,2019,Sub,16,0,1,466,0.0242314003407955,0,0.158013604581356,2,Burnley,4,0,0,0.0242314003407955,0.2908954042941332,0.1086503993719816
593,Aaron Lennon,2018,MR,16,1,4,1223,0.9156382624059916,1,0.6648929938673973,7,Burnley,1,0,1,0.9156382624059916,1.941391254775226,0.5965600004419684
593,Aaron Lennon,2017,ML,14,0,10,1133,0.4363019056618213,2,0.9550116173923016,7,Burnley,2,0,0,0.4363019056618213,1.7982951812446115,0.5549922995269299
593,Aaron Lennon,2017,Sub,15,0,4,800,0.2307280004024505,0,0.2828074991703033,4,Everton,0,0,0,0.2307280004024505,1.6394593194127085,1.2532441075891256
593,Aaron Lennon,2016,Sub,11,0,5,511,0.2752276044338941,1,0.5299299117177725,6,Everton,0,0,0,0.2752276044338941,2.018862111493945,1.773966142907739
593,Aaron Lennon,2015,Sub,25,5,18,1534,2.2260953821241856,0,1.6979509945958853,23,Everton,1,0,5,2.2260953821241856,5.535392314195633,1.903739584609866
593,Aaron Lennon,2014,MR,14,2,7,1073,1.1444895025342705,0,1.4462098218500614,15,Everton,2,0,2,1.1444895025342705,4.124988351017237,2.1278997994959354
593,Aaron Lennon,2014,AML,9,0,2,272,0.0752147994935512,2,1.2640550918877125,9,Tottenham,1,0,0,0.0752147994935512,1.7413954809308052,0.4763761945068836
594,Romelu Lukaku,2021,FW,26,8,43,1571,7.020434075966477,0,3.3627560660243034,24,Chelsea,1,0,7,6.259260037913919,12.035579051822424,3.999414663761854
594,Romelu Lukaku,2018,Sub,32,12,55,2113,13.10517282411456,0,2.320213401690125,21,Manchester United,4,0,12,13.10517282411456,15.425698295235634,5.4260068498551846
594,Romelu Lukaku,2017,FW,34,16,86,2869,15.468227744102478,7,5.473205121234059,33,Manchester United,4,0,16,14.707053691148758,24.643042024225,7.161958605051041
594,Romelu Lukaku,2016,FW,37,25,110,3271,16.66546426527202,6,5.440814970061183,47,Everton,3,0,24,15.904293252155185,21.25198128260672,3.970202716067434
594,Romelu Lukaku,2015,FW,37,18,118,3194,20.058772021904588,6,5.680433500558138,51,Everton,3,0,17,18.536478037014604,24.024904146790504,7.634841322898865
594,Romelu Lukaku,2014,FW,36,10,105,2880,12.430796798318624,5,2.350205228663981,37,Everton,1,0,8,10.908533286303282,15.743808025494218,5.078922200948
595,Kevin Mirallas,2017,Sub,5,0,4,140,0.1882504969835281,0,0.0587482005357742,1,Everton,1,0,0,0.1882504969835281,0.2917959988117218,0.0447973012924194
595,Kevin Mirallas,2016,FWL,35,4,61,2100,3.547299104742706,6,3.7305216286331415,43,Everton,2,0,4,3.547299104742706,9.559379119426012,4.92700163833797
595,Kevin Mirallas,2015,AMR,23,4,41,985,3.3397473292425275,2,1.8302945913746955,18,Everton,0,2,4,3.3397473292425275,5.200869668275118,1.2741522025316954
595,Kevin Mirallas,2014,Sub,29,7,52,1430,4.7185029946267605,1,1.5895474329590795,18,Everton,3,0,7,3.957334976643324,6.504366390407085,2.281448196619749
596,Tom Cleverley,2021,MC,28,0,12,1644,0.7093124967068434,2,1.4272122886031866,19,Watford,2,0,0,0.7093124967068434,5.900518809445202,4.489936796016991
596,Tom Cleverley,2019,Sub,18,1,17,952,1.7800700776278973,0,0.7182994857430458,15,Watford,2,0,1,1.7800700776278973,4.647148272953928,2.5881826011464
596,Tom Cleverley,2018,Sub,13,1,4,453,0.1745329033583402,0,0.1132640019059181,1,Watford,2,0,1,0.1745329033583402,0.9147038944065572,0.7192033883184195
596,Tom Cleverley,2017,MC,23,1,16,1909,1.7756134159862995,2,1.4005652014166117,29,Watford,1,1,1,1.014444399625063,6.4212387185543776,5.088022850453854
596,Tom Cleverley,2016,DMC,17,0,8,1443,0.2886701952666044,2,1.5121146999299526,25,Watford,3,0,0,0.2886701952666044,3.3189540281891823,2.436147131025791
596,Tom Cleverley,2016,Sub,10,0,2,396,0.4539160877466202,0,0.1978848055005073,3,Everton,1,0,0,0.4539160877466202,0.8194612935185432,0.2532766014337539
596,Tom Cleverley,2015,AML,22,2,24,1618,1.491365397349,4,2.2500664331018925,23,Everton,1,0,2,1.491365397349,6.335384823381901,4.329457061365247
596,Tom Cleverley,2014,MC,31,3,23,2543,1.762447528541088,0,1.324875089339912,26,Aston Villa,6,0,3,1.762447528541088,5.729000370949507,4.119213275611401
596,Tom Cleverley,2014,MC,1,0,1,90,0.0253474991768598,0,0.0240935999900102,1,Manchester United,1,0,0,0.0253474991768598,0.0881638973951339,0.0387227982282638
597,Ramiro Funes Mori,2017,Sub,4,0,1,119,0.0451410003006458,0,0.0,0,Everton,1,0,0,0.0451410003006458,0.0235195998102426,0.0235195998102426
597,Ramiro Funes Mori,2016,DC,23,0,12,1530,0.7628409136086702,1,0.9811176974326372,4,Everton,0,0,0,0.7628409136086702,5.030918675474823,4.4186803959310055
597,Ramiro Funes Mori,2015,DC,28,4,24,2189,2.9086846550926566,1,0.758610226213932,6,Everton,4,1,4,2.9086846550926566,6.417694925330579,5.725435508415103
598,Bryan Oviedo,2016,DML,10,0,4,848,0.1306107034906745,0,0.7058908063918352,7,Sunderland,1,0,0,0.1306107034906745,1.1537392027676103,0.4870195975527167
598,Bryan Oviedo,2016,DL,6,0,0,477,0.0,0,0.1949883922934532,3,Everton,3,0,0,0.0,1.5439760014414787,1.481081798672676
598,Bryan Oviedo,2015,Sub,14,0,5,1001,0.4693509079515934,1,1.525049313902855,13,Everton,0,0,0,0.4693509079515934,4.925051087513566,3.127897271886468
598,Bryan Oviedo,2014,Sub,6,0,3,306,0.0596869988366961,0,0.536017395555973,3,Everton,3,0,0,0.0596869988366961,0.1187113029882311,0.0817035026848316
599,Oumar Niasse,2019,Sub,3,0,0,17,0.0,0,0.0,0,Everton,0,0,0,0.0,0.0323720015585422,0.0323720015585422
599,Oumar Niasse,2018,FW,13,0,17,967,2.994911089539528,0,0.6767065953463316,5,Cardiff,0,0,0,2.994911089539528,4.251598799601197,0.839549895375967
599,Oumar Niasse,2018,Sub,5,0,3,47,0.3931593000888824,0,0.092827096581459,1,Everton,0,0,0,0.3931593000888824,0.3451803028583526,0.0
599,Oumar Niasse,2017,Sub,22,8,37,1075,7.417299885302782,2,1.5471328031271696,11,Everton,2,0,8,7.417299885302782,9.197526972740889,1.3837397173047066
599,Oumar Niasse,2016,FW,17,4,26,1083,3.604678697884083,1,0.807890597730875,10,Hull,3,1,4,3.604678697884083,4.442887634038925,0.2427152972668409
599,Oumar Niasse,2015,FW,5,0,2,139,0.1348116993904113,0,0.458635002374649,3,Everton,0,0,0,0.1348116993904113,0.3382780030369758,0.1531700044870376
600,Tim Howard,2015,GK,25,0,0,2250,0.0,0,0.0726474970579147,1,Everton,1,0,0,0.0,2.613373698666692,2.613373698666692
600,Tim Howard,2014,GK,32,0,0,2845,0.0,0,0.019439099356532,1,Everton,3,0,0,0.0,2.098499508574605,2.079060496762395
601,Arouna Koné,2016,Sub,6,0,3,62,0.1136250980198383,0,0.0222731996327638,1,Everton,0,0,0,0.1136250980198383,0.1541763972491026,0.0182780995965003
601,Arouna Koné,2015,Sub,25,5,36,1464,4.518551206216216,4,2.134571185335517,14,Everton,1,0,5,4.518551206216216,9.301979226991534,3.84509461093694
601,Arouna Koné,2014,Sub,12,1,14,611,1.128451080992818,1,0.7295571938157082,6,Everton,2,0,1,1.128451080992818,2.423886427655816,1.068481918424368
602,Dejan Lovren,2019,DC,10,0,5,774,0.2041401015594601,1,0.3019880056381225,1,Liverpool,1,0,0,0.2041401015594601,3.0910919941961765,3.0910919941961765
602,Dejan Lovren,2018,DC,13,1,6,988,0.910198088735342,0,0.1081660017371177,1,Liverpool,1,0,1,0.910198088735342,3.4448107108473778,3.3214407190680504
602,Dejan Lovren,2017,DC,29,2,13,2121,2.011371836066246,1,1.327236097306013,7,Liverpool,4,0,2,2.011371836066246,7.262029349803925,7.163059294223785
602,Dejan Lovren,2016,DC,29,2,15,2559,1.136596292257309,1,0.4440005030483007,7,Liverpool,6,0,2,1.136596292257309,7.753830149769783,7.697475947439671
602,Dejan Lovren,2015,DC,24,0,22,1901,1.1265994105488062,0,0.2830609027296304,8,Liverpool,2,0,0,1.1265994105488062,3.093039101921022,2.94524082634598
602,Dejan Lovren,2014,DC,26,0,18,2032,0.8934371117502451,0,0.0718623399734497,2,Liverpool,4,0,0,0.8934371117502451,4.946633271872997,4.789024580270052
603,Nathaniel Clyne,2024,DC,2,0,0,157,0.0,0,0.0,0,Crystal Palace,0,0,0,0.0,0.7628335356712341,0.7628335356712341
603,Nathaniel Clyne,2023,DR,19,0,4,1341,0.1827639872208237,0,0.1501605957746505,3,Crystal Palace,0,0,0,0.1827639872208237,3.289492018520832,3.0100313499569893
603,Nathaniel Clyne,2022,DR,22,0,0,1644,0.0,0,0.7021582964807749,7,Crystal Palace,3,0,0,0.0,2.412299196235836,2.209689692594111
603,Nathaniel Clyne,2021,DR,16,0,3,1351,0.0670243008062243,1,0.3154222015291452,6,Crystal Palace,1,0,0,0.0670243008062243,1.6974888034164906,1.4626366943120956
603,Nathaniel Clyne,2020,DR,13,0,4,1151,0.1229338999837637,1,0.2224844992160797,4,Crystal Palace,2,0,0,0.1229338999837637,1.8969627786427736,1.7311628945171833
603,Nathaniel Clyne,2018,DR,14,0,2,1156,0.182737298309803,1,0.1045890990644693,4,Bournemouth,2,0,0,0.182737298309803,2.7085981965065,2.438593216240406
603,Nathaniel Clyne,2018,DR,4,0,3,103,0.0819444991648197,0,0.0,0,Liverpool,0,0,0,0.0819444991648197,0.6235374100506306,0.6097104139626026
603,Nathaniel Clyne,2017,DR,3,0,2,173,0.1128190010786056,0,0.0860979035496711,1,Liverpool,1,0,0,0.1128190010786056,0.3655078038573265,0.2526887059211731
603,Nathaniel Clyne,2016,DR,37,0,26,3326,1.434063296765089,2,4.596979730762541,45,Liverpool,0,0,0,1.434063296765089,14.719546059146523,11.413935493677856
603,Nathaniel Clyne,2015,DR,33,1,29,2970,1.8151895105838776,0,1.8440426997840405,24,Liverpool,6,0,1,1.8151895105838776,10.565198993310332,8.967687624506652
603,Nathaniel Clyne,2014,DR,35,2,19,3148,0.9358650408685208,0,2.0856677014380693,22,Southampton,4,0,2,0.9358650408685208,8.067473223432899,5.568606615997851
604,Emre Can,2017,MC,26,3,27,2099,1.5114368125796318,4,3.046363800764084,24,Liverpool,8,0,3,1.5114368125796318,15.16836328804493,12.476833879947662
604,Emre Can,2016,Sub,32,5,45,2360,3.2143853222951293,2,2.0903315898031,32,Liverpool,6,0,5,3.2143853222951293,12.054565090686085,7.728923436254263
604,Emre Can,2015,Sub,30,1,30,2501,1.2145628472790122,0,3.202119203284383,32,Liverpool,9,0,1,1.2145628472790122,11.935751177370548,10.14760448411107
604,Emre Can,2014,Sub,27,1,15,2068,0.4509779969230294,0,1.2752419114112854,12,Liverpool,2,1,1,0.4509779969230294,6.675915222615004,5.865422680974007
605,Jordan Henderson,2022,MC,35,0,23,2084,0.8594531016424298,2,3.592609709128737,31,Liverpool,2,0,0,0.8594531016424298,13.003664009273052,10.28102646395564
605,Jordan Henderson,2021,MC,35,2,31,2616,1.3726868210360408,5,4.195082722231746,37,Liverpool,3,0,2,1.3726868210360408,18.98278469592333,15.453528169542553
605,Jordan Henderson,2020,MC,21,1,14,1710,1.1357970889657736,1,1.4837088845670223,14,Liverpool,0,0,1,1.1357970889657736,11.494373463094234,10.461348321288824
605,Jordan Henderson,2019,MC,30,4,20,2254,1.184689113870263,5,4.108061358332634,27,Liverpool,2,0,4,1.184689113870263,15.858562499284744,12.152120873332024
605,Jordan Henderson,2018,Sub,32,1,16,1979,1.5131638869643211,3,1.6871289992704988,15,Liverpool,1,1,1,1.5131638869643211,14.520337954163551,11.579451527446508
605,Jordan Henderson,2017,MC,27,1,15,2172,1.1374372886493802,1,1.953770898282528,25,Liverpool,1,0,1,1.1374372886493802,12.625802513211966,10.510949815623462
605,Jordan Henderson,2016,MC,24,1,17,2122,0.7973979115486145,4,2.579310784116388,32,Liverpool,8,0,1,0.7973979115486145,12.209278754889963,10.577190160751345
605,Jordan Henderson,2015,DMC,17,2,26,1300,1.527289591729641,3,1.300453895702958,18,Liverpool,1,0,2,1.527289591729641,5.802723690867424,4.533579096198082
605,Jordan Henderson,2014,AMR,37,6,50,3253,4.29442591406405,9,6.793559268116951,67,Liverpool,6,0,5,3.533257396891713,16.3108734767884,8.795098267495632
606,Christian Benteke,2021,Sub,25,4,38,1112,4.719371825456619,1,1.6651787851005793,14,Crystal Palace,3,0,4,4.719371825456619,6.597357217222452,1.3307109996676445
606,Christian Benteke,2020,Sub,30,10,71,1824,7.457400366663933,1,0.6976268962025642,15,Crystal Palace,1,1,10,7.457400366663933,8.472844080999494,3.1535544050857425
606,Christian Benteke,2019,FW,24,2,41,1249,4.6278314758092165,1,2.459479119628668,19,Crystal Palace,4,1,2,4.6278314758092165,6.465701373293996,0.7189466059207916
606,Christian Benteke,2018,FW,16,1,26,808,3.729038055986166,1,1.1865838812664151,9,Crystal Palace,1,0,1,3.729038055986166,4.197604551911354,1.3609159998595717
606,Christian Benteke,2017,FW,31,3,59,2224,11.166239574551582,5,3.276504263281822,27,Crystal Palace,6,0,2,9.643899515271189,12.039157636463642,3.166219625622034
606,Christian Benteke,2016,FW,36,15,105,3153,17.355868473649025,2,2.0585755221545696,32,Crystal Palace,10,0,13,14.311190653592348,13.202918304130437,4.11089089140296
606,Christian Benteke,2015,FW,29,9,61,1496,9.98186818882823,3,2.7818546555936337,31,Liverpool,2,0,8,9.220699172466992,10.235845644026996,1.252569688484073
606,Christian Benteke,2014,FW,29,13,80,2380,8.455075968056917,2,2.921320070512593,33,Aston Villa,1,1,12,7.693906951695681,8.725400181487203,2.198608998209238
607,Martin Skrtel,2015,DC,22,1,10,1882,0.635306098498404,0,0.809040131047368,5,Liverpool,5,0,1,0.635306098498404,5.071173986420035,5.071173986420035
607,Martin Skrtel,2014,DC,33,1,19,2970,0.9992613941431046,0,0.4422789104282856,5,Liverpool,8,0,1,0.9992613941431046,6.885371437296271,6.7324364092200994
608,Alberto Moreno,2018,DL,2,0,1,156,0.0215387996286153,0,0.1352580040693283,3,Liverpool,0,0,0,0.0215387996286153,0.5720919966697693,0.4368349909782409
608,Alberto Moreno,2017,DL,16,0,12,1262,0.4868068788200617,0,0.8854626817628741,15,Liverpool,1,0,0,0.4868068788200617,5.433987632393837,4.471316161565483
608,Alberto Moreno,2016,DL,12,0,3,282,0.2099559046328067,1,0.3072495013475418,5,Liverpool,1,0,0,0.2099559046328067,2.125503284856677,1.915546776726842
608,Alberto Moreno,2015,Sub,32,1,36,2546,1.65450559835881,4,4.2261937954463065,61,Liverpool,3,0,1,1.65450559835881,11.850028944201767,7.72776339482516
608,Alberto Moreno,2014,DL,28,2,18,2273,1.9355693021789195,0,1.6584648666903377,34,Liverpool,6,0,2,1.9355693021789195,6.778580931946635,3.963448455557227
609,Joe Hart,2018,GK,19,0,0,1710,0.0,0,0.0240713004022836,1,Burnley,0,0,0,0.0,0.2834689971059561,0.2593976967036724
609,Joe Hart,2017,GK,19,0,0,1710,0.0,1,0.5941482931375504,2,West Ham,0,0,0,0.0,1.1857722839340568,0.5916233891621232
609,Joe Hart,2015,GK,35,0,0,3112,0.0,0,0.6797931017354131,2,Manchester City,0,0,0,0.0,5.089670866727829,4.409875899553299
609,Joe Hart,2014,GK,36,0,0,3240,0.0,0,0.0,0,Manchester City,1,0,0,0.0,4.489314075559378,4.489314075559378
610,Pablo Zabaleta,2019,Sub,10,0,0,585,0.0,0,0.6028399094939232,3,West Ham,2,0,0,0.0,2.176808997988701,2.176808997988701
610,Pablo Zabaleta,2018,DR,26,0,7,2099,0.15616450086236,1,1.0272081028670073,7,West Ham,4,0,0,0.15616450086236,4.339205970987678,4.110601559281349
610,Pablo Zabaleta,2017,DR,37,0,6,3299,0.3320964071899652,1,0.9275469975546002,18,West Ham,9,0,0,0.3320964071899652,6.20760318543762,5.599334348924458
610,Pablo Zabaleta,2016,DR,20,1,7,1055,0.6953417919576168,1,0.4551854999735951,11,Manchester City,2,0,1,0.6953417919576168,6.211660511791706,5.194827519357204
610,Pablo Zabaleta,2015,DR,13,0,3,1061,0.177699701860547,1,0.633639819920063,2,Manchester City,3,0,0,0.177699701860547,5.072045736946166,4.851451889611781
610,Pablo Zabaleta,2014,DR,29,1,12,2590,1.358449086546898,4,3.7550920881330967,26,Manchester City,6,1,1,1.358449086546898,16.997090798802674,14.821173903532326
611,Nicolás Otamendi,2019,DC,24,2,15,1705,2.054821709170937,0,0.1775842010974884,4,Manchester City,3,0,2,2.054821709170937,10.63933565095067,10.601855654269457
611,Nicolás Otamendi,2018,DC,18,0,15,1233,1.1752215111628177,0,0.2891284003853798,2,Manchester City,1,0,0,1.1752215111628177,8.132093070074916,7.953523067757487
611,Nicolás Otamendi,2017,DC,34,4,32,2975,3.190081707201898,0,1.1602247087284925,12,Manchester City,9,0,4,3.190081707201898,19.018252965062857,17.797392796725035
611,Nicolás Otamendi,2016,DC,30,1,15,2588,1.0554080856963992,1,1.1595253236591816,6,Manchester City,9,0,1,1.0554080856963992,11.596422753296793,11.425041644833982
611,Nicolás Otamendi,2015,DC,30,1,27,2673,0.9926669923588634,0,0.628144808113575,5,Manchester City,9,0,1,0.9926669923588634,6.772215612232685,6.60351499542594
612,Vincent Kompany,2018,DC,17,1,5,1221,0.2402341980487108,0,0.0719252973794937,1,Manchester City,6,0,1,0.2402341980487108,8.014269940555096,7.911121018230915
612,Vincent Kompany,2017,DC,17,1,9,1401,1.020152511075139,1,0.4082298064604401,4,Manchester City,6,0,1,1.020152511075139,10.810240657068787,10.643547595478594
612,Vincent Kompany,2016,DC,11,3,9,826,0.6902353912591934,0,0.5746745243668556,2,Manchester City,5,0,3,0.6902353912591934,2.4782427847385406,2.434142768383026
612,Vincent Kompany,2015,DC,14,2,11,1179,0.4174300068989396,0,0.0813498990610241,3,Manchester City,5,0,2,0.4174300068989396,2.9507625503465533,2.9168542586266994
612,Vincent Kompany,2014,DC,25,0,6,2035,0.3286000061780214,0,0.8567279204726219,4,Manchester City,7,0,0,0.3286000061780214,8.872338181361556,8.623441951349378
613,Gaël Clichy,2016,DL,25,1,2,2127,0.033283500932157,0,0.9297903496772052,16,Manchester City,2,0,1,0.033283500932157,13.328611880540848,12.413365446031094
613,Gaël Clichy,2015,DL,14,0,2,1090,0.0381582994014024,1,1.0334121156483889,12,Manchester City,0,0,0,0.0381582994014024,4.198116481304169,3.6662389133125535
613,Gaël Clichy,2014,DR,23,1,8,2060,1.0792678203433752,3,2.3040307015180588,26,Manchester City,1,0,1,1.0792678203433752,10.75069685652852,8.595539764501154
614,Fernandinho,2021,MC,19,2,18,943,1.6060919929295778,1,1.3410828318446877,10,Manchester City,1,0,2,1.6060919929295778,6.324194855988026,5.782822389155626
614,Fernandinho,2020,DMC,21,0,14,1170,0.8150820014998317,2,1.5401166006922722,14,Manchester City,6,0,0,0.8150820014998317,8.776915058493614,7.831784226000309
614,Fernandinho,2019,Sub,30,0,16,2401,0.7617601957172155,1,0.4479130953550339,8,Manchester City,7,2,0,0.7617601957172155,16.46185427904129,16.192967295646667
614,Fernandinho,2018,DMC,29,1,30,2397,1.7180062113329768,3,3.1326729878783226,22,Manchester City,5,0,1,1.7180062113329768,19.32852385938168,17.583873890340328
614,Fernandinho,2017,DMC,34,5,47,2890,2.466341315768659,3,2.843062289059162,21,Manchester City,7,0,5,2.466341315768659,25.390074506402016,22.237682927399877
614,Fernandinho,2016,DMC,32,2,36,2752,3.2935858806595206,1,2.46622970700264,33,Manchester City,4,2,2,3.2935858806595206,16.815134800970554,13.90886498056352
614,Fernandinho,2015,DMC,33,2,29,2736,1.23233259934932,2,2.5116884037852287,29,Manchester City,8,0,2,1.23233259934932,12.033709781244395,10.304349169135094
614,Fernandinho,2014,Sub,33,3,24,2283,2.406892266124487,3,2.6950497990474105,30,Manchester City,7,0,3,2.406892266124487,13.146947138011456,9.671797774732113
615,Fernando,2016,Sub,15,0,2,547,0.1035420000553131,0,0.1597385071218013,3,Manchester City,3,0,0,0.1035420000553131,2.999322634190321,2.799349159002304
615,Fernando,2015,MC,24,2,15,1703,2.896815828979016,0,0.3292692955583334,8,Manchester City,4,0,2,2.896815828979016,4.508109111338854,4.396472107619047
615,Fernando,2014,MC,25,2,10,1886,1.6811583247035742,2,1.577612780034542,13,Manchester City,6,0,2,1.6811583247035742,11.181313641369345,9.97344794496894
616,Jesús Navas,2016,Sub,24,0,8,1053,0.2297584982588887,0,2.4299806505441666,21,Manchester City,2,0,0,0.2297584982588887,7.422237370163202,5.563046135008335
616,Jesús Navas,2015,AMR,34,0,31,2283,2.952996770851314,7,5.385789071209729,54,Manchester City,1,0,0,2.952996770851314,14.596691430546343,8.656342074275017
616,Jesús Navas,2014,Sub,35,0,45,2237,3.682457689195872,8,8.588478625752032,80,Manchester City,3,0,0,3.682457689195872,20.13798002526164,11.62153970170766
617,David Silva,2019,MC,27,5,46,1846,6.932368505746126,10,7.650991026312113,49,Manchester City,0,0,5,6.932368505746126,24.6870179772377,12.764222756028175
617,David Silva,2018,MC,33,6,51,2426,8.128262622281909,8,10.113781478255987,73,Manchester City,3,0,6,8.128262622281909,30.807653691619635,18.846598675474524
617,David Silva,2017,MC,29,9,54,2442,9.241167284548284,11,8.827983185648918,61,Manchester City,5,0,9,9.241167284548284,30.254950737580657,18.981360713019967
617,David Silva,2016,DMC,34,4,48,2775,6.241526518017054,7,8.11968045681715,82,Manchester City,6,0,4,6.241526518017054,25.774784959852692,15.932340640574694
617,David Silva,2015,AMC,24,2,29,1818,2.598524495959282,11,4.727522297762334,67,Manchester City,1,0,2,2.598524495959282,11.535076109692454,7.523192688822746
617,David Silva,2014,ML,32,12,66,2682,9.096988203004004,7,10.388411475345492,92,Manchester City,8,0,12,9.096988203004004,29.14426800608635,16.633574136532843
618,Raheem Sterling,2024,Sub,1,0,0,7,0.0,0,0.0,0,Arsenal,0,0,0,0.0,0.0,0.0
618,Raheem Sterling,2023,AMC,31,8,51,1987,8.573790527880192,4,4.971372967585921,30,Chelsea,7,0,8,8.573790527880192,19.289956534281373,8.898095147684216
618,Raheem Sterling,2022,FW,28,6,41,1919,7.405153378844261,3,4.861129405908287,34,Chelsea,4,0,6,7.405153378844261,13.539876326918602,3.041725432500243
618,Raheem Sterling,2021,FWL,30,13,58,2119,15.778131879866123,5,5.024925291538239,42,Manchester City,1,0,11,13.494622506201267,23.09551438316703,9.66558362543583
618,Raheem Sterling,2020,AML,31,10,70,2539,12.050680804997684,7,6.628709137439728,39,Manchester City,4,0,10,11.28951171785593,25.88370618596673,12.17316408455372
618,Raheem Sterling,2019,FWL,33,20,100,2678,19.799912065267563,1,7.208590239286423,48,Manchester City,5,0,20,18.277569144964215,31.442028179764748,10.186004303395748
618,Raheem Sterling,2018,AML,34,17,77,2788,15.90765044093132,10,10.792032338678837,66,Manchester City,3,0,17,15.90765044093132,33.021934136748314,12.632532268762589
618,Raheem Sterling,2017,Sub,33,18,87,2594,18.82997048087418,11,8.844120325520635,55,Manchester City,3,1,17,18.068801494315267,33.65670891478658,12.14965475909412
618,Raheem Sterling,2016,AMR,33,7,64,2532,8.106005489826202,6,5.496264124289155,46,Manchester City,7,0,7,8.106005489826202,18.46257404051721,6.7552114222198725
618,Raheem Sterling,2015,AML,31,6,52,1943,7.149213088676333,2,3.246622446924448,35,Manchester City,1,0,6,7.149213088676333,14.019074592739344,4.698837177827954
618,Raheem Sterling,2014,AML,35,7,84,3059,8.785912945866585,7,6.036621885374188,75,Liverpool,5,0,7,8.785912945866585,18.19586331397295,5.50166972912848
619,Sergio Agüero,2020,FW,12,4,19,556,3.716518983244896,1,1.315659997984767,7,Manchester City,0,0,3,2.1941805984824896,4.1585718132555485,1.2831721864640713
619,Sergio Agüero,2019,Sub,24,16,76,1462,15.557497031986712,3,2.920210164040327,19,Manchester City,1,0,14,13.274028159677982,16.878257554024458,2.6447667879983783
619,Sergio Agüero,2018,FW,33,21,118,2515,19.949161492288116,8,5.22924355044961,34,Manchester City,3,0,19,18.42682258039713,28.700228951871395,8.10099308937788
619,Sergio Agüero,2017,FW,25,21,95,1985,18.568616069853302,6,6.533231791108847,39,Manchester City,2,0,17,15.523945644497871,23.707817398011684,7.51272000093013
619,Sergio Agüero,2016,FW,31,20,139,2408,22.672587677836415,3,4.665909027680755,31,Manchester City,4,1,16,18.86673802882433,25.352086670696732,5.026675033383071
619,Sergio Agüero,2015,Sub,30,24,119,2399,20.077226005494595,2,2.0287595679983497,27,Manchester City,1,0,20,16.271372936666012,18.786800522357225,3.925959222018719
619,Sergio Agüero,2014,Sub,33,26,148,2551,25.270175583660603,8,5.568926602602005,33,Manchester City,4,0,21,20.703194603323936,27.805153466761112,6.87816970795393
620,Kelechi Iheanacho,2022,Sub,28,5,39,1120,6.133550511673093,5,3.7054135501384735,22,Leicester,0,0,4,5.372381644323468,9.021692022681236,1.8175414633005855
620,Kelechi Iheanacho,2021,Sub,26,4,31,1236,3.6333328122273088,5,2.7090907525271177,17,Leicester,1,0,4,3.6333328122273088,7.717554868198931,1.7873298982158303
620,Kelechi Iheanacho,2020,Sub,25,12,59,1452,9.048603574745355,2,3.534097613766789,28,Leicester,1,0,12,8.287429581396282,13.961564272642136,3.4299194402992725
620,Kelechi Iheanacho,2019,Sub,20,5,36,976,5.901271965354681,3,2.5886508151888847,15,Leicester,1,0,5,5.901271965354681,8.980083491653204,1.3327803052961826
620,Kelechi Iheanacho,2018,FW,30,1,18,911,2.579853634350002,3,1.3410564297810197,13,Leicester,2,0,1,2.579853634350002,5.289887831546366,1.9898737482726572
620,Kelechi Iheanacho,2017,Sub,21,3,29,809,4.825843458995223,3,2.0846432354301214,11,Leicester,2,0,3,4.825843458995223,5.066862484440208,0.6976029947400093
620,Kelechi Iheanacho,2016,Sub,20,4,22,515,4.739896599203348,3,2.534386456012726,13,Manchester City,0,0,4,4.739896599203348,7.544516956433654,2.492477960884571
620,Kelechi Iheanacho,2015,FW,26,8,28,727,4.937837693840265,1,1.5855757798999548,14,Manchester City,1,0,8,4.937837693840265,6.360714611597359,1.1206862023100257
621,Aleksandar Kolarov,2016,DC,29,1,32,2532,1.023250583559275,1,1.0573674039915204,15,Manchester City,6,0,1,1.023250583559275,13.291690073907375,12.658333454281092
621,Aleksandar Kolarov,2015,DL,29,3,39,2282,2.389820823445916,3,2.884808447211981,38,Manchester City,3,0,3,1.6286518070846796,8.196380902081728,6.378136694431305
621,Aleksandar Kolarov,2014,DL,21,2,27,1483,1.0622944999486208,3,1.7350498177111149,23,Manchester City,4,0,2,1.0622944999486208,6.37588469684124,5.423418182879686
622,Wilfried Bony,2017,Sub,15,2,19,699,1.4676998127251863,0,0.1828439980745315,4,Swansea,2,0,2,1.4676998127251863,1.6155326701700687,0.2549112942069769
622,Wilfried Bony,2016,FW,10,2,21,702,2.463130015879869,0,0.8356749005615711,7,Stoke,1,0,2,2.463130015879869,3.3504210747778416,0.9201749879866838
622,Wilfried Bony,2015,FW,26,4,60,1203,6.749876271001995,3,2.988756734877825,13,Manchester City,1,0,4,5.988702247850597,8.198028582148254,1.1061074063181875
622,Wilfried Bony,2014,FW,20,9,66,1312,7.815615499392152,2,2.342929178848862,19,Swansea,2,1,8,7.054447008296847,9.992263782769442,3.006494138389826
622,Wilfried Bony,2014,Sub,10,2,23,292,2.6391233149915934,1,1.1653639767318964,7,Manchester City,1,0,2,2.6391233149915934,4.259955383837223,1.4059314280748367
623,Martín Demichelis,2015,Sub,20,0,5,999,0.2987082097679376,0,0.3832595013082027,4,Manchester City,3,0,0,0.2987082097679376,3.046308852732181,2.663048978894949
623,Martín Demichelis,2014,DC,31,1,8,2554,0.381496500223875,0,0.2628271039575338,5,Manchester City,6,0,1,0.381496500223875,10.527683798223734,10.460409764200447
624,Willy Caballero,2021,GK,2,0,0,180,0.0,0,0.0,0,Southampton,1,0,0,0.0,0.0,0.0
624,Willy Caballero,2020,GK,1,0,0,90,0.0,0,0.0,0,Chelsea,0,0,0,0.0,0.1435630023479461,0.1435630023479461
624,Willy Caballero,2019,GK,5,0,0,450,0.0,0,0.0,0,Chelsea,0,0,0,0.0,0.1469805017113685,0.1469805017113685
624,Willy Caballero,2018,GK,2,0,0,180,0.0,0,0.0,0,Chelsea,0,0,0,0.0,0.4159580171108246,0.4159580171108246
624,Willy Caballero,2017,GK,3,0,0,270,0.0,0,0.0,0,Chelsea,0,0,0,0.0,0.6864269971847534,0.6864269971847534
624,Willy Caballero,2016,GK,17,0,0,1450,0.0,0,0.0,0,Manchester City,0,0,0,0.0,2.995119832456112,2.995119832456112
624,Willy Caballero,2015,GK,4,0,0,308,0.0,0,0.0,0,Manchester City,0,0,0,0.0,0.3473852043971419,0.3473852043971419
624,Willy Caballero,2014,GK,2,0,0,180,0.0,0,0.0,0,Manchester City,0,0,0,0.0,0.2017595022916793,0.2017595022916793
625,Bacary Sagna,2016,DR,17,0,4,1341,0.071701749227941,1,0.6896925009787083,8,Manchester City,2,0,0,0.071701749227941,5.571021547541022,5.356048097833991
625,Bacary Sagna,2015,DR,28,0,5,2449,0.1598246991634369,3,2.814246805384755,27,Manchester City,4,0,0,0.1598246991634369,9.474531022831798,8.551232373341918
625,Bacary Sagna,2014,DR,9,0,1,736,0.0205879006534814,0,0.7601554878056049,9,Manchester City,1,0,0,0.0205879006534814,3.730943735688925,3.335897769778967
626,Eliaquim Mangala,2017,Sub,9,0,1,471,0.0810466036200523,0,0.0157753005623817,1,Manchester City,0,0,0,0.0810466036200523,3.0655395090579987,3.049764208495617
626,Eliaquim Mangala,2017,DC,2,0,1,134,0.1009450033307075,0,0.0,0,Everton,0,0,0,0.1009450033307075,0.6918929815292358,0.6918929815292358
626,Eliaquim Mangala,2015,DC,23,0,7,2017,1.6006391737610102,0,0.0,0,Manchester City,8,0,0,1.6006391737610102,5.0766726695001125,5.0766726695001125
626,Eliaquim Mangala,2014,DC,25,0,14,2188,0.8735053883865476,2,1.0379029847681522,5,Manchester City,3,1,0,0.8735053883865476,7.1373283341526985,7.0293374340981245
627,Antonio Valencia,2018,DMR,6,0,2,465,0.0373641997575759,0,0.5265980958938599,7,Manchester United,2,0,0,0.0373641997575759,1.7253731787204742,1.3759241849184036
627,Antonio Valencia,2017,DR,31,3,16,2746,0.5440770946443081,1,1.4601711966097357,23,Manchester United,7,0,3,0.5440770946443081,9.933677220717072,8.82148090749979
627,Antonio Valencia,2016,DR,28,1,9,2488,1.8512356001883743,3,2.627352198585868,31,Manchester United,5,0,1,1.8512356001883743,12.042700983583927,9.902497425675392
627,Antonio Valencia,2015,DR,14,0,6,847,0.1930263023823499,3,0.5558440117165446,7,Manchester United,1,0,0,0.1930263023823499,3.748399971053004,3.1237368676811457
627,Antonio Valencia,2014,MR,32,0,6,2588,0.2248996999114751,2,2.2106723207980394,26,Manchester United,4,0,0,0.2248996999114751,10.771080181002617,9.070949345827104
628,Chris Smalling,2018,DC,24,1,11,2130,1.114168887026608,0,0.123974896967411,2,Manchester United,1,0,1,1.114168887026608,3.708414282649756,3.708414282649756
628,Chris Smalling,2017,DC,29,4,13,2533,2.170547580346465,0,0.1769175007939338,2,Manchester United,4,0,4,2.170547580346465,5.587085722014308,5.35075774602592
628,Chris Smalling,2016,Sub,18,1,7,1212,0.4038978004828095,1,0.6390482895076275,3,Manchester United,0,0,1,0.4038978004828095,2.615398531779647,2.543783551082015
628,Chris Smalling,2015,DC,35,0,18,3150,1.587316076271236,1,0.6364649888128042,6,Manchester United,8,0,0,1.587316076271236,5.663531249389052,5.317793456837535
628,Chris Smalling,2014,DC,25,4,17,1881,1.863545533269644,0,0.3918706057593226,5,Manchester United,1,1,4,1.863545533269644,4.172038706950843,4.005904505960643
629,Wayne Rooney,2017,AMC,31,10,45,2301,8.90544430166483,2,2.2813411355018616,34,Everton,5,0,7,4.338429160416126,8.366080533713102,4.465430139563978
629,Wayne Rooney,2016,AMC,25,5,52,1538,7.070011952891946,5,3.005505710840225,36,Manchester United,8,0,4,6.308840909972787,11.363079971633852,3.486512088216841
629,Wayne Rooney,2015,FW,28,8,72,2411,7.317086679860949,6,4.480131337419152,43,Manchester United,4,0,7,6.555921657010913,13.66494290716946,5.081391530111432
629,Wayne Rooney,2014,FW,33,12,79,2887,8.902098581194878,5,3.983559735119343,45,Manchester United,5,1,11,7.379762321710586,15.43574684113264,7.295702296309173
630,Marouane Fellaini,2018,Sub,14,0,7,728,0.7338949963450432,1,0.2047822959721088,3,Manchester United,1,0,0,0.7338949963450432,1.9953790679574013,1.2806162796914575
630,Marouane Fellaini,2017,Sub,16,4,10,601,2.731988660991192,0,0.1612558979541063,5,Manchester United,1,0,4,2.731988660991192,3.95924006216228,2.3747177785262465
630,Marouane Fellaini,2016,DMC,28,1,23,1591,2.173114680685103,0,0.6634103013202548,18,Manchester United,9,1,1,2.173114680685103,6.072387358173728,4.51458203047514
630,Marouane Fellaini,2015,DMC,18,1,23,1069,4.1750429049134254,0,0.6421577008441091,11,Manchester United,2,0,1,4.1750429049134254,5.463912703096867,2.704396478831768
630,Marouane Fellaini,2014,Sub,27,6,36,1824,5.314917378127575,0,1.151918701827526,21,Manchester United,5,1,6,5.314917378127575,9.252810306847095,4.70386603847146
631,Ashley Young,2024,DR,3,0,0,250,0.0,1,0.2186817750334739,3,Everton,1,1,0,0.0,0.4768936708569526,0.2582118958234787
631,Ashley Young,2023,DL,31,0,13,2305,0.5671309139579535,0,2.473125728778541,21,Everton,5,1,0,0.5671309139579535,6.803516559302807,5.159970347769558
631,Ashley Young,2022,Sub,29,1,15,2044,0.3949361126869917,0,0.7811885923147202,14,Aston Villa,7,0,1,0.3949361126869917,6.350133599713445,5.585736140608788
631,Ashley Young,2021,AML,24,0,10,1232,0.4037426067516207,2,0.7783125322312117,13,Aston Villa,2,0,0,0.4037426067516207,3.3930896408855915,2.479043416678905
631,Ashley Young,2019,Sub,12,0,3,956,0.0826735999435186,0,1.6687378147616982,19,Manchester United,5,0,0,0.0826735999435186,3.162055853754282,2.879493892192841
631,Ashley Young,2018,DR,30,2,12,2565,0.4942638017237186,2,3.9991636965423822,39,Manchester United,8,1,2,0.4942638017237186,10.53615704504773,8.199239152949303
631,Ashley Young,2017,DL,30,2,18,2451,0.7093265019357204,4,3.751370241865516,27,Manchester United,7,0,2,0.7093265019357204,9.898998915217817,8.92022259067744
631,Ashley Young,2016,Sub,12,0,5,757,0.2542202994227409,1,0.8711635079234838,11,Manchester United,2,0,0,0.2542202994227409,2.6204872084781528,1.90571394469589
631,Ashley Young,2015,Sub,18,1,7,1053,0.8914634939283133,2,1.4585475930944083,10,Manchester United,5,0,1,0.8914634939283133,4.834842080250382,3.084279153496027
631,Ashley Young,2014,ML,26,2,29,2076,2.507619036361575,5,4.1162799606099725,34,Manchester United,5,0,2,2.507619036361575,7.867694087326527,3.891770293936133
632,Jordon Mutch,2016,Sub,4,0,0,42,0.0,0,0.0186484009027481,1,Crystal Palace,0,0,0,0.0,0.0937386974692344,0.0750902965664863
632,Jordon Mutch,2015,AMC,20,0,17,784,0.9309703093022108,0,0.4809456095099449,7,Crystal Palace,0,0,0,0.9309703093022108,2.766180396080017,1.9822706580162048
632,Jordon Mutch,2014,MC,9,0,9,515,0.7244495833292603,1,0.5040750987827778,4,Queens Park Rangers,3,0,0,0.7244495833292603,1.495195209980011,0.7774208430200815
632,Jordon Mutch,2014,Sub,7,0,5,335,0.2123863995075225,0,0.3409311063587665,6,Crystal Palace,2,0,0,0.2123863995075225,0.3830856028944254,0.1852965001016855
633,James McArthur,2022,Sub,4,0,0,42,0.0,0,0.0,0,Crystal Palace,0,0,0,0.0,0.0612726211547851,0.0612726211547851
633,James McArthur,2021,MC,21,0,9,1433,0.3072257936000824,3,1.2701929826289415,16,Crystal Palace,3,0,0,0.3072257936000824,4.852488286793232,3.7392180785536766
633,James McArthur,2020,MC,18,0,6,1482,0.2822540951892733,2,1.5203706570900977,15,Crystal Palace,3,0,0,0.2822540951892733,3.245604265946895,2.2573824785649776
633,James McArthur,2019,MC,37,0,28,3145,1.8058417215943336,3,2.996065473183989,34,Crystal Palace,6,0,0,1.8058417215943336,7.989805614575744,4.7620503176003695
633,James McArthur,2018,MC,38,3,34,3095,4.505425302311778,6,3.721206776797772,31,Crystal Palace,7,0,3,4.505425302311778,11.979675862938166,6.773195607587695
633,James McArthur,2017,Sub,33,5,30,2440,4.228802299126983,1,2.0599375953897834,20,Crystal Palace,5,0,5,4.228802299126983,10.5307446885854,6.216755987145007
633,James McArthur,2016,MC,29,5,23,2034,1.6981026465073228,3,2.3486888743937016,16,Crystal Palace,5,0,5,1.6981026465073228,5.477223176509142,2.691358333453536
633,James McArthur,2015,MC,28,2,16,2206,1.0581504269503057,2,1.085091905668378,22,Crystal Palace,5,0,2,1.0581504269503057,6.162737352773547,4.224577681161463
633,James McArthur,2014,MC,32,2,33,2623,2.0698619969189167,0,1.7737967111170292,28,Crystal Palace,6,0,2,2.0698619969189167,6.689043913036585,3.5890232855454087
634,Fraizer Campbell,2016,Sub,12,1,4,125,0.4415289834141731,0,0.0511308014392852,1,Crystal Palace,0,0,1,0.4415289834141731,0.5101623870432377,0.1331046037375927
634,Fraizer Campbell,2015,Sub,11,0,4,354,0.75689297914505,0,0.0803079009056091,1,Crystal Palace,1,0,0,0.75689297914505,0.9301700070500374,0.2421930059790611
634,Fraizer Campbell,2014,FW,20,4,25,1187,4.221141066402197,0,0.4663840681314468,8,Crystal Palace,5,0,4,4.221141066402197,3.9519820688292384,0.7666481966152787
635,Alex McCarthy,2024,GK,2,0,0,180,0.0,0,0.0,0,Southampton,0,0,0,0.0,0.4999673590064049,0.4999673590064049
635,Alex McCarthy,2022,GK,6,0,0,540,0.0,0,0.0,0,Southampton,0,0,0,0.0,0.1022367570549249,0.1022367570549249
635,Alex McCarthy,2021,GK,17,0,0,1530,0.0,0,0.0234091002494096,1,Southampton,1,0,0,0.0,2.0089015141129494,1.98549241386354
635,Alex McCarthy,2020,GK,30,0,0,2700,0.0,0,0.0,0,Southampton,2,0,0,0.0,2.7634329460561275,2.7634329460561275
635,Alex McCarthy,2019,GK,28,0,0,2520,0.0,0,0.0236935000866651,1,Southampton,0,0,0,0.0,3.1542159132659435,3.1305224131792784
635,Alex McCarthy,2018,GK,25,0,0,2250,0.0,0,0.0,0,Southampton,1,0,0,0.0,1.7642888613045216,1.7642888613045216
635,Alex McCarthy,2017,GK,18,0,0,1620,0.0,0,0.0,0,Southampton,2,0,0,0.0,1.055135702714324,1.055135702714324
635,Alex McCarthy,2015,GK,7,0,0,630,0.0,0,0.0,0,Crystal Palace,0,0,0,0.0,0.0,0.0
635,Alex McCarthy,2014,GK,3,0,0,237,0.0,0,0.0,0,Queens Park Rangers,0,0,0,0.0,0.5550842136144638,0.5550842136144638
636,Luke Dreher,2018,Sub,1,0,0,1,0.0,0,0.0,0,Crystal Palace,0,0,0,0.0,0.0,0.0
637,Hugo Lloris,2022,GK,25,0,0,2208,0.0,0,0.0,0,Tottenham,0,0,0,0.0,4.2372625302523375,4.2372625302523375
637,Hugo Lloris,2021,GK,38,0,0,3420,0.0,0,0.2063245046883821,2,Tottenham,2,0,0,0.0,5.441953940317035,5.235629942268133
637,Hugo Lloris,2020,GK,38,0,0,3420,0.0,0,0.0,0,Tottenham,0,0,0,0.0,4.801014944911003,4.801014944911003
637,Hugo Lloris,2019,GK,21,0,0,1808,0.0,0,0.0,0,Tottenham,0,0,0,0.0,0.612897090613842,0.612897090613842
637,Hugo Lloris,2018,GK,33,0,0,2970,0.0,0,0.0,0,Tottenham,0,0,0,0.0,3.588096484541893,3.588096484541893
637,Hugo Lloris,2017,GK,36,0,0,3240,0.0,0,0.0,0,Tottenham,1,0,0,0.0,5.444236234761775,5.444236234761775
637,Hugo Lloris,2016,GK,34,0,0,3004,0.0,0,0.0446447003632783,2,Tottenham,0,0,0,0.0,4.160326458513737,4.11568146198988
637,Hugo Lloris,2015,GK,37,0,0,3330,0.0,0,0.0237199999392032,1,Tottenham,0,0,0,0.0,4.43877761438489,4.415057618170977
637,Hugo Lloris,2014,GK,35,0,0,3063,0.0,0,0.0,0,Tottenham,0,0,0,0.0,3.140590347349644,3.140590347349644
638,Kyle Walker,2024,Sub,3,0,5,178,0.1098661832511425,0,0.4305103197693825,4,Manchester City,0,0,0,0.1098661832511425,2.0102387070655823,1.8641244769096372
638,Kyle Walker,2023,DR,32,0,16,2770,0.3650220464915037,4,3.342263269238174,25,Manchester City,2,0,0,0.3650220464915037,21.998310588300228,20.06531212478876
638,Kyle Walker,2022,DR,27,0,5,1957,0.3253306970000267,0,0.2089456282556057,6,Manchester City,3,0,0,0.3253306970000267,12.982849795371294,12.794002283364534
638,Kyle Walker,2021,DR,20,0,8,1759,0.2224772945046425,2,1.455245791003108,11,Manchester City,1,0,0,0.2224772945046425,9.661232478916643,8.514137484133244
638,Kyle Walker,2020,DR,24,1,10,1944,0.2044048951938748,1,0.4997862037271261,8,Manchester City,1,0,1,0.2044048951938748,10.604215674102306,10.206439010798931
638,Kyle Walker,2019,DR,29,1,14,2407,1.3122373102232814,4,1.930935373529792,19,Manchester City,5,0,1,1.3122373102232814,17.875285930931568,16.14107497781515
638,Kyle Walker,2018,DR,33,1,21,2774,0.731842796318233,1,1.9359694560989735,24,Manchester City,3,0,1,0.731842796318233,18.515535973012447,17.58539743721485
638,Kyle Walker,2017,MR,32,0,13,2792,0.7181962039321661,6,4.840455614030361,30,Manchester City,2,1,0,0.7181962039321661,23.751910287886854,20.828323308378454
638,Kyle Walker,2016,DR,33,0,19,2710,0.6887417519465089,5,3.7017951970919967,39,Tottenham,8,0,0,0.6887417519465089,11.032236779108644,7.576490195468068
638,Kyle Walker,2015,DR,33,1,21,2947,0.876290250569582,3,4.270705763250589,34,Tottenham,7,0,1,0.876290250569582,12.140320762991903,9.310257188975813
638,Kyle Walker,2014,DR,15,0,6,1309,0.155684900470078,0,0.9235877171158792,11,Tottenham,3,0,0,0.155684900470078,3.929465275257826,3.531445126980543
639,Toby Alderweireld,2020,DC,25,1,10,2243,0.613818702287972,0,0.9680299838073552,8,Tottenham,2,0,1,0.613818702287972,5.900498282164335,5.8572167828679085
639,Toby Alderweireld,2019,DC,33,2,15,2959,0.4555982239544391,2,1.2273942260071635,11,Tottenham,7,0,2,0.4555982239544391,8.160162208601832,7.056375397369266
639,Toby Alderweireld,2018,DC,34,0,19,2926,0.9871179955080152,0,0.4885507095605135,7,Tottenham,3,0,0,0.9871179955080152,9.215408191084862,8.77471943385899
639,Toby Alderweireld,2017,DC,14,0,10,1177,0.3509892979636788,0,0.1814270950853824,3,Tottenham,3,0,0,0.3509892979636788,3.90654681622982,3.777164436876774
639,Toby Alderweireld,2016,DC,30,1,28,2610,1.9968210961669683,0,0.3265845961868763,6,Tottenham,1,0,1,1.9968210961669683,8.036765376105905,7.413335250690579
639,Toby Alderweireld,2015,DC,38,4,40,3420,3.0251707853749394,2,0.8221089970320463,10,Tottenham,3,0,4,3.0251707853749394,11.274831731803715,10.825908177532256
639,Toby Alderweireld,2014,DC,26,1,18,2264,0.9311116095632316,0,0.6971472166478634,7,Southampton,3,0,1,0.9311116095632316,5.908183524385095,5.1874207155779
640,Jan Vertonghen,2019,DC,23,1,4,1651,0.6377484891563654,1,1.017920970916748,3,Tottenham,2,0,1,0.6377484891563654,4.369382468983531,3.7159955482929945
640,Jan Vertonghen,2018,DC,22,1,15,1925,1.0099762049503624,0,0.2438496015965938,4,Tottenham,3,1,1,1.0099762049503624,7.900005076080561,7.626768160611391
640,Jan Vertonghen,2017,DC,36,0,24,3209,0.8095573652535677,0,1.020745286718011,12,Tottenham,4,0,0,0.8095573652535677,11.754873703233898,11.007562739774585
640,Jan Vertonghen,2016,DC,33,0,14,2902,0.5898440014570951,0,0.3142293002456426,7,Tottenham,5,0,0,0.5898440014570951,9.54089672677219,9.190996760502458
640,Jan Vertonghen,2015,DC,29,0,11,2596,0.5788122043013573,0,0.3509038984775543,6,Tottenham,5,0,0,0.5788122043013573,7.523226168006658,7.1232375502586365
640,Jan Vertonghen,2014,DC,32,0,13,2807,0.5924338614568114,0,0.079674600623548,3,Tottenham,6,0,0,0.5924338614568114,5.42977336794138,5.408010371029377
641,Danny Rose,2021,DL,8,0,4,692,0.1566063975915312,0,0.6318488968536258,5,Watford,4,0,0,0.1566063975915312,1.5510057527571917,0.8791757542639971
641,Danny Rose,2019,DL,12,0,2,895,0.0881984960287809,0,0.6761048948392272,11,Tottenham,5,0,0,0.0881984960287809,1.7048331890255213,1.3958355961367488
641,Danny Rose,2019,Sub,11,0,0,871,0.0,0,0.2044695038348436,3,Newcastle United,2,0,0,0.0,1.289059691131115,1.289059691131115
641,Danny Rose,2018,DL,26,0,15,1798,0.7975114062428474,3,2.591335780918598,26,Tottenham,5,0,0,0.7975114062428474,4.890634208917618,3.090377490967512
641,Danny Rose,2017,DML,10,0,7,805,0.6538727879524231,1,0.5492810942232609,10,Tottenham,4,0,0,0.6538727879524231,3.6948735006153584,2.701280763372779
641,Danny Rose,2016,DL,18,2,23,1538,0.8990533081814647,2,1.3458631113171575,26,Tottenham,8,0,2,0.8990533081814647,4.799434492364526,3.438614198938012
641,Danny Rose,2015,DL,24,1,26,2139,1.2215758142992854,3,3.2962171770632267,24,Tottenham,7,0,1,1.2215758142992854,10.382976911962032,7.078364692628384
641,Danny Rose,2014,DL,28,3,24,2386,1.670324276201427,4,2.9121244214475155,27,Tottenham,7,0,3,1.670324276201427,10.744258679449558,7.36357007175684
642,Mousa Dembélé,2018,Sub,10,0,1,518,0.0302143990993499,0,0.0,0,Tottenham,1,0,0,0.0302143990993499,1.9914481565356252,1.9612337574362757
642,Mousa Dembélé,2017,DMC,28,0,11,1882,0.3571103988215327,0,0.5999714890494943,18,Tottenham,6,0,0,0.3571103988215327,9.475857749581335,9.017337329685688
642,Mousa Dembélé,2016,Sub,30,1,15,2085,0.5696422858163714,1,0.976125587709248,25,Tottenham,5,0,1,0.5696422858163714,9.285686427727342,8.62422507442534
642,Mousa Dembélé,2015,AMR,29,3,22,2286,1.482901705428958,1,0.8319704830646515,28,Tottenham,3,0,3,1.482901705428958,9.668302228674293,8.315912203863263
642,Mousa Dembélé,2014,Sub,26,1,11,1122,1.145339130423963,1,0.7561205942183733,22,Tottenham,1,0,1,1.145339130423963,3.640642436221242,2.8854701351374388
643,Eric Dier,2023,Sub,4,0,0,187,0.0,0,0.0,0,Tottenham,0,0,0,0.0,0.2850276902318001,0.2850276902318001
643,Eric Dier,2022,DC,33,2,17,2815,1.4715977106243372,1,1.6204578075557947,7,Tottenham,4,0,2,1.4715977106243372,11.746883509680629,11.003167567774652
643,Eric Dier,2021,DC,35,0,14,3071,1.5635330826044085,0,1.3192516136914492,8,Tottenham,1,0,0,1.5635330826044085,15.436223991215227,14.824242003262045
643,Eric Dier,2020,DC,28,0,14,2520,1.2531601041555405,0,0.2254232401028275,6,Tottenham,3,0,0,1.2531601041555405,5.722175907343626,5.697843890637159
643,Eric Dier,2019,Sub,19,0,8,1339,1.029716309159994,2,0.2836806019768119,7,Tottenham,5,0,0,1.029716309159994,5.148770460858941,4.2506653517484665
643,Eric Dier,2018,MC,20,3,9,1519,1.4176100101321936,0,1.1008159331977367,8,Tottenham,4,0,3,1.4176100101321936,5.309164300560951,4.851275973021984
643,Eric Dier,2017,DMC,34,0,32,2832,1.480941399000585,2,1.8545068968087437,15,Tottenham,4,0,0,1.480941399000585,12.887790951877832,10.944647239521146
643,Eric Dier,2016,DMC,36,2,23,3045,1.5872800033539534,0,0.7489531114697456,14,Tottenham,6,0,2,1.5872800033539534,10.803298082202671,10.07175898551941
643,Eric Dier,2015,DMC,37,3,30,3271,1.6450099218636751,2,1.380221512168646,18,Tottenham,10,0,3,1.6450099218636751,15.380162507295609,13.924113631248474
643,Eric Dier,2014,DC,28,2,12,2288,1.4194443924352529,2,1.4741109982132912,14,Tottenham,4,0,2,1.4194443924352529,8.794127499684691,7.489943923428655
644,Erik Lamela,2020,Sub,23,1,21,683,1.2894132062792778,0,0.8058314230293036,8,Tottenham,4,1,1,1.2894132062792778,4.192472180351615,2.828796409070492
644,Erik Lamela,2019,AMC,25,2,29,1190,2.309972316026688,1,1.0113136172294617,18,Tottenham,3,0,2,2.309972316026688,6.637919409200549,4.436078730970621
644,Erik Lamela,2018,Sub,19,4,29,969,3.764035310596228,2,2.1651908345520496,23,Tottenham,2,0,4,3.764035310596228,8.188830638304353,3.967588540166616
644,Erik Lamela,2017,Sub,25,2,20,822,3.576409109868109,2,1.848822276107967,16,Tottenham,4,0,2,3.576409109868109,8.648024913854897,4.510925835929811
644,Erik Lamela,2016,AMR,9,1,18,590,1.8015877902507784,1,1.2001086585223677,18,Tottenham,1,0,1,1.0404187962412834,2.4177640080451965,1.1566212885081768
644,Erik Lamela,2015,Sub,34,5,58,2404,6.299697618931532,9,8.93490382656455,75,Tottenham,9,0,5,6.299697618931532,19.19918360002339,9.443460860289631
644,Erik Lamela,2014,AMC,33,2,38,2297,2.4520418932661414,7,6.099330518394709,60,Tottenham,6,0,2,2.4520418932661414,11.233161823824048,7.293394966982305
645,Dele Alli,2022,Sub,2,0,0,26,0.0,0,0.0,0,Everton,0,0,0,0.0,0.0,0.0
645,Dele Alli,2021,AMC,10,1,4,664,1.401277020573616,0,0.5020306054502726,2,Tottenham,1,0,0,0.6401080042123795,1.9693953171372411,0.8272567000240088
645,Dele Alli,2021,Sub,11,0,3,314,0.131213960237801,0,0.6250804979354143,7,Everton,3,0,0,0.131213960237801,0.9948286348953844,0.7091422118246555
645,Dele Alli,2020,AMC,15,0,12,615,1.6745915822684765,1,1.3262456189841032,9,Tottenham,0,0,0,1.6745915822684765,4.322706138715148,2.1345874574035406
645,Dele Alli,2019,Sub,25,8,42,1862,7.915487986057997,4,3.4838611409068108,23,Tottenham,2,0,7,7.154318999499083,16.530976843088865,6.692900891415775
645,Dele Alli,2018,MC,25,5,39,1847,5.950444146990776,3,3.293326983228326,27,Tottenham,4,0,5,5.950444146990776,12.955238781869411,5.540954357013106
645,Dele Alli,2017,AMC,36,9,69,2991,10.104952063411474,10,8.836121248081326,64,Tottenham,7,0,9,10.104952063411474,23.885963218286637,8.143447224982083
645,Dele Alli,2016,AMC,37,18,94,3060,14.708574248477817,7,4.573811557143927,52,Tottenham,4,0,17,13.947405276820064,25.15398681163788,8.973650159314275
645,Dele Alli,2015,AMC,33,10,74,2490,8.315971579402685,9,6.802972770296037,55,Tottenham,7,0,10,8.315971579402685,18.69967564940453,6.461881585419178
646,Christian Eriksen,2024,Sub,3,0,0,154,0.0,0,1.291334331035614,5,Manchester United,1,0,0,0.0,2.2583255767822266,2.164021909236908
646,Christian Eriksen,2023,Sub,22,1,13,1130,0.6886363411322236,2,2.3459482928738,27,Manchester United,1,0,1,0.6886363411322236,5.237064341083169,3.57036822848022
646,Christian Eriksen,2022,FW,28,1,38,2094,4.86724331881851,8,4.558254588395357,36,Manchester United,3,0,1,4.86724331881851,16.041057281196117,10.682778850197792
646,Christian Eriksen,2021,Sub,11,1,22,935,1.4037851188331842,4,3.7309530712664127,30,Brentford,1,0,1,1.4037851188331842,4.987491987645626,2.9094995334744453
646,Christian Eriksen,2019,Sub,20,2,26,1075,1.7644310155883431,2,2.259517061058432,23,Tottenham,5,0,2,1.7644310155883431,4.081464676652104,1.7793747885152698
646,Christian Eriksen,2018,AMC,35,8,83,2772,5.66105136834085,12,7.882119428366423,73,Tottenham,3,0,8,5.66105136834085,16.64577689766884,9.10017248429358
646,Christian Eriksen,2017,AML,37,10,96,3239,7.245935456827283,10,11.893049276433883,95,Tottenham,0,0,10,7.245935456827283,27.00611512362957,15.51144353300333
646,Christian Eriksen,2016,AML,36,8,133,3181,8.864699277095497,15,11.74070107191801,112,Tottenham,0,0,8,8.864699277095497,22.943155393004417,10.891217955388129
646,Christian Eriksen,2015,AML,35,6,100,2950,5.512105284258723,13,9.80885074287653,115,Tottenham,2,0,6,5.512105284258723,22.97515400499105,14.476944379508495
646,Christian Eriksen,2014,AMR,38,10,97,3160,7.38963361363858,2,6.088786491192877,84,Tottenham,4,0,10,7.38963361363858,21.318573739379644,13.018114417791368
647,Harry Kane,2022,FW,38,30,133,3414,23.06444012373686,3,7.547407771460712,57,Tottenham,6,0,25,18.49742721766233,25.07911798357964,5.095352162607014
647,Harry Kane,2021,Sub,37,17,133,3229,20.68507192377001,9,9.81828890554607,48,Tottenham,5,0,13,17.640392211265862,31.89218362979591,9.80840826407075
647,Harry Kane,2020,FW,35,23,138,3097,22.174864932894707,14,7.57709795050323,49,Tottenham,1,0,19,19.130178958177567,24.995637115091085,4.451255418360233
647,Harry Kane,2019,FW,29,18,82,2595,13.297059614676982,2,3.1170066092163324,27,Tottenham,4,0,16,11.774761584121734,16.85461597563699,3.051301774568856
647,Harry Kane,2018,FW,28,17,102,2437,16.12239329330623,4,4.562664708122611,30,Tottenham,5,0,13,13.077754897996783,18.8382309563458,4.841165648773313
647,Harry Kane,2017,FW,37,30,183,3094,26.859878040850163,2,3.8204427883028975,34,Tottenham,5,0,28,24.57636994868517,28.5152877997607,7.961639573797584
647,Harry Kane,2016,FW,30,29,110,2556,19.820082779973745,7,5.553893640637398,41,Tottenham,3,0,24,15.253082547336817,21.947204602882262,4.126001315191388
647,Harry Kane,2015,FW,38,25,159,3382,22.732071943581104,1,3.0885122008621693,44,Tottenham,5,0,20,18.92625818029046,26.939670216292143,8.189030427485704
647,Harry Kane,2014,Sub,34,21,112,2589,17.15730034559965,4,3.922502458095551,27,Tottenham,4,0,19,14.87382235378027,16.48843494337052,5.549698708578944
648,Nacer Chadli,2017,ML,5,1,4,216,0.1247536987066268,0,0.0998227968811988,2,West Bromwich Albion,1,0,1,0.1247536987066268,0.2300680950284004,0.1113593988120555
648,Nacer Chadli,2016,AML,31,5,47,2169,5.810080662369728,5,4.2694517113268375,33,West Bromwich Albion,2,0,4,5.048912689089775,9.24325474910438,3.2578446213155985
648,Nacer Chadli,2015,AMC,29,3,25,922,2.929527999833226,2,2.760443637147546,24,Tottenham,1,0,3,2.929527999833226,6.457753540948033,3.0467014890164137
648,Nacer Chadli,2014,AML,35,11,54,2423,6.86552703101188,5,3.935559631325305,41,Tottenham,3,0,11,6.86552703101188,15.642376329749824,8.626996045000851
649,Ryan Mason,2016,Sub,16,1,17,931,0.6050022980198264,0,0.3290861062705517,8,Hull,4,0,1,0.6050022980198264,1.4432523986324668,0.7781335031613708
649,Ryan Mason,2015,DMC,22,1,20,797,3.093703493475914,0,0.7011371180415154,10,Tottenham,3,0,1,3.093703493475914,4.979685790836811,1.960163624957204
649,Ryan Mason,2014,DMC,31,1,41,2342,2.917303709313273,4,2.60609803441912,29,Tottenham,10,0,1,2.917303709313273,12.226362373679876,7.430812673643231
650,Kevin Wimmer,2017,DC,17,0,1,1318,0.0695132985711097,0,0.160945801064372,3,Stoke,5,0,0,0.0695132985711097,1.9453763999044893,1.890623101964593
650,Kevin Wimmer,2016,DC,5,0,0,357,0.0,0,0.0364072993397712,1,Tottenham,3,0,0,0.0,0.9797121994197368,0.9797121994197368
650,Kevin Wimmer,2015,DC,10,0,1,814,0.0609239004552364,0,0.0708954017609357,2,Tottenham,2,0,0,0.0609239004552364,3.567350186407566,3.521816201508045
651,Michel Vorm,2018,GK,2,0,0,180,0.0,0,0.0,0,Tottenham,0,0,0,0.0,0.1521739959716797,0.1521739959716797
651,Michel Vorm,2017,GK,1,0,0,90,0.0,0,0.0,0,Tottenham,0,0,0,0.0,0.0233874004334211,0.0233874004334211
651,Michel Vorm,2016,Sub,5,0,0,416,0.0,0,0.0,0,Tottenham,0,0,0,0.0,0.2567697018384933,0.2567697018384933
651,Michel Vorm,2015,GK,1,0,0,90,0.0,0,0.0,0,Tottenham,0,0,0,0.0,0.0,0.0
651,Michel Vorm,2014,Sub,4,0,0,357,0.0,0,0.0255913995206356,1,Tottenham,0,0,0,0.0,0.7053749859333038,0.6797835864126682
652,Kieran Trippier,2024,Sub,3,0,0,128,0.0,0,0.0,0,Newcastle United,0,0,0,0.0,0.9661554843187332,0.9661554843187332
652,Kieran Trippier,2023,DR,28,1,8,2255,0.6469280309975147,10,8.592840051278472,66,Newcastle United,5,0,1,0.6469280309975147,13.876140996813774,10.365714758634567
652,Kieran Trippier,2022,DR,38,1,14,3368,0.8719969913363457,7,13.462713163346052,110,Newcastle United,5,0,1,0.8719969913363457,17.47081391327083,14.60538318939507
652,Kieran Trippier,2021,DR,6,2,2,434,0.2261340022087097,0,0.2351752035319805,7,Newcastle United,0,0,2,0.2261340022087097,0.9722745083272456,0.954714011400938
652,Kieran Trippier,2018,MR,27,1,8,2278,0.4619612023234367,3,4.845308244228363,49,Tottenham,2,0,1,0.4619612023234367,10.566014900803566,8.712670274078846
652,Kieran Trippier,2017,DR,24,0,7,1910,0.4290477242320776,5,4.263984676450491,41,Tottenham,1,0,0,0.4290477242320776,10.05926145426929,6.743753731250763
652,Kieran Trippier,2016,DR,12,0,3,561,0.0792184993624687,5,2.760999917984009,14,Tottenham,1,0,0,0.0792184993624687,3.4414292238652706,1.7611170299351215
652,Kieran Trippier,2015,DR,6,1,2,456,0.4173209052532911,1,0.4763298947364092,6,Tottenham,1,0,1,0.4173209052532911,2.526610016822815,1.7413015961647034
652,Kieran Trippier,2014,DR,38,0,11,3418,0.4591494016349315,4,6.785813374444842,64,Burnley,2,0,0,0.4591494016349315,8.654061721637845,5.9014529306441545
653,Tom Carroll,2017,MC,37,0,20,2564,0.7736401930451393,4,3.896157931536436,45,Swansea,3,0,0,0.7736401930451393,6.016708165407181,4.8319205194711685
653,Tom Carroll,2016,MC,17,1,9,1394,0.2893514251336455,2,1.5475282818078997,16,Swansea,1,0,1,0.2893514251336455,3.707015722990036,3.0344448257237677
653,Tom Carroll,2016,Sub,1,0,0,1,0.0,0,0.0,0,Tottenham,0,0,0,0.0,0.0,0.0
653,Tom Carroll,2015,Sub,19,1,5,489,0.2286784034222364,0,0.2454057931900024,9,Tottenham,3,0,1,0.2286784034222364,2.806581201031804,2.4788649920374155
653,Tom Carroll,2014,Sub,13,0,4,694,0.1709691025316715,0,0.638788478448987,5,Swansea,1,0,0,0.1709691025316715,2.975092090666294,2.719753608107567
654,Michael Carrick,2017,Sub,2,0,2,110,0.404230797663331,0,0.039173200726509,1,Manchester United,0,0,0,0.404230797663331,0.8111369907855988,0.4069071859121322
654,Michael Carrick,2016,Sub,23,0,8,1607,0.2107790987938642,0,0.5740241073071957,12,Manchester United,2,0,0,0.2107790987938642,4.908589135855436,4.235622443258762
654,Michael Carrick,2015,DMC,28,0,7,1982,0.2196184014901518,0,0.2824397115036845,10,Manchester United,4,0,0,0.2196184014901518,6.992396865040064,6.687694184482098
654,Michael Carrick,2014,Sub,18,1,8,1460,0.2863103067502379,2,1.698483781889081,8,Manchester United,1,0,1,0.2863103067502379,7.28094245120883,6.086604382842779
655,James Collins,2017,DC,13,1,4,1051,0.4777906779199838,0,0.5068465899676085,2,West Ham,3,0,1,0.4777906779199838,1.5656725019216535,1.5656725019216535
655,James Collins,2016,DC,22,2,11,1649,1.055944075807929,0,0.1963449008762836,4,West Ham,3,0,2,1.055944075807929,1.3343894919380546,1.1541633950546384
655,James Collins,2015,DC,19,0,13,1437,0.8689481904730201,0,0.1897890940308571,2,West Ham,3,1,0,0.8689481904730201,2.1810180377215147,2.0857710596174
655,James Collins,2014,DC,27,0,9,1870,1.042383598163724,0,0.2978098038583994,5,West Ham,5,1,0,1.042383598163724,4.842167384922504,3.9829263240098953
656,Diafra Sakho,2017,Sub,14,2,9,264,1.7452047057449818,0,0.0256936997175216,1,West Ham,2,0,2,1.7452047057449818,1.9794154865667224,0.5864611892029643
656,Diafra Sakho,2016,FW,4,1,3,183,0.6023831851780415,0,0.0572974011301994,1,West Ham,0,0,1,0.6023831851780415,0.142238799482584,0.0228738002479076
656,Diafra Sakho,2015,FW,21,5,48,1539,7.360721768811345,1,1.8989981887862089,14,West Ham,3,0,5,7.360721768811345,8.050178641453385,1.3451794032007456
656,Diafra Sakho,2014,Sub,23,10,66,1765,9.070379790849984,2,2.615855161100626,23,West Ham,2,0,10,9.070379790849984,9.083618108183146,0.9128177799284458
657,Alexandre Song,2015,DMC,12,0,6,658,0.1801397018134594,0,0.2122628018260002,8,West Ham,1,0,0,0.1801397018134594,1.886726386845112,1.602582685649395
657,Alexandre Song,2014,Sub,28,0,12,2258,0.723948891274631,3,2.3790941443294287,28,West Ham,4,0,0,0.723948891274631,9.307583212852478,7.033517295029014
660,Ben Davies,2023,Sub,17,1,12,1067,2.077168807387352,0,0.3106337115168571,4,Tottenham,2,0,1,2.077168807387352,7.61443617939949,6.318940620869398
660,Ben Davies,2022,DC,31,2,14,2295,0.9933742862194777,2,2.469028750434518,20,Tottenham,4,0,2,0.9933742862194777,8.73275038599968,7.62914814800024
660,Ben Davies,2021,Sub,29,1,18,2542,2.476110560819506,1,0.6462083989754319,11,Tottenham,6,0,1,2.476110560819506,13.493451613932848,12.485371489077806
660,Ben Davies,2020,DL,20,0,3,1330,0.1976930983364582,1,0.4373758044093847,8,Tottenham,1,0,0,0.1976930983364582,2.684572694823146,2.331053102388978
660,Ben Davies,2019,Sub,18,0,7,1434,0.2192513979971408,0,0.9578834231942892,9,Tottenham,6,0,0,0.2192513979971408,4.067893093451858,3.5239041298627853
660,Ben Davies,2018,DL,27,0,14,1831,0.5746606048196554,0,2.246485232375562,15,Tottenham,2,0,0,0.5746606048196554,9.464482987299562,7.8623236566782
660,Ben Davies,2017,DL,29,2,18,2328,1.02003928180784,6,3.743327368516475,47,Tottenham,3,0,2,1.02003928180784,10.470597290899605,7.816435948014259
660,Ben Davies,2016,DL,23,1,13,1729,0.4300550054758787,3,2.614672888070345,29,Tottenham,1,0,1,0.4300550054758787,7.039747010916472,5.6776230819523335
660,Ben Davies,2015,DL,17,0,9,1281,0.4415080929175019,2,1.4291233206167815,15,Tottenham,3,0,0,0.4415080929175019,5.710318570956588,4.637951482087374
660,Ben Davies,2014,Sub,14,0,1,879,0.0131580997258424,1,0.3461131351068616,8,Tottenham,3,0,0,0.0131580997258424,3.3431462198495865,3.0587115176022053
661,Josh Onomah,2022,Sub,2,0,0,11,0.0,0,0.0,0,Fulham,0,0,0,0.0,0.0,0.0
661,Josh Onomah,2020,AMC,11,0,6,368,0.5561954909935594,0,0.0329759009182453,1,Fulham,1,0,0,0.5561954909935594,1.3664662055671215,0.8782036043703556
661,Josh Onomah,2016,Sub,5,0,1,11,0.0865195989608764,0,0.0,0,Tottenham,0,0,0,0.0865195989608764,0.1104355994611978,0.0239160005003213
661,Josh Onomah,2015,Sub,8,0,3,69,0.1788647007197141,0,0.0354382991790771,1,Tottenham,0,0,0,0.1788647007197141,0.6771609913557768,0.4982962068170309
662,Brad Guzan,2016,GK,10,0,0,900,0.0,0,0.0,0,Middlesbrough,0,0,0,0.0,0.5046872161328793,0.5046872161328793
662,Brad Guzan,2015,GK,28,0,0,2520,0.0,0,0.044632900506258,1,Aston Villa,2,0,0,0.0,1.3892122227698565,1.3445793222635984
662,Brad Guzan,2014,GK,34,0,0,3060,0.0,0,0.0,0,Aston Villa,2,0,0,0.0,1.1107166977599263,1.1107166977599263
663,Alan Hutton,2015,DR,28,0,9,2331,0.5536272544413805,1,2.284129679203033,21,Aston Villa,6,1,0,0.5536272544413805,4.593399854376912,3.653128512203693
663,Alan Hutton,2014,DR,30,1,11,2415,0.932465978898108,0,1.9344742149114609,23,Aston Villa,8,0,1,0.932465978898108,5.2189104706048965,3.3837523590773344
664,Joleon Lescott,2016,DC,2,0,0,120,0.0,0,0.0,0,Sunderland,0,0,0,0.0,0.0109526002779603,0.0109526002779603
664,Joleon Lescott,2015,DC,30,1,11,2632,1.8732635146006944,0,0.1732784043997526,4,Aston Villa,2,0,1,1.8732635146006944,4.315418165177107,4.168777171522379
664,Joleon Lescott,2015,DC,2,0,0,180,0.0,0,0.0,0,West Bromwich Albion,0,0,0,0.0,0.122880102135241,0.122880102135241
664,Joleon Lescott,2014,DC,34,1,14,3060,2.396697413176298,2,0.5493253171443939,2,West Bromwich Albion,3,0,1,2.396697413176298,3.877223813906312,3.877223813906312
665,Micah Richards,2015,DC,24,1,11,2049,1.012163701467216,1,0.419517801143229,8,Aston Villa,3,0,1,1.012163701467216,2.9391929684206843,2.629615962505341
666,Aly Cissokho,2015,DL,18,0,4,1605,0.1072683986276388,0,0.4952607005834579,9,Aston Villa,3,1,0,0.1072683986276388,2.459506519138813,2.1241850033402443
666,Aly Cissokho,2014,DL,25,0,9,2142,0.5833376906812191,0,0.4642169009894132,8,Aston Villa,1,0,0,0.5833376906812191,2.1717900140210986,1.7702647959813476
667,Carlos Sánchez,2019,Sub,6,0,0,107,0.0,0,0.0,0,West Ham,0,0,0,0.0,0.2528734989464283,0.2528734989464283
667,Carlos Sánchez,2018,Sub,7,0,3,233,0.0571259995922446,0,0.0455124005675315,2,West Ham,0,0,0,0.0571259995922446,0.636942807585001,0.54633560590446
667,Carlos Sánchez,2015,Sub,20,0,13,1373,0.3657971695065498,0,0.377815212123096,4,Aston Villa,3,0,0,0.3657971695065498,2.6664146250113845,2.467636733315885
667,Carlos Sánchez,2014,Sub,28,1,17,1987,0.3707006284967065,0,0.7029740959405899,9,Aston Villa,6,1,1,0.3707006284967065,3.6336561497300863,3.23982874955982
668,Idrissa Gueye,2024,DMC,4,0,3,341,0.121107610873878,0,0.0,0,Everton,0,0,0,0.121107610873878,0.4611660093069076,0.3400584012269974
668,Idrissa Gueye,2023,MC,25,4,26,1930,1.66155200637877,0,1.0346810910850763,15,Everton,8,0,4,1.66155200637877,7.90418847836554,5.927652306854725
668,Idrissa Gueye,2022,Sub,33,0,15,2638,0.5034467745572329,1,0.9359579710289836,12,Everton,7,0,0,0.5034467745572329,7.161216028034687,5.986805498600006
668,Idrissa Gueye,2018,DMC,33,0,19,2828,0.5945741888135672,2,0.9329122863709928,18,Everton,6,0,0,0.5945741888135672,11.305636752396822,10.31035833247006
668,Idrissa Gueye,2017,MC,33,2,24,2769,1.5035941749811172,1,1.20610910654068,15,Everton,6,1,2,1.5035941749811172,8.81239400152117,6.786362822167575
668,Idrissa Gueye,2016,MC,33,1,25,2700,1.989438253454864,1,2.139620100148022,25,Everton,11,0,1,1.989438253454864,13.021232126280664,10.61426099203527
668,Idrissa Gueye,2015,MC,35,0,30,3085,0.8781897984445095,1,0.98757900390774,28,Aston Villa,10,0,0,0.8781897984445095,6.672482008114457,5.5509057100862265
669,Ashley Westwood,2021,MC,27,0,14,2292,0.4902864005416631,3,4.257005825638771,32,Burnley,7,0,0,0.4902864005416631,5.989552933722735,4.206027475185692
669,Ashley Westwood,2020,MC,38,3,19,3412,1.0059907007962463,3,6.534145314246416,52,Burnley,7,0,3,1.0059907007962463,10.02816303446889,6.304797999560833
669,Ashley Westwood,2019,MC,35,2,13,3150,1.175162992440164,6,7.076902749016881,54,Burnley,9,0,2,1.175162992440164,9.225505642592909,6.144050858914852
669,Ashley Westwood,2018,MC,34,2,22,2817,1.7083472097292542,7,5.231228264048696,42,Burnley,5,0,2,1.7083472097292542,8.081907398998737,3.608383154496551
669,Ashley Westwood,2017,Sub,19,0,8,1099,0.7065227087587118,1,0.8122401311993599,8,Burnley,2,0,0,0.7065227087587118,2.9934626556932926,1.5863978900015354
669,Ashley Westwood,2016,MC,9,0,2,549,0.0317745991051197,0,0.1513935998082161,5,Burnley,3,0,0,0.0317745991051197,0.825775496661663,0.7060893941670656
669,Ashley Westwood,2015,MC,32,2,38,2720,1.7461493341252208,2,3.151757683604956,41,Aston Villa,6,0,2,1.7461493341252208,6.387356759980321,4.117237228900194
669,Ashley Westwood,2014,DMC,27,0,18,2155,0.5476269014179707,1,2.522537903860212,35,Aston Villa,4,0,0,0.5476269014179707,5.277240414172411,4.168529082089663
670,Carles Gil,2015,FWR,23,2,17,1454,0.7563516963273287,0,1.486159997060895,25,Aston Villa,3,0,2,0.7563516963273287,3.3147316239774227,2.429522169753909
670,Carles Gil,2014,Sub,5,0,3,361,0.0863689985126257,1,0.8867846876382828,6,Aston Villa,1,0,0,0.0863689985126257,0.6940353959798813,0.6581714004278183
671,Rudy Gestede,2016,FW,16,1,15,514,1.292148396372795,0,0.7781423926353455,11,Middlesbrough,3,0,1,1.292148396372795,2.2981619797647,0.2998557090759277
671,Rudy Gestede,2015,Sub,32,5,61,1632,5.696741838008165,2,1.4262413000687957,15,Aston Villa,2,0,5,5.696741838008165,5.786227121017873,0.9677258897572756
672,Jordan Ayew,2024,Sub,4,0,6,268,0.5057174991816282,0,0.0558700142428278,2,Leicester,1,0,0,0.5057174991816282,0.6145535781979561,0.1673665437847376
672,Jordan Ayew,2024,Sub,1,0,1,17,0.5140550136566162,0,0.0303977578878402,1,Crystal Palace,1,0,0,0.5140550136566162,0.6350775361061096,0.6046797633171082
672,Jordan Ayew,2023,AMR,35,4,48,2563,4.262499047443271,7,4.95881259907037,25,Crystal Palace,7,1,4,4.262499047443271,10.702397212386131,5.5203778790310025
672,Jordan Ayew,2022,AMR,38,4,32,2738,2.751328118145466,3,3.050740525126457,30,Crystal Palace,5,0,4,2.751328118145466,7.421665016561747,3.225975366309285
672,Jordan Ayew,2021,MR,31,3,35,2036,4.290388016030192,3,3.0359251275658607,23,Crystal Palace,2,0,3,4.290388016030192,9.338780181482434,3.0739109199494123
672,Jordan Ayew,2020,FW,33,1,26,2097,2.58198132365942,3,0.8223462076857686,13,Crystal Palace,4,0,1,2.58198132365942,5.268270649015904,2.6505747539922595
672,Jordan Ayew,2019,FW,37,9,58,3196,7.676178464666009,2,2.864643355831504,30,Crystal Palace,6,0,9,7.676178464666009,11.721331859007478,3.877392420545221
672,Jordan Ayew,2018,FW,20,1,27,1200,2.648141134530306,2,1.2027313485741615,16,Crystal Palace,3,0,1,2.648141134530306,3.8745528385043135,1.1150097157806158
672,Jordan Ayew,2017,FWL,36,7,65,2862,6.851808795705438,2,1.9186685755848885,16,Swansea,2,1,6,6.090640120208263,8.016539975069463,1.894833592697978
672,Jordan Ayew,2016,FWR,14,1,12,858,1.021994834765792,3,1.8366587739437816,6,Swansea,1,0,1,1.021994834765792,2.998910278081894,0.79721849411726
672,Jordan Ayew,2015,FWR,30,7,59,2356,4.692514030262828,0,1.4725213972851634,18,Aston Villa,6,1,6,3.931344913318753,5.213557502254844,1.8964070649817584
673,Jordan Lyden,2015,DR,4,0,1,149,0.0626055970788002,0,0.0284503009170293,1,Aston Villa,0,0,0,0.0626055970788002,0.1646692976355552,0.0736133977770805
674,Leandro Bacuna,2018,Sub,11,0,5,543,0.0774940997362136,0,0.0256153997033834,1,Cardiff,2,0,0,0.0774940997362136,0.6749708820134401,0.581901591271162
674,Leandro Bacuna,2015,DR,31,1,32,2421,1.905084615573287,0,1.1993913184851408,16,Aston Villa,8,0,1,1.905084615573287,6.015960816293955,4.071642050519586
674,Leandro Bacuna,2014,Sub,19,0,17,970,0.9967574011534452,5,1.846682295203209,17,Aston Villa,1,0,0,0.9967574011534452,3.605835316702724,2.170273987576365
675,Jack Grealish,2024,Sub,4,0,5,180,0.4196890220046043,0,0.4144159406423569,6,Manchester City,1,0,0,0.4196890220046043,2.601052924990654,1.886921040713787
675,Jack Grealish,2023,AML,20,3,22,975,2.3835059702396397,1,2.7743227388709784,26,Manchester City,6,0,3,2.3835059702396397,11.642571322619917,7.49614975694567
675,Jack Grealish,2022,FWL,28,5,41,2083,4.998198181390762,7,7.464956499636173,50,Manchester City,3,0,5,4.998198181390762,18.557112345471975,8.295533634722233
675,Jack Grealish,2021,MC,26,3,44,1929,5.53242839500308,3,5.456195579841733,52,Manchester City,3,0,3,5.53242839500308,18.398098289966583,9.633637011051178
675,Jack Grealish,2020,FWL,26,6,50,2187,5.1926843244582415,10,9.334138981997969,81,Aston Villa,5,0,6,5.1926843244582415,17.487467363476753,6.972044946625829
675,Jack Grealish,2019,MC,36,8,73,3235,6.844703515991569,6,7.637995069846511,92,Aston Villa,8,0,8,6.083534499630332,18.373635333031416,9.304545175284147
675,Jack Grealish,2015,Sub,16,1,16,831,0.5990190040320158,0,0.6424275133758783,12,Aston Villa,1,0,1,0.5990190040320158,2.6512201130390167,1.994210036471486
675,Jack Grealish,2014,Sub,17,0,13,798,1.0659911818802357,1,2.286719797179103,18,Aston Villa,0,0,0,1.0659911818802357,3.6018659211695194,1.9990398027002807
676,Jores Okore,2015,DC,12,0,0,1080,0.0,0,0.1215000003576278,1,Aston Villa,1,0,0,0.0,1.2886639153584838,1.167163915000856
676,Jores Okore,2014,DC,23,1,6,2005,0.7885554805397987,0,0.5431609079241753,6,Aston Villa,6,0,1,0.7885554805397987,3.58841136097908,3.4798337519168854
677,Jordan Veretout,2015,MC,25,0,19,1831,0.5650775404646993,5,2.729467500001192,39,Aston Villa,4,0,0,0.5650775404646993,4.899514092132449,3.7970037991181016
678,Mark Bunn,2015,GK,10,0,0,900,0.0,0,0.0,0,Aston Villa,2,0,0,0.0,0.1554956976324319,0.1554956976324319
679,Scott Sinclair,2015,FWL,27,2,17,1598,2.815946187824011,0,0.131769198924303,5,Aston Villa,0,0,1,2.054780151695013,3.5370405688881874,1.5768062099814415
679,Scott Sinclair,2014,Sub,9,1,7,456,1.0023591704666617,0,0.1050385013222694,2,Aston Villa,0,0,1,1.0023591704666617,1.437374621629715,0.4995230138301849
679,Scott Sinclair,2014,Sub,2,0,0,2,0.0,0,0.0,0,Manchester City,0,0,0,0.0,0.0,0.0
680,Thibaut Courtois,2017,GK,35,0,0,3150,0.0,0,0.0,0,Chelsea,2,0,0,0.0,3.669546658173204,3.669546658173204
680,Thibaut Courtois,2016,GK,36,0,0,3240,0.0,0,0.0,0,Chelsea,1,0,0,0.0,3.5769765060395,3.5769765060395
680,Thibaut Courtois,2015,GK,23,0,0,2023,0.0,0,0.0,0,Chelsea,1,2,0,0.0,3.1832834305241704,3.1832834305241704
680,Thibaut Courtois,2014,GK,32,0,0,2813,0.0,0,0.2153796032071113,3,Chelsea,1,0,0,0.0,1.737821089103818,1.5224414858967066
681,César Azpilicueta,2022,DC,25,0,9,1511,0.3268246091902256,0,1.4374469444155693,13,Chelsea,3,0,0,0.3268246091902256,6.943540018051863,6.189002115279436
681,César Azpilicueta,2021,DMR,27,1,11,2084,1.2615648172795773,2,2.075762717053294,17,Chelsea,3,0,1,1.2615648172795773,12.788144562393429,10.711090104654431
681,César Azpilicueta,2020,Sub,26,1,11,2189,0.5030054012313485,2,2.575493517331779,27,Chelsea,5,1,1,0.5030054012313485,13.98924983292818,12.338828016072512
681,César Azpilicueta,2019,DR,36,2,29,3234,2.594344720244408,6,6.03390396386385,45,Chelsea,1,0,2,2.594344720244408,18.32702504843473,14.643180511891842
681,César Azpilicueta,2018,DR,38,1,17,3405,1.259638173505664,5,2.423508601263165,27,Chelsea,4,0,1,1.259638173505664,14.24892766866833,11.969819367863238
681,César Azpilicueta,2017,DMR,37,2,13,3330,1.3824910335242748,6,4.652556613087654,32,Chelsea,1,0,2,1.3824910335242748,15.965329609811306,12.362426977604628
681,César Azpilicueta,2016,DL,38,1,18,3420,0.6433532983064651,4,1.6755605190992355,22,Chelsea,4,0,1,0.6433532983064651,12.989188741892576,11.40963128209114
681,César Azpilicueta,2015,DL,37,2,10,3208,1.2036286052316427,3,2.2325296327471733,21,Chelsea,7,0,2,1.2036286052316427,12.767125852406023,11.378263026475906
681,César Azpilicueta,2014,DL,29,0,7,2483,0.2526192078366875,3,1.3073479924350977,17,Chelsea,1,1,0,0.2526192078366875,10.020225482061504,9.230914175510406
682,Branislav Ivanovic,2020,DC,13,0,4,761,0.4594705104827881,0,0.048929501324892,1,West Bromwich Albion,2,0,0,0.4594705104827881,0.3491972014307976,0.3491972014307976
682,Branislav Ivanovic,2016,DR,13,0,7,578,0.3240773035213351,0,0.1858418993651867,3,Chelsea,2,0,0,0.3240773035213351,2.4457230120897293,2.266520000994205
682,Branislav Ivanovic,2015,DR,33,2,28,2922,2.3555952794849877,2,2.0069943265989423,13,Chelsea,5,0,2,2.3555952794849877,10.8492234563455,9.19849253911525
682,Branislav Ivanovic,2014,DR,38,4,44,3420,4.3701117252931,5,5.315748207271099,35,Chelsea,10,1,4,4.3701117252931,17.02221167460084,11.98297978937626
683,Matt Miazga,2015,DC,2,0,0,138,0.0,0,0.0,0,Chelsea,1,0,0,0.0,0.259469985961914,0.259469985961914
684,Abdul Rahman Baba,2015,DL,15,0,6,1018,0.3791146036237478,1,0.1792413964867591,3,Chelsea,1,0,0,0.3791146036237478,3.869668923318386,3.490554090589285
685,John Obi Mikel,2015,DMC,25,0,7,1782,0.2847858062013984,1,0.1094794003292918,5,Chelsea,6,0,0,0.2847858062013984,6.554197577759624,6.3566024992614985
685,John Obi Mikel,2014,Sub,18,0,3,678,0.4861995987594127,1,0.3263580119237304,2,Chelsea,1,0,0,0.4861995987594127,3.171091739088297,2.8278507329523563
686,Cesc Fàbregas,2018,Sub,6,0,1,167,0.0598409995436668,0,0.21524160169065,3,Chelsea,1,0,0,0.0598409995436668,2.3723045960068703,2.188558615744114
686,Cesc Fàbregas,2017,MC,32,2,38,2314,2.5169959999620914,4,6.851440900936723,90,Chelsea,5,1,2,2.5169959999620914,14.97907830402255,10.848990377038715
686,Cesc Fàbregas,2016,MC,29,5,26,1294,2.809538900852204,12,7.848821707069874,62,Chelsea,8,0,5,2.809538900852204,11.544593039900064,6.12983924895525
686,Cesc Fàbregas,2015,DMC,37,5,45,2901,3.869538052938879,7,8.421028561890125,67,Chelsea,5,0,3,2.3472050121054053,19.53798940964043,14.364742593839765
686,Cesc Fàbregas,2014,DMC,34,3,43,2895,3.2493744967505336,18,10.149339623749256,95,Chelsea,11,1,3,3.2493744967505336,23.013181414455172,16.971006333827972
687,Pedro,2019,AMR,11,1,22,661,2.472474880516529,1,1.0707547720521688,17,Chelsea,1,0,1,2.472474880516529,4.754027055576444,1.5569443982094526
687,Pedro,2018,FWR,31,8,57,1777,5.983353950083256,2,3.8842110745608807,29,Chelsea,2,0,8,5.983353950083256,15.4001475693658,8.180639158003032
687,Pedro,2017,AMC,31,4,56,1523,3.599892320111394,2,1.685534816235304,26,Chelsea,1,0,4,3.599892320111394,6.591059405356646,2.5551874823868275
687,Pedro,2016,Sub,35,9,59,2178,5.991286236792803,9,5.526838485151529,42,Chelsea,6,0,9,5.991286236792803,16.25231236591935,6.784710191190243
687,Pedro,2015,AML,29,7,57,2061,6.120477117598057,2,4.614514185115695,42,Chelsea,3,0,7,6.120477117598057,16.050368435680866,6.954230200499296
688,Ruben Loftus-Cheek,2022,Sub,25,0,9,1550,0.856397295370698,1,1.7559158895164728,15,Chelsea,1,0,0,0.856397295370698,6.833013786934316,4.327356296591461
688,Ruben Loftus-Cheek,2021,Sub,24,0,19,1378,0.9419815111905336,2,2.55641508102417,18,Chelsea,1,0,0,0.9419815111905336,8.096100836992264,6.934505823999643
688,Ruben Loftus-Cheek,2020,AMC,30,1,35,1923,3.330010058358312,0,1.244578005746007,17,Fulham,3,0,1,3.330010058358312,7.594994358718395,3.7274230727925897
688,Ruben Loftus-Cheek,2020,FW,1,0,0,65,0.0,0,0.0,0,Chelsea,0,0,0,0.0,0.0198027994483709,0.0198027994483709
688,Ruben Loftus-Cheek,2019,FWL,7,0,4,195,0.5446936143562198,1,0.5234689712524414,1,Chelsea,0,0,0,0.5446936143562198,1.6199398376047611,0.5517780985683203
688,Ruben Loftus-Cheek,2018,Sub,24,6,28,969,3.2402343936264515,2,1.010944813489914,17,Chelsea,0,0,6,3.2402343936264515,8.282627486623824,5.7862215237692
688,Ruben Loftus-Cheek,2017,AMC,24,2,32,1877,3.4516441831365228,3,3.24505303427577,26,Crystal Palace,1,0,2,3.4516441831365228,9.316091772168877,4.744007950648665
688,Ruben Loftus-Cheek,2016,Sub,6,0,1,23,0.1375000029802322,0,0.0,0,Chelsea,0,0,0,0.1375000029802322,0.2436390053480863,0.1061390023678541
688,Ruben Loftus-Cheek,2015,Sub,13,1,12,399,0.9546099007129668,0,0.1375066991895437,4,Chelsea,0,0,1,0.9546099007129668,2.598377004265785,1.7522745877504349
688,Ruben Loftus-Cheek,2014,Sub,3,0,1,139,0.0170719996094703,0,0.079070396721363,1,Chelsea,0,0,0,0.0170719996094703,0.1613699942827224,0.1442980021238327
689,Kenedy,2021,DML,1,0,1,59,0.0535646006464958,1,0.7482360005378723,2,Chelsea,0,0,0,0.0535646006464958,0.5048699975013733,0.3631519973278045
689,Kenedy,2018,ML,25,1,31,1347,2.407705088146031,1,0.8153685946017504,11,Newcastle United,1,0,1,1.646536116488278,4.687828887254,2.716439800336957
689,Kenedy,2017,ML,13,2,23,1039,2.404393939301372,2,1.815445363521576,13,Newcastle United,1,0,2,2.404393939301372,4.301871979609132,0.9611966889351606
689,Kenedy,2016,ML,1,0,3,78,0.1576309949159622,0,0.0422700010240078,1,Chelsea,0,0,0,0.1576309949159622,0.1779350042343139,0.0
689,Kenedy,2016,Sub,1,0,0,13,0.0,0,0.0,0,Watford,0,0,0,0.0,0.0,0.0
689,Kenedy,2015,Sub,14,1,13,544,0.3206858960911631,0,0.5036235116422176,6,Chelsea,0,0,1,0.3206858960911631,2.9553769063204527,2.2893614917993546
690,Loïc Remy,2016,Sub,5,0,6,121,0.3525534942746162,0,0.0815501026809215,2,Crystal Palace,0,0,0,0.3525534942746162,0.4341032020747661,0.0410032011568546
690,Loïc Remy,2015,Sub,13,1,13,269,2.0837942995131016,0,0.1587666012346744,4,Chelsea,0,0,1,2.0837942995131016,2.400937788188457,0.1583769991993904
690,Loïc Remy,2014,Sub,19,7,30,659,4.30410292185843,0,0.2239072006195783,5,Chelsea,0,0,7,4.30410292185843,4.963815376162529,1.6167294811457396
690,Loïc Remy,2014,FW,2,0,7,180,0.3511070981621742,0,0.3813570141792297,1,Queens Park Rangers,0,0,0,0.3511070981621742,0.6894480958580971,0.0286573003977537
691,Alexandre Pato,2015,FW,2,1,4,134,1.7201659679412842,0,0.0,0,Chelsea,0,0,0,0.9589969925582408,1.641287982463837,0.6822909712791443
692,Oscar,2016,MC,9,0,12,457,0.4914333969354629,1,1.2346308156847954,15,Chelsea,1,0,0,0.4914333969354629,3.4357391223311424,2.496866356581449
692,Oscar,2015,AMC,27,3,52,1785,5.17186302319169,3,3.297748578712344,29,Chelsea,4,0,2,3.6495230086147785,10.235748451203108,5.516655184328556
692,Oscar,2014,AMC,28,6,72,2072,6.540385385975242,8,5.224342212080956,37,Chelsea,5,0,6,6.540385385975242,15.803944010287523,7.1499633844941854
693,Jake Clarke-Salter,2015,Sub,1,0,0,13,0.0,0,0.0,0,Chelsea,0,0,0,0.0,0.1408450007438659,0.1408450007438659
694,Asmir Begovic,2022,GK,1,0,0,90,0.0,0,0.0,0,Everton,0,0,0,0.0,0.0,0.0
694,Asmir Begovic,2021,GK,3,0,0,270,0.0,0,0.0,0,Everton,0,0,0,0.0,0.0,0.0
694,Asmir Begovic,2018,GK,24,0,0,2160,0.0,0,0.0,0,Bournemouth,0,0,0,0.0,2.4910210128873587,2.4910210128873587
694,Asmir Begovic,2017,GK,38,0,0,3420,0.0,0,0.0409124009311199,1,Bournemouth,2,0,0,0.0,1.3056802172213793,1.3056802172213793
694,Asmir Begovic,2016,GK,2,0,0,180,0.0,0,0.0,0,Chelsea,0,0,0,0.0,0.025731299072504,0.025731299072504
694,Asmir Begovic,2015,Sub,17,0,0,1393,0.0,0,0.0,0,Chelsea,0,0,0,0.0,1.3994961008429527,1.3994961008429527
694,Asmir Begovic,2014,GK,35,0,1,3150,0.0670076012611389,0,0.029391199350357,1,Stoke,3,0,0,0.0670076012611389,1.855951971374452,1.8265609657391904
695,Bertrand Traoré,2023,Sub,2,0,0,7,0.0,0,0.0,0,Aston Villa,0,0,0,0.0,0.0,0.0
695,Bertrand Traoré,2022,Sub,8,2,9,216,0.856813095510006,0,0.0698933973908424,1,Aston Villa,1,0,2,0.856813095510006,1.9170579137280583,1.0958947828039527
695,Bertrand Traoré,2021,Sub,9,0,8,199,0.2636704966425895,0,0.0,0,Aston Villa,0,0,0,0.2636704966425895,0.6458876002579927,0.4442637031897902
695,Bertrand Traoré,2020,Sub,36,7,64,2362,6.304104885086417,6,4.570988927036524,35,Aston Villa,1,0,7,6.304104885086417,9.835362154990436,1.3322146972641349
695,Bertrand Traoré,2015,FW,10,2,17,365,1.6593624241650105,1,0.627598786726594,5,Chelsea,0,0,2,1.6593624241650105,2.3423980325460434,0.1508724018931388
696,Falcao,2015,Sub,10,1,11,208,0.7739494126290083,0,0.091769004240632,2,Chelsea,1,0,1,0.7739494126290083,0.8805264085531235,0.1926135942339897
696,Falcao,2014,Sub,26,4,38,1278,7.156317615881562,4,1.894074559211731,18,Manchester United,2,0,4,7.156317615881562,9.530356481671332,2.632780880667269
697,Nemanja Matic,2021,Sub,23,0,6,1386,0.2044106014072895,4,1.854646393097937,13,Manchester United,3,0,0,0.2044106014072895,7.176157760433853,5.484574156813324
697,Nemanja Matic,2020,DMC,20,0,6,1099,0.1647856961935758,0,0.8938351850956678,8,Manchester United,2,0,0,0.1647856961935758,6.13336412422359,5.510588930919766
697,Nemanja Matic,2019,Sub,21,0,7,1586,0.2343032006174326,2,0.8946513924747705,15,Manchester United,2,0,0,0.2343032006174326,9.277425471693276,8.349473882466555
697,Nemanja Matic,2018,MC,28,1,12,2450,1.7107221204787493,0,0.5648093018680811,13,Manchester United,6,1,1,1.7107221204787493,11.787703746929765,11.24393029138446
697,Nemanja Matic,2017,DMC,36,1,18,3121,0.4516920950263738,1,1.3941086092963817,23,Manchester United,6,0,1,0.4516920950263738,14.98948823660612,13.946672044694424
697,Nemanja Matic,2016,MC,35,1,20,2699,1.1329743070527911,7,3.0576382223516703,26,Chelsea,4,0,1,1.1329743070527911,10.869502376765013,9.141998574137688
697,Nemanja Matic,2015,DMC,33,2,34,2426,2.506363909691572,2,2.058973101899028,19,Chelsea,4,1,2,2.506363909691572,11.280712064355612,9.022077601402998
697,Nemanja Matic,2014,DMC,36,1,29,3124,2.7987089725211263,3,2.3804205218330026,24,Chelsea,10,1,1,2.7987089725211263,14.202532468363644,12.930089427158237
698,Adam Bogdan,2015,GK,2,0,0,180,0.0,0,0.0,0,Liverpool,0,0,0,0.0,0.1202159970998764,0.1202159970998764
699,Gary Cahill,2020,DC,20,1,11,1800,0.7365135010331869,1,0.6217405945062637,8,Crystal Palace,3,0,1,0.7365135010331869,2.2731895092874765,2.0231167282909155
699,Gary Cahill,2019,DC,25,0,21,2167,1.6104979990050197,1,0.4316556919366121,3,Crystal Palace,1,0,0,1.6104979990050197,1.811500808224082,1.7518767025321722
699,Gary Cahill,2018,Sub,2,0,0,22,0.0,0,0.0,0,Chelsea,0,0,0,0.0,0.0151519998908042,0.0151519998908042
699,Gary Cahill,2017,DC,27,0,10,2075,0.4605973036959767,0,0.0830385014414787,3,Chelsea,1,1,0,0.4605973036959767,7.346298925578594,7.216384930536151
699,Gary Cahill,2016,DC,37,6,24,3299,3.2974409023299813,0,0.1710185036063194,5,Chelsea,5,0,6,3.2974409023299813,7.968183062970638,7.805242931470275
699,Gary Cahill,2015,DC,23,2,13,1952,1.5026721898466349,1,0.1968750972300768,3,Chelsea,2,0,2,1.5026721898466349,1.938991790637374,1.7717088777571917
699,Gary Cahill,2014,DC,36,1,22,2986,1.824857423081994,0,1.692150010727346,4,Chelsea,5,0,1,1.824857423081994,5.606336020864546,5.403009018860757
700,Willian,2023,FWL,31,4,45,2080,5.017656198702753,2,4.14518438372761,45,Fulham,1,0,2,3.495318523608148,13.592191327363253,9.297335214912891
700,Willian,2022,Sub,27,5,41,2174,3.383236724883318,5,5.042201226577163,51,Fulham,2,0,5,3.383236724883318,9.590186490677295,3.7871379032731056
700,Willian,2020,FWR,25,1,20,1413,1.8349484112113716,5,3.591709390282631,32,Arsenal,0,0,1,1.8349484112113716,7.110169928520918,3.815574500709772
700,Willian,2019,Sub,36,9,71,2609,8.1353350430727,7,8.679425723850727,76,Chelsea,4,0,5,5.09066017717123,18.409351848065853,10.227615585550666
700,Willian,2018,FWL,32,3,62,2123,4.348796479403973,6,6.518495114520192,79,Chelsea,2,0,3,4.348796479403973,12.7447675364092,6.436568344943225
700,Willian,2017,AMC,36,6,54,1872,5.983236160129309,7,6.1695123594254255,62,Chelsea,1,0,5,5.222104173153639,12.889184974133968,5.100901506841183
700,Willian,2016,MR,34,8,44,1509,3.7568806800991297,2,3.064136871136725,51,Chelsea,3,0,8,3.7568806800991297,9.140880485996604,4.566343002021313
700,Willian,2015,AMR,35,5,60,2766,4.4275352749973536,6,7.687523938715458,81,Chelsea,5,0,5,4.4275352749973536,13.175751600414516,6.5942362844944
700,Willian,2014,Sub,36,2,55,2439,4.227030659094453,3,5.783547852188349,49,Chelsea,3,0,2,4.227030659094453,17.246698135510087,9.933883149176836
701,Eden Hazard,2018,Sub,37,16,93,2935,12.29900643415749,15,11.570385755039752,98,Chelsea,2,0,12,9.254331471398473,25.328698812052608,11.546570900827646
701,Eden Hazard,2017,Sub,34,12,71,2451,8.21246101334691,4,7.303081020712852,84,Chelsea,2,0,10,6.690125960856676,19.69135767966509,9.29494846984744
701,Eden Hazard,2016,ML,36,16,77,3050,11.03284815326333,5,6.4405673667788506,88,Chelsea,3,0,14,8.749343048781157,20.609466394409537,9.10812764801085
701,Eden Hazard,2015,AML,31,4,36,2183,2.578371524810791,3,4.175006551668048,66,Chelsea,2,0,4,2.578371524810791,11.917035654187202,8.380612190812826
701,Eden Hazard,2014,AML,38,14,78,3389,12.01608707383275,9,11.238891988992693,100,Chelsea,2,0,11,8.971413988620043,31.84057104587555,19.47631709650159
702,Tammy Abraham,2020,FW,22,6,32,1027,6.1891482546925545,1,0.7214870899915695,9,Chelsea,0,0,6,6.1891482546925545,7.901167066767812,2.122331554070115
702,Tammy Abraham,2019,FW,34,15,88,2233,18.08280211687088,3,2.9130469039082527,21,Chelsea,2,0,15,18.08280211687088,19.84192240051925,1.5461503937840462
702,Tammy Abraham,2017,FWR,31,5,42,1706,6.159964485093951,1,1.444298505783081,12,Swansea,0,0,5,6.159964485093951,7.57333542779088,1.3030468244105575
702,Tammy Abraham,2015,Sub,2,0,2,51,0.1651079952716827,0,0.0,0,Chelsea,0,0,0,0.1651079952716827,0.1651079952716827,0.0
703,Fikayo Tomori,2020,Sub,1,0,0,43,0.0,0,0.0,0,Chelsea,0,0,0,0.0,0.0727275013923645,0.0727275013923645
703,Fikayo Tomori,2019,DC,15,1,7,1299,0.5629758918657899,0,0.1198765989392995,4,Chelsea,3,0,1,0.5629758918657899,5.061155961826444,4.995166664943099
703,Fikayo Tomori,2015,Sub,1,0,0,29,0.0,0,0.0,0,Chelsea,0,0,0,0.0,0.0,0.0
705,Kasey Palmer,2017,AMC,4,0,2,165,0.0800703018903732,0,0.0466761998832225,1,Huddersfield,2,0,0,0.0800703018903732,0.1521700983867049,0.0720994984731078
706,Lukasz Fabianski,2024,Sub,1,0,0,42,0.0,0,0.0,0,West Ham,0,0,0,0.0,0.0,0.0
706,Lukasz Fabianski,2023,GK,10,0,0,706,0.0,0,0.0,0,West Ham,0,0,0,0.0,0.3157586343586445,0.3157586343586445
706,Lukasz Fabianski,2022,GK,36,0,0,3115,0.0,0,0.0,0,West Ham,1,0,0,0.0,1.1410813555121422,1.1410813555121422
706,Lukasz Fabianski,2021,GK,37,0,0,3330,0.0,0,0.0,0,West Ham,2,0,0,0.0,3.294206129387021,3.294206129387021
706,Lukasz Fabianski,2020,GK,35,0,0,3150,0.0,0,0.0,0,West Ham,2,0,0,0.0,1.276375892572105,1.276375892572105
706,Lukasz Fabianski,2019,GK,25,0,0,2117,0.0,0,0.0,0,West Ham,1,0,0,0.0,1.0038329157978296,1.0038329157978296
706,Lukasz Fabianski,2018,GK,38,0,0,3420,0.0,0,0.075051000341773,2,West Ham,0,0,0,0.0,2.018197789788246,1.943146789446473
706,Lukasz Fabianski,2017,GK,38,0,0,3420,0.0,0,0.0184467993676662,1,Swansea,0,0,0,0.0,0.563728985376656,0.5452821860089898
706,Lukasz Fabianski,2016,GK,37,0,0,3330,0.0,0,0.0,0,Swansea,1,0,0,0.0,2.2043418753892183,2.2043418753892183
706,Lukasz Fabianski,2015,GK,37,0,1,3330,0.0186777003109455,1,0.1067896988242864,2,Swansea,1,0,0,0.0186777003109455,3.3960371436551213,3.289247444830835
706,Lukasz Fabianski,2014,GK,37,0,0,3310,0.0,0,0.0,0,Swansea,0,1,0,0.0,5.364475024864078,5.364475024864078
707,Angel Rangel,2017,Sub,4,0,0,154,0.0,0,0.1204760000109672,1,Swansea,0,0,0,0.0,0.4973075967282057,0.4973075967282057
707,Angel Rangel,2016,Sub,18,1,5,811,0.2413316024467349,0,0.6948097981512547,7,Swansea,1,0,1,0.2413316024467349,2.639930915087461,2.4480347856879234
707,Angel Rangel,2015,DR,23,0,14,1824,0.850328590720892,0,0.6480673085898161,12,Swansea,6,0,0,0.850328590720892,4.898533890023828,4.435109935700893
707,Angel Rangel,2014,DR,27,0,7,2036,0.1650554994121194,0,1.47225459292531,13,Swansea,1,1,0,0.1650554994121194,6.861091006547213,6.046136010438204
708,Federico Fernández,2021,DC,7,0,6,523,0.3371326047927141,0,0.2842389941215515,1,Newcastle United,0,0,0,0.3371326047927141,0.5562516041100025,0.2720123007893562
708,Federico Fernández,2020,DC,24,0,4,2090,0.1938432017341256,0,0.5685489978641272,7,Newcastle United,4,0,0,0.1938432017341256,3.3054693043231964,3.2190255261957645
708,Federico Fernández,2019,Sub,32,2,15,2610,1.781358391046524,2,1.4652108028531077,4,Newcastle United,8,0,2,1.781358391046524,4.351394359022379,3.7974874936044216
708,Federico Fernández,2018,DC,19,0,4,1486,0.0828974992036819,1,0.4301623059436679,5,Newcastle United,2,0,0,0.0828974992036819,2.922757290303707,2.645169705152512
708,Federico Fernández,2017,DC,30,1,8,2678,1.0560476016253233,1,0.7558943126350641,6,Swansea,5,0,1,1.0560476016253233,2.6410146029666066,2.0668775876984
708,Federico Fernández,2016,DC,27,0,15,2430,1.6510254181921482,2,0.796491514891386,3,Swansea,7,0,0,1.6510254181921482,3.9389299750328064,3.799915969371796
708,Federico Fernández,2015,DC,32,1,17,2880,1.670275891199708,1,0.3864244502037763,8,Swansea,3,0,1,1.670275891199708,5.869625451043248,5.686014052480459
708,Federico Fernández,2014,Sub,28,0,13,2472,0.5938718896359205,0,0.0922016017138958,3,Swansea,0,0,0,0.5938718896359205,3.738038660027087,3.619105172343552
709,Ashley Williams,2017,DC,24,1,13,1840,0.7898285016417503,0,0.1547699952498078,3,Everton,3,1,1,0.7898285016417503,1.5408849865198135,1.4772319942712784
709,Ashley Williams,2016,DC,36,1,15,3156,1.3583404114469886,3,1.2082149414345622,10,Everton,7,1,1,1.3583404114469886,7.198602022603154,6.826772337779403
709,Ashley Williams,2015,DC,36,2,16,3240,1.7815254908055067,1,0.4403919987380504,11,Swansea,8,0,2,1.7815254908055067,7.390198610723019,7.146746585145593
709,Ashley Williams,2014,DC,37,0,7,3330,0.3995542991906404,0,0.1468481998890638,6,Swansea,6,0,0,0.3995542991906404,6.921002980321646,6.735799659043551
710,Neil Taylor,2020,Sub,1,0,0,13,0.0,0,0.0,0,Aston Villa,1,0,0,0.0,0.0,0.0
710,Neil Taylor,2019,DL,14,0,3,1085,0.1268537007272243,0,0.470634289085865,5,Aston Villa,2,0,0,0.1268537007272243,2.8881289437413216,2.387243937700987
710,Neil Taylor,2016,DML,11,0,4,923,0.0549204014241695,0,0.049771100282669,2,Swansea,1,0,0,0.0549204014241695,1.7568602934479711,1.6857552882283926
710,Neil Taylor,2015,DL,34,0,9,2951,0.2196004493162036,1,1.0369009878486397,16,Swansea,4,0,0,0.2196004493162036,5.103223686106503,4.760404804721475
710,Neil Taylor,2014,DL,34,0,4,3004,0.0754489004611969,2,1.7879231059923768,22,Swansea,9,0,0,0.0754489004611969,8.68850091099739,7.775590851902962
711,Leroy Fer,2017,MC,20,1,12,1399,1.6069245170801878,1,1.1950314790010452,10,Swansea,5,0,1,1.6069245170801878,3.0076423790305853,1.7274935189634562
711,Leroy Fer,2016,MC,34,6,36,2393,5.205665404908359,2,1.0550480000674725,18,Swansea,9,0,6,5.205665404908359,7.079867891967297,4.92977986112237
711,Leroy Fer,2015,MC,11,0,5,758,0.2485554032027721,2,0.4633057992905378,8,Swansea,2,0,0,0.2485554032027721,1.7984610479325056,1.4547816831618547
711,Leroy Fer,2014,MC,29,6,54,2375,5.116700321435928,2,3.586207481566817,48,Queens Park Rangers,4,0,6,5.116700321435928,10.68013789691031,4.389066057279706
712,Jack Cork,2023,Sub,4,0,0,16,0.0,0,0.0,0,Burnley,0,0,0,0.0,0.2487726733088493,0.2487726733088493
712,Jack Cork,2021,MC,20,1,7,1689,0.7342861033976078,0,0.1921836994588375,6,Burnley,4,0,1,0.7342861033976078,3.6798261487856503,3.4212030777707696
712,Jack Cork,2020,Sub,16,0,5,1355,0.1973267020657658,0,0.3305272376164794,8,Burnley,2,0,0,0.1973267020657658,2.8145491192117333,2.498658921569586
712,Jack Cork,2019,MC,30,0,18,2627,1.3451761966571212,0,1.172847704961896,12,Burnley,1,0,0,1.3451761966571212,6.311918627470732,4.833095049485564
712,Jack Cork,2018,MC,37,1,17,3315,1.5164046045392752,2,2.260395457036793,18,Burnley,6,0,1,1.5164046045392752,5.233603692613542,3.089458076283336
712,Jack Cork,2017,MC,38,2,16,3420,1.695135110989213,1,0.7797284973785281,18,Burnley,7,0,2,1.695135110989213,6.570966776460409,5.121952967718244
712,Jack Cork,2016,MC,30,0,18,2233,1.3317926889285443,0,1.22106858715415,13,Swansea,7,0,0,1.3317926889285443,5.688696321099997,4.599153725430369
712,Jack Cork,2015,Sub,35,1,19,2543,0.918854609131813,2,1.96001591347158,30,Swansea,3,0,1,0.918854609131813,7.81073460355401,6.233916888013482
712,Jack Cork,2014,DMC,15,1,5,1326,1.7780292611569166,0,0.3465836979448795,7,Swansea,1,0,1,1.7780292611569166,4.106026412919164,3.403785651549697
712,Jack Cork,2014,Sub,12,2,3,469,1.35272872261703,0,0.361724498681724,5,Southampton,0,0,2,1.35272872261703,4.839675329625607,3.919398300349712
713,André Ayew,2022,Sub,13,0,4,286,0.9884005077183248,0,0.0331967063248157,1,Nottingham Forest,1,0,0,0.2272314913570881,1.1744301989674568,0.914002001285553
713,André Ayew,2017,Sub,12,0,13,967,1.302622027695179,2,1.183495707809925,12,Swansea,3,0,0,1.302622027695179,2.887883696705103,0.5273213051259518
713,André Ayew,2017,AMR,18,3,13,892,3.445202235132456,2,0.323005486279726,4,West Ham,2,0,3,2.684031192213297,2.1241005025804043,1.3087850920856
713,André Ayew,2016,FWR,25,6,33,1432,7.654208952561021,3,2.3669463582336903,15,West Ham,1,0,6,7.654208952561021,9.077346838079391,1.35247690230608
713,André Ayew,2015,AMR,34,12,67,2967,8.46296308748424,2,2.337733743712306,23,Swansea,5,0,12,8.46296308748424,12.215979408472776,3.8303366722539063
714,Gylfi Sigurdsson,2020,Sub,36,6,49,2250,6.404703702777624,5,4.837688572704792,44,Everton,2,0,3,3.360029112547636,8.47510883398354,3.6605118457227945
714,Gylfi Sigurdsson,2019,AMC,35,2,46,2580,4.019368244335055,3,4.011607032269239,52,Everton,3,0,1,3.258199540898204,11.046204032376409,7.521263286471367
714,Gylfi Sigurdsson,2018,AMC,38,13,86,3150,12.118331415578725,6,6.791105677373707,74,Everton,3,0,11,8.31264884583652,15.66706788353622,5.154640041291714
714,Gylfi Sigurdsson,2017,Sub,27,4,39,2265,3.1870517786592245,3,3.74633795581758,36,Everton,2,0,4,3.1870517786592245,8.545139376074076,3.432769101113081
714,Gylfi Sigurdsson,2016,Sub,38,9,116,3329,8.569288490340114,13,8.268965737894177,79,Swansea,2,0,6,6.28578289039433,10.746341725811362,3.8264196943491697
714,Gylfi Sigurdsson,2015,AMC,36,11,88,2921,7.710650116205215,3,5.429829095490277,57,Swansea,6,0,8,5.427143078297377,10.766502927988768,4.88439710251987
714,Gylfi Sigurdsson,2014,AMC,32,7,67,2721,5.177992397919297,10,8.451312126591802,73,Swansea,2,0,7,5.177992397919297,15.548747316002846,7.116851134225726
715,Jefferson Montero,2016,Sub,13,0,4,359,0.1757615953683853,1,1.2649257853627205,10,Swansea,0,0,0,0.1757615953683853,1.7466660784557462,0.8094277223572135
715,Jefferson Montero,2015,AML,23,0,20,1355,1.672670589759946,2,2.939996268600225,26,Swansea,0,0,0,1.672670589759946,5.77126500941813,1.8180908747017384
715,Jefferson Montero,2014,Sub,30,1,13,1551,1.0105927288532257,7,3.652138037607074,27,Swansea,0,0,1,1.0105927288532257,6.563084755092859,3.3003817070275545
716,Alberto Paloschi,2015,FW,10,2,15,675,2.420431124046445,0,0.603236598894,3,Swansea,2,0,2,2.420431124046445,2.7354960180819035,0.2115350011736154
717,Bafétimbi Gomis,2015,FW,33,6,59,1685,6.098333736881614,0,2.4120547231286764,17,Swansea,0,0,5,5.337160786613822,8.543976483866572,2.369196319952607
717,Bafétimbi Gomis,2014,Sub,31,7,69,1619,7.497829519212246,0,0.8869193764403462,13,Swansea,0,0,7,7.497829519212246,7.2545317858457565,1.5422120690345764
718,Kyle Naughton,2017,DR,34,0,12,3037,0.3098699990659952,2,0.3573426995426416,12,Swansea,1,0,0,0.3098699990659952,4.037138158455491,3.5683264639228582
718,Kyle Naughton,2016,DR,31,1,20,2722,0.5690799048170447,0,1.8282627910375595,23,Swansea,5,0,1,0.5690799048170447,7.30380274541676,5.3719260804355145
718,Kyle Naughton,2015,DR,27,0,8,1750,0.2736861938610673,3,2.022213464602828,20,Swansea,2,1,0,0.2736861938610673,6.259629434905946,4.39659991953522
718,Kyle Naughton,2014,DR,10,0,3,860,0.0408255010843277,1,0.3703144108876586,3,Swansea,1,0,0,0.0408255010843277,2.1567064402624965,2.115876722149551
718,Kyle Naughton,2014,DR,5,0,0,329,0.0,0,0.0289999991655349,1,Tottenham,0,2,0,0.0,0.2685087993741035,0.2685087993741035
719,Wayne Routledge,2017,FW,15,0,5,417,0.3855976965278387,0,0.380062997341156,5,Swansea,1,0,0,0.3855976965278387,1.3499411791563034,0.6720064803957939
719,Wayne Routledge,2016,FWL,27,3,19,1957,3.782799627631903,1,2.054804333485663,25,Swansea,1,0,3,3.782799627631903,6.5160643476992846,1.7848158106207848
719,Wayne Routledge,2015,Sub,28,2,18,1700,2.52651600074023,1,1.7192793767899277,29,Swansea,3,0,2,2.52651600074023,5.908184255473316,2.3552612997591496
719,Wayne Routledge,2014,AML,29,3,31,2327,3.858188139274717,1,2.311216900125146,28,Swansea,1,1,3,3.858188139274717,8.53514770977199,3.121097734197974
720,Modou Barrow,2016,FWR,18,0,15,1165,0.8852935042232275,2,2.2491155033931136,21,Swansea,1,0,0,0.8852935042232275,4.228257432579994,2.098295385017991
720,Modou Barrow,2015,Sub,22,1,11,762,0.4563116068020463,2,1.181954595260322,13,Swansea,0,0,1,0.4563116068020463,2.616060396656394,1.5302879698574543
720,Modou Barrow,2014,Sub,11,0,2,266,0.0445170998573303,1,0.8047116920351982,5,Swansea,1,0,0,0.0445170998573303,1.188092790544033,1.027893990278244
721,Jordi Amat,2016,DC,17,0,7,1409,0.8267893875017762,0,0.0405860990285873,2,Swansea,5,0,0,0.8267893875017762,2.9903355007991195,2.934588006697595
721,Jordi Amat,2015,DC,8,0,1,451,0.6412090063095093,0,0.0736297965049743,1,Swansea,0,0,0,0.6412090063095093,0.2246190924197435,0.2246190924197435
721,Jordi Amat,2014,DC,10,0,0,591,0.0,0,0.0372768007218837,1,Swansea,3,0,0,0.0,0.9018794000148772,0.8646025992929935
722,Kristoffer Nordfeldt,2016,GK,1,0,0,90,0.0,0,0.0,0,Swansea,0,0,0,0.0,0.0851323008537292,0.0851323008537292
722,Kristoffer Nordfeldt,2015,GK,1,0,0,90,0.0,0,0.0,0,Swansea,0,0,0,0.0,0.0,0.0
723,Ki Sung-yueng,2019,MC,3,0,0,137,0.0,0,0.0551165984943509,2,Newcastle United,0,0,0,0.0,0.0425187982618808,0.0
723,Ki Sung-yueng,2018,MC,18,0,8,1302,0.1521803000941872,1,1.0775400139391422,16,Newcastle United,2,0,0,0.1521803000941872,3.2162829311564565,3.0649863574653864
723,Ki Sung-yueng,2017,Sub,25,2,20,1869,0.845365091226995,2,1.7742285821586847,19,Swansea,2,0,2,0.845365091226995,2.705563973635435,1.4724896643310783
723,Ki Sung-yueng,2016,Sub,23,0,9,1286,0.3156440015882253,1,0.4234952013939619,12,Swansea,3,0,0,0.3156440015882253,2.508366541005671,2.0781134217977524
723,Ki Sung-yueng,2015,DMC,28,2,24,1852,2.4574378253892064,1,1.0774459028616548,22,Swansea,4,0,2,2.4574378253892064,5.665102529339492,3.1758004864677787
723,Ki Sung-yueng,2014,DMC,33,8,28,2692,4.3305724542588,1,1.2641469975933433,26,Swansea,4,0,8,4.3305724542588,11.960129372775556,9.00447864830494
725,Ola Aina,2024,DL,5,0,2,425,0.0252237049862742,0,0.4930956214666366,2,Nottingham Forest,1,0,0,0.0252237049862742,1.796613272279501,1.6864142380654812
725,Ola Aina,2023,DML,22,1,11,1730,0.2965008215978741,1,0.7307851929217577,11,Nottingham Forest,3,0,1,0.2965008215978741,6.002222128212452,5.237075835466385
725,Ola Aina,2020,DR,31,2,14,2683,0.8479759693145752,1,1.5527279768139124,15,Fulham,3,0,2,0.8479759693145752,6.773147820495069,6.120470190420747
725,Ola Aina,2016,Sub,3,0,1,20,0.0409686006605625,0,0.0,0,Chelsea,0,0,0,0.0409686006605625,0.067679600790143,0.0267110001295804
726,Vito Mannone,2016,GK,9,0,0,810,0.0,0,0.0,0,Sunderland,0,0,0,0.0,0.0,0.0
726,Vito Mannone,2015,GK,19,0,0,1710,0.0,0,0.0,0,Sunderland,2,0,0,0.0,0.2077737040817737,0.2077737040817737
726,Vito Mannone,2014,GK,10,0,0,900,0.0,0,0.0431760996580123,1,Sunderland,0,0,0,0.0,0.6401898041367531,0.597013708204031
727,DeAndre Yedlin,2020,Sub,6,0,2,442,0.0998491961508989,0,0.0844328999519348,3,Newcastle United,0,0,0,0.0998491961508989,0.5257030911743641,0.3566388040781021
727,DeAndre Yedlin,2019,Sub,16,1,1,935,0.7519299983978271,0,0.2669154983013868,7,Newcastle United,3,0,1,0.7519299983978271,2.288469258695841,1.3399439696222544
727,DeAndre Yedlin,2018,DR,29,1,11,2476,1.1860909033566711,2,2.1516155572608118,28,Newcastle United,6,1,1,1.1860909033566711,6.88816512003541,4.478997932747006
727,DeAndre Yedlin,2017,DR,34,0,6,2838,0.1428941981866955,2,2.098215593956411,18,Newcastle United,5,0,0,0.1428941981866955,5.393824853003025,3.426079908385873
727,DeAndre Yedlin,2015,DR,23,0,4,1810,0.2071893289685249,1,1.1340486258268356,12,Sunderland,2,0,0,0.2071893289685249,2.887929698452353,1.674485383555293
727,DeAndre Yedlin,2014,Sub,1,0,0,9,0.0,0,0.0,0,Tottenham,0,0,0,0.0,0.0,0.0
728,Lamine Koné,2016,DC,30,1,17,2544,1.9712954126298428,0,0.520187608897686,2,Sunderland,4,0,1,1.9712954126298428,1.0570594035089016,1.0570594035089016
728,Lamine Koné,2015,DC,15,2,10,1318,2.458799561485648,1,0.7516853213310242,5,Sunderland,0,0,2,2.458799561485648,1.0659353137016296,1.0217672139406204
729,John O'Shea,2016,DMC,28,0,3,2162,0.1725596971809864,1,0.4787240028381347,1,Sunderland,5,0,0,0.1725596971809864,1.3645214149728415,1.3645214149728415
729,John O'Shea,2015,DC,28,0,7,2000,0.2818367015570402,0,0.5797989964485168,1,Sunderland,2,0,0,0.2818367015570402,1.7332274913787842,1.6920524910092354
729,John O'Shea,2014,DC,37,0,7,3270,0.5788790062069893,0,0.3453484009951353,6,Sunderland,4,0,0,0.5788790062069893,4.325417224317789,4.241330426186323
730,Patrick van Aanholt,2020,Sub,22,0,18,1775,1.39833889529109,1,0.6495725978165865,12,Crystal Palace,2,0,0,1.39833889529109,4.809476420283318,3.354220826178789
730,Patrick van Aanholt,2019,DL,29,3,27,2517,2.040343215689063,2,3.5544343441724777,32,Crystal Palace,0,0,2,1.2791741993278265,5.900490781292319,4.38724903203547
730,Patrick van Aanholt,2018,DL,36,3,45,3202,2.8111322969198227,2,4.718276297673583,35,Crystal Palace,3,0,3,2.8111322969198227,10.490814774297178,5.863854904659092
730,Patrick van Aanholt,2017,DML,28,5,33,2184,3.3932690117508173,1,2.4554789066314697,18,Crystal Palace,7,0,5,3.3932690117508173,7.430776176974177,4.0984432231634855
730,Patrick van Aanholt,2016,DL,21,3,24,1781,2.538021720945835,1,1.7395940348505974,30,Sunderland,2,0,3,2.538021720945835,3.9367440473288298,1.595436159521341
730,Patrick van Aanholt,2016,FWL,11,2,10,712,0.9402940068393946,0,0.3981733955442905,7,Crystal Palace,1,0,2,0.9402940068393946,1.802566623315215,0.8191652093082666
730,Patrick van Aanholt,2015,DL,33,4,46,2970,2.54197043273598,3,3.797237947583199,30,Sunderland,2,0,4,2.54197043273598,9.133831122890117,5.070300887338817
730,Patrick van Aanholt,2014,DL,28,0,30,2301,1.3164323018863795,5,4.8105680560693145,35,Sunderland,4,0,0,1.3164323018863795,9.270669225603342,5.968421086668968
731,Dame N'Doye,2015,FW,11,1,9,562,0.5422570034861565,0,0.2607949022203684,4,Sunderland,2,0,1,0.5422570034861565,1.2147914990782738,0.7594384998083115
731,Dame N'Doye,2014,FW,15,5,42,1195,5.468191267922521,1,1.0798923633992672,12,Hull,3,0,5,5.468191267922521,6.649709481745958,1.1523764915764332
732,Yann M'Vila,2015,MC,37,1,29,3194,0.8662016959860921,4,4.275107302702963,46,Sunderland,1,0,1,0.8662016959860921,8.422498852014542,6.552976256236434
733,Jack Rodwell,2019,Sub,1,0,0,13,0.0,0,0.0,0,Sheffield United,0,0,0,0.0,0.0,0.0
733,Jack Rodwell,2016,DMC,20,0,19,1497,1.153120094910264,1,0.7307150065898895,8,Sunderland,4,0,0,1.153120094910264,2.176552390679717,0.7228651065379381
733,Jack Rodwell,2015,MC,22,1,25,1137,2.4888862976804376,0,0.8463182114064693,14,Sunderland,5,0,1,2.4888862976804376,4.394257375970483,1.3864283822476864
733,Jack Rodwell,2014,MC,23,3,30,1483,2.4820248344913125,0,0.2751686032861471,4,Sunderland,5,0,3,2.4820248344913125,5.963925310410559,4.823790275491774
734,Wahbi Khazri,2016,Sub,21,1,23,824,1.1389319077134132,0,1.916474310681224,21,Sunderland,6,0,1,1.1389319077134132,2.0931110847741365,0.4761797972023487
734,Wahbi Khazri,2015,ML,14,2,24,1087,0.8625685963779688,1,2.2329065892845392,27,Sunderland,3,0,2,0.8625685963779688,2.4898463152348995,1.3282623123377562
735,Jermain Defoe,2018,Sub,4,0,1,13,0.1310960054397583,0,0.0,0,Bournemouth,0,0,0,0.1310960054397583,0.1310960054397583,0.0
735,Jermain Defoe,2017,Sub,24,4,27,1074,4.541552532464266,1,1.0175689067691565,13,Bournemouth,1,0,4,4.541552532464266,4.455104967579246,0.2452501952648162
735,Jermain Defoe,2016,FW,37,15,99,3324,13.647576574236156,2,1.3696143869310615,20,Sunderland,1,0,10,9.841728202998638,11.509979609400034,2.290653853677213
735,Jermain Defoe,2015,FW,33,15,85,2558,11.712620459496977,1,1.1022664522752166,22,Sunderland,3,0,14,10.951450489461422,12.263893619179726,1.3269580826163292
735,Jermain Defoe,2014,FW,17,4,34,1468,4.020906526595354,0,1.2605447256937623,13,Sunderland,1,0,4,4.020906526595354,7.368550059385598,2.511991562321782
736,Younes Kaboul,2017,DC,2,0,0,153,0.0,0,0.0,0,Watford,0,0,0,0.0,0.1497541032731533,0.1497541032731533
736,Younes Kaboul,2016,DC,22,2,12,1829,1.416746001690626,0,0.0675264010205864,2,Watford,2,0,2,1.416746001690626,0.7382604070007801,0.6260390039533377
736,Younes Kaboul,2016,DC,1,0,0,90,0.0,0,0.0,0,Sunderland,0,0,0,0.0,0.0238422006368637,0.0238422006368637
736,Younes Kaboul,2015,DC,23,0,12,2014,0.777892111800611,1,0.8246368728578091,6,Sunderland,3,1,0,0.777892111800611,2.909843241795897,2.7035042252391577
736,Younes Kaboul,2014,DC,11,0,5,990,0.909060325473547,0,0.3147166967391968,4,Tottenham,2,0,0,0.909060325473547,2.502238906919956,2.4191391095519066
737,Fabio Borini,2016,AMC,24,2,33,1739,2.044637428596616,0,0.5919893030077219,15,Sunderland,5,0,2,2.044637428596616,3.13609940931201,1.0123161990195513
737,Fabio Borini,2015,AML,26,5,48,1913,4.93459333665669,2,1.737776736728847,18,Sunderland,6,0,4,4.173425326123834,5.729666614905,2.1620970480144024
737,Fabio Borini,2014,Sub,12,1,14,389,1.947100818157196,1,0.9333350993692876,8,Liverpool,1,1,1,1.947100818157196,2.3626261055469517,0.1638534972444176
738,Lee Cattermole,2016,MC,8,0,4,652,0.070084000006318,0,0.0256047006696462,2,Sunderland,4,0,0,0.070084000006318,0.4442413989454508,0.3921515010297298
738,Lee Cattermole,2015,DMC,31,0,11,2230,0.4802329000085592,0,1.7009663991630075,23,Sunderland,8,0,0,0.4802329000085592,3.794590956531465,2.3901334600523114
738,Lee Cattermole,2014,DMC,28,1,10,2367,0.2308870982378721,0,1.0550355045124888,12,Sunderland,14,0,1,0.2308870982378721,5.4220426101237535,4.694637179374695
739,Ola Toivonen,2015,AMC,12,0,7,668,0.816760390996933,2,1.0173840755596757,8,Sunderland,1,0,0,0.816760390996933,1.339702290482819,1.0599742783233523
740,Sebastian Larsson,2016,MC,21,0,16,1472,0.7138744089752436,1,1.9478583820164204,23,Sunderland,4,1,0,0.7138744089752436,2.19078815728426,1.4367265794426205
740,Sebastian Larsson,2015,MC,18,0,7,531,0.34777030069381,1,0.7345791906118393,7,Sunderland,2,0,0,0.34777030069381,1.7659752909094095,1.0161084337159991
740,Sebastian Larsson,2014,MC,36,3,45,3079,2.7219163924455643,3,3.486309329047799,58,Sunderland,10,0,3,2.7219163924455643,8.626348610967398,5.843435467220843
741,Jordan Pickford,2024,GK,5,0,0,450,0.0,0,0.0,0,Everton,0,0,0,0.0,0.546244889497757,0.546244889497757
741,Jordan Pickford,2023,GK,38,0,0,3420,0.0,0,0.1356039261445403,4,Everton,5,0,0,0.0,4.561621826142073,4.441057674586773
741,Jordan Pickford,2022,GK,37,0,0,3330,0.0,1,0.3126417994499206,2,Everton,5,0,0,0.0,2.1473599188029766,2.079159121960401
741,Jordan Pickford,2021,GK,35,0,0,3150,0.0,0,0.1421341989189386,5,Everton,2,0,0,0.0,1.6098093083128333,1.4676753049716351
741,Jordan Pickford,2020,GK,31,0,0,2742,0.0,0,0.0217735990881919,1,Everton,1,0,0,0.0,3.714157343842089,3.692383744753897
741,Jordan Pickford,2019,GK,38,0,0,3420,0.0,0,0.0364786982536315,1,Everton,2,0,0,0.0,3.2169587407261133,3.2169587407261133
741,Jordan Pickford,2018,GK,38,0,0,3420,0.0,0,0.0405163988471031,1,Everton,1,0,0,0.0,2.376255791634321,2.335739491507411
741,Jordan Pickford,2017,GK,38,0,0,3420,0.0,0,0.0667151007801294,3,Everton,0,0,0,0.0,1.7559258211404083,1.73276412114501
741,Jordan Pickford,2016,GK,29,0,0,2610,0.0,0,0.5408075042068958,4,Sunderland,0,0,0,0.0,1.3766982108354568,0.835890706628561
741,Jordan Pickford,2015,GK,2,0,0,180,0.0,0,0.0,0,Sunderland,0,0,0,0.0,0.0,0.0
742,Billy Jones,2016,DC,27,1,15,2273,1.838329615071416,0,2.115543740801513,29,Sunderland,8,0,1,1.838329615071416,3.7382692210376254,2.0610161889344454
742,Billy Jones,2015,DR,24,1,14,2039,2.414166036993265,1,1.1011948119848969,12,Sunderland,8,0,1,2.414166036993265,2.430672410875559,1.0449427906423807
742,Billy Jones,2014,DR,14,0,4,1257,0.5008383113890886,0,0.7923552002757788,6,Sunderland,7,0,0,0.5008383113890886,3.857364777475596,2.7196772508323197
743,Dwight Gayle,2021,Sub,8,0,2,20,0.2123461961746215,0,0.4094130927696824,2,Newcastle United,1,0,0,0.2123461961746215,0.621760287322104,0.0108930999413132
743,Dwight Gayle,2020,Sub,18,1,16,483,2.929792396724224,1,0.2755555026233196,6,Newcastle United,0,0,1,2.929792396724224,3.037845218554139,0.5140487160533667
743,Dwight Gayle,2019,Sub,20,4,23,856,4.639504801481962,2,0.8900674963369966,6,Newcastle United,2,0,4,4.639504801481962,5.124928418546915,1.8412651643157003
743,Dwight Gayle,2017,FW,35,6,57,1968,9.672669507563114,3,2.3920685946941376,21,Newcastle United,3,0,6,9.672669507563114,11.0678196195513,1.839150009676814
743,Dwight Gayle,2015,FW,16,3,22,755,3.890564911067486,0,0.71475759614259,8,Crystal Palace,1,1,3,3.890564911067486,4.844457071274519,0.9086993029341102
743,Dwight Gayle,2014,Sub,25,5,30,1069,5.163300700485706,1,0.7665089014917612,16,Crystal Palace,1,0,4,4.402129657566547,3.3746648989617825,0.8092566914856434
744,Steven Berghuis,2015,Sub,9,0,8,210,0.8419065782800317,2,0.8893931917846203,8,Watford,2,0,0,0.8419065782800317,1.633953004144132,0.773895712569356
745,Kasper Schmeichel,2021,GK,37,0,0,3330,0.0,0,0.0158692002296447,1,Leicester,1,0,0,0.0,5.707257926464081,5.691388323903084
745,Kasper Schmeichel,2020,GK,38,0,0,3420,0.0,0,0.0,0,Leicester,0,0,0,0.0,3.8688182500191033,3.8688182500191033
745,Kasper Schmeichel,2019,GK,38,0,1,3420,0.0185576993972063,0,0.3644336988218128,3,Leicester,2,0,0,0.0185576993972063,3.875910766422749,3.518941454589367
745,Kasper Schmeichel,2018,GK,38,0,1,3420,0.0807150974869728,0,0.2929759919643402,1,Leicester,3,0,0,0.0807150974869728,3.7830665819346905,3.4900906197726727
745,Kasper Schmeichel,2017,GK,33,0,0,2968,0.0,0,0.056529700756073,1,Leicester,2,0,0,0.0,3.881414839997888,3.824884811416268
745,Kasper Schmeichel,2016,GK,30,0,0,2668,0.0,0,0.0,0,Leicester,1,0,0,0.0,0.9501884961500764,0.9501884961500764
745,Kasper Schmeichel,2015,GK,38,0,0,3420,0.0,0,0.3699235003441572,5,Leicester,2,0,0,0.0,3.289773276075721,2.919850179925561
745,Kasper Schmeichel,2014,GK,24,0,0,2160,0.0,0,0.0750274006277322,2,Leicester,0,0,0,0.0,0.9568508761003612,0.942747880704701
746,Danny Simpson,2018,Sub,6,0,0,288,0.0,0,0.025306399911642,1,Leicester,0,0,0,0.0,0.3342661075294018,0.3089596284553408
746,Danny Simpson,2017,DR,28,0,3,2325,0.1328608989715576,0,0.1542365960776806,5,Leicester,4,0,0,0.1328608989715576,3.445119297131896,3.1924013011157517
746,Danny Simpson,2016,DR,35,0,2,2994,0.1069530043751001,2,0.8389066997915506,11,Leicester,12,0,0,0.1069530043751001,4.835922872647643,4.295953072607517
746,Danny Simpson,2015,DR,30,0,7,2620,0.7629526928067207,0,0.3491460923105478,6,Leicester,3,1,0,0.7629526928067207,4.6956237107515335,3.740172613412142
746,Danny Simpson,2014,Sub,14,0,2,1186,0.0440590996295213,0,0.4562433883547783,4,Leicester,4,0,0,0.0440590996295213,0.9332379922270776,0.8350171931087971
746,Danny Simpson,2014,DMR,1,0,0,71,0.0,0,0.0132178999483585,1,Queens Park Rangers,0,0,0,0.0,0.0326560996472835,0.0326560996472835
747,Robert Huth,2016,DC,33,2,26,2932,2.030397089198232,2,1.5547647550702095,6,Leicester,9,0,2,2.030397089198232,3.803451405838132,2.953204605728388
747,Robert Huth,2015,DC,35,3,28,3150,3.4519033562392,0,0.6899090297520161,2,Leicester,8,0,3,3.4519033562392,4.601796895265579,3.9647810012102127
747,Robert Huth,2014,DC,14,1,16,1184,1.1736510153859854,0,0.0,0,Leicester,2,0,1,1.1736510153859854,0.9506201222538948,0.8520779274404049
747,Robert Huth,2014,Sub,1,0,0,2,0.0,0,0.0,0,Stoke,0,0,0,0.0,0.0,0.0
748,Wes Morgan,2020,Sub,3,0,0,13,0.0,0,0.0,0,Leicester,0,0,0,0.0,0.1446129977703094,0.1446129977703094
748,Wes Morgan,2019,Sub,11,0,4,418,0.5963817164301872,0,0.0,0,Leicester,0,0,0,0.5963817164301872,1.203891821205616,0.7507608011364937
748,Wes Morgan,2018,DC,22,3,14,1932,1.5354553125798702,0,0.1385540999472141,3,Leicester,1,2,3,1.5354553125798702,2.3829683237709105,2.275230022612959
748,Wes Morgan,2017,DC,32,0,12,2817,1.927958566695452,0,0.4055636972188949,5,Leicester,4,0,0,1.927958566695452,3.247294189408421,3.031662752851844
748,Wes Morgan,2016,DC,27,1,14,2430,1.8657884895801544,0,0.131089499220252,4,Leicester,3,0,1,1.8657884895801544,2.1027577333152294,2.0123785473406315
748,Wes Morgan,2015,DC,38,2,21,3420,3.00750370323658,0,0.0531145986169576,2,Leicester,3,0,2,3.00750370323658,3.1742845699191093,3.08955767005682
748,Wes Morgan,2014,DC,37,2,25,3293,2.2818113109096885,2,0.9166025705635548,6,Leicester,1,1,2,2.2818113109096885,2.868493176996708,2.129898101091385
749,Christian Fuchs,2020,Sub,9,0,4,703,0.0737314987927675,0,0.0130155999213457,1,Leicester,4,0,0,0.0737314987927675,2.7238509003072977,2.665548980236053
749,Christian Fuchs,2019,DL,11,0,5,760,0.1832247991114854,0,0.1009339988231659,2,Leicester,0,0,0,0.1832247991114854,4.192032672464848,4.115170694887638
749,Christian Fuchs,2018,DL,3,0,2,204,0.0609567984938621,0,0.2042557001113891,6,Leicester,0,0,0,0.0609567984938621,0.4371860027313232,0.2425119951367378
749,Christian Fuchs,2017,DL,25,0,11,1917,0.5828047916293144,1,0.9761433023959398,19,Leicester,1,0,0,0.5828047916293144,2.8725530821830034,2.24217957444489
749,Christian Fuchs,2016,DL,36,2,21,3108,1.3513160282745955,4,3.4672655882313848,38,Leicester,10,0,2,1.3513160282745955,6.171519406139851,4.742113219574094
749,Christian Fuchs,2015,Sub,32,0,19,2706,0.8510159999132156,4,4.107187246903777,45,Leicester,4,0,0,0.8510159999132156,6.1988860461860895,4.834318170323968
750,Riyad Mahrez,2022,Sub,30,5,43,1941,5.864552567712963,10,6.157492842525244,51,Manchester City,2,0,4,5.1033805115148425,18.33359582722187,11.644092932343485
750,Riyad Mahrez,2021,FWR,28,11,61,1468,10.123590916395187,5,3.9328212067484856,40,Manchester City,0,0,7,6.317741796374321,14.36690728366375,6.279024379327893
750,Riyad Mahrez,2020,AMR,27,9,58,1961,6.232445145025849,6,6.086521776393056,45,Manchester City,0,0,9,6.232445145025849,18.8463224247098,9.170802794396876
750,Riyad Mahrez,2019,FWR,33,11,74,1938,8.649655694141984,9,11.059849355369806,60,Manchester City,0,0,10,7.888486390933394,27.765530444681644,13.28587632998824
750,Riyad Mahrez,2018,AMR,27,7,54,1333,6.61693406291306,4,5.006450802087784,24,Manchester City,0,0,7,5.855765061452985,14.370971381664276,6.827348282560706
750,Riyad Mahrez,2017,MR,36,12,74,2977,6.613530645146966,10,7.551042467355728,57,Leicester,2,0,12,6.613530645146966,15.855965666472912,6.466543274000287
750,Riyad Mahrez,2016,MR,36,6,76,2859,8.950818019919097,3,6.248245885595679,52,Leicester,4,0,3,5.144971984438598,12.870516391471028,4.793384972028434
750,Riyad Mahrez,2015,ML,37,17,86,3087,11.88214811310172,11,11.454100407660007,68,Leicester,1,0,13,7.315134212374687,21.18505117855966,7.174406236037612
750,Riyad Mahrez,2014,MR,30,4,63,2091,4.923194195143879,3,6.056509723886848,44,Leicester,0,0,4,4.923194195143879,11.14942330494523,3.29692639131099
751,N'Golo Kanté,2022,MC,7,0,8,526,0.308291532099247,1,2.0793348141014576,13,Chelsea,1,0,0,0.308291532099247,4.500326216220856,2.9872678965330124
751,N'Golo Kanté,2021,Sub,26,2,17,1787,1.7649728190153835,4,2.2009877003729343,24,Chelsea,2,0,2,1.7649728190153835,12.655163131654264,8.97931701876223
751,N'Golo Kanté,2020,DMC,30,0,10,2142,0.7004625108093023,2,1.2067134976387024,22,Chelsea,7,0,0,0.7004625108093023,10.102663565427063,8.441410657018423
751,N'Golo Kanté,2019,Sub,22,3,18,1733,1.543913054279983,0,1.5202725995332005,27,Chelsea,4,0,3,1.543913054279983,7.209239611402154,4.837984642013907
751,N'Golo Kanté,2018,MC,36,4,29,3103,3.0337284123525023,4,3.732989713549614,46,Chelsea,3,0,4,3.0337284123525023,17.044977359473705,12.484971459954975
751,N'Golo Kanté,2017,MC,34,1,25,3005,0.7318645026534796,1,3.633253114297986,41,Chelsea,3,0,1,0.7318645026534796,15.90216477960348,13.823775827884674
751,N'Golo Kanté,2016,DMC,35,1,27,3141,2.168148285709321,1,1.8752306448295712,22,Chelsea,9,0,1,2.168148285709321,14.04937507584691,11.896485097706318
751,N'Golo Kanté,2015,Sub,37,1,21,3011,0.5621250942349434,4,2.7279574144631624,30,Leicester,3,0,1,0.5621250942349434,11.133838042616844,8.64429540000856
752,Daniel Drinkwater,2019,MC,4,0,2,270,0.0982685014605522,0,0.0402861014008522,1,Aston Villa,1,0,0,0.0982685014605522,0.8360581956803799,0.7377896942198277
752,Daniel Drinkwater,2019,MC,1,0,0,61,0.0,0,0.0,0,Burnley,0,0,0,0.0,0.0,0.0
752,Daniel Drinkwater,2017,Sub,12,1,6,519,0.1754119964316487,0,0.2692181952297687,5,Chelsea,0,0,1,0.1754119964316487,2.6733907610178,2.324198856949806
752,Daniel Drinkwater,2016,MC,29,1,31,2466,1.143527909182012,1,1.121955804526806,15,Leicester,6,0,1,1.143527909182012,6.518814432434738,5.1742516392841935
752,Daniel Drinkwater,2015,MC,35,2,41,3045,2.187858287245035,7,5.324235362932086,44,Leicester,3,1,2,2.187858287245035,14.482194758951664,10.150261309929192
752,Daniel Drinkwater,2014,MC,23,0,15,1476,0.534087891690433,0,0.7189151574857533,9,Leicester,1,0,0,0.534087891690433,3.895763428416103,3.2558154836297035
753,Marc Albrighton,2022,Sub,6,1,2,232,0.4420046992599964,0,0.5711894929409027,6,Leicester,0,0,1,0.4420046992599964,2.0923749804496765,1.671343982219696
753,Marc Albrighton,2021,MR,17,1,4,1113,0.4875654093921184,2,1.6947175050154328,11,Leicester,3,0,1,0.4875654093921184,4.001694183796644,2.970209274441004
753,Marc Albrighton,2020,Sub,31,1,21,1731,1.246731299906969,5,4.036377124488354,38,Leicester,2,0,1,1.246731299906969,8.017674952745438,5.142706813290715
753,Marc Albrighton,2019,Sub,20,0,10,860,0.4460920002311468,3,2.2903373278677464,20,Leicester,2,0,0,0.4460920002311468,4.42047256231308,2.3780248276889324
753,Marc Albrighton,2018,AMR,27,2,19,1625,1.063951208256185,2,2.988251269795001,29,Leicester,3,0,2,1.063951208256185,5.236805399879813,2.29350558668375
753,Marc Albrighton,2017,ML,34,2,20,2551,1.6331818122416737,7,5.699213662184775,47,Leicester,5,1,2,1.6331818122416737,10.115601350553334,5.132043182849884
753,Marc Albrighton,2016,ML,33,2,21,2449,1.282536887563765,6,4.638040881603956,47,Leicester,5,0,2,1.282536887563765,6.39722306560725,2.8114807195961475
753,Marc Albrighton,2015,MR,38,2,42,2796,2.549340220168233,6,8.095411790534854,62,Leicester,4,0,2,2.549340220168233,11.863627067767084,4.015349085442722
753,Marc Albrighton,2014,Sub,18,2,14,1011,1.3866986893117428,3,3.893738207407296,31,Leicester,3,0,2,1.3866986893117428,6.103297988884151,3.256588274613023
754,Shinji Okazaki,2018,Sub,21,0,5,249,0.2803470958024263,1,0.1141719967126846,1,Leicester,0,0,0,0.2803470958024263,1.2933874111622572,1.067800210788846
754,Shinji Okazaki,2017,AMC,27,6,28,1340,7.492761306464672,2,1.8460099026560783,15,Leicester,2,0,6,7.492761306464672,8.057245846837759,1.1135969758033752
754,Shinji Okazaki,2016,Sub,30,3,29,1594,2.964745203964412,1,1.240434980019927,14,Leicester,1,0,3,2.964745203964412,5.195507389493287,2.084342498332262
754,Shinji Okazaki,2015,FW,36,5,46,2105,8.607688304968178,0,1.1344577930867672,20,Leicester,1,0,5,8.607688304968178,11.455137183889748,3.896103553473949
755,Jamie Vardy,2024,FW,5,2,3,421,1.3476219773292542,0,0.1316781267523765,2,Leicester,1,0,2,1.3476219773292542,1.4793001040816307,0.0
755,Jamie Vardy,2022,FW,37,3,28,1832,6.644154226407409,4,1.7369483597576618,14,Leicester,1,0,3,5.882985373958945,8.837213728576899,1.423075446859002
755,Jamie Vardy,2021,FW,25,15,54,1807,9.991950891911983,2,1.6055144965648651,18,Leicester,2,0,15,9.991950891911983,12.636008812114596,1.9982727896422148
755,Jamie Vardy,2020,FW,34,15,82,2848,19.942946769297123,9,5.08788326010108,28,Leicester,1,0,7,13.09242221340537,18.22790863364935,2.412587182596326
755,Jamie Vardy,2019,FW,35,23,89,3034,18.903520427644253,5,6.368295930325985,32,Leicester,3,0,19,15.097683936357498,21.0266046281904,1.7243402246385813
755,Jamie Vardy,2018,Sub,34,18,79,2740,19.115979686379436,4,5.137331535108388,32,Leicester,3,1,14,15.310135943815112,20.78256707079709,1.9056932497769596
755,Jamie Vardy,2017,FW,37,20,70,3269,15.26695853471756,1,3.63082717359066,33,Leicester,3,0,15,10.69998712092638,15.584632940590382,1.9777403054758904
755,Jamie Vardy,2016,FW,35,13,53,2822,9.94716601073742,5,4.675951764918864,31,Leicester,2,1,13,9.94716601073742,14.123065508902071,2.7869280222803354
755,Jamie Vardy,2015,FW,36,24,115,3154,22.13541193306446,6,6.267153458669782,48,Leicester,5,1,19,17.568440221250057,24.59597455151379,2.8863563239574432
755,Jamie Vardy,2014,Sub,34,5,48,2261,7.851607173681259,8,5.182644807733595,35,Leicester,5,0,5,7.851607173681259,14.46845928300172,2.142568165436387
756,Leonardo Ulloa,2017,Sub,10,1,2,251,0.5933402217924595,0,0.2092032032087445,7,Brighton,0,0,1,0.5933402217924595,1.0959576964378357,0.3659404888749122
756,Leonardo Ulloa,2017,Sub,4,0,1,13,0.0893286019563674,0,0.0,0,Leicester,0,0,0,0.0893286019563674,0.0,0.0
756,Leonardo Ulloa,2016,Sub,16,1,11,412,1.90044217556715,0,0.1030394025146961,2,Leicester,0,0,1,1.90044217556715,1.4736188910901546,0.6307167010381818
756,Leonardo Ulloa,2015,Sub,29,6,34,942,6.906455801799893,2,1.466686885803938,14,Leicester,0,0,5,6.145286785438657,9.50502722337842,3.4823984522372484
756,Leonardo Ulloa,2014,FW,37,11,49,2434,8.923917897045612,3,3.7919961232692,36,Leicester,3,0,9,7.401579953730106,9.963016589172184,2.509369770996273
757,Jeffrey Schlupp,2024,Sub,4,0,0,11,0.0,0,0.3177528977394104,1,Crystal Palace,0,0,0,0.0,0.3919431865215301,0.0741902887821197
757,Jeffrey Schlupp,2023,AML,29,2,19,1370,1.8823988568037748,2,2.1711694821715355,18,Crystal Palace,1,0,2,1.8823988568037748,6.629315219819546,2.9410562105476856
757,Jeffrey Schlupp,2022,DMC,34,3,28,2562,3.445598446764052,1,2.2960132341831923,18,Crystal Palace,7,0,3,3.445598446764052,6.818669021129608,4.326487619429827
757,Jeffrey Schlupp,2021,ML,32,4,33,1836,3.629619141109288,1,2.0314666628837585,18,Crystal Palace,1,0,4,3.629619141109288,7.059725772589445,2.934892719611525
757,Jeffrey Schlupp,2020,ML,27,2,18,1424,2.015110921114683,3,2.5725832264870405,18,Crystal Palace,3,0,2,2.015110921114683,5.158031335100532,3.4669602159410715
757,Jeffrey Schlupp,2019,Sub,17,3,18,1035,2.184974259696901,1,0.9487967919558288,7,Crystal Palace,2,0,3,2.184974259696901,3.242850081063807,1.1285282894968989
757,Jeffrey Schlupp,2018,ML,30,4,28,1650,3.303492821753025,1,1.4070396767929196,16,Crystal Palace,1,0,4,3.303492821753025,7.35320089943707,3.3193366676568985
757,Jeffrey Schlupp,2017,Sub,24,0,15,1753,1.0350670386105776,1,1.1780938170850277,12,Crystal Palace,3,0,0,1.0350670386105776,2.7598756486549973,1.4783187145367265
757,Jeffrey Schlupp,2016,DL,15,0,3,995,0.1036892980337143,0,0.2936706021428108,4,Crystal Palace,0,0,0,0.1036892980337143,2.509133625775576,2.3816067297011614
757,Jeffrey Schlupp,2016,Sub,4,0,0,134,0.0,0,0.1005960032343864,2,Leicester,0,0,0,0.0,0.2528260014951229,0.2445931993424892
757,Jeffrey Schlupp,2015,DL,24,1,26,1383,1.9894177075475452,2,2.20846017356962,17,Leicester,4,0,1,1.9894177075475452,5.975850388407707,2.508394160307944
757,Jeffrey Schlupp,2014,Sub,32,3,40,2557,2.2991078859195118,2,1.545492778532207,23,Leicester,4,0,3,2.2991078859195118,7.155158307403326,3.824513129889965
758,Mark Schwarzer,2014,GK,6,0,0,540,0.0,0,0.0,0,Leicester,0,0,0,0.0,0.0106046004220843,0.0106046004220843
759,Daniel Amartey,2022,DC,20,0,6,1615,1.054015912115574,0,0.4650263823568821,5,Leicester,1,0,0,1.054015912115574,3.991525309160352,3.8186524361372
759,Daniel Amartey,2021,DC,28,0,2,2111,0.0228546299040317,0,0.2451006025075912,4,Leicester,4,0,0,0.0228546299040317,4.304972453974187,4.282117635942996
759,Daniel Amartey,2020,DC,12,1,3,714,0.5421725064516068,0,0.0,0,Leicester,2,0,1,0.5421725064516068,2.5317340046167374,2.4568770080804825
759,Daniel Amartey,2018,DR,9,0,4,637,0.4685512967407703,0,0.1066916994750499,3,Leicester,2,0,0,0.4685512967407703,1.1717179948464036,1.0972910011187196
759,Daniel Amartey,2017,Sub,8,0,0,487,0.0,0,0.0,0,Leicester,0,1,0,0.0,0.2707025948911905,0.2707025948911905
759,Daniel Amartey,2016,Sub,24,1,14,1651,0.829638198018074,1,0.5581089816987514,15,Leicester,3,0,1,0.829638198018074,2.941050013527274,2.098857215605676
759,Daniel Amartey,2015,DR,5,0,1,98,0.3933579921722412,0,0.0586096011102199,1,Leicester,0,0,0,0.3933579921722412,1.3948473036289215,1.001487284898758
760,Marcin Wasilewski,2016,DC,1,0,0,90,0.0,0,0.0,0,Leicester,0,0,0,0.0,0.0,0.0
760,Marcin Wasilewski,2015,DC,4,0,1,300,0.0286359991878271,0,0.0,0,Leicester,2,0,0,0.0286359991878271,0.1266420967876911,0.1266420967876911
760,Marcin Wasilewski,2014,DC,25,1,12,1985,1.421762079000473,1,0.8871919047087431,6,Leicester,6,0,1,1.421762079000473,2.425548592582345,1.985406396910548
761,Gökhan Inler,2015,MC,5,0,2,195,0.0359413996338844,0,0.0299472007900476,1,Leicester,0,0,0,0.0359413996338844,0.4460129868239164,0.3801246918737888
762,Demarai Gray,2022,MR,33,4,59,2520,6.325153514742851,1,3.608845199458301,36,Everton,3,0,2,4.802815888077021,9.126681806519628,3.215145505964756
762,Demarai Gray,2021,AMC,34,5,65,2366,4.3363886419683695,4,4.429345730692148,42,Everton,3,0,5,4.3363886419683695,10.400985466316342,3.428600884974003
762,Demarai Gray,2020,Sub,1,0,1,17,0.0579720996320247,0,0.0,0,Leicester,0,0,0,0.0579720996320247,0.0270333997905254,0.0270333997905254
762,Demarai Gray,2019,Sub,21,2,23,580,2.767193015664816,3,2.233956135809421,16,Leicester,1,0,2,2.0060279928147797,4.8194464184343815,1.811532985419035
762,Demarai Gray,2018,AML,34,4,47,2009,4.561490574851632,1,0.9842575751245022,17,Leicester,2,0,4,4.561490574851632,9.417315747588871,4.204089043661952
762,Demarai Gray,2017,Sub,35,3,36,1680,2.6410223077982664,1,3.2531555984169245,27,Leicester,2,0,3,2.6410223077982664,8.218314751982689,3.4607090139761567
762,Demarai Gray,2016,ML,30,1,27,1015,0.9837647201493382,3,1.7882255781441927,17,Leicester,2,0,1,0.9837647201493382,3.5516433231532574,1.2206886252388358
762,Demarai Gray,2015,AML,12,0,5,163,0.5406618043780327,1,1.242211502045393,6,Leicester,0,0,0,0.5406618043780327,2.4951926581561565,0.8116410858929157
763,Robert Elliot,2017,GK,16,0,0,1440,0.0,0,0.0,0,Newcastle United,0,0,0,0.0,0.7621870897710323,0.7621870897710323
763,Robert Elliot,2015,GK,21,0,0,1890,0.0,0,0.0229892991483211,1,Newcastle United,1,0,0,0.0,1.7296239947900176,1.70663498993963
763,Robert Elliot,2014,GK,3,0,0,227,0.0,0,0.0489289984107017,1,Newcastle United,0,0,0,0.0,0.2176734954118728,0.1687444970011711
764,Daryl Janmaat,2019,DMR,8,0,4,611,0.3307649083435535,1,0.3983299061655998,6,Watford,1,0,0,0.3307649083435535,1.80352071672678,1.2739357091486454
764,Daryl Janmaat,2018,DR,18,0,11,1524,0.4652440957725048,2,0.5796329937875271,12,Watford,3,0,0,0.4652440957725048,3.363954272121191,2.501093165948987
764,Daryl Janmaat,2017,DR,23,3,24,1823,1.6508419197052715,0,0.9912612996995448,12,Watford,3,0,3,1.6508419197052715,4.680952705442905,3.0537463910877705
764,Daryl Janmaat,2016,DR,27,2,26,1620,1.470455477014184,1,1.5475112907588482,13,Watford,2,0,2,1.470455477014184,3.83804870210588,2.3895008843392134
764,Daryl Janmaat,2015,DR,32,2,19,2754,1.1652493462897835,4,3.490501798223704,25,Newcastle United,5,1,2,1.1652493462897835,9.721465773880482,6.243291113525629
764,Daryl Janmaat,2014,DR,37,1,35,3263,1.4101378628984094,6,2.940818637609482,31,Newcastle United,6,1,1,1.4101378628984094,6.7864417396485806,4.356649793684483
765,Steven Taylor,2015,Sub,10,0,1,810,0.0839437991380691,0,0.1118389964103698,2,Newcastle United,1,0,0,0.0839437991380691,1.7559301909059286,1.560147201642394
765,Steven Taylor,2014,Sub,10,1,5,655,0.4236275032162666,0,0.0,0,Newcastle United,2,1,1,0.4236275032162666,0.8078706823289394,0.7066186852753162
766,Jamaal Lascelles,2023,Sub,16,1,6,1072,1.0759279876947403,0,0.0364065654575824,2,Newcastle United,4,0,1,1.0759279876947403,3.616684731096029,3.5107219703495502
766,Jamaal Lascelles,2022,DC,7,0,2,200,0.120240394026041,0,0.0,0,Newcastle United,2,0,0,0.120240394026041,0.3834709972143173,0.3834709972143173
766,Jamaal Lascelles,2021,DC,26,1,17,2052,1.3373388117179277,0,0.2316508945077657,4,Newcastle United,5,0,1,1.3373388117179277,1.4465576093643904,1.4465576093643904
766,Jamaal Lascelles,2020,DC,19,2,16,1633,0.7653545793145895,0,0.0668828021734952,2,Newcastle United,4,0,2,0.7653545793145895,2.6064504999667406,2.3499084059149027
766,Jamaal Lascelles,2019,DC,24,1,9,2084,0.44119159784168,0,0.1419748999178409,2,Newcastle United,5,0,1,0.44119159784168,2.9985410645604134,2.853570658713579
766,Jamaal Lascelles,2018,DC,32,0,11,2751,0.3995888289064169,1,1.2035105116665363,3,Newcastle United,4,0,0,0.3995888289064169,3.302876438945532,3.29386943206191
766,Jamaal Lascelles,2017,Sub,33,3,12,2929,1.5097707957029345,0,0.3699572999030351,6,Newcastle United,5,0,3,1.5097707957029345,3.311390195041895,3.2026658058166504
766,Jamaal Lascelles,2015,Sub,18,2,4,1135,0.4158274009823799,0,0.1482736989855766,2,Newcastle United,1,1,2,0.4158274009823799,1.2703508995473385,1.2219718024134636
767,Jack Colback,2022,MC,11,0,0,480,0.0,0,0.2822478041052818,2,Nottingham Forest,0,0,0,0.0,0.5764240063726902,0.3181040026247501
767,Jack Colback,2015,DMC,29,1,15,2409,0.8832448916509748,1,1.2081099371425807,16,Newcastle United,11,0,1,0.8832448916509748,6.735097970813513,5.063955340534449
767,Jack Colback,2014,MC,35,4,27,3130,2.8249618243426085,6,2.3404141180217266,44,Newcastle United,12,0,4,2.8249618243426085,7.598447484895587,4.668526872992516
768,Vurnon Anita,2015,DMC,28,1,8,2112,0.2250929996371269,3,0.6107363002374768,13,Newcastle United,6,0,1,0.2250929996371269,4.6412940211594105,4.246871806681156
768,Vurnon Anita,2014,DMC,19,0,8,1291,0.1441145800054073,0,0.2418053038418293,6,Newcastle United,3,0,0,0.1441145800054073,1.8163302429020405,1.5396105162799358
769,Jonjo Shelvey,2022,Sub,8,0,6,542,0.1604539966210723,0,0.3491519913077354,6,Nottingham Forest,1,0,0,0.1604539966210723,0.4599286001175642,0.3226796966046095
769,Jonjo Shelvey,2022,Sub,3,0,0,23,0.0,0,0.0,0,Newcastle United,0,0,0,0.0,0.5101879090070724,0.5101879090070724
769,Jonjo Shelvey,2021,MC,24,2,30,1987,0.879080006852746,1,1.0608121007680893,16,Newcastle United,5,1,2,0.879080006852746,3.950462125241757,2.919236796908081
769,Jonjo Shelvey,2020,MC,30,1,42,2617,2.452838074415922,3,2.625524072907865,37,Newcastle United,7,0,1,2.452838074415922,9.463522750884296,7.525885250419378
769,Jonjo Shelvey,2019,MC,26,6,45,2136,2.24221299123019,2,4.141613911837339,44,Newcastle United,3,0,6,2.24221299123019,7.487134265713394,4.892640821635723
769,Jonjo Shelvey,2018,MC,16,1,23,932,0.7167933150194585,1,1.8579730316996572,25,Newcastle United,1,0,1,0.7167933150194585,3.268730702344328,1.9959057094529271
769,Jonjo Shelvey,2017,DMC,30,1,42,2268,2.1764818001538515,3,2.6017918046563864,41,Newcastle United,2,2,1,2.1764818001538515,7.696285810321569,4.693055970594287
769,Jonjo Shelvey,2015,DMC,16,1,34,1229,1.7600614987313747,2,3.140187421813607,24,Swansea,5,0,0,0.9988927878439426,5.929805906489492,3.68703780695796
769,Jonjo Shelvey,2015,Sub,15,0,22,1041,0.7806668914854527,3,1.2488429676741362,19,Newcastle United,3,0,0,0.7806668914854527,5.010283015668392,3.573262982070446
769,Jonjo Shelvey,2014,DMC,31,3,62,2471,4.547880021855235,5,2.943915719166398,30,Swansea,8,1,2,3.7867110054939994,11.989973126910629,7.097531080245972
770,Ayoze Pérez,2022,MR,8,0,8,373,0.8422358185052872,1,1.504247609525919,11,Leicester,0,0,0,0.8422358185052872,2.61279970407486,0.4408004991710186
770,Ayoze Pérez,2021,AMR,14,2,11,443,2.0579842533916235,3,1.2277688030153513,11,Leicester,0,1,2,2.0579842533916235,2.99056632257998,0.6373151019215584
770,Ayoze Pérez,2020,MR,25,2,31,1326,4.036575708538294,1,1.2486079968512058,23,Leicester,2,0,2,4.036575708538294,9.872756661847234,6.759955529123545
770,Ayoze Pérez,2019,MR,33,8,47,2045,6.557799419388175,4,4.091642318293452,28,Leicester,0,0,7,5.796633398160338,12.850332770496609,4.473773792386055
770,Ayoze Pérez,2018,AMC,37,12,55,2950,8.294695003889501,2,4.0325940903276205,45,Newcastle United,2,0,12,8.294695003889501,15.605246301740408,5.627834742888808
770,Ayoze Pérez,2017,AMC,36,8,60,2502,6.864799472503364,5,5.451955894008279,36,Newcastle United,3,0,8,6.864799472503364,14.115952454507353,6.33331048861146
770,Ayoze Pérez,2015,Sub,34,6,50,2046,3.795658176764846,2,2.894735593348741,30,Newcastle United,4,0,6,3.795658176764846,8.319605821743608,3.6317452215589583
770,Ayoze Pérez,2014,Sub,36,7,61,2369,5.7461924236267805,0,2.900992516428232,28,Newcastle United,0,0,7,5.7461924236267805,9.56750363111496,3.0196252688765526
771,Georginio Wijnaldum,2020,MC,38,2,31,2961,2.817426955327392,0,1.6629221122711897,21,Liverpool,1,0,2,2.817426955327392,13.922177974134684,10.476275946944952
771,Georginio Wijnaldum,2019,MC,37,4,36,2980,2.651080599054694,0,0.8085468038916588,18,Liverpool,0,0,4,2.651080599054694,13.4786586612463,10.856714563444257
771,Georginio Wijnaldum,2018,MC,35,3,30,2749,3.1802032478153706,0,1.9434383204206824,25,Liverpool,3,0,3,3.1802032478153706,14.712284257635474,10.547700267285109
771,Georginio Wijnaldum,2017,MC,33,1,38,2392,2.9904263420030475,2,1.640650313347578,22,Liverpool,1,0,1,2.9904263420030475,9.857888711616395,6.885664792731404
771,Georginio Wijnaldum,2016,MC,36,6,60,2981,5.565248481929302,9,5.296915907412767,43,Liverpool,2,0,6,5.565248481929302,18.880973957479,10.874715276062489
771,Georginio Wijnaldum,2015,AMC,38,11,54,3178,7.928211936727166,5,3.8174392245709896,47,Newcastle United,1,0,10,7.167042950168252,14.637868957594035,5.733465444296598
772,Moussa Sissoko,2021,MC,36,2,25,3222,4.18377473577857,1,2.6050246274098754,36,Watford,5,0,2,4.18377473577857,8.571279365569353,3.9166604364290833
772,Moussa Sissoko,2020,Sub,25,0,3,1563,0.2480729036033153,0,0.1844095010310411,4,Tottenham,3,0,0,0.2480729036033153,4.13622404076159,3.926960030570626
772,Moussa Sissoko,2019,MC,29,2,15,2466,2.5392528865486383,1,1.695646209642291,16,Tottenham,8,0,2,2.5392528865486383,8.97499318420887,5.87564723007381
772,Moussa Sissoko,2018,MC,29,0,15,2344,0.9559975024312736,3,2.7940404880791903,25,Tottenham,2,0,0,0.9559975024312736,10.871973887085916,8.834698006510735
772,Moussa Sissoko,2017,AMR,33,1,19,1385,2.9389142598956823,1,2.5008671516552567,27,Tottenham,3,0,1,2.9389142598956823,8.576147095300257,4.019555271603167
772,Moussa Sissoko,2016,Sub,25,0,17,878,0.8654736988246441,2,1.0400274256244302,21,Tottenham,3,0,0,0.8654736988246441,4.679264411330223,3.2270185071974997
772,Moussa Sissoko,2015,AMR,37,1,38,3234,3.3141868663951755,7,5.964938495308161,57,Newcastle United,3,0,1,3.3141868663951755,13.733191521838307,6.391512014903128
772,Moussa Sissoko,2014,MC,34,4,44,3037,3.952444814145565,2,4.653361378237605,44,Newcastle United,7,2,4,3.952444814145565,12.273814404383302,6.720515612512827
773,Aleksandar Mitrovic,2023,Sub,1,0,2,31,0.1909874528646469,0,0.0,0,Fulham,0,0,0,0.1909874528646469,0.1909874528646469,0.0
773,Aleksandar Mitrovic,2022,FW,24,14,93,2022,16.17901684064418,1,2.334498234093189,15,Fulham,7,0,10,10.089664130471649,11.802805667743089,2.575260256417096
773,Aleksandar Mitrovic,2020,Sub,27,3,59,1369,5.677359725348651,3,2.9247109331190586,23,Fulham,3,0,2,4.155023763887584,7.808299947530031,1.849482994526625
773,Aleksandar Mitrovic,2018,FW,37,11,131,3285,15.452770731411874,3,2.9691329449415207,31,Fulham,7,0,10,14.691605768166482,18.89713564515114,5.371468796394765
773,Aleksandar Mitrovic,2017,Sub,6,1,4,73,1.2253827080130577,0,0.2734846994280815,3,Newcastle United,0,0,1,1.2253827080130577,1.534306351095438,0.1979863084852695
773,Aleksandar Mitrovic,2015,Sub,34,9,79,2103,10.339352402836084,4,2.2244459111243486,30,Newcastle United,4,2,7,8.817017409950495,10.392626240849497,2.8724034801125526
774,Siem de Jong,2015,Sub,18,0,8,434,0.9610869996249676,1,0.0683836005628109,2,Newcastle United,0,0,0,0.9610869996249676,1.2229401171207428,0.261852603405714
774,Siem de Jong,2014,Sub,4,1,5,143,0.4718473087996244,0,0.4014580100774765,3,Newcastle United,0,0,1,0.4718473087996244,0.958554908633232,0.0852499008178711
775,Andros Townsend,2023,Sub,27,1,20,1211,1.4216714538633823,3,1.456837410107255,18,Luton,1,0,1,1.4216714538633823,2.8022335171699524,1.2012790031731129
775,Andros Townsend,2021,AMR,21,3,21,1463,2.262585835531354,2,2.849117113277316,31,Everton,3,0,2,1.501416826620698,5.317550402134657,2.756819086149335
775,Andros Townsend,2020,MR,34,1,36,2255,2.471999518573284,5,4.1464946530759335,40,Crystal Palace,0,0,1,2.471999518573284,7.262481946498156,3.630241433158517
775,Andros Townsend,2019,MR,24,1,12,1272,0.3956621009856462,1,1.7137902155518532,13,Crystal Palace,0,0,1,0.3956621009856462,2.36252611130476,1.2008680794388056
775,Andros Townsend,2018,MR,38,6,63,3030,4.878754872828722,4,3.699903182685375,61,Crystal Palace,1,0,6,4.878754872828722,11.944321019575,4.850389486178756
775,Andros Townsend,2017,Sub,36,2,62,3141,3.11042121052742,7,8.643183490261436,66,Crystal Palace,3,0,2,3.11042121052742,14.719996206462383,5.970379665493965
775,Andros Townsend,2016,AMR,36,3,56,2542,3.331525790505111,4,5.83449300378561,51,Crystal Palace,4,0,3,3.331525790505111,9.206503234803677,2.900456278584897
775,Andros Townsend,2015,AMR,13,4,24,1091,1.2692780010402205,2,2.2502003964036703,26,Newcastle United,0,0,4,1.2692780010402205,4.034858398139477,1.5454716989770532
775,Andros Townsend,2015,Sub,3,0,5,58,0.19694310054183,0,0.5707600116729736,2,Tottenham,0,0,0,0.19694310054183,1.1899770498275757,0.7206716239452362
775,Andros Townsend,2014,Sub,17,2,16,767,1.7839630078524351,2,0.9517875052988528,13,Tottenham,2,0,1,1.0227939914911983,2.9315958321094517,1.8411776442080736
776,Seydou Doumbia,2015,Sub,3,0,1,25,0.068741001188755,0,0.0,0,Newcastle United,0,0,0,0.068741001188755,0.1341239959001541,0.0653828009963035
777,Emmanuel Rivière,2015,Sub,3,0,3,64,0.2406504973769188,0,0.0839437991380691,1,Newcastle United,0,0,0,0.2406504973769188,0.4482399895787239,0.1236459016799926
777,Emmanuel Rivière,2014,FW,23,1,32,1231,3.654045790433884,1,0.9126386996358632,15,Newcastle United,0,0,1,3.654045790433884,4.948962766677141,1.4548593144863844
778,Henri Saivet,2017,MC,1,1,1,86,0.039021398872137,0,0.0,0,Newcastle United,0,0,1,0.039021398872137,0.5357739925384521,0.5357739925384521
778,Henri Saivet,2015,Sub,4,0,0,150,0.0,0,0.0153256002813577,1,Newcastle United,0,0,0,0.0,0.2304726038128137,0.2304726038128137
779,Jamie Sterry,2015,Sub,1,0,0,4,0.0,0,0.0,0,Newcastle United,0,0,0,0.0,0.0,0.0
780,Karl Darlow,2021,GK,8,0,0,720,0.0,0,0.0,0,Newcastle United,1,0,0,0.0,0.5584848849102855,0.5584848849102855
780,Karl Darlow,2020,GK,25,0,0,2250,0.0,0,0.0,0,Newcastle United,2,0,0,0.0,0.9974315781146288,0.9974315781146288
780,Karl Darlow,2017,GK,10,0,0,900,0.0,0,0.0,0,Newcastle United,0,0,0,0.0,0.274502039887011,0.274502039887011
780,Karl Darlow,2015,GK,9,0,0,810,0.0,0,0.0,0,Newcastle United,0,0,0,0.0,0.1505295969545841,0.1505295969545841
781,Jeremain Lens,2016,Sub,2,0,3,64,0.1271509975194931,0,0.1900340020656585,2,Sunderland,0,0,0,0.1271509975194931,0.5295471027493477,0.2596910968422889
781,Jeremain Lens,2015,ML,20,3,26,1299,1.33960447832942,3,2.9814170990139246,18,Sunderland,3,1,3,1.33960447832942,5.8241102527827024,2.4477846082299948
782,Ben Chilwell,2023,DML,13,0,12,771,1.2212005220353603,1,1.793320189230144,14,Chelsea,5,0,0,1.2212005220353603,3.850440725684166,1.9574524844065309
782,Ben Chilwell,2022,DML,23,2,16,1418,1.465110638178885,2,1.9936782559379933,21,Chelsea,3,0,2,1.465110638178885,4.494038670323789,3.5327052902430296
782,Ben Chilwell,2021,DML,7,3,13,541,1.298325777053833,1,0.8330149054527283,10,Chelsea,0,0,3,1.298325777053833,4.463375482708216,3.4082015678286552
782,Ben Chilwell,2020,DL,27,3,27,2296,2.984890672378242,5,2.4556783102452755,30,Chelsea,3,0,3,2.984890672378242,11.330960918217896,8.155131109058857
782,Ben Chilwell,2019,DL,27,3,16,2382,1.0977275986224413,3,3.535527830943465,33,Leicester,3,0,3,1.0977275986224413,10.08815387263894,8.040449786931276
782,Ben Chilwell,2018,DL,36,0,22,3240,0.972871252335608,4,3.073072262108326,45,Leicester,4,0,0,0.972871252335608,9.096351135522127,7.060785120353103
782,Ben Chilwell,2017,DL,24,0,6,1855,0.2237122012302279,2,2.6106312330812216,20,Leicester,1,1,0,0.2237122012302279,7.099950015544891,4.937577690929174
782,Ben Chilwell,2016,DL,12,1,7,686,0.668289303779602,0,0.3706484157592058,2,Leicester,2,0,1,0.668289303779602,2.7422422990202904,1.7279787100851536
783,Nathan Dyer,2017,Sub,24,0,10,1307,0.8463072124868631,0,0.6981970025226474,10,Swansea,2,0,0,0.8463072124868631,2.734948113560677,1.8049527574330568
783,Nathan Dyer,2016,Sub,8,0,3,203,0.0866806972771883,1,0.1286595975980162,3,Swansea,0,0,0,0.0866806972771883,0.2919185049831867,0.1746837068349123
783,Nathan Dyer,2015,Sub,12,1,5,193,0.2630394995212555,1,0.4406009912490845,3,Leicester,1,0,1,0.2630394995212555,1.2117387130856514,0.5673060901463032
783,Nathan Dyer,2015,Sub,1,0,0,16,0.0,0,0.1296409964561462,2,Swansea,0,0,0,0.0,0.1296409964561462,0.0563420988619327
783,Nathan Dyer,2014,AMR,32,3,17,1879,2.01653119456023,2,2.235176409594714,22,Swansea,2,0,3,2.01653119456023,8.583801867440343,5.942768881097436
784,Andy King,2017,Sub,11,2,8,734,0.8963725846260786,0,0.1954167988151312,4,Swansea,1,0,2,0.8963725846260786,1.2676436211913824,0.8978111008182168
784,Andy King,2017,MC,11,1,6,530,0.6642411025241017,0,0.0612310003489255,2,Leicester,1,0,1,0.6642411025241017,0.8652914175763726,0.6545540066435933
784,Andy King,2016,MC,23,1,14,1439,0.6111542116850615,0,0.2418254036456346,6,Leicester,4,0,1,0.6111542116850615,3.630845595151186,3.1202397271990776
784,Andy King,2015,MC,25,2,19,1030,2.715634703636169,1,1.0578415095806122,9,Leicester,2,0,2,2.715634703636169,5.486793368123472,2.457544647157192
784,Andy King,2014,MC,24,2,14,1366,2.062913218513131,0,0.129082198254764,5,Leicester,1,0,2,2.062913218513131,4.114323317073286,2.8485571844503284
785,John Ruddy,2021,GK,2,0,0,129,0.0,0,0.0,0,Wolverhampton Wanderers,0,0,0,0.0,0.0,0.0
785,John Ruddy,2020,Sub,2,0,0,91,0.0,0,0.0,0,Wolverhampton Wanderers,0,0,0,0.0,0.0,0.0
785,John Ruddy,2018,GK,1,0,0,90,0.0,0,0.0,0,Wolverhampton Wanderers,0,0,0,0.0,0.0,0.0
785,John Ruddy,2015,GK,27,0,0,2430,0.0,0,0.0,0,Norwich,0,0,0,0.0,0.9111145082861184,0.9111145082861184
786,Ivo Pinto,2015,DR,10,0,0,811,0.0,0,0.121313203126192,2,Norwich,0,0,0,0.0,1.3475633338093758,1.302699238061905
787,Ryan Bennett,2019,DC,11,0,1,606,0.0239153001457452,0,0.090542497113347,2,Wolverhampton Wanderers,2,0,0,0.0239153001457452,0.7968852017074823,0.7063417974859476
787,Ryan Bennett,2019,Sub,5,0,0,335,0.0,0,0.0,0,Leicester,0,0,0,0.0,1.4728022143244743,1.4728022143244743
787,Ryan Bennett,2018,DC,34,1,15,3060,1.0000522956252098,0,0.7868757918477058,9,Wolverhampton Wanderers,12,0,1,1.0000522956252098,5.850177801214159,4.800759092904627
787,Ryan Bennett,2015,DC,22,0,8,1842,0.57474460080266,0,0.2777703925967216,4,Norwich,7,0,0,0.57474460080266,1.7487185904756188,1.589243390597403
788,Russell Martin,2015,DC,30,3,18,2699,1.8422323176637287,0,1.0656029731035233,8,Norwich,4,1,3,1.8422323176637287,3.953611842356622,2.83197205606848
789,Robbie Brady,2020,MR,19,1,16,1061,0.7830978035926819,1,0.9085825961083174,7,Burnley,3,0,1,0.7830978035926819,2.677590448409319,1.5309147164225578
789,Robbie Brady,2019,Sub,17,1,12,436,0.9964995980262756,2,0.3175496002659201,9,Burnley,1,0,1,0.9964995980262756,1.495763123035431,0.8886655867099762
789,Robbie Brady,2018,ML,16,0,12,701,0.678755097091198,1,1.0314604192972183,14,Burnley,3,1,0,0.678755097091198,1.191131705418229,0.5127436015754938
789,Robbie Brady,2017,ML,15,1,24,1279,1.1337131969630718,2,2.1779294349253178,25,Burnley,3,0,1,1.1337131969630718,2.4111943058669567,1.1411126032471657
789,Robbie Brady,2016,ML,14,1,19,710,0.7694878149777651,2,1.6063628867268562,16,Burnley,1,0,1,0.7694878149777651,1.5022324780002236,0.3219616180285811
789,Robbie Brady,2015,DL,36,3,53,2996,2.794267915189266,2,5.04878506064415,54,Norwich,3,0,3,2.794267915189266,6.695630591362715,3.041910846717656
789,Robbie Brady,2014,Sub,27,0,23,1750,1.1762968199327588,2,4.28132613375783,35,Hull,2,0,0,1.1762968199327588,5.154144831001759,1.8241602927446363
790,Nathan Redmond,2023,Sub,12,0,0,100,0.0,0,0.2518436722457409,4,Burnley,1,0,0,0.0,0.9050039984285831,0.8224344961345196
790,Nathan Redmond,2022,Sub,1,0,0,1,0.0,0,0.0,0,Southampton,0,0,0,0.0,0.0,0.0
790,Nathan Redmond,2021,Sub,27,1,26,1829,1.6321709342300892,5,4.070743652060628,34,Southampton,0,0,1,1.6321709342300892,7.378807194530964,3.2111310930922627
790,Nathan Redmond,2020,ML,29,2,45,1718,3.833790317177773,3,3.353081863373518,29,Southampton,1,0,2,3.833790317177773,8.99761745147407,3.267556704580784
790,Nathan Redmond,2019,AMC,32,4,59,2781,5.287323888391256,4,3.6244101859629154,38,Southampton,2,0,4,5.287323888391256,13.674614310264587,6.087856294587255
790,Nathan Redmond,2018,AMC,38,6,74,3283,7.911501468159258,4,5.312565573491156,52,Southampton,3,0,6,7.911501468159258,16.49272551946342,5.913362832739949
790,Nathan Redmond,2017,AML,31,1,44,1947,2.318285396322608,3,4.201632303185761,42,Southampton,3,0,1,2.318285396322608,8.6934315841645,3.71267812885344
790,Nathan Redmond,2016,FW,37,7,83,2917,4.817707560956478,1,5.891832923516631,57,Southampton,2,1,7,4.817707560956478,15.177735261619093,6.430120557546616
790,Nathan Redmond,2015,Sub,35,6,54,2321,3.4319807747378945,3,3.6447911020368338,45,Norwich,0,0,6,3.4319807747378945,9.672524183057249,6.095174287445843
791,Alexander Tettey,2019,Sub,30,1,23,2372,0.6770779136568308,1,0.4899775143712759,5,Norwich,5,0,1,0.6770779136568308,5.790715465322137,5.039047980681062
791,Alexander Tettey,2015,DMC,23,2,20,1956,0.6745796985924244,0,0.1093363417312502,5,Norwich,10,0,2,0.6745796985924244,3.9621738800778985,3.3664298839867115
792,Jonny Howson,2015,MR,36,3,35,2960,2.2518839417025447,4,2.8945629689842463,26,Norwich,7,0,3,2.2518839417025447,8.28648187033832,5.196510763838887
793,Wes Hoolahan,2015,MC,30,4,26,2026,3.4676506221294403,8,4.911916113458574,49,Norwich,1,0,3,2.706481605768204,9.969727208837869,5.996438333764672
794,Cameron Jerome,2015,Sub,34,3,46,1770,8.215384827926755,2,0.3745400048792362,8,Norwich,2,0,3,8.215384827926755,6.644690910354257,1.1840089233592153
795,Dieumerci Mbokani,2016,Sub,12,0,14,765,1.549893588759005,1,0.4510626122355461,8,Hull,0,0,0,1.549893588759005,1.6962678991258144,0.3789525050669908
795,Dieumerci Mbokani,2015,Sub,29,7,37,1568,6.585035309195519,1,1.5376300066709518,25,Norwich,0,0,7,6.585035309195519,7.872770933434367,1.3138999929651618
796,Gary O'Neil,2015,Sub,27,0,11,1738,0.8533069975674152,0,0.5954609988257289,9,Norwich,7,1,0,0.8533069975674152,4.298285402357578,3.374219039455056
797,Youssouf Mulumbu,2015,MC,7,0,3,374,0.1450005993247032,0,0.0152241997420787,1,Norwich,1,0,0,0.1450005993247032,0.3862261958420276,0.2441050950437784
797,Youssouf Mulumbu,2014,MC,17,0,12,900,0.4765350986272096,0,0.3007141947746277,5,West Bromwich Albion,1,1,0,0.4765350986272096,1.8632659167051315,1.7142265252768991
798,Martin Olsson,2017,DL,36,0,17,3159,0.8586820987984538,1,0.6865647071972489,13,Swansea,7,0,0,0.8586820987984538,4.866445885039866,3.767029187642038
798,Martin Olsson,2016,DL,15,2,9,1252,0.70154869556427,0,0.3955680020153522,7,Swansea,2,0,2,0.70154869556427,3.1216078102588654,2.286035118624568
798,Martin Olsson,2015,DL,24,1,7,1767,0.1644793003797531,2,0.9000751879066229,7,Norwich,2,0,1,0.1644793003797531,3.353635421022773,2.440692376345396
799,Declan Rudd,2015,GK,11,0,0,990,0.0,0,0.0,0,Norwich,2,0,0,0.0,0.2875345982611179,0.2875345982611179
800,Matthew Jarvis,2015,ML,19,1,10,1034,1.0162738040089607,1,1.5426131635904312,18,Norwich,0,0,1,1.0162738040089607,3.479270667769015,1.1707294899970293
800,Matthew Jarvis,2015,Sub,3,0,0,66,0.0,0,0.0,0,West Ham,0,0,0,0.0,0.0825067982077598,0.0825067982077598
800,Matthew Jarvis,2014,Sub,11,0,5,409,0.3824862018227577,0,1.025754403322935,10,West Ham,0,0,0,0.3824862018227577,1.5946353152394297,0.5290609039366245
801,Graham Dorrans,2015,MC,21,0,16,1289,0.5596574051305652,1,1.159778194501996,15,Norwich,2,0,0,0.5596574051305652,3.570578595623374,2.449030422605574
801,Graham Dorrans,2014,MR,21,1,20,1608,1.5093517256900668,3,2.654246101155877,25,West Bromwich Albion,5,0,1,0.7481827093288302,4.214195780456066,2.6841545552015305
802,Diego Costa,2022,Sub,23,1,28,1254,2.9844185262918472,0,0.5990131702274084,11,Wolverhampton Wanderers,5,1,1,2.9844185262918472,3.3896298184990883,0.5007723271846771
802,Diego Costa,2016,FW,35,20,111,3101,15.43179689347744,7,4.912057062610984,42,Chelsea,10,0,20,14.670627877116203,22.00321437418461,6.565549957565963
802,Diego Costa,2015,FW,28,12,68,2386,12.080561351031063,6,2.8887833151966333,30,Chelsea,8,0,12,12.080561351031063,18.07463388890028,5.290677092969418
802,Diego Costa,2014,FW,26,20,76,2111,15.21911308169365,3,4.554670616053045,41,Chelsea,8,0,19,14.457944065332413,21.365789726376534,5.27697273902595
803,Ben Foster,2021,GK,26,0,0,2340,0.0,1,0.0675887018442154,1,Watford,0,0,0,0.0,2.202353198081255,2.13476449623704
803,Ben Foster,2019,GK,38,0,1,3420,0.3458040058612823,0,0.0367066003382205,1,Watford,1,0,0,0.3458040058612823,1.5804535951465368,1.5437475945800545
803,Ben Foster,2018,GK,38,0,1,3420,0.0166964996606111,0,0.2140688998624682,5,Watford,1,0,0,0.0166964996606111,2.5209076162427664,2.3592222183942795
803,Ben Foster,2017,GK,37,0,0,3330,0.0,0,0.0455644000321626,2,West Bromwich Albion,2,0,0,0.0,0.7630011960864067,0.7630011960864067
803,Ben Foster,2016,GK,38,0,1,3420,0.0321922004222869,0,0.0918270982801914,2,West Bromwich Albion,2,0,0,0.0321922004222869,0.6677510011941195,0.6677510011941195
803,Ben Foster,2015,GK,15,0,0,1350,0.0,0,0.0,0,West Bromwich Albion,1,0,0,0.0,0.2052960973232984,0.2052960973232984
803,Ben Foster,2014,GK,28,0,0,2488,0.0,0,0.0,0,West Bromwich Albion,2,0,0,0.0,1.097893993370235,1.097893993370235
804,Craig Dawson,2024,Sub,5,0,1,288,0.0454049482941627,0,0.0697851851582527,2,Wolverhampton Wanderers,0,0,0,0.0454049482941627,0.7540239673107862,0.7418937664479017
804,Craig Dawson,2023,DC,25,1,16,2214,1.357585897669196,1,1.350392846390605,9,Wolverhampton Wanderers,7,0,1,1.357585897669196,4.3896971847862005,4.195270133204758
804,Craig Dawson,2022,DC,17,1,11,1428,1.147177018225193,0,0.0170389004051685,1,Wolverhampton Wanderers,4,0,1,1.147177018225193,2.183611547574401,2.1665725465863943
804,Craig Dawson,2022,DC,8,0,6,720,0.3742033988237381,0,0.0908621028065681,1,West Ham,2,0,0,0.3742033988237381,1.2152289859950542,1.0801519863307476
804,Craig Dawson,2021,DC,34,2,25,2760,2.942396597936749,2,1.0429365001618862,5,West Ham,5,1,2,2.942396597936749,5.017234046943486,4.921364744193852
804,Craig Dawson,2020,DC,22,3,16,1925,2.7360610645264387,0,0.054468298330903,2,West Ham,3,1,3,2.7360610645264387,3.0050550205633044,3.0050550205633044
804,Craig Dawson,2019,DC,29,2,26,2356,2.2408691719174385,0,0.3374617025256157,5,Watford,6,0,2,2.2408691719174385,4.197169275954366,3.989171919412911
804,Craig Dawson,2017,DC,28,2,15,2512,2.262333201244473,0,0.9375915974378586,9,West Bromwich Albion,6,0,2,2.262333201244473,2.4390195785090327,1.8609244981780648
804,Craig Dawson,2016,DR,37,4,21,3281,2.965410745702684,0,1.097650544717908,21,West Bromwich Albion,10,0,4,2.965410745702684,3.4220777563750744,2.81613720022142
804,Craig Dawson,2015,DC,38,4,38,3387,4.9939436465501785,0,3.273947911337018,28,West Bromwich Albion,3,0,4,4.9939436465501785,5.419562907889485,4.053239188157022
804,Craig Dawson,2014,DC,29,2,16,2593,1.765517331659794,0,0.3051367048174143,5,West Bromwich Albion,6,0,2,1.765517331659794,3.1169052943587303,2.87056627124548
805,Jonas Olsson,2016,DC,7,0,3,593,0.1953666023910045,0,0.0,0,West Bromwich Albion,3,0,0,0.1953666023910045,0.7437133137136698,0.7437133137136698
805,Jonas Olsson,2015,DC,28,1,6,2019,0.9869292164221406,1,1.0481974948197603,4,West Bromwich Albion,5,0,1,0.9869292164221406,1.9791093980893493,1.947945392690599
805,Jonas Olsson,2014,DC,13,1,3,817,0.3695265054702759,0,0.7158549726009369,2,West Bromwich Albion,2,0,1,0.3695265054702759,1.1940922914072871,1.1747842906042931
806,Gareth McAuley,2017,Sub,9,0,0,454,0.0,0,0.0,0,West Bromwich Albion,0,0,0,0.0,0.2813838943839073,0.2813838943839073
806,Gareth McAuley,2016,DC,36,6,16,3150,3.691566973924637,1,0.3782481029629707,6,West Bromwich Albion,5,0,6,3.691566973924637,2.1038487255573277,1.773257914930582
806,Gareth McAuley,2015,DC,34,1,7,3060,0.5205572098493576,0,0.6936065852642059,7,West Bromwich Albion,4,1,1,0.5205572098493576,3.2130712745711207,3.114610652439296
806,Gareth McAuley,2014,DC,24,1,8,2071,1.1422011805698276,0,0.5258615016937256,3,West Bromwich Albion,2,1,1,1.1422011805698276,1.6611365741118789,1.6257785772904754
807,Jonny Evans,2024,Sub,2,0,0,17,0.0,0,0.0,0,Manchester United,0,0,0,0.0,0.0619641095399856,0.0619641095399856
807,Jonny Evans,2023,Sub,23,0,1,1399,0.0817585885524749,1,0.7122423723340034,6,Manchester United,2,0,0,0.0817585885524749,3.112667176872492,3.084139473736286
807,Jonny Evans,2022,DC,13,0,1,1057,0.0843219012022018,0,0.0927421972155571,1,Leicester,1,0,0,0.0843219012022018,3.3804026413708925,3.2876606453210115
807,Jonny Evans,2021,Sub,18,1,3,1355,1.284800007939339,1,0.920725718140602,4,Leicester,3,0,1,1.284800007939339,4.209085593931377,4.113771582953632
807,Jonny Evans,2020,DC,28,2,8,2483,1.855712991207838,2,0.5386304911226034,10,Leicester,7,0,2,1.855712991207838,8.73060917109251,7.942962162196636
807,Jonny Evans,2019,DC,38,1,23,3390,2.480744067579508,1,0.3810351081192493,8,Leicester,8,1,1,2.480744067579508,10.939472295343876,10.7345372736454
807,Jonny Evans,2018,DC,24,1,11,1993,0.5250387936830521,0,0.2806598003953695,5,Leicester,2,0,1,0.5250387936830521,3.3353213435038924,3.0556601574644446
807,Jonny Evans,2017,DC,28,2,10,2276,1.737644301727414,2,1.0450095143169165,8,West Bromwich Albion,7,0,2,1.737644301727414,3.967963024973869,3.889603333547712
807,Jonny Evans,2016,DL,31,2,9,2635,1.805808998644352,1,0.3334583966061473,7,West Bromwich Albion,8,0,2,1.805808998644352,3.056495616212487,3.042246015742421
807,Jonny Evans,2015,DL,30,1,7,2600,1.2419001199305058,1,0.7815928049385548,9,West Bromwich Albion,4,0,1,1.2419001199305058,2.8226519897580147,2.218800075352192
807,Jonny Evans,2014,DC,14,0,1,1095,0.0100948996841907,0,0.036607701331377,1,Manchester United,1,0,0,0.0100948996841907,3.5060566887259483,3.459353692829609
808,Claudio Yacob,2017,DMC,16,0,7,895,0.3040450923144817,0,0.0164589993655681,1,West Bromwich Albion,5,0,0,0.3040450923144817,1.5945495162159204,1.550054395571351
808,Claudio Yacob,2016,MC,33,0,9,2416,0.6284845862537622,0,0.31842109747231,6,West Bromwich Albion,9,0,0,0.6284845862537622,2.9570056926459074,2.636717024259269
808,Claudio Yacob,2015,Sub,34,0,9,2862,0.1748810997232794,1,0.521934631280601,8,West Bromwich Albion,8,0,0,0.1748810997232794,2.266810725443065,1.7137513048946855
808,Claudio Yacob,2014,Sub,20,0,8,1385,0.2537633031606674,0,0.1023756572976708,4,West Bromwich Albion,5,1,0,0.2537633031606674,1.5811529830098152,1.3523816131055355
809,Darren Fletcher,2017,MC,27,1,11,2234,0.2892570002004504,1,1.6923288144171238,23,Stoke,0,0,1,0.2892570002004504,4.767431916669011,4.037280919030309
809,Darren Fletcher,2016,MC,38,2,20,3242,1.874785890802741,3,1.7452845815569162,23,West Bromwich Albion,0,0,2,1.874785890802741,6.902402086183429,4.336862497031689
809,Darren Fletcher,2015,MC,38,1,22,3377,2.497494393028319,3,2.580059782601893,30,West Bromwich Albion,3,0,1,2.497494393028319,7.24373628385365,3.901701215654612
809,Darren Fletcher,2014,MC,15,1,9,1350,0.4196985065937042,0,0.8426830116659403,12,West Bromwich Albion,2,0,1,0.4196985065937042,2.29599342495203,2.0379958152771
809,Darren Fletcher,2014,MC,11,0,1,361,0.0309711005538702,0,0.0375868007540702,2,Manchester United,1,0,0,0.0309711005538702,1.0065564792603254,0.9568444769829512
810,Stéphane Sessegnon,2015,MR,25,2,31,1770,1.287262612953782,2,2.786615217104554,27,West Bromwich Albion,1,0,2,1.287262612953782,6.163075953722,3.911617195233703
810,Stéphane Sessegnon,2014,Sub,28,1,29,1768,2.1281250156462197,3,2.7812051149085164,32,West Bromwich Albion,5,0,1,2.1281250156462197,8.531753493472934,3.9461129438132048
811,Saido Berahino,2017,FW,15,0,10,467,1.744910420849919,1,0.3682931009680033,3,Stoke,0,0,0,0.9837414044886827,1.4504588041454554,0.0984236001968383
811,Saido Berahino,2016,Sub,13,0,13,724,2.089484676718712,0,0.5703176073729992,5,Stoke,0,0,0,2.089484676718712,2.3914042934775352,0.7065926790237427
811,Saido Berahino,2016,FW,4,0,6,250,0.8185385912656784,0,0.0,0,West Bromwich Albion,1,0,0,0.8185385912656784,1.271890014410019,0.4533522110432386
811,Saido Berahino,2015,FW,31,4,35,1727,7.118001105263829,0,1.0141102001070976,18,West Bromwich Albion,0,0,4,5.595701085403562,7.9605226730927825,2.1189317824319005
811,Saido Berahino,2014,AMC,38,14,86,2940,13.841749838553367,1,1.961659412831068,28,West Bromwich Albion,2,0,10,10.797112329863012,11.907299553975465,2.439554900862277
812,Craig Gardner,2016,ML,9,0,2,207,0.1090942025184631,1,1.5410642689093947,10,West Bromwich Albion,1,0,0,0.1090942025184631,0.4491908103227615,0.3119710087776184
812,Craig Gardner,2015,MR,34,3,46,2037,4.136256244033575,3,3.0203902954235677,24,West Bromwich Albion,5,0,3,3.3750872425735,5.186487596482039,1.7018211791291833
812,Craig Gardner,2014,MC,35,3,56,2697,3.340116017498076,4,3.3437892766669397,35,West Bromwich Albion,10,0,3,3.340116017498076,8.155050222761929,4.230648763477802
813,Salomón Rondón,2022,Sub,7,0,4,96,0.7647659070789814,0,0.1265218034386634,2,Everton,0,0,0,0.7647659070789814,0.9441559053957462,0.0528680998831987
813,Salomón Rondón,2021,Sub,20,1,21,764,2.640421368181705,1,0.612394904717803,8,Everton,2,1,1,2.640421368181705,3.71541341021657,0.6350547969341278
813,Salomón Rondón,2018,Sub,32,11,89,2616,10.63538501597941,7,3.413186360150576,32,Newcastle United,1,0,11,10.63538501597941,15.463678646832705,4.218267355114222
813,Salomón Rondón,2017,Sub,36,7,78,2781,6.871560588479042,3,2.614863349124789,23,West Bromwich Albion,4,0,7,6.871560588479042,10.665159044787288,3.401071329601109
813,Salomón Rondón,2016,FW,38,8,93,2902,9.35797328967601,2,2.8521678745746613,26,West Bromwich Albion,2,0,8,9.35797328967601,13.401619354262948,2.5777701027691364
813,Salomón Rondón,2015,Sub,34,9,71,2581,9.896931927651169,2,1.9187822239473464,28,West Bromwich Albion,1,1,9,9.896931927651169,9.413141864351928,2.562900614924729
814,James McClean,2017,ML,30,1,30,1378,1.7565355356782677,0,0.7149944948032498,17,West Bromwich Albion,7,0,1,1.7565355356782677,2.9923297185450792,0.9370928080752492
814,James McClean,2016,Sub,34,1,23,1444,1.4911542292684317,2,2.328659363090992,19,West Bromwich Albion,9,0,1,1.4911542292684317,3.110250672325492,1.2076289020478723
814,James McClean,2015,ML,35,2,31,2414,2.168414603918791,2,3.026410101912916,29,West Bromwich Albion,7,1,2,2.168414603918791,5.10841834358871,1.4000553861260414
815,Alex Pritchard,2018,AMC,30,2,47,2114,2.6178856985643506,0,2.083443386480212,32,Huddersfield,2,0,2,2.6178856985643506,5.124806107953191,1.5184159018099308
815,Alex Pritchard,2017,Sub,14,1,18,1006,1.1473921313881874,1,2.110275693237781,21,Huddersfield,1,0,1,1.1473921313881874,3.3988870549947023,0.950773905031383
815,Alex Pritchard,2015,Sub,2,0,2,58,0.0759627968072891,0,0.0,0,West Bromwich Albion,0,0,0,0.0759627968072891,0.0657668001949787,0.0400775000452995
815,Alex Pritchard,2015,Sub,1,0,0,1,0.0,0,0.0,0,Tottenham,0,0,0,0.0,0.0,0.0
816,Rickie Lambert,2016,Sub,1,0,2,9,0.173126995563507,0,0.1349499970674514,1,West Bromwich Albion,0,0,0,0.173126995563507,0.173126995563507,0.0
816,Rickie Lambert,2015,FW,19,1,14,604,1.4416358908638358,1,0.9207850070670248,11,West Bromwich Albion,2,0,0,0.6804667999967933,1.3934175092726946,0.212576094083488
816,Rickie Lambert,2014,Sub,25,2,19,798,1.8370392173528671,2,0.8429333930835128,11,Liverpool,2,0,2,1.8370392173528671,4.115938443690538,1.727239012718201
817,Sandro,2015,DMC,12,0,3,382,0.0484007997438311,0,0.1187580004334449,1,West Bromwich Albion,0,0,0,0.0484007997438311,0.1958992993459105,0.0442926995456218
817,Sandro,2014,MC,17,1,17,1240,0.6715470999479294,0,0.1261496022343635,3,Queens Park Rangers,6,0,1,0.6715470999479294,2.6105356854386628,2.1408034921623766
818,Victor Anichebe,2016,Sub,18,3,30,1212,2.426557875238359,0,0.7153269127011299,11,Sunderland,2,0,3,2.426557875238359,3.6320533752441406,0.8847618978470564
818,Victor Anichebe,2015,Sub,10,0,13,355,1.1712062265723944,0,0.3101911954581737,5,West Bromwich Albion,0,0,0,1.1712062265723944,1.362776305526495,0.3371986970305443
818,Victor Anichebe,2014,FW,21,3,25,1019,1.8499117121100423,1,1.331590000540018,18,West Bromwich Albion,0,0,3,1.8499117121100423,3.206710606813431,1.0943197682499886
819,James Chester,2015,DR,13,0,0,965,0.0,0,0.2575351018458605,4,West Bromwich Albion,5,0,0,0.0,1.168112987652421,1.0365838836878538
819,James Chester,2014,DC,23,2,9,1878,0.6936227893456817,0,0.1987740006297826,5,Hull,5,1,2,0.6936227893456817,2.350152777507901,2.1908219680190086
820,Boaz Myhill,2017,GK,1,0,0,90,0.0,0,0.0,0,West Bromwich Albion,1,0,0,0.0,0.0,0.0
820,Boaz Myhill,2015,GK,23,0,0,2070,0.0,0,0.0,0,West Bromwich Albion,2,0,0,0.0,1.0126017173752189,1.0126017173752189
820,Boaz Myhill,2014,GK,11,0,0,932,0.0,0,0.0,0,West Bromwich Albion,1,0,0,0.0,0.5710180848836899,0.5710180848836899
821,Sebastien Bassong,2015,DC,32,1,20,2788,1.3719307715073228,0,0.0742453020066022,2,Norwich,4,0,1,1.3719307715073228,3.0247010719031096,2.705271579325199
822,Patrick Bamford,2022,FW,28,4,50,1523,9.774512918666003,2,1.0358418971300123,12,Leeds,3,0,4,8.252171130850911,8.993882125243545,1.0394691042602062
822,Patrick Bamford,2021,FW,9,2,20,558,2.997420996427536,2,1.031534468755126,5,Leeds,2,0,2,2.997420996427536,3.715276086702943,0.4154009968042373
822,Patrick Bamford,2020,FW,38,17,107,3085,18.40186234563589,7,3.782248348928988,30,Leeds,3,0,15,16.879525646567345,23.394968066364527,4.13179549202323
822,Patrick Bamford,2016,FWR,8,1,6,268,1.1101989895105362,0,0.0881612002849578,1,Middlesbrough,1,0,1,1.1101989895105362,1.3680599927902222,0.7465719953179359
822,Patrick Bamford,2016,Sub,6,0,1,26,0.0330105982720851,0,0.0,0,Burnley,0,0,0,0.0330105982720851,0.0919388979673385,0.0919388979673385
822,Patrick Bamford,2015,Sub,7,0,7,229,0.4736107997596264,0,0.1251394003629684,2,Norwich,0,0,0,0.4736107997596264,0.9912720285356044,0.5342335067689419
822,Patrick Bamford,2015,Sub,6,0,3,111,0.4642859846353531,0,0.1382295005023479,2,Crystal Palace,0,0,0,0.4642859846353531,0.5900932922959328,0.2061950042843818
823,Vadis Odjidja-Ofoe,2015,Sub,10,0,3,268,0.0819438025355339,2,0.3517073020339012,8,Norwich,2,0,0,0.0819438025355339,0.6430150009691715,0.3387905955314636
824,Steven Naismith,2015,AMC,13,1,16,898,1.7350250724703074,1,1.6603287160396576,12,Norwich,2,0,1,1.7350250724703074,3.625533413141966,1.15820181556046
824,Steven Naismith,2015,Sub,10,3,9,445,1.2767337933182716,0,0.4194504953920841,8,Everton,1,0,3,1.2767337933182716,3.1716980151832104,2.5786967538297176
824,Steven Naismith,2014,AMC,31,6,33,2051,3.9483574014157057,0,1.943706877529621,25,Everton,8,0,6,3.9483574014157057,7.202266428619623,2.953010760247708
825,Adam Smith,2024,DR,5,0,0,180,0.0,0,0.0697761848568916,1,Bournemouth,1,0,0,0.0,1.4349289946258068,1.3651528172194958
825,Adam Smith,2023,Sub,28,0,2,2185,0.0396374240517616,2,1.4616671204566956,17,Bournemouth,6,0,0,0.0396374240517616,7.450475042685866,6.158073959872127
825,Adam Smith,2022,DR,37,0,5,2957,0.9768042117357254,1,1.4084933251142502,16,Bournemouth,11,0,0,0.9768042117357254,4.09709825925529,3.0260829851031303
825,Adam Smith,2019,DMR,24,0,4,2078,0.6926139984279871,1,1.273223688825965,10,Bournemouth,7,0,0,0.6926139984279871,5.350808300077915,4.599227916449308
825,Adam Smith,2018,DR,25,1,7,2080,0.5962849920615554,1,0.5752321984618902,11,Bournemouth,5,1,1,0.5962849920615554,8.29193640500307,7.586809826083481
825,Adam Smith,2017,Sub,27,1,13,2067,0.4273650301620364,3,1.4670487884432075,21,Bournemouth,6,0,1,0.4273650301620364,4.557140359655023,3.196541078388691
825,Adam Smith,2016,DR,36,1,26,3094,1.389054604806006,5,4.811003897339106,30,Bournemouth,6,0,1,1.389054604806006,10.946810204535725,7.341879336163402
825,Adam Smith,2015,Sub,31,2,15,2085,0.4881399013102054,0,1.1019454840570688,14,Bournemouth,5,0,2,0.4881399013102054,3.9739092104136944,3.1956596188247204
826,Benik Afobe,2017,FW,17,0,7,524,1.4485037550330162,0,0.1121834963560104,2,Bournemouth,0,0,0,1.4485037550330162,1.9634350836277008,0.590020690113306
826,Benik Afobe,2016,Sub,31,6,39,1436,8.921731073409319,3,1.8278376227244733,23,Bournemouth,1,0,6,8.160559136420488,8.775064839050174,1.2637336254119873
826,Benik Afobe,2015,Sub,15,4,14,950,3.395960964262485,0,0.6378889800980687,12,Bournemouth,0,0,4,3.395960964262485,3.453082635998726,0.5902240071445704
827,Juan Iturbe,2015,Sub,2,0,1,51,0.0280562005937099,0,0.0127202998846769,1,Bournemouth,0,0,0,0.0280562005937099,0.0407764986157417,0.0
828,Sylvain Distin,2015,DC,12,0,2,841,0.0642729001119732,0,0.0071753300726413,1,Bournemouth,0,0,0,0.0642729001119732,0.3273781668394804,0.3202028684318065
828,Sylvain Distin,2014,DC,13,0,1,1081,0.0563782006502151,0,0.0975607000291347,3,Everton,0,0,0,0.0563782006502151,2.0827347952872515,2.001878598704934
829,Marvin Emnes,2015,FWR,2,0,1,66,0.0244686007499694,0,0.0,0,Swansea,0,0,0,0.0244686007499694,0.0244686007499694,0.0
829,Marvin Emnes,2014,Sub,17,0,13,488,0.8800223087891936,0,0.7972883991897106,5,Swansea,2,0,0,0.8800223087891936,1.8270478919148443,0.6900001950562
830,Leon Britton,2017,MC,5,0,0,308,0.0,0,0.0,0,Swansea,1,0,0,0.0,0.6893031932413578,0.6893031932413578
830,Leon Britton,2016,MC,16,0,0,1201,0.0,0,0.0622444003820419,2,Swansea,3,0,0,0.0,2.6232918053865437,2.607433795928955
830,Leon Britton,2015,Sub,25,0,5,1532,0.1018131989985704,0,0.0973522998392582,4,Swansea,4,0,0,0.1018131989985704,2.0542130824178457,1.9618243854492905
830,Leon Britton,2014,Sub,9,0,0,541,0.0,0,0.0167417004704475,1,Swansea,1,0,0,0.0,0.9559799954295158,0.9559799954295158
831,Fraser Forster,2022,GK,14,0,0,1212,0.0,0,0.0,0,Tottenham,1,0,0,0.0,1.6163463462144136,1.6163463462144136
831,Fraser Forster,2021,GK,19,0,0,1710,0.0,0,0.0,0,Southampton,1,0,0,0.0,0.8640092052519321,0.8640092052519321
831,Fraser Forster,2020,GK,8,0,0,720,0.0,0,0.0,0,Southampton,0,0,0,0.0,1.113945309072733,1.113945309072733
831,Fraser Forster,2018,GK,1,0,0,90,0.0,0,0.0,0,Southampton,0,0,0,0.0,0.0,0.0
831,Fraser Forster,2017,GK,20,0,0,1800,0.0,0,0.0,0,Southampton,0,0,0,0.0,1.1555680893361568,1.1555680893361568
831,Fraser Forster,2016,GK,38,0,0,3420,0.0,0,0.3446770012378692,1,Southampton,3,0,0,0.0,3.6629295581951737,3.6629295581951737
831,Fraser Forster,2015,GK,18,0,0,1620,0.0,0,0.0,0,Southampton,0,0,0,0.0,0.5442584920674562,0.5442584920674562
831,Fraser Forster,2014,GK,30,0,0,2623,0.0,0,0.0186375007033348,1,Southampton,1,0,0,0.0,2.2933644084259868,2.274727108888328
832,Cuco Martina,2017,Sub,21,0,2,1830,0.0853299982845783,2,1.5226872907951474,13,Everton,2,0,0,0.0853299982845783,4.137885705567896,3.476138941943645
832,Cuco Martina,2016,Sub,9,0,1,595,0.0345433987677097,0,0.2235802970826625,5,Southampton,0,0,0,0.0345433987677097,1.1436997018754482,0.909246699884534
832,Cuco Martina,2015,Sub,15,1,3,1076,0.1117531042546033,1,1.3458772003650663,12,Southampton,1,0,1,0.1117531042546033,4.38199639134109,3.5813585072755814
833,Virgil van Dijk,2024,DC,5,0,3,450,0.0986400656402111,0,0.0786957293748855,1,Liverpool,1,0,0,0.0986400656402111,3.153230592608452,3.0745348632335663
833,Virgil van Dijk,2023,DC,36,2,45,3177,3.299967482686043,2,1.8630620841868224,11,Liverpool,3,1,2,3.299967482686043,18.08503666892648,17.597938928753138
833,Virgil van Dijk,2022,DC,32,3,30,2839,3.122492080554366,1,1.1658173147588968,7,Liverpool,3,0,3,3.122492080554366,14.182128950953484,14.01483904197812
833,Virgil van Dijk,2021,DC,34,3,35,3060,2.1695868838578463,1,1.5573332104831934,9,Liverpool,3,0,3,2.1695868838578463,16.267572289332747,16.187643237411976
833,Virgil van Dijk,2020,DC,5,1,4,370,0.5533829927444458,0,0.0,0,Liverpool,1,0,1,0.5533829927444458,1.4095935374498367,1.2884335070848465
833,Virgil van Dijk,2019,DC,38,5,31,3420,2.957815634086728,1,1.133435733616352,7,Liverpool,1,0,5,2.957815634086728,15.309702783823012,14.673713820055127
833,Virgil van Dijk,2018,DC,38,4,31,3388,3.510544218122959,2,1.265912395901978,7,Liverpool,1,0,4,3.510544218122959,17.472347408533096,16.65699201822281
833,Virgil van Dijk,2017,DC,14,0,16,1260,1.1263913726434112,0,0.8506513219326735,5,Liverpool,1,0,0,1.1263913726434112,6.36662111338228,6.070444813929498
833,Virgil van Dijk,2017,Sub,12,0,11,992,0.8181630065664649,0,1.4714379906654358,3,Southampton,0,0,0,0.8181630065664649,2.240971587598324,2.1491876021027565
833,Virgil van Dijk,2016,DC,21,1,17,1857,1.365999385714531,0,0.4759070966392755,6,Southampton,3,1,1,1.365999385714531,4.357291301712394,4.199445506557822
833,Virgil van Dijk,2015,DC,34,3,29,3060,3.2997162602841854,0,1.340610295534134,9,Southampton,2,0,3,3.2997162602841854,5.700623968616128,5.42185575235635
834,José Fonte,2017,DC,8,0,8,696,0.4053119905292988,1,0.5144699942320585,4,West Ham,0,0,0,0.4053119905292988,0.8899490833282471,0.8378264792263508
834,José Fonte,2016,DC,17,0,10,1530,0.5472999950870872,0,0.1983222998678684,5,Southampton,2,0,0,0.5472999950870872,4.007059901952744,3.8687838912010193
834,José Fonte,2016,DC,16,0,7,1407,0.2709645964205265,0,0.197189699858427,3,West Ham,2,0,0,0.2709645964205265,2.1680526304990053,2.146673636510968
834,José Fonte,2015,DC,37,2,20,3171,2.431196888908744,1,1.2865146612748504,5,Southampton,4,1,2,2.431196888908744,6.668108243495226,6.46544723585248
834,José Fonte,2014,DC,37,0,23,3330,1.3340498032048345,1,1.238560494966805,11,Southampton,5,0,0,1.3340498032048345,7.302144292742014,7.116659890860319
835,Ryan Bertrand,2021,DL,4,0,0,340,0.0,0,0.0,0,Leicester,1,0,0,0.0,1.6839202903211117,1.6839202903211117
835,Ryan Bertrand,2020,DL,29,0,8,2600,0.3749201018363237,1,1.3952976930886507,13,Southampton,5,0,0,0.3749201018363237,5.361662004143,4.813894296996296
835,Ryan Bertrand,2019,DML,32,1,19,2742,2.061922488734126,1,3.522445285692811,30,Southampton,3,1,1,2.061922488734126,8.074739373289049,5.929435561411083
835,Ryan Bertrand,2018,DML,24,1,16,2160,1.2571101244539022,0,1.722819484770298,23,Southampton,8,0,1,1.2571101244539022,7.210838504135609,5.166143758222461
835,Ryan Bertrand,2017,DL,35,0,20,3138,2.0217595295980573,4,2.821567341685295,35,Southampton,2,0,0,2.0217595295980573,8.787456028163433,6.1466497592628
835,Ryan Bertrand,2016,DL,28,2,19,2509,0.6660360107198358,4,2.694297209382057,28,Southampton,3,0,2,0.6660360107198358,8.266150183975697,6.5086263827979565
835,Ryan Bertrand,2015,DL,32,1,12,2880,1.4651850974187255,3,3.441076635383069,22,Southampton,6,0,0,0.7040162933990359,8.203246200457215,6.43518764898181
835,Ryan Bertrand,2014,DL,34,2,14,3057,0.982024872675538,2,3.735288411378861,26,Southampton,3,1,2,0.982024872675538,11.753734475001693,8.78468501009047
836,Victor Wanyama,2019,Sub,2,0,0,21,0.0,0,0.0,0,Tottenham,1,0,0,0.0,0.1285710036754608,0.1285710036754608
836,Victor Wanyama,2018,Sub,13,1,7,499,1.080245230346918,0,0.0584311001002788,2,Tottenham,2,0,1,1.080245230346918,2.87104669213295,2.7977263554930687
836,Victor Wanyama,2017,Sub,18,1,11,830,0.3189944298937917,0,0.263057604432106,5,Tottenham,2,0,1,0.3189944298937917,3.6584160570055246,3.3933292804285884
836,Victor Wanyama,2016,DMC,36,4,40,3021,4.787810305133462,1,2.03554951492697,32,Tottenham,10,0,4,4.787810305133462,11.88898042961955,9.314751144498588
836,Victor Wanyama,2015,DMC,30,1,31,2507,1.5128119876608253,1,1.090257404372096,16,Southampton,4,3,1,1.5128119876608253,7.417215747758746,6.315982839092612
836,Victor Wanyama,2014,MC,32,3,28,2367,1.723529243841767,1,0.9338347911834716,16,Southampton,10,0,3,1.723529243841767,7.7703660959377885,5.478044907562435
837,Jordy Clasie,2016,Sub,16,1,12,1038,0.5245746076107025,1,0.3227007016539573,5,Southampton,3,0,1,0.5245746076107025,4.123527005314827,3.718014985322952
837,Jordy Clasie,2015,DMC,22,0,14,1574,0.4878841750323772,0,0.7646423000842333,14,Southampton,5,0,0,0.4878841750323772,3.80957149900496,2.8351563019678
838,Sadio Mané,2021,FWL,34,16,98,2833,16.82961556315422,2,5.269158905372024,39,Liverpool,5,0,16,16.82961556315422,28.448098309338093,11.072973331436517
838,Sadio Mané,2020,FWL,35,11,94,2805,14.828551573678851,7,7.787754092365503,61,Liverpool,3,0,11,14.828551573678851,24.998916164040565,6.057659732177854
838,Sadio Mané,2019,Sub,35,18,77,2761,14.577481213957071,7,7.235698115080595,59,Liverpool,3,0,18,14.577481213957071,25.07319786399603,6.767017947509885
838,Sadio Mané,2018,FWL,36,22,87,3100,16.76279866695404,1,5.123735151253641,45,Liverpool,2,0,22,16.76279866695404,28.401348166167736,8.485083559527993
838,Sadio Mané,2017,FWL,29,10,70,2230,11.518154991790652,7,5.250220185145736,49,Liverpool,3,1,10,11.518154991790652,21.158781994134188,6.351253234781325
838,Sadio Mané,2016,FWR,27,13,57,2257,9.480924274772406,5,4.445209952071309,43,Liverpool,4,0,13,9.480924274772406,20.189119152724743,9.525849785655735
838,Sadio Mané,2015,AMC,37,11,86,2614,12.514568300917745,6,5.139249017462134,41,Southampton,4,2,11,11.753399284556508,17.62727028131485,5.373992749489844
838,Sadio Mané,2014,FWL,30,10,60,2142,8.5539753716439,3,3.982480129227042,40,Southampton,5,0,10,8.5539753716439,14.567278534173964,4.032989708706737
839,Shane Long,2021,Sub,13,1,9,303,1.170360267162323,0,0.1290954016149044,2,Southampton,1,0,1,1.170360267162323,1.1239030845463276,0.1053471975028514
839,Shane Long,2020,Sub,11,0,2,184,0.0642248019576072,0,0.0,0,Southampton,0,0,0,0.0642248019576072,0.0869249980896711,0.066068397834897
839,Shane Long,2019,Sub,26,2,33,1403,4.529593279585242,2,2.5810972917824984,20,Southampton,0,0,2,4.529593279585242,5.496158575639129,0.8397863134741783
839,Shane Long,2018,Sub,26,5,30,1262,5.437479224987328,1,1.6013002078980207,13,Southampton,3,0,5,5.437479224987328,6.827497811987996,1.3454701052978637
839,Shane Long,2017,FW,30,2,32,1566,3.991607930511236,1,1.311991207301617,20,Southampton,6,0,2,3.991607930511236,6.2590973153710365,1.762492699548602
839,Shane Long,2016,FW,32,3,41,1231,5.245460886508226,1,1.568783400580287,14,Southampton,2,0,3,4.484291795641184,7.210736649110913,1.5648734997957945
839,Shane Long,2015,Sub,28,10,64,2114,10.61739412508905,4,2.7126416452229023,33,Southampton,2,0,10,10.61739412508905,13.09104290790856,3.4208338242024183
839,Shane Long,2014,Sub,32,5,37,1522,4.035827225074172,5,2.7357718478888278,21,Southampton,2,0,5,4.035827225074172,9.551563849672675,3.285960743203759
840,Dusan Tadic,2017,AMC,36,6,40,2854,5.660929972305894,3,6.163575306534767,59,Southampton,4,0,5,4.899760695174336,14.321497606113551,4.343610278330743
840,Dusan Tadic,2016,AMC,33,3,63,2457,6.760316548869014,5,5.7028485760092735,66,Southampton,4,0,2,5.237976578995585,13.268406096845863,6.236922853626311
840,Dusan Tadic,2015,AMR,34,7,57,2318,6.417935328558087,12,8.644171416759491,74,Southampton,2,0,6,5.656765328720212,17.130920086055994,5.140122601762414
840,Dusan Tadic,2014,FWL,31,4,53,2072,5.627575958147645,7,9.004418820142746,68,Southampton,2,0,3,4.105238314718008,18.353964269161224,7.751159617677331
841,Graziano Pellè,2015,FW,30,11,80,2167,7.350180992856622,6,3.987356685101986,37,Southampton,6,0,11,7.350180992856622,13.013471713289618,3.892818196676672
841,Graziano Pellè,2014,FW,38,12,123,3291,18.616504695266485,2,4.481623421423137,43,Southampton,6,0,12,18.616504695266485,24.78565558232367,5.5981659553945065
842,Oriol Romeu,2022,MC,1,0,0,77,0.0,0,0.0,0,Southampton,0,0,0,0.0,0.0,0.0
842,Oriol Romeu,2021,MC,36,2,24,2905,1.503213438205421,2,3.038078627549112,37,Southampton,9,0,2,1.503213438205421,10.693723781965671,8.413189874961972
842,Oriol Romeu,2020,MC,21,1,14,1777,0.4458273034542799,1,1.53680650703609,14,Southampton,6,0,1,0.4458273034542799,6.2380435317754745,5.063458546996117
842,Oriol Romeu,2019,MC,30,0,8,1865,0.1972618009895086,0,1.7172303851693869,19,Southampton,5,0,0,0.1972618009895086,4.205227505415678,3.239068498834968
842,Oriol Romeu,2018,MC,31,1,10,2155,0.9572868924587964,0,1.7065831888467071,9,Southampton,11,0,1,0.9572868924587964,7.155798530206084,5.4250836707651615
842,Oriol Romeu,2017,DMC,34,1,27,2911,2.579035830684006,0,1.6574509656056762,22,Southampton,11,0,1,2.579035830684006,8.539150275290012,7.137461213395
842,Oriol Romeu,2016,DMC,35,1,28,3071,1.8110417937859893,0,1.178143517114222,17,Southampton,11,0,1,1.8110417937859893,11.352103375829756,10.563424084335566
842,Oriol Romeu,2015,Sub,29,1,28,1598,1.755586312152445,0,1.012617589905858,11,Southampton,7,0,1,1.755586312152445,6.841692263260484,5.275686334818602
843,James Ward-Prowse,2024,DMC,2,0,0,140,0.0,0,0.0,0,Nottingham Forest,0,0,0,0.0,0.1252063810825348,0.1252063810825348
843,James Ward-Prowse,2024,Sub,1,0,0,13,0.0,0,0.0,0,West Ham,0,0,0,0.0,0.5793735384941101,0.5793735384941101
843,James Ward-Prowse,2023,DMC,37,7,44,3025,5.63929136376828,7,8.108484361320734,64,West Ham,4,0,5,4.116953688673675,11.991799759678544,7.065227452665567
843,James Ward-Prowse,2022,MC,38,9,44,3378,5.408911099657416,4,6.058508426882327,72,Southampton,6,0,7,2.3642341531813145,10.5485019069165,8.641763718798757
843,James Ward-Prowse,2021,MC,36,10,55,3222,5.089495945721865,5,6.395678853616118,71,Southampton,3,1,6,2.044821010902524,11.12964179739356,9.245460629463196
843,James Ward-Prowse,2020,MC,38,8,43,3420,5.442037345841527,7,4.070980126038194,60,Southampton,5,0,5,2.3973618019372225,10.637730375863612,9.401035180315375
843,James Ward-Prowse,2019,MC,38,5,57,3420,7.061389023438096,3,5.7615470215678215,61,Southampton,9,0,4,4.777883986011148,13.292203031480312,9.146254353225231
843,James Ward-Prowse,2018,MR,26,7,31,1940,3.401979923248291,0,3.281679173000157,47,Southampton,4,0,6,2.6408109068870544,6.868371594697237,4.12847167160362
843,James Ward-Prowse,2017,AMR,30,3,28,1714,2.3137239003553987,3,3.945750737562776,36,Southampton,4,0,3,2.3137239003553987,5.3347418289631605,3.2163414200767875
843,James Ward-Prowse,2016,MC,30,4,42,1886,4.645749989897013,4,2.8906938089057803,43,Southampton,4,0,4,4.645749989897013,8.679043468087912,4.2739432528615
843,James Ward-Prowse,2015,Sub,33,2,28,1505,2.065772909671068,4,4.687691954895854,32,Southampton,5,0,1,1.3046038821339607,6.9715134128928185,4.774289023131132
843,James Ward-Prowse,2014,FWR,25,1,30,1488,2.942589432001114,6,3.9224660005420446,34,Southampton,0,1,0,2.1814204156398773,6.434095831587911,3.366638351231813
844,Jay Rodriguez,2023,Sub,21,2,22,781,4.621791888028383,1,0.1711099222302436,4,Burnley,0,0,1,3.860623050481081,3.988340836018324,0.8826676225289702
844,Jay Rodriguez,2021,FW,29,2,41,1356,4.855192940682173,2,1.9018799848854544,12,Burnley,3,0,2,4.855192940682173,5.373036352917552,1.044662995263934
844,Jay Rodriguez,2020,FW,31,1,31,1237,2.977034335024655,2,1.210919912904501,6,Burnley,3,0,1,2.977034335024655,4.231585918925703,0.913431984372437
844,Jay Rodriguez,2019,Sub,36,8,67,1987,8.956886642612517,1,0.7683106064796448,6,Burnley,1,0,7,8.195717656053603,7.035942684859037,1.257896514609456
844,Jay Rodriguez,2017,FW,37,7,69,2845,7.642788392491639,1,1.8346650106832385,21,West Bromwich Albion,2,0,6,6.8816204043105245,8.146989199332893,1.5642684027552605
844,Jay Rodriguez,2016,Sub,24,5,33,866,4.763505078852177,2,0.5137137975543737,7,Southampton,0,0,5,4.763505078852177,4.87988443300128,0.5103846080601215
844,Jay Rodriguez,2015,AML,12,0,17,328,1.6927368082106111,0,0.0973894009366631,3,Southampton,1,0,0,1.6927368082106111,2.270274292677641,0.5728924982249737
845,Maya Yoshida,2019,DC,8,0,5,555,0.9399026455357672,0,0.070446603000164,1,Southampton,1,0,0,0.9399026455357672,0.6653452636674047,0.5859860107302666
845,Maya Yoshida,2018,DC,17,0,14,1520,1.8280327897518875,1,1.0708860754966736,5,Southampton,0,0,0,1.8280327897518875,3.017229676246643,2.9589207731187344
845,Maya Yoshida,2017,DC,24,2,19,2051,1.985938349738717,0,0.5512872105464339,5,Southampton,1,1,2,1.985938349738717,3.962636526674032,3.90638854727149
845,Maya Yoshida,2016,DC,23,1,15,2070,1.9002595152705908,0,0.1771642034873366,4,Southampton,2,0,1,1.9002595152705908,3.729156794026494,2.9174257535487413
845,Maya Yoshida,2015,DC,20,1,2,1000,1.0490809977054596,0,0.0,0,Southampton,0,0,1,1.0490809977054596,1.964398318901658,1.3703076262027023
845,Maya Yoshida,2014,DC,22,1,10,1688,1.7306068940088153,1,0.3261952027678489,4,Southampton,3,0,1,1.7306068940088153,2.932803913019597,2.56365261040628
846,Maarten Stekelenburg,2016,GK,19,0,0,1685,0.0,0,0.0,0,Everton,2,0,0,0.0,1.205452973023057,1.205452973023057
846,Maarten Stekelenburg,2015,GK,17,0,0,1530,0.0,0,0.0363661982119083,1,Southampton,0,0,0,0.0,2.4953489415347576,2.4589827433228493
847,Cédric Soares,2023,Sub,3,0,0,44,0.0,0,0.0,0,Arsenal,0,0,0,0.0,0.1967553291469812,0.1967553291469812
847,Cédric Soares,2022,Sub,6,0,2,187,0.0555640272796154,0,0.1316027827560901,2,Fulham,0,0,0,0.0555640272796154,0.2967000603675842,0.2380792573094368
847,Cédric Soares,2022,Sub,2,0,0,26,0.0,0,0.0,0,Arsenal,0,0,0,0.0,0.1277769953012466,0.1277769953012466
847,Cédric Soares,2021,DR,21,1,12,1483,0.489683398976922,1,1.5193457724526525,18,Arsenal,3,0,1,0.489683398976922,5.350092962384224,4.619295628741384
847,Cédric Soares,2020,Sub,10,0,7,746,0.2035426953807473,1,0.8928053807467222,6,Arsenal,1,0,0,0.2035426953807473,3.335597813129425,2.919353038072586
847,Cédric Soares,2019,DR,16,0,9,1314,0.6407390106469393,1,0.7894032001495361,11,Southampton,1,0,0,0.6407390106469393,3.0084390938282013,1.9618899933993816
847,Cédric Soares,2019,Sub,5,1,1,253,0.0158105995506048,0,0.0405561998486518,1,Arsenal,0,0,1,0.0158105995506048,0.0354574993252754,0.0354574993252754
847,Cédric Soares,2018,DMR,18,1,10,1494,0.2746973531320691,2,1.143177891150117,12,Southampton,4,0,1,0.2746973531320691,2.912581868469715,2.2782328724861145
847,Cédric Soares,2017,DR,32,0,23,2800,0.6679674061015248,3,3.4794948138296604,24,Southampton,3,0,0,0.6679674061015248,6.268218608573079,4.604145331308246
847,Cédric Soares,2016,DR,30,0,20,2524,0.6518529802560806,3,3.0751688815653324,39,Southampton,7,0,0,0.6518529802560806,9.59712465107441,7.323787100613117
847,Cédric Soares,2015,DR,24,0,10,1986,0.3194497190415859,2,3.427258152514696,26,Southampton,3,0,0,0.3194497190415859,7.581511978060007,4.793229748494923
848,Charlie Austin,2020,Sub,5,0,3,126,0.4129629954695701,0,0.0,0,West Bromwich Albion,0,0,0,0.4129629954695701,0.4129629954695701,0.0
848,Charlie Austin,2018,FW,25,2,32,983,3.795151405967772,2,1.006912223994732,9,Southampton,1,0,2,3.033984356559813,3.3629559502005577,0.4166835024952888
848,Charlie Austin,2017,Sub,24,7,47,1023,7.720579285174608,0,0.6937103793025017,4,Southampton,2,0,6,6.959410268813372,6.51756776496768,1.2118304818868637
848,Charlie Austin,2016,Sub,15,6,37,946,6.621346771717072,1,1.620297323912382,8,Southampton,1,0,4,5.099007815122604,6.864499174058437,1.5632205940783024
848,Charlie Austin,2015,Sub,7,1,8,203,1.193167395889759,0,0.0267402008175849,1,Southampton,0,0,1,1.193167395889759,0.9220673143863678,0.0894538983702659
848,Charlie Austin,2014,FW,35,18,131,3078,17.88185734860599,5,2.5487459590658545,23,Queens Park Rangers,4,1,15,14.076048335060475,13.718284981325269,3.041320135816932
849,Chancel Mbemba,2017,Sub,9,0,0,673,0.0,0,0.6038043815642595,4,Newcastle United,0,0,0,0.0,1.096686489880085,0.9644999951124192
849,Chancel Mbemba,2015,DC,33,0,12,2923,0.7767010671086609,0,0.2683054096996784,4,Newcastle United,5,0,0,0.7767010671086609,4.485577578656375,4.202229606918991
850,Papiss Demba Cissé,2015,FW,21,3,23,1079,3.0891173183918,0,0.6837781090289354,10,Newcastle United,1,0,3,3.0891173183918,2.8795361537486315,0.4369380995631218
850,Papiss Demba Cissé,2014,Sub,22,11,45,1137,8.957140743732452,1,0.334677891805768,7,Newcastle United,1,0,10,8.196008741855621,7.444709463045001,0.6167382095009089
851,Gabriel Obertan,2015,AML,5,0,3,279,0.0740198008716106,1,0.1920862942934036,3,Newcastle United,1,0,0,0.0740198008716106,0.2575387060642242,0.0141329001635313
851,Gabriel Obertan,2014,Sub,13,1,7,644,0.397959204390645,1,1.3407188840210438,14,Newcastle United,0,0,1,0.397959204390645,2.5487296283245087,1.7081829011440277
852,Freddie Woodman,2021,GK,4,0,0,360,0.0,0,0.0,0,Newcastle United,0,0,0,0.0,0.3158474937081337,0.3158474937081337
853,Paul Dummett,2023,Sub,5,0,0,11,0.0,0,0.0,0,Newcastle United,0,0,0,0.0,0.0359654761850833,0.0359654761850833
853,Paul Dummett,2021,DL,3,0,0,199,0.0,0,0.0,0,Newcastle United,2,0,0,0.0,0.1516183987259864,0.1516183987259864
853,Paul Dummett,2020,DL,15,1,3,1254,0.4440922141075134,0,0.2291447035968303,4,Newcastle United,2,0,1,0.4440922141075134,3.159807227551937,2.978620812296868
853,Paul Dummett,2019,DC,16,0,2,1229,0.0241638999432325,0,0.1980865970253944,4,Newcastle United,2,0,0,0.0241638999432325,1.6953281154856086,1.5707185035571456
853,Paul Dummett,2018,DL,26,0,9,1976,0.2830164041370153,0,0.35097829811275,4,Newcastle United,1,0,0,0.2830164041370153,3.7821312323212624,3.462332950439304
853,Paul Dummett,2017,DL,20,0,4,1603,0.2257615979760885,0,0.7111772075295448,6,Newcastle United,1,0,0,0.2257615979760885,2.527175525203347,1.807656014338136
853,Paul Dummett,2015,DL,23,1,5,1907,0.2723962003365159,0,0.1616812963038683,4,Newcastle United,3,0,1,0.2723962003365159,2.419680802151561,2.126522820442915
853,Paul Dummett,2014,DL,25,0,18,2111,1.6393335717730224,0,1.2245062170550227,15,Newcastle United,4,0,0,1.6393335717730224,3.816588686779141,3.242255924269557
854,Cheick Tioté,2015,Sub,20,0,1,1244,0.0192125998437404,0,0.7427316242828965,8,Newcastle United,5,0,0,0.0192125998437404,2.947970049455762,2.685065032914281
854,Cheick Tioté,2014,Sub,11,0,10,899,0.1609902996569872,2,0.5410728976130486,8,Newcastle United,5,0,0,0.1609902996569872,3.026809599250555,2.433708574622869
855,Cristian Gamboa,2015,Sub,1,0,1,24,0.0229334998875856,0,0.0,0,West Bromwich Albion,1,0,0,0.0229334998875856,0.1020039990544319,0.0790707021951675
855,Cristian Gamboa,2014,Sub,10,0,1,223,0.0310177002102136,1,0.2298754025250673,3,West Bromwich Albion,1,0,0,0.0310177002102136,0.7136669997125864,0.5600713044404984
856,Jack Butland,2021,GK,9,0,0,761,0.0,0,0.0,0,Crystal Palace,0,0,0,0.0,1.167527973651886,1.167527973651886
856,Jack Butland,2020,GK,1,0,0,90,0.0,0,0.0,0,Crystal Palace,0,0,0,0.0,0.0,0.0
856,Jack Butland,2017,GK,35,0,0,3150,0.0,0,0.0240446999669075,1,Stoke,0,0,0,0.0,1.536594396457076,1.5125495977699757
856,Jack Butland,2016,GK,5,0,0,450,0.0,0,0.0,0,Stoke,0,0,0,0.0,1.2550198249518871,1.2550198249518871
856,Jack Butland,2015,GK,31,0,0,2790,0.0,0,0.0282733999192714,1,Stoke,0,0,0,0.0,2.1044688941910863,2.076195095665753
856,Jack Butland,2014,GK,3,0,0,270,0.0,0,0.0,0,Stoke,0,0,0,0.0,0.0675306022167205,0.0675306022167205
857,Phil Bardsley,2020,DR,4,0,3,272,0.0634144991636276,0,0.0,0,Burnley,2,0,0,0.0634144991636276,0.1266939993947744,0.101605299860239
857,Phil Bardsley,2019,DR,21,0,11,1890,0.2909776996821165,1,1.579567091539502,9,Burnley,6,0,0,0.2909776996821165,3.418901002034545,1.8510114159435036
857,Phil Bardsley,2018,DR,19,0,12,1677,0.2524324003607034,0,1.2935342267155647,7,Burnley,9,0,0,0.2524324003607034,3.913932730443776,2.8458809331059456
857,Phil Bardsley,2017,DR,13,0,2,1130,0.02899428922683,0,0.2951515009626746,5,Burnley,5,0,0,0.02899428922683,1.888110723346472,1.640146303921938
857,Phil Bardsley,2016,DR,15,0,11,1177,0.2093588998541236,0,1.0495597086846828,9,Stoke,4,1,0,0.2093588998541236,3.4351272778585558,2.362387888133526
857,Phil Bardsley,2015,Sub,11,0,7,813,0.1287099989131093,1,0.6606273846700788,4,Stoke,1,0,0,0.1287099989131093,2.7825201405212283,2.59415116161108
857,Phil Bardsley,2014,DR,25,0,22,2079,0.6633689710870385,1,1.611687340773642,17,Stoke,6,0,0,0.6633689710870385,3.909186717122793,2.805656020529568
858,Philipp Wollscheid,2016,DC,2,0,1,180,0.0142283998429775,0,0.0,0,Stoke,1,0,0,0.0142283998429775,0.1255799978971481,0.1255799978971481
858,Philipp Wollscheid,2015,Sub,31,0,2,2681,0.0756397191435098,0,0.3243431001901626,5,Stoke,2,0,0,0.0756397191435098,5.346388193778694,5.275284799747169
858,Philipp Wollscheid,2014,DC,12,0,3,1006,0.224068708717823,0,0.1324881967157125,5,Stoke,4,0,0,0.224068708717823,0.7216658070683479,0.6515562068670988
859,Geoff Cameron,2017,DC,20,0,5,1526,0.1912522036582231,0,0.0975805488415062,6,Stoke,2,0,0,0.1912522036582231,0.7354060499928892,0.628215276170522
859,Geoff Cameron,2016,DC,19,0,11,1626,1.2535540219396353,1,0.8354027923196554,10,Stoke,1,0,0,1.2535540219396353,6.05404089204967,4.396531563252211
859,Geoff Cameron,2015,DC,30,0,15,2361,0.6193308066576719,0,0.689332882873714,9,Stoke,0,1,0,0.6193308066576719,6.651814606040716,6.340983141213656
859,Geoff Cameron,2014,AMC,27,0,9,2133,1.2347001936286688,1,1.3203427894040942,12,Stoke,4,0,0,1.2347001936286688,3.3885030820965767,2.343994570896029
860,Marc Muniesa,2016,Sub,10,1,6,644,0.2343004997819662,0,0.0858995988965034,4,Stoke,2,0,1,0.2343004997819662,0.97461399435997,0.7004662081599236
860,Marc Muniesa,2015,DC,15,0,3,1113,0.0907410997897386,0,0.2224982995539903,5,Stoke,2,0,0,0.0907410997897386,2.0617299899458885,1.90020739287138
860,Marc Muniesa,2014,Sub,19,0,5,1381,0.1333636036142707,0,0.1021679090335965,3,Stoke,3,0,0,0.1333636036142707,1.975037601776421,1.87439239025116
861,Giannelli Imbula,2016,DMC,12,0,9,800,0.3351894011721015,0,0.2905458994209766,5,Stoke,1,0,0,0.3351894011721015,1.724300989881158,1.2839813735336063
861,Giannelli Imbula,2015,DMC,14,2,21,1260,0.7641459014266729,0,0.446632195264101,11,Stoke,4,0,2,0.7641459014266729,4.900775998830795,3.82476444542408
862,Glenn Whelan,2016,DMC,30,0,6,2285,0.1078666001558303,1,1.351826086640358,21,Stoke,5,0,0,0.1078666001558303,9.216523863375189,8.183302354067564
862,Glenn Whelan,2015,DMC,37,0,11,3189,0.221585800871253,1,0.930567406117916,25,Stoke,6,0,0,0.221585800871253,10.5182454418391,9.994908982887864
862,Glenn Whelan,2014,DMC,28,0,15,2279,0.4037075992673635,0,0.59635872207582,19,Stoke,6,0,0,0.4037075992673635,3.2294936850667,2.6244011856615543
863,Jonathan Walters,2017,Sub,3,0,1,29,0.1794359982013702,0,0.0,0,Burnley,0,0,0,0.1794359982013702,0.1794359982013702,0.0
863,Jonathan Walters,2016,Sub,23,4,25,1278,4.316956800408661,2,0.8909997064620256,12,Stoke,1,0,3,3.555787784047425,4.777144096791744,1.0050326082855463
863,Jonathan Walters,2015,AMR,27,5,32,1718,5.66549963876605,3,2.3749693855643272,24,Stoke,1,0,5,5.66549963876605,9.03085912577808,1.4752987045794723
863,Jonathan Walters,2014,MR,32,8,45,2439,5.561566700227559,4,3.240074263419956,24,Stoke,5,0,8,5.561566700227559,9.581077560316771,2.669186690822244
864,Ibrahim Afellay,2017,Sub,6,0,0,157,0.0,0,0.0,0,Stoke,1,0,0,0.0,0.0461272001266479,0.0461272001266479
864,Ibrahim Afellay,2016,AMR,12,0,6,363,0.6516735907644033,0,0.3263599872589111,1,Stoke,0,0,0,0.6516735907644033,1.302933290600777,0.9591432958841324
864,Ibrahim Afellay,2015,AML,31,2,39,2105,2.3782680314034224,2,2.0416691973805428,21,Stoke,3,1,2,2.3782680314034224,9.911402089521289,6.512232810258865
865,Marko Arnautovic,2018,FW,28,10,62,2006,8.936907790601254,4,3.999951150268316,36,West Ham,3,0,9,8.175812758505344,12.378125626593828,2.8474413827061653
865,Marko Arnautovic,2017,AML,31,11,71,2343,9.801479201763868,6,4.4477998204529285,34,West Ham,5,1,11,9.801479201763868,13.03737136349082,2.687312562018633
865,Marko Arnautovic,2016,AML,32,6,60,2742,9.1962870080024,5,7.129753512330353,50,Stoke,9,1,6,8.43511831946671,17.06825363636017,4.3215431571006775
865,Marko Arnautovic,2015,AML,34,11,70,2836,12.05915871821344,6,6.117617999669164,50,Stoke,2,0,8,9.77568761818111,18.740881614387035,6.815894588828087
865,Marko Arnautovic,2014,AML,29,1,44,1930,3.115516749210656,5,3.5108031556010246,42,Stoke,2,0,1,3.115516749210656,8.556447265669703,3.459008727222681
866,Joselu,2018,FW,16,2,17,565,1.805323009379208,0,0.0120548997074365,2,Newcastle United,1,0,2,1.805323009379208,2.326708705164492,0.7505005151033401
866,Joselu,2017,Sub,30,4,47,1730,6.360844762995839,1,1.2996560516767204,16,Newcastle United,2,0,4,5.599676789715886,7.894003544002771,2.67551751062274
866,Joselu,2015,Sub,22,4,29,1072,3.42055097874254,1,0.8887685872614384,10,Stoke,0,0,4,3.42055097874254,4.794702999293804,1.971492645330727
867,Stephen Ireland,2017,MC,4,0,3,124,0.4860932976007461,0,0.0328818000853061,1,Stoke,1,0,0,0.4860932976007461,0.5550483018159866,0.0360729992389678
867,Stephen Ireland,2015,Sub,13,0,3,206,0.5473723858594894,1,1.6458038538694382,8,Stoke,2,0,0,0.5473723858594894,2.24130823276937,0.913508627563715
867,Stephen Ireland,2014,AMC,17,0,15,934,1.1184633001685145,3,1.2160577941685915,22,Stoke,3,0,0,1.1184633001685145,3.410914409905672,1.6969624678604305
868,Mame Biram Diouf,2017,DMR,35,6,58,2609,7.4912008829414845,2,2.1150793274864554,20,Stoke,6,0,6,7.4912008829414845,8.712970707565546,1.5370222944766283
868,Mame Biram Diouf,2016,FW,27,1,20,1381,2.9089983757585287,2,1.3079153932631016,10,Stoke,3,0,1,2.9089983757585287,4.550066946074367,1.8803899977356195
868,Mame Biram Diouf,2015,FW,26,5,30,1246,5.139999140053988,1,0.7568941134959459,10,Stoke,3,0,5,5.139999140053988,5.441688630729914,0.4125120975077152
868,Mame Biram Diouf,2014,FW,34,11,55,2451,11.646968324668704,3,3.466141242533922,28,Stoke,7,0,11,11.646968324668704,13.599631811492143,0.8619846059009433
869,Dionatan Teixeira,2015,Sub,1,0,0,42,0.0,0,0.0,0,Stoke,0,0,0,0.0,0.0,0.0
869,Dionatan Teixeira,2014,Sub,1,0,0,1,0.0,0,0.0,0,Stoke,0,0,0,0.0,0.0,0.0
870,Jakob Haugaard,2015,GK,5,0,0,402,0.0,0,0.0,0,Stoke,0,0,0,0.0,1.141381986439228,1.141381986439228
871,Bojan,2017,AMC,1,0,1,73,0.0282230991870164,0,0.021833699196577,1,Stoke,0,0,0,0.0282230991870164,0.0500568002462387,0.0
871,Bojan,2016,AMC,9,3,10,474,2.816583713516593,0,0.1553522981703281,4,Stoke,1,0,1,0.5330776115879416,1.2773735206574202,0.6525818966329098
871,Bojan,2015,AMC,27,7,36,1741,4.585217607673258,1,1.8038731729611757,26,Stoke,2,0,5,3.0629195696674287,8.157264658249915,4.417733781039715
871,Bojan,2014,AMR,16,4,32,1236,2.5972428917884827,1,1.701795894652605,26,Stoke,2,0,3,1.836074199527502,3.769357718527317,1.5529742930084467
872,Peter Crouch,2018,Sub,6,0,5,73,0.6116740070283413,0,0.0,0,Burnley,1,0,0,0.6116740070283413,0.9484357982873916,0.473037987947464
872,Peter Crouch,2017,Sub,31,5,23,1532,4.21564557403326,2,3.1475227996706963,21,Stoke,4,0,5,4.21564557403326,7.294580956920981,1.3116847816854715
872,Peter Crouch,2016,FW,27,7,37,1319,5.874591821338981,2,3.2038370687514544,17,Stoke,3,0,7,5.874591821338981,7.918542893603444,1.76161540299654
872,Peter Crouch,2015,Sub,11,0,7,446,0.3046404980123043,1,0.3946677977219224,4,Stoke,0,0,0,0.3046404980123043,1.2113898899406197,0.6094104927033186
872,Peter Crouch,2014,Sub,33,8,59,1648,6.730622369796038,2,1.883066506125033,15,Stoke,4,0,8,6.730622369796038,9.373052059672773,3.5920453937724237
873,Charlie Adam,2017,Sub,11,0,10,402,1.2797173215076327,0,1.5309424251317978,6,Stoke,2,1,0,0.5185483051463962,1.92625442892313,1.1118020098656416
873,Charlie Adam,2016,Sub,24,1,40,1504,2.73026436381042,3,2.478656131774187,29,Stoke,7,0,0,1.96909570787102,7.209516323171556,4.998237669467926
873,Charlie Adam,2015,AMC,22,1,29,1050,0.8703569914214313,1,0.8281959071755409,10,Stoke,6,1,1,0.8703569914214313,3.073083822149784,2.392736531794071
873,Charlie Adam,2014,Sub,29,7,62,1482,3.407766289077699,1,2.649148471653461,33,Stoke,5,0,6,2.6466013556346297,6.18358803447336,3.741003192961216
874,Andre Green,2015,Sub,2,0,1,54,0.0157680995762348,0,0.1859554946422577,2,Aston Villa,0,0,0,0.0157680995762348,0.1150130033493042,0.0
875,Ciaran Clark,2021,DC,13,0,7,1011,1.0101884100586176,1,0.1964803989976644,4,Newcastle United,2,1,0,1.0101884100586176,1.761743076145649,1.6704276781529188
875,Ciaran Clark,2020,DC,22,1,8,1895,0.6622019987553358,0,0.1443893983960151,2,Newcastle United,3,0,1,0.6622019987553358,2.8629614301025867,2.8629614301025867
875,Ciaran Clark,2019,DC,14,2,6,1192,0.7519120126962662,0,0.0548617988824844,1,Newcastle United,3,0,2,0.7519120126962662,2.049424583092332,2.008845983073116
875,Ciaran Clark,2018,DC,11,3,7,850,0.4652567114681005,0,0.052879698574543,2,Newcastle United,1,0,3,0.4652567114681005,1.9674739316105845,1.6370069235563278
875,Ciaran Clark,2017,DC,20,2,11,1744,2.1719513945281506,1,0.9510246887803078,4,Newcastle United,3,0,2,2.1719513945281506,3.3952517490834,2.942892273887992
875,Ciaran Clark,2015,DC,18,1,10,1442,0.8913228996098042,0,0.6958843991160393,4,Aston Villa,6,0,1,0.8913228996098042,0.7675878955051303,0.6018302924931049
875,Ciaran Clark,2014,DC,25,1,16,2000,2.343070681206882,2,0.8780082985758781,6,Aston Villa,8,1,1,2.343070681206882,3.1968469601124525,2.249183803796768
876,Fabian Delph,2021,Sub,11,0,2,663,0.035208499059081,0,0.0791699010878801,4,Everton,2,0,0,0.035208499059081,1.104188802652061,1.054023782722652
876,Fabian Delph,2020,Sub,8,0,1,249,0.0149579998105764,0,0.0544491000473499,2,Everton,1,0,0,0.0149579998105764,1.060617508366704,1.0171574968844652
876,Fabian Delph,2019,DMC,16,0,3,1194,0.0457106996327638,0,0.4789173975586891,7,Everton,3,1,0,0.0457106996327638,5.085361123085022,4.884203866124153
876,Fabian Delph,2018,DL,11,0,4,723,0.0698102992027998,1,0.3856629058718681,3,Manchester City,1,1,0,0.0698102992027998,4.901690505445004,4.826938599348068
876,Fabian Delph,2017,DL,22,1,10,1747,0.1995420008897781,2,1.313318818807602,11,Manchester City,2,0,1,0.1995420008897781,14.307673294097183,13.989248339086773
876,Fabian Delph,2016,Sub,7,1,6,216,0.2262789942324161,0,0.361032897606492,2,Manchester City,1,0,1,0.2262789942324161,1.5493250042200089,1.3133180141448977
876,Fabian Delph,2015,MC,17,2,13,753,0.3005909994244575,0,0.4260794129222631,2,Manchester City,0,0,2,0.3005909994244575,2.48879414331168,1.8802404375746848
876,Fabian Delph,2014,DMC,28,0,42,2435,1.542956287972629,3,2.41554019972682,36,Aston Villa,1,1,0,1.542956287972629,7.702498070895672,6.121814403682947
877,Samir Nasri,2018,AMC,5,0,3,244,0.1309422999620437,2,0.5494266971945763,6,West Ham,0,0,0,0.1309422999620437,0.6140559911727905,0.3997873961925506
877,Samir Nasri,2016,Sub,1,0,3,13,0.5359929800033569,0,0.1074799969792366,1,Manchester City,0,0,0,0.5359929800033569,0.9224929809570312,0.2790200114250183
877,Samir Nasri,2015,Sub,12,2,14,520,2.637317957356572,2,0.9286920242011548,10,Manchester City,3,0,2,2.637317957356572,4.427332343533635,1.7196574099361897
877,Samir Nasri,2014,MR,24,2,34,1596,2.478832798078656,6,4.465053537860513,52,Manchester City,5,0,2,2.478832798078656,12.835811033844948,8.548643369227648
878,Yaya Touré,2017,Sub,10,0,5,209,0.3550802022218704,2,0.7849329859018326,7,Manchester City,1,0,0,0.3550802022218704,2.4291389659047127,2.165271021425724
878,Yaya Touré,2016,DMC,25,5,32,1955,3.702670432627201,0,1.1150561925023794,19,Manchester City,4,0,3,2.1803329065442085,11.302313722670078,10.284955695271492
878,Yaya Touré,2015,DMC,32,6,77,2345,5.663291418924928,5,4.417276362888515,44,Manchester City,3,0,5,4.902123415842652,13.864018429070711,8.840408202260733
878,Yaya Touré,2014,MC,29,10,89,2358,7.109346902929246,1,3.2435795087367296,33,Manchester City,5,0,8,5.5870088106021285,26.024341113865376,20.903273252770305
879,Jonathan Leko,2016,Sub,9,0,0,99,0.0,1,0.1416973946616053,2,West Bromwich Albion,0,0,0,0.0,0.2491079941391945,0.1199619993567466
879,Jonathan Leko,2015,AMR,5,0,0,272,0.0,1,0.564852885901928,2,West Bromwich Albion,0,0,0,0.0,0.8997139781713486,0.3348609954118728
880,Callum McManaman,2015,Sub,12,0,8,267,0.4444282874464988,1,0.2453343011438846,8,West Bromwich Albion,2,0,0,0.4444282874464988,0.6491794921457767,0.207133799791336
880,Callum McManaman,2014,Sub,8,0,4,355,0.2652831003069877,1,0.6855819821357727,7,West Bromwich Albion,1,0,0,0.2652831003069877,0.5664250180125237,0.1482191011309623
881,Harry Arter,2018,MC,25,0,23,2033,0.8048400022089481,1,0.7227912936359644,10,Cardiff,10,0,0,0.8048400022089481,3.27697341516614,2.345461707562208
881,Harry Arter,2017,MC,13,1,11,961,0.2998598013073206,0,0.2067215032875538,3,Bournemouth,4,0,1,0.2998598013073206,2.202578656375408,1.789842389523983
881,Harry Arter,2016,MC,35,1,54,2963,3.2334471782669425,4,2.1219808543100958,32,Bournemouth,11,1,1,2.4722785903140903,12.483044397085903,9.375528384931386
881,Harry Arter,2015,MC,21,1,36,1692,0.9920001598075032,0,1.0252581341192126,25,Bournemouth,7,0,1,0.9920001598075032,7.356461178511381,5.81093068793416
882,Glenn Murray,2019,FW,23,1,18,761,2.606121622025966,1,0.8675274848937988,3,Brighton,0,0,1,2.606121622025966,3.274798784404993,0.6036572121083736
882,Glenn Murray,2018,FW,38,13,54,2517,11.541342769749464,1,1.118022283539176,12,Brighton,5,0,9,8.49666924867779,8.42803693935275,1.396012045443058
882,Glenn Murray,2017,Sub,35,12,52,2204,12.380600294098258,0,1.2383802104741335,16,Brighton,9,0,8,7.813586769625544,8.483373191207647,1.6577225178480148
882,Glenn Murray,2015,Sub,19,3,23,656,3.337014250457287,0,0.4793904833495617,6,Bournemouth,2,0,3,2.575848214328289,3.431042306125164,1.3828989900648594
882,Glenn Murray,2015,FW,2,0,2,133,0.685122687369585,0,0.0358921997249126,3,Crystal Palace,0,0,0,0.685122687369585,0.6675879955291748,0.0
882,Glenn Murray,2014,Sub,17,7,38,859,9.534023240208626,3,1.5268471762537956,7,Crystal Palace,3,1,6,8.011716201901436,5.485772617161274,0.8191252984106541
883,Steven Davis,2018,Sub,3,0,0,96,0.0,1,0.4507929980754852,3,Southampton,0,0,0,0.0,0.5337979793548584,0.1286499947309494
883,Steven Davis,2017,DMC,23,3,13,1529,1.2866384191438556,0,1.176685381680727,18,Southampton,0,0,3,1.2866384191438556,5.108896937221289,3.5151052810251717
883,Steven Davis,2016,MC,32,0,31,2643,2.5133817866444588,3,2.8337832065299158,32,Southampton,3,0,0,2.5133817866444588,13.407802974805236,10.167586524039509
883,Steven Davis,2015,DMC,34,5,20,2637,2.531914735212922,3,4.076438756659627,54,Southampton,4,0,5,2.531914735212922,11.692602921277285,8.689560566097498
883,Steven Davis,2014,MC,35,0,30,2668,3.119151595979929,2,3.702249936759472,49,Southampton,3,0,0,3.119151595979929,14.560720689594746,9.784432757645844
884,Matt Targett,2023,Sub,3,0,0,78,0.0,0,0.062733381986618,1,Newcastle United,1,0,0,0.0,0.0888616982847452,0.0261283162981271
884,Matt Targett,2022,DL,17,0,1,575,0.0252592992037534,0,0.3976358901709318,10,Newcastle United,1,0,0,0.0252592992037534,1.6489808280020952,1.5293232388794422
884,Matt Targett,2021,DL,16,0,6,1440,0.2811883967369795,0,1.697830008342862,20,Newcastle United,1,0,0,0.2811883967369795,2.935182929039001,2.184566617012024
884,Matt Targett,2021,DL,17,1,7,1440,0.733912393450737,1,2.1659701308235526,21,Aston Villa,2,0,1,0.733912393450737,4.215846500359476,1.70951709151268
884,Matt Targett,2020,DL,38,0,6,3407,0.2803047075867653,2,2.7996690925210714,39,Aston Villa,7,0,0,0.2803047075867653,9.610855117440224,8.203314462676644
884,Matt Targett,2019,DL,28,1,7,2305,0.3935442939400673,2,3.299923975020647,29,Aston Villa,4,0,1,0.3935442939400673,7.988197173923254,6.494184646755457
884,Matt Targett,2018,Sub,16,1,11,1180,0.6018586866557598,3,2.11972551047802,23,Southampton,2,0,1,0.6018586866557598,3.4554712027311325,2.165912488475442
884,Matt Targett,2017,DL,2,0,0,168,0.0,0,0.1377752963453531,2,Southampton,0,0,0,0.0,0.0,0.0
884,Matt Targett,2016,DL,5,0,2,373,0.0756064001470804,0,0.2909561023116112,5,Southampton,0,0,0,0.0756064001470804,0.5847090929746628,0.4106645993888378
884,Matt Targett,2015,DL,14,0,3,1077,0.1248128022998571,1,0.3632865063846111,6,Southampton,1,0,0,0.1248128022998571,3.373507216572761,3.00677952170372
884,Matt Targett,2014,Sub,6,0,1,221,0.0355154015123844,0,0.0384635999798774,1,Southampton,0,0,0,0.0355154015123844,0.9368127696216106,0.9368127696216106
885,Kyle Walker-Peters,2024,DML,4,0,6,355,0.3503104597330093,0,0.0112995291128754,1,Southampton,0,0,0,0.3503104597330093,1.4630851931869984,1.2381873987615108
885,Kyle Walker-Peters,2022,DR,31,1,12,2659,0.6717622503638268,0,1.83802130445838,15,Southampton,4,0,1,0.6717622503638268,7.270549733191729,5.722348512150347
885,Kyle Walker-Peters,2021,Sub,32,1,26,2631,1.327508181333542,2,3.327080208808184,24,Southampton,5,0,1,1.327508181333542,9.220581082627175,6.448179150000215
885,Kyle Walker-Peters,2020,DR,30,0,18,2655,1.1350792245939374,2,1.2537505887448788,16,Southampton,4,0,0,1.1350792245939374,8.663987170904875,6.625145656056702
885,Kyle Walker-Peters,2019,DR,10,0,2,701,0.0955405011773109,0,0.6776720061898232,4,Southampton,1,0,0,0.0955405011773109,1.8544986769557,1.1769267693161964
885,Kyle Walker-Peters,2019,DR,3,0,1,245,0.0239914003759622,0,0.0696898996829986,2,Tottenham,0,0,0,0.0239914003759622,0.4894278030842542,0.4720888119190931
885,Kyle Walker-Peters,2018,Sub,6,0,2,372,0.3468114007264375,3,0.4763889908790588,7,Tottenham,1,0,0,0.3468114007264375,2.0650422908365726,1.4256772734224796
885,Kyle Walker-Peters,2017,DR,3,0,0,187,0.0,2,1.3938239887356758,3,Tottenham,0,0,0,0.0,1.544742986559868,0.2570079937577247
886,Ryan Shawcross,2017,DC,27,1,24,2371,2.781674879603088,1,0.2153262048959732,2,Stoke,2,0,1,2.781674879603088,3.6887850426137447,2.02209516428411
886,Ryan Shawcross,2016,DC,35,1,20,3150,1.2419532062485814,1,0.2228154968470335,5,Stoke,6,0,1,1.2419532062485814,3.5476493537425995,3.4264743514359
886,Ryan Shawcross,2015,DC,20,0,8,1698,0.7236680183559656,0,0.0386926010251045,1,Stoke,2,1,0,0.7236680183559656,1.7998740803450346,1.7998740803450346
886,Ryan Shawcross,2014,DC,32,2,19,2831,2.276102486997843,1,1.2505308613181114,14,Stoke,7,0,2,2.276102486997843,3.206402361392975,2.3665932286530733
887,Erik Pieters,2021,Sub,12,0,7,722,0.1498642023652792,1,0.7618360780179501,2,Burnley,1,0,0,0.1498642023652792,2.120845792815089,1.256538325920701
887,Erik Pieters,2020,Sub,20,0,4,1259,0.1511678704991936,1,0.3636153936386108,5,Burnley,1,0,0,0.1511678704991936,1.9328868268057704,1.5527143124490976
887,Erik Pieters,2019,DL,24,0,14,1880,0.4510196018964052,4,2.6981899132952094,18,Burnley,2,0,0,0.4510196018964052,5.004479072056711,2.330094227567315
887,Erik Pieters,2017,DML,31,0,3,2726,0.0912973992526531,1,1.9800724918022752,14,Stoke,5,0,0,0.0912973992526531,5.009238246828318,3.0785814095288515
887,Erik Pieters,2016,DL,36,0,9,3151,0.7645714906975627,1,1.5609517879784107,18,Stoke,4,0,0,0.7645714906975627,9.09391677705571,7.22167808143422
887,Erik Pieters,2015,DL,35,0,5,3101,0.1312969047576189,1,2.170645748265088,19,Stoke,10,0,0,0.1312969047576189,9.07139937672764,8.080488102510571
887,Erik Pieters,2014,DL,31,0,8,2571,0.4686110718175769,2,1.1495825964957476,17,Stoke,8,0,0,0.4686110718175769,4.224028600379825,3.1595727670937777
888,Xherdan Shaqiri,2020,Sub,14,0,11,534,0.4247209951281547,2,2.5104198902845383,19,Liverpool,2,0,0,0.4247209951281547,4.585736565291882,2.1229254696518183
888,Xherdan Shaqiri,2019,Sub,7,1,4,175,0.5408405940979719,0,0.178498201072216,3,Liverpool,0,0,1,0.5408405940979719,0.7241481002420187,0.0445754006505012
888,Xherdan Shaqiri,2018,Sub,24,6,26,1048,4.059151781722903,3,1.8917575199157,20,Liverpool,2,0,6,4.059151781722903,7.922251030802727,3.420121340081096
888,Xherdan Shaqiri,2017,AMC,36,8,69,3066,4.985687501728535,7,6.875527895987034,76,Stoke,5,0,8,4.224518910050392,11.41641822271049,5.910621981136501
888,Xherdan Shaqiri,2016,AMR,21,4,48,1721,2.6227936781942844,2,4.274763828143477,41,Stoke,2,0,4,2.6227936781942844,8.980961941182613,5.187847092747688
888,Xherdan Shaqiri,2015,AMR,27,3,40,2072,3.074525742791593,6,6.42092464491725,50,Stoke,3,0,3,3.074525742791593,9.374039676040413,4.220687731169164
889,Shay Given,2016,GK,5,0,0,450,0.0,0,0.0,0,Stoke,1,0,0,0.0,0.332022912800312,0.332022912800312
889,Shay Given,2015,GK,3,0,0,228,0.0,0,0.0,0,Stoke,1,0,0,0.0,0.3371117915958166,0.3371117915958166
889,Shay Given,2014,GK,3,0,0,270,0.0,0,0.0,0,Aston Villa,1,0,0,0.0,0.025135900825262,0.025135900825262
890,Gabriel Agbonlahor,2015,FW,15,1,10,1051,1.2428807243704796,2,1.4772773999720812,13,Aston Villa,0,0,1,1.2428807243704796,2.8307675942778587,0.2617865987122059
890,Gabriel Agbonlahor,2014,FW,34,6,53,2698,5.630619999021292,1,1.5529492190107703,16,Aston Villa,7,1,6,5.630619999021292,8.039166074246168,1.6565285744145513
891,Leon Osman,2015,Sub,9,0,3,206,0.1363625973463058,0,0.0,0,Everton,0,0,0,0.1363625973463058,0.2803061977028847,0.2045574001967907
891,Leon Osman,2014,Sub,21,2,28,1262,2.717069311067462,2,1.5407472848892212,16,Everton,0,0,2,2.717069311067462,6.009389251470566,3.727863270789385
892,Stephen Kingsley,2016,DL,13,0,4,1038,0.1032450962811708,0,0.1447409000247717,4,Swansea,0,0,0,0.1032450962811708,1.1831487957388165,1.0493594855070114
892,Stephen Kingsley,2015,DL,4,0,1,357,0.0162419006228446,1,0.6693355739116669,2,Swansea,0,0,0,0.0162419006228446,0.9202796816825868,0.2651877924799919
893,Sébastien Pocognoli,2015,Sub,1,0,0,33,0.0,1,0.1696649938821792,2,West Bromwich Albion,0,0,0,0.0,0.1696649938821792,0.0733522027730941
893,Sébastien Pocognoli,2014,DL,15,0,7,1228,0.1127919014543294,0,1.1693175081163645,9,West Bromwich Albion,1,0,0,0.1127919014543294,2.0024180877953768,1.3211269080638883
894,Andre Wisdom,2015,DR,10,0,2,827,0.1478172019124031,0,0.4556616060435772,4,Norwich,1,0,0,0.1478172019124031,2.582524059340358,2.3602333534508944
894,Andre Wisdom,2014,DR,24,0,3,1971,0.3431071005761623,1,0.4987742817029357,9,West Bromwich Albion,1,0,0,0.3431071005761623,5.626683754846454,5.097014447674155
895,Mathieu Flamini,2016,Sub,10,0,1,272,0.0330180004239082,0,0.0785484984517097,1,Crystal Palace,0,0,0,0.0330180004239082,0.1115664988756179,0.0
895,Mathieu Flamini,2015,DMC,16,0,7,1084,1.114936726167798,0,0.1270070988684892,3,Arsenal,3,0,0,1.114936726167798,4.503537509590387,3.279497493058443
895,Mathieu Flamini,2014,DMC,23,1,7,1455,1.008351506665349,1,0.1882055001333356,5,Arsenal,3,0,1,1.008351506665349,4.853085668757558,3.863504383713007
896,Jay Fulton,2017,Sub,2,0,0,16,0.0,0,0.0,0,Swansea,1,0,0,0.0,0.0,0.0
896,Jay Fulton,2016,Sub,11,0,3,700,0.0862901005893945,0,0.0750405006110668,3,Swansea,2,0,0,0.0862901005893945,1.191829588264227,1.0529324002563951
896,Jay Fulton,2015,Sub,2,0,0,19,0.0,0,0.0,0,Swansea,0,0,0,0.0,0.0,0.0
896,Jay Fulton,2014,Sub,2,0,0,112,0.0,0,0.0,0,Swansea,0,0,0,0.0,0.1698567941784858,0.1698567941784858
897,Juanmi,2015,Sub,12,0,5,140,0.3624053001403808,0,0.2236694945022463,3,Southampton,0,0,0,0.3624053001403808,0.985959991812706,0.3998849987983703
898,Obbi Oularé,2015,Sub,2,0,0,2,0.0,0,0.0,0,Watford,0,0,0,0.0,0.0,0.0
899,Kieran Richardson,2015,DL,11,0,7,722,0.1554974997416138,1,0.163758598268032,4,Aston Villa,4,0,0,0.1554974997416138,0.8549431152641773,0.6551991123706102
899,Kieran Richardson,2014,AMC,22,0,9,1349,0.7576623987406492,1,1.1378537900745869,8,Aston Villa,2,1,0,0.7576623987406492,3.913324409164488,2.186651130206883
900,Adama Traoré,2024,AMR,5,1,12,407,2.0489116609096527,2,2.011535719037056,11,Fulham,2,0,1,2.0489116609096527,5.056626588106155,1.0765963457524776
900,Adama Traoré,2023,Sub,17,2,11,310,1.4920614697039127,3,0.7020887192338705,7,Fulham,2,0,2,1.4920614697039127,1.841224255040288,0.1951187644153833
900,Adama Traoré,2022,Sub,34,2,19,1452,1.420078607276082,1,3.147219412028789,23,Wolverhampton Wanderers,2,0,2,1.420078607276082,6.109330745413899,1.6365119582042098
900,Adama Traoré,2021,FWL,20,1,23,1047,2.8342398293316364,0,1.3370988294482231,18,Wolverhampton Wanderers,0,0,1,2.8342398293316364,4.757490999996662,0.907689617946744
900,Adama Traoré,2020,DMR,37,2,43,2630,2.076152325607836,2,5.27167169097811,55,Wolverhampton Wanderers,4,0,2,2.076152325607836,9.475093208253384,3.006398476660252
900,Adama Traoré,2019,Sub,37,4,43,2596,3.707336662337184,9,7.5510333199054,49,Wolverhampton Wanderers,1,0,4,3.707336662337184,15.272289365530014,5.655399796552956
900,Adama Traoré,2018,Sub,29,1,19,879,1.2554874997586012,1,2.204887358471751,17,Wolverhampton Wanderers,1,0,1,1.2554874997586012,5.700921185314655,2.4375135116279125
900,Adama Traoré,2016,Sub,27,0,11,1530,0.95049068890512,1,1.4442803133279083,18,Middlesbrough,1,0,0,0.95049068890512,3.7237889785319567,1.45962736569345
900,Adama Traoré,2015,Sub,10,0,2,167,0.1319373995065689,1,0.0841938033699989,1,Aston Villa,1,0,0,0.1319373995065689,0.3410761021077633,0.1249448992311954
901,Kevin Toner,2015,DC,4,0,1,313,0.0519183985888958,1,0.0486772991716861,1,Aston Villa,0,0,0,0.0519183985888958,0.1206967970356345,0.1206967970356345
902,Sam Byram,2021,Sub,15,0,7,1019,0.3631415069103241,0,0.2558970004320144,4,Norwich,3,0,0,0.3631415069103241,1.2248425083234906,1.041966606862843
902,Sam Byram,2019,Sub,17,0,15,1292,2.192290347069502,0,0.3620935976505279,6,Norwich,4,0,0,2.192290347069502,2.703713111579418,1.785953924059868
902,Sam Byram,2017,Sub,5,0,4,250,0.2788085229694843,0,0.1510169953107834,2,West Ham,1,0,0,0.2788085229694843,0.516131229698658,0.1015369966626167
902,Sam Byram,2016,Sub,18,0,8,1237,0.2568340031430125,1,0.923184284940362,7,West Ham,5,1,0,0.2568340031430125,5.036810629069805,4.577837476506829
902,Sam Byram,2015,Sub,4,0,0,286,0.0,0,0.1970272921025753,2,West Ham,3,0,0,0.0,0.2675760947167873,0.0705481991171836
904,Chris Brunt,2017,DL,26,0,24,1931,0.8310518963262439,7,4.718963000923395,37,West Bromwich Albion,5,0,0,0.8310518963262439,3.605649607256055,2.6764560090377927
904,Chris Brunt,2016,DML,31,3,38,2478,1.5911602908745408,4,4.866877308115363,40,West Bromwich Albion,5,0,3,1.5911602908745408,6.070449275895953,3.5755154686048627
904,Chris Brunt,2015,DL,22,0,18,1802,0.6611344888806343,3,2.363816289231181,21,West Bromwich Albion,7,0,0,0.6611344888806343,2.2422037860378623,1.7052833708003163
904,Chris Brunt,2014,ML,34,2,33,2901,2.0603699232451618,10,5.361505056731403,50,West Bromwich Albion,5,0,2,2.0603699232451618,6.671324193477631,4.853268834762275
905,Marouane Chamakh,2015,Sub,10,0,2,239,0.4842874929308891,0,0.1751471012830734,4,Crystal Palace,1,0,0,0.4842874929308891,0.6829480901360512,0.0885531976819038
905,Marouane Chamakh,2014,AMC,18,2,11,1163,2.01311945496127,0,0.6836252976208925,18,Crystal Palace,4,0,2,2.01311945496127,2.579960484057665,1.0949432915076611
906,Manu García,2015,Sub,1,0,0,9,0.0,0,0.0,0,Manchester City,0,0,0,0.0,0.0,0.0
907,Bastian Schweinsteiger,2015,Sub,18,1,12,1199,1.461834579706192,0,0.254170699045062,8,Manchester United,3,0,1,1.461834579706192,4.839490685611963,4.474496845155954
908,Muhamed Besic,2019,Sub,9,0,4,236,0.1495401039719581,0,0.0868391990661621,1,Sheffield United,2,0,0,0.1495401039719581,1.20465599745512,0.9843139946460724
908,Muhamed Besic,2017,Sub,2,0,0,43,0.0,0,0.0616348013281822,1,Everton,0,0,0,0.0,0.0,0.0
908,Muhamed Besic,2015,MC,12,0,4,547,0.09823680203408,0,0.4399205986410379,5,Everton,1,0,0,0.09823680203408,0.7725062146782875,0.3412116002291441
908,Muhamed Besic,2014,Sub,23,0,18,1293,0.4019687967374921,0,0.4497352093458175,8,Everton,8,0,0,0.4019687967374921,2.2160519044846296,1.5080286115407944
909,Brendan Galloway,2016,DL,3,0,2,251,0.0844402983784675,0,0.0736948028206825,1,West Bromwich Albion,0,0,0,0.0844402983784675,0.9288630187511444,0.8444230109453201
909,Brendan Galloway,2015,DL,15,0,8,1230,0.4483555927872658,1,0.5782207902520895,4,Everton,2,0,0,0.4483555927872658,3.398559760302305,2.901043578982353
909,Brendan Galloway,2014,DL,2,0,0,175,0.0,0,0.0945373997092247,2,Everton,1,0,0,0.0,0.1388630978763103,0.0810407996177673
910,Harrison Reed,2024,Sub,5,0,0,28,0.0,0,0.0789679586887359,1,Fulham,1,0,0,0.0,0.2145950347185135,0.2145950347185135
910,Harrison Reed,2023,MC,27,0,9,1298,0.2859246646985411,2,1.2897144686430693,14,Fulham,6,0,0,0.2859246646985411,4.717917591333389,4.137020692229271
910,Harrison Reed,2022,DMC,37,3,20,2911,2.1825738195329905,4,3.5145126404240727,35,Fulham,5,0,3,2.1825738195329905,10.140563977882266,5.457994266413152
910,Harrison Reed,2020,DMC,31,0,13,2254,0.2909777984023094,2,1.6945229470729828,21,Fulham,5,0,0,0.2909777984023094,7.142019868828356,6.308453551493585
910,Harrison Reed,2016,Sub,3,0,0,62,0.0,0,0.0,0,Southampton,0,0,0,0.0,0.1288529932498932,0.1288529932498932
910,Harrison Reed,2015,Sub,1,0,0,9,0.0,0,0.0,0,Southampton,0,0,0,0.0,0.0,0.0
910,Harrison Reed,2014,Sub,9,0,4,462,0.120338698849082,0,0.0,0,Southampton,0,0,0,0.120338698849082,1.000663110986352,0.9134047059342264
912,Mikael Mandron,2014,Sub,1,0,1,2,0.1086999997496604,0,0.0,0,Sunderland,0,0,0,0.1086999997496604,0.1086999997496604,0.0
914,Nabil Bentaleb,2019,MC,12,0,4,750,0.0619124406948685,0,0.1953010614961385,8,Newcastle United,2,0,0,0.0619124406948685,1.9516491396352649,1.7631352050229907
914,Nabil Bentaleb,2015,Sub,5,0,3,165,0.1023948974907398,0,0.0313737988471984,2,Tottenham,1,0,0,0.1023948974907398,0.2585194036364555,0.1561249941587448
914,Nabil Bentaleb,2014,DMC,26,0,26,2195,1.148594387806952,2,1.75860090367496,16,Tottenham,8,0,0,1.148594387806952,9.82887826114893,7.750007018446922
915,Rolando Aarons,2017,Sub,4,0,2,133,0.0454143015667796,0,0.0,0,Newcastle United,0,0,0,0.0454143015667796,0.0859608016908168,0.0405464991927146
915,Rolando Aarons,2015,Sub,10,1,2,365,0.4009544104337692,1,0.5955119878053665,5,Newcastle United,1,0,1,0.4009544104337692,1.9611597135663037,0.991892285645008
915,Rolando Aarons,2014,Sub,4,1,7,121,0.3429449051618576,0,0.0827781036496162,2,Newcastle United,1,0,1,0.3429449051618576,0.426252007484436,0.1675076009705662
916,Yoan Gouffran,2015,Sub,8,0,3,220,0.3648428972810507,0,0.0193860009312629,1,Newcastle United,0,0,0,0.3648428972810507,1.2028889767825603,0.8644790090620518
916,Yoan Gouffran,2014,ML,31,2,24,1991,1.5459727151319385,1,1.5892759254202249,19,Newcastle United,3,0,2,1.5459727151319385,4.416468531824648,2.5501322876662016
917,John Terry,2016,DC,9,1,8,489,1.541232004761696,0,0.540275115519762,2,Chelsea,1,0,1,1.541232004761696,0.5361377894878387,0.4666052982211113
917,John Terry,2015,DC,24,1,10,1999,1.4788405783474443,0,0.1022738981992006,2,Chelsea,2,2,1,1.4788405783474443,4.600788000971079,3.987739030271769
917,John Terry,2014,DC,38,5,20,3420,5.216808937489986,0,0.3966271001845598,7,Chelsea,2,0,5,5.216808937489986,8.545584731735289,8.167884447611868
918,Joey O'Brien,2014,DR,9,0,2,523,0.0918129980564117,0,0.4548986107110977,5,West Ham,2,0,0,0.0918129980564117,0.7866458036005497,0.4285198971629143
919,Duncan Watmore,2016,AMR,14,0,16,1044,0.9554287297651172,2,1.6772051844745874,11,Sunderland,1,0,0,0.9554287297651172,3.741595340892673,1.881219692528248
919,Duncan Watmore,2015,Sub,23,3,14,880,1.465447487309575,1,0.947002712637186,12,Sunderland,0,0,3,1.465447487309575,2.2361195953562856,0.253368298523128
920,Matthew Pennington,2016,Sub,3,1,1,180,0.6383320093154907,0,0.1736419945955276,1,Everton,0,0,1,0.6383320093154907,0.2130598947405815,0.0394179001450538
920,Matthew Pennington,2015,DR,4,0,2,298,0.0790696963667869,0,0.0,0,Everton,1,0,0,0.0790696963667869,0.1603312008082866,0.1467036046087741
921,Darron Gibson,2016,Sub,12,0,6,647,0.135678899474442,0,0.0415950007736682,2,Sunderland,4,0,0,0.135678899474442,0.5205936934798956,0.4546896982938051
921,Darron Gibson,2015,Sub,7,0,2,236,0.0388463009148836,1,0.5095470063388348,4,Everton,3,0,0,0.0388463009148836,2.534251995384693,2.0148770064115524
921,Darron Gibson,2014,Sub,9,0,10,406,0.2926197061315179,0,0.0193425994366407,2,Everton,0,0,0,0.2926197061315179,1.506383428350091,1.223554015159607
922,Andreas Pereira,2024,DMC,5,0,9,424,0.4469899944961071,0,1.1750027537345886,19,Fulham,2,0,0,0.4469899944961071,2.1994666159152985,1.6629064828157425
922,Andreas Pereira,2023,Sub,37,3,52,2756,5.155889482237399,7,6.918029231950641,83,Fulham,7,0,3,5.155889482237399,15.476547078229489,7.726291726343334
922,Andreas Pereira,2022,AMC,33,4,62,2765,6.426880993880332,6,4.836930306628346,60,Fulham,8,0,3,5.665711977519095,10.15508385375142,4.31409253180027
922,Andreas Pereira,2019,AMC,25,1,37,1501,2.285591933876276,3,3.707923522219062,31,Manchester United,3,0,1,2.285591933876276,8.948895148932934,4.526672247797251
922,Andreas Pereira,2018,MC,15,1,8,593,0.2686987984925508,1,0.8848193176090717,9,Manchester United,5,0,1,0.2686987984925508,3.200872850604356,2.4986268701031804
922,Andreas Pereira,2015,Sub,4,0,0,76,0.0,0,0.1760952062904834,3,Manchester United,2,0,0,0.0,0.0959459990262985,0.0959459990262985
922,Andreas Pereira,2014,Sub,1,0,0,12,0.0,0,0.0,0,Manchester United,0,0,0,0.0,0.0,0.0
924,Steven Pienaar,2016,Sub,15,0,4,815,0.7518728971481323,0,0.1657810974866151,7,Sunderland,5,1,0,0.7518728971481323,2.165744688361883,1.4212065935134888
924,Steven Pienaar,2015,Sub,4,0,2,115,0.0748004019260406,0,0.0505042001605033,1,Everton,0,0,0,0.0748004019260406,0.2656590044498443,0.1403550058603286
924,Steven Pienaar,2014,AML,9,0,5,309,0.3001886047422886,2,0.3296654019504785,5,Everton,1,0,0,0.3001886047422886,0.934076689183712,0.5224290005862713
925,Patrick Roberts,2019,Sub,3,0,0,19,0.0,0,0.0,0,Norwich,0,0,0,0.0,0.0,0.0
925,Patrick Roberts,2015,Sub,1,0,0,3,0.0,0,0.0,0,Manchester City,0,0,0,0.0,0.0,0.0
926,Steven Whittaker,2015,DR,8,1,8,660,0.4572330955415964,0,0.0352065004408359,2,Norwich,1,1,1,0.4572330955415964,1.4106154162436724,1.1429078727960589
927,Sebastián Coates,2015,DC,16,0,6,1231,0.4768164902925491,1,0.2198508009314537,2,Sunderland,4,0,0,0.4768164902925491,2.01092541590333,1.8753804080188277
927,Sebastián Coates,2014,DC,10,0,7,821,0.3651315961033106,0,0.0630579963326454,2,Sunderland,1,0,0,0.3651315961033106,1.1237659249454737,1.1051169279962778
928,Wes Brown,2015,DC,6,0,0,540,0.0,0,0.0,0,Sunderland,1,0,0,0.0,1.5405180603265762,1.5405180603265762
928,Wes Brown,2014,DR,25,0,4,1998,0.2678195983171463,0,0.2529216967523098,5,Sunderland,5,1,0,0.2678195983171463,1.4911859668791294,1.359699264168739
929,Adam Johnson,2015,MR,19,2,16,1136,1.8067023092880845,5,2.185626655817032,29,Sunderland,3,0,1,1.04553338047117,4.058418094180524,2.642054306343198
929,Adam Johnson,2014,MR,32,4,25,2085,3.2225716952234507,1,3.918955666013062,39,Sunderland,2,0,3,2.461402678862214,7.580857325345278,4.618602689355612
930,Steven Fletcher,2015,Sub,16,4,25,1021,3.1093484219163656,0,0.8061626013368368,8,Sunderland,0,0,4,3.1093484219163656,3.5543337743729357,0.6958297900855541
930,Steven Fletcher,2014,FW,30,5,37,1782,6.642457719892263,2,2.051580097526312,17,Sunderland,4,0,5,6.642457719892263,9.389527746476231,2.307069212198257
931,Jordi Gómez,2015,DMC,6,0,2,363,0.052657600492239,0,0.0803149035200476,2,Sunderland,0,0,0,0.052657600492239,0.2126921974122524,0.197243396192789
931,Jordi Gómez,2014,Sub,29,4,31,1952,3.721914557740092,2,1.792080918326974,23,Sunderland,7,0,1,1.4384054820984602,6.745260193943977,4.437605936080217
932,Danny Graham,2015,Sub,10,0,4,352,0.3150747045874595,0,0.0,0,Sunderland,0,0,0,0.3150747045874595,1.3842313960194588,1.1534624844789505
932,Danny Graham,2014,Sub,14,1,10,620,1.1095587108284235,0,0.1769960019737482,6,Sunderland,0,0,1,1.1095587108284235,1.552799491211772,0.3976630996912718
933,Brede Hangeland,2015,DC,7,0,5,630,0.4924242980778217,0,0.0,0,Crystal Palace,2,0,0,0.4924242980778217,0.8568926062434912,0.8568926062434912
933,Brede Hangeland,2014,DC,14,2,4,1175,0.9855322930961848,1,0.5508842170238495,4,Crystal Palace,2,0,2,0.9855322930961848,0.9159359000623226,0.8688829056918621
934,Axel Tuanzebe,2024,DR,5,0,1,429,0.0484584867954254,0,0.5693965200334787,3,Ipswich,0,0,0,0.0484584867954254,1.2210952453315258,0.6976502947509289
934,Axel Tuanzebe,2021,Sub,9,0,2,507,0.1548680998384952,0,0.0,0,Aston Villa,1,0,0,0.1548680998384952,0.8887580037117004,0.8887580037117004
934,Axel Tuanzebe,2020,Sub,9,0,0,401,0.0,0,0.0,0,Manchester United,2,0,0,0.0,1.0783615252003074,1.0783615252003074
934,Axel Tuanzebe,2019,Sub,5,0,0,186,0.0,0,0.0,0,Manchester United,0,0,0,0.0,0.1738492995500564,0.1738492995500564
934,Axel Tuanzebe,2017,Sub,1,0,0,1,0.0,0,0.0,0,Manchester United,0,0,0,0.0,0.0,0.0
934,Axel Tuanzebe,2016,MC,4,0,2,307,0.0403217989951372,0,0.0550887994468212,1,Manchester United,0,0,0,0.0403217989951372,0.27153430134058,0.2477843994274735
935,Kurt Zouma,2023,DC,33,3,16,2849,2.339608912356198,0,0.1828841548413038,4,West Ham,3,0,3,2.339608912356198,3.844586410559714,3.714732094667852
935,Kurt Zouma,2022,DC,25,2,19,1990,2.125173594802618,0,0.056879699230194,1,West Ham,0,0,2,2.125173594802618,2.5968139097094536,2.470027904957533
935,Kurt Zouma,2021,DC,24,1,6,2083,0.8130695931613445,0,0.0838834010064601,2,West Ham,1,0,1,0.8130695931613445,4.450215253047645,4.319386354647577
935,Kurt Zouma,2020,DC,24,5,27,2024,3.1368540562689304,0,0.0814669001847505,4,Chelsea,3,0,5,3.1368540562689304,6.216146887280047,6.133134902454913
935,Kurt Zouma,2019,DC,28,0,15,2340,1.4697103928774595,0,0.1219139993190765,1,Chelsea,6,0,0,1.4697103928774595,9.402105880901216,9.392721874639392
935,Kurt Zouma,2018,Sub,32,2,19,2613,1.268638389185071,2,0.4428139980882406,6,Everton,3,1,2,1.268638389185071,6.062600068747997,5.642797289416194
935,Kurt Zouma,2017,DC,34,1,20,2889,1.1290201861411333,0,0.4733515027910471,6,Stoke,1,0,1,1.1290201861411333,3.897400017827749,3.494532551150769
935,Kurt Zouma,2016,Sub,9,0,1,241,0.0409400984644889,1,0.5744730234146118,1,Chelsea,0,0,0,0.0409400984644889,0.0,0.0
935,Kurt Zouma,2015,Sub,23,1,17,1912,1.8363503962755203,1,0.5467770099639893,1,Chelsea,0,0,1,1.8363503962755203,3.942026106640697,3.86017700843513
935,Kurt Zouma,2014,Sub,15,0,1,633,0.0208250004798173,0,0.0300549007952213,1,Chelsea,0,0,0,0.0208250004798173,0.8308880049735308,0.780008003115654
936,Ramires,2015,AMR,12,2,10,612,1.3262329697608948,0,0.0581614002585411,1,Chelsea,1,0,2,1.3262329697608948,1.8094922974705696,0.8054331913590431
936,Ramires,2014,Sub,23,2,17,1089,1.8734565190970895,4,2.0800595618784428,10,Chelsea,4,0,2,1.8734565190970895,7.350639190524816,3.9573690686374894
937,João Teixeira,2015,Sub,1,0,0,2,0.0,0,0.0,0,Liverpool,0,0,0,0.0,0.0,0.0
938,Carl Jenkinson,2018,Sub,3,0,0,166,0.0,0,0.055605299770832,1,Arsenal,0,0,0,0.0,1.2273359894752502,1.2273359894752502
938,Carl Jenkinson,2016,DR,1,0,0,84,0.0,0,0.0,0,Arsenal,0,0,0,0.0,0.0123599004000425,0.0123599004000425
938,Carl Jenkinson,2015,DR,20,2,7,1220,0.6154201049357653,0,1.13735419139266,6,West Ham,3,1,2,0.6154201049357653,5.472481181845069,3.738781973719597
938,Carl Jenkinson,2014,Sub,32,0,13,2660,1.1120519153773785,2,2.1274429839104414,22,West Ham,2,0,0,1.1120519153773785,7.774099243804812,5.7153421230614185
939,Mauro Zárate,2016,FWL,3,0,8,217,0.3138998933136463,0,0.0891497991979122,4,Watford,0,0,0,0.3138998933136463,0.4884218126535415,0.1579570025205612
939,Mauro Zárate,2015,FWR,15,3,29,796,1.550888579338789,0,1.3420005030930042,20,West Ham,1,0,3,1.550888579338789,3.807389497756958,2.485369622707367
939,Mauro Zárate,2014,AMC,7,2,13,424,0.4390261024236679,1,0.4284241870045662,7,West Ham,1,0,2,0.4390261024236679,0.8943358026444912,0.3738796915858984
939,Mauro Zárate,2014,Sub,4,0,4,57,0.2777593908831477,0,0.0,0,Queens Park Rangers,1,0,0,0.2777593908831477,0.3232553927227855,0.1872369945049286
940,Nikica Jelavic,2015,Sub,13,1,11,318,1.487870400771499,2,1.0062958588823676,9,West Ham,1,0,1,1.487870400771499,2.748883375898004,0.4290879964828491
940,Nikica Jelavic,2014,FW,26,8,57,1815,4.894789764657617,1,0.8632267005741596,17,Hull,3,0,8,4.894789764657617,5.708561671897769,1.086764007806778
941,Fabricio Coloccini,2015,DC,26,1,10,2294,0.9142137980088592,0,0.3086645975708961,3,Newcastle United,2,1,1,0.9142137980088592,3.4135534837841988,3.2123251855373383
941,Fabricio Coloccini,2014,DC,32,1,9,2839,1.313181420788169,0,0.7221941277384758,2,Newcastle United,3,1,1,1.313181420788169,3.846536375582218,3.242397986352444
942,Florian Thauvin,2015,Sub,13,0,8,412,0.3105266019701957,0,0.6077729854732752,5,Newcastle United,1,0,0,0.3105266019701957,1.1896824669092894,0.3465210050344467
943,Massadio Haidara,2017,Sub,1,0,0,1,0.0,0,0.0,0,Newcastle United,0,0,0,0.0,0.0,0.0
943,Massadio Haidara,2015,DL,7,0,3,554,0.0466082002967596,0,0.0746975019574165,2,Newcastle United,1,0,0,0.0466082002967596,0.5517044104635715,0.4461160153150558
943,Massadio Haidara,2014,DL,15,0,7,1092,0.1060660416260361,1,0.3449203073978424,8,Newcastle United,0,0,0,0.1060660416260361,2.395615186542273,2.0986422933638096
944,Glen Johnson,2017,DMR,9,0,2,558,0.0881879013031721,0,0.1874537989497184,4,Stoke,3,0,0,0.0881879013031721,0.365787997841835,0.1441454961895942
944,Glen Johnson,2016,DR,23,0,8,1952,0.459941410459578,0,1.4694390036165714,11,Stoke,1,0,0,0.459941410459578,6.955055627971888,5.458870630711317
944,Glen Johnson,2015,DR,25,0,17,2191,0.8090794961899519,3,3.0968168638646603,18,Stoke,1,0,0,0.8090794961899519,7.914552157744765,5.0396794425323606
944,Glen Johnson,2014,DL,19,1,8,1324,1.052791421301663,0,0.3069631978869438,5,Liverpool,2,0,1,1.052791421301663,3.636016301810741,2.4204191733151674
945,Marc Wilson,2016,DC,4,0,1,258,0.0140891997143626,0,0.1204101033508777,2,West Bromwich Albion,3,0,0,0.0140891997143626,0.099403902888298,0.099403902888298
945,Marc Wilson,2015,Sub,4,0,0,257,0.0,0,0.0655407011508941,1,Stoke,0,0,0,0.0,0.4531539976596832,0.3876129984855652
945,Marc Wilson,2014,DC,27,0,6,2127,0.2635969035327434,0,0.2408033981919288,6,Stoke,4,1,0,0.2635969035327434,2.2582533471286297,2.010907541960478
946,Marco van Ginkel,2015,DMC,17,0,12,735,1.0349852070212364,0,0.1119262017309665,5,Stoke,0,0,0,1.0349852070212364,2.4721310511231422,1.5785308051854372
947,Víctor Ibarbo,2015,Sub,4,0,0,60,0.0,0,0.0,0,Watford,0,0,0,0.0,0.0175135005265474,0.0175135005265474
948,Alessandro Diamanti,2015,Sub,3,0,1,60,0.0140984002500772,0,0.200776994228363,2,Watford,0,0,0,0.0140984002500772,0.1898573040962219,0.1757593005895614
949,Giedrius Arlauskis,2015,Sub,1,0,0,22,0.0,0,0.0,0,Watford,0,0,0,0.0,0.0,0.0
951,Phil Jones,2021,DC,4,0,0,162,0.0,0,0.0,0,Manchester United,0,0,0,0.0,0.1493470072746276,0.1493470072746276
951,Phil Jones,2019,DC,2,0,2,137,0.1148459985852241,0,0.0,0,Manchester United,0,0,0,0.1148459985852241,0.3541661016643047,0.3541661016643047
951,Phil Jones,2018,DC,18,0,5,1266,0.5517958011478186,1,0.8154120333492756,3,Manchester United,1,0,0,0.5517958011478186,3.823229741305113,3.5550857298076157
951,Phil Jones,2017,DC,23,0,2,1974,0.5508504156023264,0,0.2009660005569458,2,Manchester United,2,0,0,0.5508504156023264,4.208818783983588,4.013255478814244
951,Phil Jones,2016,DC,18,0,3,1588,0.1069572009146213,0,0.2172710075974464,2,Manchester United,2,0,0,0.1069572009146213,4.598769560456276,4.381498545408249
951,Phil Jones,2015,Sub,10,0,1,524,0.058942899107933,0,0.0,0,Manchester United,0,0,0,0.058942899107933,1.1276833098381758,1.0687404107302427
951,Phil Jones,2014,DC,22,0,3,1881,0.187755599617958,0,0.2614507991820574,5,Manchester United,3,0,0,0.187755599617958,3.642874300479889,3.6263293027877808
952,Gastón Ramírez,2016,AMC,24,2,32,1561,3.113752471283078,3,3.0068857222795486,31,Middlesbrough,8,1,2,3.113752471283078,7.360805071890354,3.585045713931322
952,Gastón Ramírez,2015,Sub,3,0,0,25,0.0,1,0.97019281424582,2,Southampton,0,0,0,0.0,0.0,0.0
952,Gastón Ramírez,2014,Sub,22,1,16,975,0.900516408495605,2,1.636369095183909,23,Hull,1,1,1,0.900516408495605,3.037685316987336,1.941877719014883
952,Gastón Ramírez,2014,Sub,1,0,1,22,0.1199010014533996,0,0.0,0,Southampton,0,0,0,0.1199010014533996,0.1199010014533996,0.0
953,Steven Caulker,2015,Sub,3,0,2,146,0.1019390001893043,0,0.0125793004408478,1,Southampton,0,0,0,0.1019390001893043,0.1875029951333999,0.1749240010976791
953,Steven Caulker,2015,Sub,3,0,1,3,0.090074598789215,0,0.0,0,Liverpool,0,0,0,0.090074598789215,0.090074598789215,0.0
953,Steven Caulker,2014,DC,35,1,28,3019,2.944729307666421,0,1.179923115298152,17,Queens Park Rangers,1,0,1,2.944729307666421,3.971539515070617,2.8036462077870965
954,Kelvin Davis,2015,GK,1,0,0,90,0.0,0,0.0,0,Southampton,0,0,0,0.0,0.0874164029955864,0.0874164029955864
954,Kelvin Davis,2014,GK,7,0,0,617,0.0,0,0.0,0,Southampton,0,0,0,0.0,0.2132637072354555,0.2132637072354555
955,Ritchie de Laet,2015,DR,12,1,2,655,0.1470789983868599,0,0.3315953984856605,6,Leicester,1,0,1,0.1470789983868599,1.1408209782093763,0.7576774023473263
955,Ritchie de Laet,2014,DR,26,0,4,1881,0.0461221998557448,1,1.1547532957047224,12,Leicester,3,0,0,0.0461221998557448,3.58292705565691,2.8420774210244417
956,Andrej Kramaric,2015,Sub,2,0,1,18,0.4252740144729614,0,0.0224716998636722,1,Leicester,0,0,0,0.4252740144729614,0.4838533140718937,0.0585792995989322
956,Andrej Kramaric,2014,Sub,13,2,23,569,2.0635642036795616,0,0.6953189820051193,6,Leicester,0,0,2,2.0635642036795616,2.527540097013116,0.4108103085309267
957,Yann Kermorgant,2015,Sub,7,0,1,117,0.0329244993627071,0,0.0267533008009195,1,Bournemouth,0,0,0,0.0329244993627071,0.4358735103160143,0.4358735103160143
958,Tokelo Rantie,2015,Sub,3,0,1,33,0.1042999997735023,0,0.0196566991508007,1,Bournemouth,0,0,0,0.1042999997735023,0.4992455095052719,0.3752889111638069
959,Joe Bennett,2018,DL,30,0,10,2648,0.5213258992880583,1,0.8026733957231045,14,Cardiff,5,0,0,0.5213258992880583,1.589597998186946,0.7613155916333199
960,Clinton N'Jie,2015,Sub,8,0,6,171,0.3994066081941128,1,0.6547431712970138,2,Tottenham,0,0,0,0.3994066081941128,1.14137801527977,0.1344249993562698
961,Jordan Amavi,2015,DL,10,0,5,835,0.0950818993151187,2,0.8446443090215325,7,Aston Villa,2,0,0,0.0950818993151187,1.3680443912744522,0.5126461032778025
962,José Ángel Crespo,2015,DC,1,0,0,90,0.0,0,0.0,0,Aston Villa,0,0,0,0.0,0.0,0.0
963,Eder,2015,Sub,13,0,5,253,0.2208317965269088,0,0.1257194001227617,3,Swansea,0,0,0,0.2208317965269088,0.717600105330348,0.5461306106299162
964,Kyle Bartley,2020,DC,30,3,14,2581,2.601399853825569,1,0.7599643841385841,7,West Bromwich Albion,4,0,3,2.601399853825569,2.4846501778811216,1.4993403069674969
964,Kyle Bartley,2017,Sub,5,0,2,229,0.0724881999194622,0,0.1137800980359315,2,Swansea,2,0,0,0.0724881999194622,0.0280379001051187,0.0280379001051187
964,Kyle Bartley,2015,Sub,5,0,2,283,0.1161414012312889,0,0.0769058987498283,1,Swansea,2,0,0,0.1161414012312889,0.3558361940085888,0.3558361940085888
964,Kyle Bartley,2014,DC,7,0,4,630,0.1945104040205478,0,0.0,0,Swansea,2,0,0,0.1945104040205478,1.4454614780843258,1.4454614780843258
965,Santiago Cazorla,2016,Sub,8,2,8,621,1.6693916991353035,2,0.8027662038803101,10,Arsenal,2,0,0,0.147053699940443,3.2815439254045486,2.7705690264701843
965,Santiago Cazorla,2015,AML,15,0,24,1297,1.8686606083065271,3,4.38658672105521,38,Arsenal,2,1,0,1.1074920073151588,11.918342888355255,10.464280039072037
965,Santiago Cazorla,2014,ML,37,7,93,2999,10.5907253138721,11,9.755182644352317,78,Arsenal,5,0,1,6.023707624524832,24.657841611653566,16.91333621367812
966,Alex Oxlade-Chamberlain,2022,Sub,9,1,7,338,1.493293778039515,0,0.7890531122684479,5,Liverpool,0,0,1,1.493293778039515,2.451194860972464,0.5513057112693787
966,Alex Oxlade-Chamberlain,2021,MC,17,2,21,783,1.180953999981284,1,1.2662958838045597,10,Liverpool,0,0,2,1.180953999981284,5.64299226924777,3.540128314867616
966,Alex Oxlade-Chamberlain,2020,Sub,13,1,8,238,0.3006508983671665,1,0.3017777930945158,2,Liverpool,0,0,1,0.3006508983671665,0.99866240657866,0.7666851915419102
966,Alex Oxlade-Chamberlain,2019,MC,30,4,40,1511,2.5044670198112726,1,0.9436891078948976,17,Liverpool,1,0,4,2.5044670198112726,5.693247593939304,2.6489668991416693
966,Alex Oxlade-Chamberlain,2018,Sub,2,0,1,17,0.4664709866046905,0,0.1158810034394264,1,Liverpool,0,0,0,0.4664709866046905,1.3726199865341189,1.2567399740219116
966,Alex Oxlade-Chamberlain,2017,Sub,32,3,38,1461,2.4027807423844934,7,4.4041887409985065,33,Liverpool,3,0,3,2.4027807423844934,10.887074828147888,5.457228742539883
966,Alex Oxlade-Chamberlain,2017,DML,3,0,9,244,0.1968410052359104,0,0.5609823949635029,5,Arsenal,0,0,0,0.1968410052359104,0.9969379901885986,0.7953580021858215
966,Alex Oxlade-Chamberlain,2016,Sub,29,2,28,1564,2.440088886767626,7,4.469723431393504,32,Arsenal,1,0,2,2.440088886767626,10.298072082921864,5.440289983525872
966,Alex Oxlade-Chamberlain,2015,AMR,22,1,23,911,1.5034727901220322,0,1.8971569072455168,19,Arsenal,0,0,1,1.5034727901220322,6.139448795467615,3.601579638198018
966,Alex Oxlade-Chamberlain,2014,Sub,23,1,32,1497,2.849110059440136,1,3.690096700564027,35,Arsenal,4,0,1,2.849110059440136,9.59499465674162,4.923702459782362
967,Mathieu Debuchy,2016,DR,1,0,0,15,0.0,0,0.0,0,Arsenal,0,0,0,0.0,0.0,0.0
967,Mathieu Debuchy,2015,DR,2,0,1,147,0.0284454002976417,0,0.0179124008864164,1,Arsenal,0,0,0,0.0284454002976417,0.5083019882440567,0.4798559844493866
967,Mathieu Debuchy,2014,DR,10,1,8,811,0.8225503079593182,0,0.398188017308712,2,Arsenal,2,0,1,0.8225503079593182,3.0027852542698383,2.842829305678606
968,Liam Bridcutt,2014,Sub,18,0,4,889,0.0548414997756481,2,0.7365253865718842,9,Sunderland,6,1,0,0.0548414997756481,4.408933130092919,3.7714812476187936
970,Mikel Arteta,2015,Sub,9,0,1,157,0.516431987285614,0,0.4725930094718933,1,Arsenal,1,0,0,0.516431987285614,1.9849794134497645,1.4685523733496666
970,Mikel Arteta,2014,DMC,7,0,2,451,0.0365141602233052,1,0.0685094986110925,3,Arsenal,1,0,0,0.0365141602233052,1.0064908862113953,0.9221099093556404
971,Harry Winks,2024,DMC,5,0,1,450,0.0159554351121187,0,0.2894275765866041,5,Leicester,1,0,0,0.0159554351121187,0.5087052909657359,0.4927498428151011
971,Harry Winks,2021,Sub,19,0,3,896,0.0675618015229702,1,1.5235150288790464,10,Tottenham,2,0,0,0.0675618015229702,7.735785078257322,6.400966715067625
971,Harry Winks,2020,DMC,15,0,4,854,0.0614713001996278,0,0.1899811010807752,4,Tottenham,5,0,0,0.0614713001996278,3.7452505696564913,3.6405259910970926
971,Harry Winks,2019,MC,31,0,14,2236,0.3900796035304665,0,0.899267990142107,17,Tottenham,9,0,0,0.3900796035304665,7.9978032894432545,7.1402160339057446
971,Harry Winks,2018,Sub,26,1,9,1578,1.094499010592699,0,0.2443319000303745,7,Tottenham,4,0,1,1.094499010592699,6.521413702517748,5.996375743299723
971,Harry Winks,2017,Sub,16,0,3,771,0.0489315995946526,1,0.5688206991180778,10,Tottenham,0,0,0,0.0489315995946526,2.82641538977623,2.646162994205952
971,Harry Winks,2016,Sub,21,1,6,455,1.023467589169741,1,0.6690505091100931,8,Tottenham,1,0,1,1.023467589169741,2.754540614783764,1.6087495982646942
972,Jerome Sinclair,2017,Sub,4,0,0,26,0.0,0,0.078471302986145,1,Watford,0,0,0,0.0,0.3549393117427826,0.2764680087566376
972,Jerome Sinclair,2016,Sub,5,0,1,110,0.0575341992080211,0,0.0240631997585296,1,Watford,0,0,0,0.0575341992080211,0.0240631997585296,0.0
972,Jerome Sinclair,2014,Sub,2,0,0,22,0.0,0,0.0521582998335361,1,Liverpool,0,0,0,0.0,0.0521582998335361,0.0
973,Paulo Gazzaniga,2019,GK,18,0,0,1612,0.0,0,0.4000610113143921,1,Tottenham,1,0,0,0.0,2.2996131982654333,1.899552097544074
973,Paulo Gazzaniga,2018,GK,3,0,0,270,0.0,0,0.0,0,Tottenham,0,0,0,0.0,0.4387649074196815,0.4387649074196815
973,Paulo Gazzaniga,2017,GK,1,0,0,90,0.0,0,0.0,0,Tottenham,0,0,0,0.0,0.0,0.0
973,Paulo Gazzaniga,2015,GK,2,0,0,180,0.0,0,0.0,0,Southampton,0,0,0,0.0,0.0208726003766059,0.0208726003766059
973,Paulo Gazzaniga,2014,GK,2,0,0,180,0.0,0,0.0,0,Southampton,0,0,0,0.0,0.4042690098285675,0.4042690098285675
974,Yohan Benalouane,2017,DR,1,0,1,90,0.014139300212264,0,0.0,0,Leicester,0,0,0,0.014139300212264,0.0485248006880283,0.0343854986131191
974,Yohan Benalouane,2016,DC,11,0,4,925,0.3551678005605936,0,0.0650375001132488,2,Leicester,4,0,0,0.3551678005605936,0.286920603364706,0.1651584953069687
974,Yohan Benalouane,2015,Sub,4,0,0,56,0.0,0,0.0,0,Leicester,1,0,0,0.0,0.0254699997603893,0.0254699997603893
975,Lee Tomlin,2015,Sub,6,0,5,298,0.208229199051857,0,0.497168704867363,7,Bournemouth,1,0,0,0.208229199051857,0.7405246086418629,0.0962173994630575
976,Baily Cargill,2016,Sub,1,0,0,8,0.0,0,0.0,0,Bournemouth,0,0,0,0.0,0.0,0.0
977,Tyias Browning,2015,Sub,5,0,2,299,0.2205912992358207,0,0.0394110009074211,2,Everton,1,0,0,0.2205912992358207,0.9883925020694732,0.9489815030246972
977,Tyias Browning,2014,Sub,2,0,0,24,0.0,0,0.0325691998004913,1,Everton,0,0,0,0.0,0.0653670988976955,0.0327978990972042
978,Sam Johnstone,2024,GK,3,0,0,270,0.0,0,0.0490641593933105,1,Wolverhampton Wanderers,0,0,0,0.0,0.2816801965236664,0.2816801965236664
978,Sam Johnstone,2023,GK,20,0,0,1800,0.0,0,0.0,0,Crystal Palace,1,0,0,0.0,1.9733385294675827,1.9733385294675827
978,Sam Johnstone,2022,GK,9,0,0,810,0.0,0,0.0,0,Crystal Palace,1,0,0,0.0,0.26689063757658,0.26689063757658
978,Sam Johnstone,2020,GK,37,0,0,3330,0.0,1,0.1101170033216476,1,West Bromwich Albion,1,0,0,0.0,2.627215479500592,2.517098476178944
981,Kyle Lafferty,2015,Sub,1,0,0,10,0.0,0,0.0,0,Norwich,0,0,0,0.0,0.015409399755299,0.015409399755299
982,Tim Krul,2021,GK,29,0,0,2610,0.0,0,0.4792070090770721,1,Norwich,1,0,0,0.0,2.564329088665545,2.564329088665545
982,Tim Krul,2019,GK,36,0,0,3240,0.0,0,0.0,0,Norwich,4,0,0,0.0,3.5150500126183037,3.5150500126183037
982,Tim Krul,2015,GK,8,0,0,720,0.0,0,0.0,0,Newcastle United,0,0,0,0.0,0.1072514951229095,0.1072514951229095
982,Tim Krul,2014,GK,30,0,0,2700,0.0,1,0.2590459883213043,1,Newcastle United,1,0,0,0.0,1.189519913867116,1.189519913867116
983,Kevin Mbabu,2022,Sub,6,0,0,138,0.0,1,0.5595380067825317,2,Fulham,1,0,0,0.0,0.665716927498579,0.1061783991754055
983,Kevin Mbabu,2015,Sub,3,0,1,147,0.0183614995330572,0,0.1067750006914138,1,Newcastle United,0,0,0,0.0183614995330572,0.1800058037042617,0.1616443023085594
984,Mike Williamson,2014,DC,31,1,10,2413,1.3640322852879765,1,0.8719886168837547,6,Newcastle United,5,2,1,1.3640322852879765,3.218871615827084,2.12636711075902
985,Mason Holgate,2024,Sub,1,0,0,1,0.0,0,0.0,0,Everton,0,0,0,0.0,0.0,0.0
985,Mason Holgate,2023,DC,10,0,3,718,0.9260915219783784,0,0.4414309561252594,1,Sheffield United,3,1,0,0.9260915219783784,1.08466067770496,0.6432297215797007
985,Mason Holgate,2022,Sub,8,0,4,505,0.9284062683582306,0,0.3237291630357504,6,Everton,1,1,0,0.9284062683582306,1.3223813269287348,1.0586145222187042
985,Mason Holgate,2021,DC,25,2,7,2137,1.660384014248848,1,0.1045862026512622,3,Everton,6,1,2,1.660384014248848,1.5720062172040343,1.5205509206280112
985,Mason Holgate,2020,DC,28,1,5,2298,1.2981894947588444,0,0.5711942873895168,8,Everton,9,0,1,1.2981894947588444,3.790853295475245,3.348965907469392
985,Mason Holgate,2019,Sub,27,0,12,2047,1.4054015278816223,3,1.1222637072205544,4,Everton,5,0,0,1.4054015278816223,6.361286384984851,5.70923450216651
985,Mason Holgate,2018,Sub,5,0,0,407,0.0,0,0.0,0,Everton,1,0,0,0.0,0.6817190982401371,0.6817190982401371
985,Mason Holgate,2017,DMR,15,0,5,1182,0.4696716889739036,0,0.6658227127045393,7,Everton,3,0,0,0.4696716889739036,1.6756435371935368,0.999502019956708
985,Mason Holgate,2016,DC,18,0,6,1378,0.3201606087386608,1,1.572614874690771,9,Everton,2,0,0,0.3201606087386608,5.161694630980492,4.277142629027367
986,Danny Ings,2024,Sub,2,1,2,9,0.5132454335689545,0,0.0,0,West Ham,0,0,1,0.5132454335689545,0.5132454335689545,0.0
986,Danny Ings,2023,Sub,20,1,12,342,1.2228488996624949,0,0.3788724727928638,5,West Ham,1,0,1,1.2228488996624949,1.6572822146117687,0.3996972218155861
986,Danny Ings,2022,FW,18,6,27,806,5.057080797851086,0,0.6633751969784498,9,Aston Villa,3,0,4,3.5347398295998573,4.297437235713005,0.3106637001037597
986,Danny Ings,2022,Sub,17,2,15,756,3.2004608400166035,2,0.8002203460782766,6,West Ham,1,0,2,3.2004608400166035,4.147151492536068,0.5034431423991919
986,Danny Ings,2021,FW,30,7,49,1920,6.846661906689405,6,1.4444685094058514,15,Aston Villa,4,0,6,6.085492890328169,7.999432535842061,2.1089931335300207
986,Danny Ings,2020,FW,29,12,57,2200,8.276573972776532,4,2.3112313207238917,22,Southampton,1,0,10,6.7542363833636045,10.482222445309162,2.4790419340133667
986,Danny Ings,2019,AMC,38,22,93,2836,15.659720553085208,2,2.849086041562259,35,Southampton,3,0,21,14.137382855638862,18.488027464598417,5.015937743708491
986,Danny Ings,2018,Sub,24,7,56,1694,9.915940870530903,3,3.34833153244108,28,Southampton,1,0,4,7.632432927377522,10.713301700539889,2.754429125227034
986,Danny Ings,2017,Sub,8,1,8,263,1.5471435450017452,0,0.1833355072885751,3,Liverpool,0,0,1,1.5471435450017452,2.090473579242825,0.8079671990126371
986,Danny Ings,2015,Sub,6,2,10,336,1.8510825484991076,0,0.3525632973760366,5,Liverpool,1,0,2,1.8510825484991076,1.393168888986111,0.2832492962479591
986,Danny Ings,2014,AMC,35,11,97,3048,12.289508447051048,4,4.244325045496225,35,Burnley,6,0,10,11.528339490294456,16.558702621608973,2.825657523237169
987,Joseph Gomez,2023,Sub,32,0,19,1749,0.8164968742057681,1,1.5004456005990503,21,Liverpool,5,0,0,0.8164968742057681,10.545846451073883,8.967196764424443
987,Joseph Gomez,2022,Sub,21,0,7,1443,0.120236212387681,0,0.0427149012684822,1,Liverpool,3,0,0,0.120236212387681,6.305879516527057,6.20889599993825
987,Joseph Gomez,2021,Sub,8,0,1,333,0.0134656000882387,1,0.7109510749578476,3,Liverpool,2,0,0,0.0134656000882387,2.657409012317657,1.987534396350384
987,Joseph Gomez,2020,DC,7,0,0,594,0.0,0,0.0654293000698089,1,Liverpool,0,0,0,0.0,2.085418999195099,2.019989997148514
987,Joseph Gomez,2019,DC,28,0,1,1996,0.0183792002499103,0,0.1635642014443874,5,Liverpool,7,0,0,0.0183792002499103,8.4703209977597,8.296638444066048
987,Joseph Gomez,2018,DC,16,0,5,1052,0.2288764975965023,0,0.422867295332253,7,Liverpool,2,0,0,0.2288764975965023,5.058377683162689,4.747654654085636
987,Joseph Gomez,2017,Sub,23,0,5,1900,0.4687799010425806,2,1.5318825021386149,17,Liverpool,3,0,0,0.4687799010425806,8.724389903247356,7.780095148831606
987,Joseph Gomez,2015,DL,5,0,1,442,0.0124465003609657,1,0.0890143997967243,3,Liverpool,3,0,0,0.0124465003609657,0.8648072108626366,0.789442203938961
988,Jordan Rossiter,2015,Sub,1,0,0,13,0.0,0,0.0,0,Liverpool,0,0,0,0.0,0.0556758008897304,0.0556758008897304
990,James Morrison,2017,AMC,4,1,4,204,1.032514087855816,0,0.1129876002669334,3,West Bromwich Albion,0,0,1,1.032514087855816,1.5032309889793396,0.5208520032465458
990,James Morrison,2016,Sub,31,5,23,1736,2.478531064465642,2,1.3765214690938592,23,West Bromwich Albion,3,0,5,2.478531064465642,6.91210843808949,3.5719482516869903
990,James Morrison,2015,MC,18,3,24,1354,1.8907658848911524,3,1.1233719112351537,15,West Bromwich Albion,3,0,3,1.1295968685299158,3.430091424845159,1.7143349926918745
990,James Morrison,2014,Sub,33,2,30,2567,1.7436685003340244,1,3.0994835887104277,37,West Bromwich Albion,3,0,2,1.7436685003340244,8.344453379511833,6.145427389070392
992,James Wilson,2015,Sub,1,0,0,6,0.0,0,0.0,0,Manchester United,0,0,0,0.0,0.0,0.0
992,James Wilson,2014,Sub,13,1,8,329,1.0632624048739672,0,0.0445859991014003,1,Manchester United,3,0,1,1.0632624048739672,1.4961605854332447,0.8005795776844025
993,Serge Gnabry,2015,Sub,1,0,2,10,0.0584723018109798,0,0.014007699675858,1,West Bromwich Albion,0,0,0,0.0584723018109798,0.0306790992617607,0.0
994,Aiden McGeady,2014,AMR,16,1,22,903,0.9916217979043722,2,2.220251088961959,17,Everton,1,0,1,0.9916217979043722,3.7169938795268536,1.2618911657482386
998,Ivan Toney,2023,FW,17,4,51,1447,7.132677088491619,2,2.186188329011202,13,Brentford,5,0,4,7.132677088491619,7.6502086371183395,1.1057295147329569
998,Ivan Toney,2022,FW,33,20,94,2960,21.69119757413864,4,4.909892840310931,26,Brentford,9,0,14,16.363018790259957,18.1100468672812,4.024585669860244
998,Ivan Toney,2021,FW,33,12,88,2905,12.048585828393698,5,7.343530809506774,43,Brentford,8,0,7,8.242776174098253,12.169118613004684,2.3933666069060564
998,Ivan Toney,2015,Sub,2,0,0,6,0.0,0,0.0,0,Newcastle United,0,0,0,0.0,0.0,0.0
999,Joseph Dodoo,2015,Sub,1,0,0,17,0.0,0,0.0,0,Leicester,0,0,0,0.0,0.0,0.0
1000,Federico Fazio,2014,DC,20,0,11,1780,0.4927775058895349,0,0.0378027204424142,3,Tottenham,2,1,0,0.4927775058895349,4.650256037712097,4.612453039735556
1001,Peter Odemwingie,2015,Sub,5,0,2,89,0.0914863999933004,0,0.0,0,Stoke,0,0,0,0.0914863999933004,0.1096007004380226,0.0181143004447221
1001,Peter Odemwingie,2014,AMR,7,0,1,176,0.0289794001728296,0,0.3135387059301138,6,Stoke,0,0,0,0.0289794001728296,0.4717340944334864,0.3208946948871016
1004,Joe Cole,2014,Sub,12,1,4,263,0.2769546937197447,1,0.4516037022694945,7,Aston Villa,0,0,1,0.2769546937197447,0.664939814247191,0.2615206213667989
1006,Luke Shaw,2023,DL,12,0,2,976,0.0712745040655136,0,0.954092476516962,13,Manchester United,6,0,0,0.0712745040655136,2.18767312169075,1.9797745142132044
1006,Luke Shaw,2022,DL,31,1,14,2570,0.9740113597363234,2,3.826654343865812,34,Manchester United,8,0,1,0.9740113597363234,12.464829174801707,10.296980248764156
1006,Luke Shaw,2021,DL,20,0,6,1609,0.1659515975043177,3,3.693639708682895,39,Manchester United,8,0,0,0.1659515975043177,7.5910299345850945,5.7372494507581
1006,Luke Shaw,2020,DL,32,1,11,2659,0.6931249871850014,5,6.471947828307748,72,Manchester United,8,0,1,0.6931249871850014,12.84404988028109,10.096229428425431
1006,Luke Shaw,2019,DL,24,0,11,1735,0.719465390779078,0,1.375558597035706,19,Manchester United,7,0,0,0.719465390779078,7.258778464980423,6.28144097328186
1006,Luke Shaw,2018,DL,29,1,21,2594,1.533868563361466,4,4.323225478641689,33,Manchester United,11,0,1,1.533868563361466,14.971799179911612,12.218418538570404
1006,Luke Shaw,2017,DL,11,0,11,785,0.3249247949570417,0,0.3560355054214597,9,Manchester United,2,0,0,0.3249247949570417,3.1096662748605013,2.6567419189959764
1006,Luke Shaw,2016,DL,11,0,6,702,0.1930140983313322,1,1.0119865275919435,10,Manchester United,1,0,0,0.1930140983313322,3.494985375553369,3.0728453937917948
1006,Luke Shaw,2015,DL,5,0,1,450,0.0692462995648384,1,0.6791073977947235,4,Manchester United,1,0,0,0.0692462995648384,1.3790598697960377,0.7020638547837734
1006,Luke Shaw,2014,DL,16,0,3,1131,0.1416075974702835,0,1.278383206576109,14,Manchester United,1,1,0,0.1416075974702835,2.826808590441942,1.8807956837117672
1007,Steve Sidwell,2015,Sub,1,0,0,10,0.0,0,0.0,0,Stoke,0,0,0,0.0,0.088657297194004,0.088657297194004
1007,Steve Sidwell,2014,DMC,12,0,8,438,0.1550377979874611,0,0.03437490016222,1,Stoke,3,0,0,0.1550377979874611,1.000602800399065,0.8919809982180595
1008,Brown Ideye,2014,Sub,24,4,30,1286,3.969936303794384,2,1.2322598649188876,11,West Bromwich Albion,2,0,4,3.969936303794384,4.579359542578459,1.5735359881073236
1010,Gary Hooper,2015,Sub,2,0,1,9,0.0579553991556167,0,0.0,0,Norwich,0,0,0,0.0579553991556167,0.0858817994594574,0.0279264003038406
1011,Bradley Johnson,2015,ML,4,0,10,144,0.7982524037361145,0,0.0487213991582393,2,Norwich,0,0,0,0.7982524037361145,0.4015931971371174,0.1137759014964103
1013,Sam Field,2020,Sub,3,0,0,56,0.0,0,0.0,0,West Bromwich Albion,0,0,0,0.0,0.0,0.0
1013,Sam Field,2017,MC,10,1,5,545,0.5942727997899055,0,0.1794712990522384,4,West Bromwich Albion,2,0,1,0.5942727997899055,1.0633245995268226,0.30974140483886
1013,Sam Field,2016,AMC,8,0,1,278,0.0495009012520313,0,0.1092850007116794,3,West Bromwich Albion,2,0,0,0.0495009012520313,0.3259259909391403,0.1671407017856836
1013,Sam Field,2015,Sub,1,0,0,1,0.0,0,0.0,0,West Bromwich Albion,0,0,0,0.0,0.0,0.0
1014,Tyler Roberts,2021,Sub,23,1,30,938,2.4348462857306004,1,1.4724867288023231,15,Leeds,5,0,1,2.4348462857306004,4.4983255211263895,0.8000427074730396
1014,Tyler Roberts,2020,Sub,27,1,26,1334,1.8854893743991847,2,2.5291487146168947,15,Leeds,3,0,1,1.8854893743991847,7.462028859183192,3.5038947202265263
1014,Tyler Roberts,2015,Sub,1,0,1,15,0.1533479988574981,0,0.0,0,West Bromwich Albion,1,0,0,0.1533479988574981,0.0,0.0
1015,Rushian Hepburn-Murphy,2015,Sub,1,0,0,1,0.0,0,0.0,0,Aston Villa,0,0,0,0.0,0.0,0.0
1015,Rushian Hepburn-Murphy,2014,Sub,1,0,0,5,0.0,0,0.0,0,Aston Villa,0,0,0,0.0,0.0,0.0
1016,Miguel Layún,2015,ML,3,1,4,134,0.1906062066555023,0,0.1768390983343124,2,Watford,0,0,1,0.1906062066555023,0.4222367033362388,0.1685363454744219
1017,Matej Vydra,2021,Sub,22,2,19,634,1.9705587178468704,3,0.752324708737433,6,Burnley,1,0,2,1.9705587178468704,2.7295806063339114,0.2564481012523174
1017,Matej Vydra,2020,Sub,28,3,35,1363,5.373273886740208,2,2.1183415008708835,14,Burnley,0,0,3,5.373273886740208,6.4258578307926655,1.0472039058804512
1017,Matej Vydra,2019,Sub,19,2,18,794,4.003600459545851,1,0.7459431905299425,8,Burnley,0,0,2,4.003600459545851,5.321379192173481,0.667028390802443
1017,Matej Vydra,2018,Sub,13,1,6,308,1.92030137591064,1,0.4979099854826927,2,Burnley,1,0,1,1.92030137591064,1.915013287216425,0.4118576869368553
1017,Matej Vydra,2016,Sub,1,0,0,1,0.0,0,0.0,0,Watford,0,0,0,0.0,0.0,0.0
1018,Josh Cullen,2023,MC,25,2,16,2072,0.532621605321765,3,1.9263525325804949,26,Burnley,9,0,2,0.532621605321765,8.981078654527664,7.6769237499684095
1018,Josh Cullen,2017,Sub,2,0,0,5,0.0,0,0.0,0,West Ham,0,0,0,0.0,0.0,0.0
1018,Josh Cullen,2015,Sub,1,0,0,1,0.0,0,0.0,0,West Ham,0,0,0,0.0,0.0,0.0
1020,Elliot Lee,2014,Sub,1,0,0,12,0.0,0,0.0,0,West Ham,0,0,0,0.0,0.0,0.0
1022,Pedro Chirivella,2015,MC,1,0,0,47,0.0,0,0.0,0,Liverpool,0,0,0,0.0,0.052369300276041,0.052369300276041
1023,Cameron Brannagan,2015,MC,3,0,1,110,0.0712428987026214,0,0.6725328154861927,3,Liverpool,0,0,0,0.0712428987026214,0.8265926763415337,0.8151228725910187
1024,Tyrone Mings,2023,DC,1,0,1,30,0.0141590423882007,0,0.1377824246883392,1,Aston Villa,0,0,0,0.0141590423882007,0.1377824246883392,0.0
1024,Tyrone Mings,2022,DC,35,1,7,3150,1.2113220421597362,2,1.1698964163661003,5,Aston Villa,7,0,1,1.2113220421597362,11.514379546046255,10.62966813147068
1024,Tyrone Mings,2021,DC,36,1,21,3186,1.375620087608695,3,1.428650375455618,10,Aston Villa,11,0,1,1.375620087608695,8.234112842008471,7.534688280895352
1024,Tyrone Mings,2020,DC,36,2,19,3194,2.061613383702934,2,0.3762711994349956,7,Aston Villa,4,1,2,2.061613383702934,6.932440020143986,6.708538971841335
1024,Tyrone Mings,2019,DC,33,2,8,2902,0.9166155084967612,2,0.5713249817490578,7,Aston Villa,7,0,2,0.9166155084967612,5.111489251255989,5.068002752959728
1024,Tyrone Mings,2018,DC,5,0,0,137,0.0,0,0.063390702009201,1,Bournemouth,0,0,0,0.0,0.063390702009201,0.063390702009201
1024,Tyrone Mings,2017,DC,4,0,1,207,0.0205896999686956,0,0.0285608991980552,1,Bournemouth,1,0,0,0.0205896999686956,0.1988016013056039,0.1988016013056039
1024,Tyrone Mings,2016,DC,7,0,1,511,0.0331392996013164,0,0.2611019909381866,1,Bournemouth,0,0,0,0.0331392996013164,0.8464078903198242,0.5853060930967331
1024,Tyrone Mings,2015,Sub,1,0,0,11,0.0,0,0.0,0,Bournemouth,0,0,0,0.0,0.0,0.0
1025,Daniel Bachmann,2021,GK,12,0,0,1080,0.0,0,0.0,0,Watford,0,0,0,0.0,1.056299289688468,1.056299289688468
1026,Libor Kozák,2015,FW,4,0,6,255,0.4715524166822433,0,0.1194764003157615,3,Aston Villa,0,0,0,0.4715524166822433,0.4077399112284183,0.0
1027,Lynden Gooch,2016,AML,11,0,3,357,0.3314999938011169,0,0.2556931041181087,4,Sunderland,3,0,0,0.3314999938011169,0.7110100015997887,0.3795099928975105
1028,Kevin Nolan,2015,Sub,2,0,0,59,0.0,0,0.0,0,West Ham,0,0,0,0.0,0.0825067982077598,0.0825067982077598
1028,Kevin Nolan,2014,AMC,29,1,31,1742,3.662091393023729,1,0.9290485139936208,12,West Ham,2,0,1,3.662091393023729,4.468470650725067,2.065542420372367
1029,Modibo Maiga,2015,Sub,3,1,2,18,0.2375389989465475,0,0.0,0,West Ham,0,0,1,0.2375389989465475,0.2375389989465475,0.0
1031,Tony Hibbert,2015,Sub,1,0,1,43,0.0585572011768817,0,0.0,0,Everton,0,0,0,0.0585572011768817,0.1772360056638717,0.1186790019273758
1031,Tony Hibbert,2014,DR,4,0,1,336,0.0211603995412588,0,0.0,0,Everton,0,0,0,0.0211603995412588,0.4514721073210239,0.4303121007978916
1032,Kieran Dowell,2021,Sub,19,1,8,912,1.252158399671316,1,1.239989422261715,16,Norwich,0,0,1,1.252158399671316,2.7508563911542296,0.794395606033504
1032,Kieran Dowell,2015,AMR,2,0,0,74,0.0,0,0.051129300147295,1,Everton,0,0,0,0.0,0.0810424014925956,0.0810424014925956
1033,Emanuele Giaccherini,2014,Sub,8,0,8,292,0.3344473950564861,0,0.5553947146981955,10,Sunderland,2,0,0,0.3344473950564861,0.9628251008689404,0.3345912937074899
1034,Adam Matthews,2015,Sub,1,0,0,33,0.0,0,0.0,0,Sunderland,0,0,0,0.0,1.0374900102615356,1.0374900102615356
1035,Kenji Gorré,2014,Sub,1,0,0,5,0.0,0,0.0,0,Swansea,0,0,0,0.0,0.0,0.0
1036,Jack Wilshere,2019,DMC,8,0,0,197,0.0,0,0.0,0,West Ham,0,0,0,0.0,0.5077890157699585,0.5077890157699585
1036,Jack Wilshere,2018,AMC,8,0,2,384,0.1778225935995578,1,0.534796186722815,5,West Ham,2,0,0,0.1778225935995578,1.100212186574936,0.6268102992326021
1036,Jack Wilshere,2017,Sub,20,1,15,1179,1.1624423153698444,3,2.2813697066158056,15,Arsenal,6,0,1,1.1624423153698444,7.7359724417328835,5.041471848264337
1036,Jack Wilshere,2016,Sub,27,0,27,1920,2.166446993127465,2,2.823251873254776,34,Bournemouth,3,0,0,2.166446993127465,8.19968657195568,4.684918493963778
1036,Jack Wilshere,2016,Sub,2,0,0,35,0.0,0,0.0,0,Arsenal,1,0,0,0.0,0.0265219993889331,0.0265219993889331
1036,Jack Wilshere,2015,AMR,3,0,1,141,0.318120002746582,0,0.1165319979190826,1,Arsenal,0,0,0,0.318120002746582,0.8949851989746094,0.460332989692688
1036,Jack Wilshere,2014,MC,14,2,18,739,2.419227445498109,1,1.4338918002322316,16,Arsenal,4,0,2,2.419227445498109,7.234426703304052,4.517601888626814
1037,Cameron Borthwick-Jackson,2015,DL,10,0,1,693,0.01488250028342,1,1.0451586116105318,7,Manchester United,0,0,0,0.01488250028342,4.274606481194496,4.099311405792832
1039,Jason Denayer,2016,Sub,24,0,6,1885,0.2626847540959716,0,0.1441393010318279,2,Sunderland,2,0,0,0.2626847540959716,2.560316947288811,2.305957494303584
1040,Angelino,2019,Sub,6,0,5,417,0.2092329002916813,0,1.92320378869772,9,Manchester City,1,0,0,0.2092329002916813,2.763352990150452,2.369253024458885
1041,Nathan Baker,2014,Sub,11,0,6,761,0.3110744971781969,0,0.2268701009452343,4,Aston Villa,0,0,0,0.3110744971781969,0.8839891068637371,0.7373376041650772
1042,Tom Davies,2023,Sub,9,0,4,194,0.2513177208602428,0,0.0346355289220809,1,Sheffield United,2,0,0,0.2513177208602428,0.6308722272515297,0.4355022050440311
1042,Tom Davies,2022,Sub,19,0,9,500,1.3129857713356614,0,0.1336751990020275,2,Everton,3,0,0,1.3129857713356614,1.913279263302684,0.6038602907210588
1042,Tom Davies,2021,Sub,6,1,6,228,1.0068475101143122,0,0.0,0,Everton,1,0,1,1.0068475101143122,1.2285457830876112,0.4193071983754635
1042,Tom Davies,2020,Sub,25,0,7,1433,0.1774021964520216,1,0.9561847178265452,6,Everton,3,0,0,0.1774021964520216,3.188046783208847,2.6904862616211176
1042,Tom Davies,2019,Sub,30,1,17,2025,1.640247531235218,0,0.534477811306715,6,Everton,8,0,1,1.640247531235218,6.296167807653546,5.533328840509057
1042,Tom Davies,2018,Sub,16,0,7,973,0.3135736063122749,0,0.5891977995634079,5,Everton,3,0,0,0.3135736063122749,3.372653031721711,2.656913748010993
1042,Tom Davies,2017,Sub,33,2,21,1901,1.4846298242919147,1,0.6502153109759092,10,Everton,7,0,2,1.4846298242919147,5.124072127509862,3.509913434274494
1042,Tom Davies,2016,MC,24,2,14,1540,1.399094196036458,3,1.967228788882494,13,Everton,4,0,2,1.399094196036458,6.800828769803047,3.664227234199643
1042,Tom Davies,2015,AMC,2,0,1,94,0.051129300147295,0,0.0,0,Everton,0,0,0,0.051129300147295,0.2853834917768836,0.2342544933781027
1043,Callum Connolly,2015,Sub,1,0,0,33,0.0,0,0.0,0,Everton,0,0,0,0.0,0.0154544999822974,0.0154544999822974
1044,Oliver Shenton,2014,Sub,1,0,0,1,0.0,0,0.0,0,Stoke,0,0,0,0.0,0.0,0.0
1045,Matt Grimes,2015,MC,1,0,1,90,0.0164778009057045,0,0.0222875997424125,1,Swansea,0,0,0,0.0164778009057045,0.0222875997424125,0.0
1045,Matt Grimes,2014,Sub,3,0,0,38,0.0,0,0.1382659971714019,1,Swansea,0,0,0,0.0,0.1905177049338817,0.1905177049338817
1046,George Honeyman,2016,Sub,5,0,2,229,0.3735342025756836,0,0.123184997588396,2,Sunderland,1,0,0,0.3735342025756836,0.6912442147731781,0.1945253014564514
1046,George Honeyman,2015,Sub,1,0,0,37,0.0,0,0.0680442973971366,1,Sunderland,0,0,0,0.0,0.0680442973971366,0.0
1047,Will Keane,2016,Sub,5,0,4,282,0.2365871965885162,0,0.1365969032049179,3,Hull,0,0,0,0.2365871965885162,0.3517469093203544,0.0795394033193588
1047,Will Keane,2015,Sub,1,0,0,1,0.0,0,0.0,0,Manchester United,0,0,0,0.0,0.0,0.0
1048,Donald Love,2016,DR,12,0,2,598,0.0502020996063947,1,0.384750897064805,4,Sunderland,1,0,0,0.0502020996063947,1.29962451569736,0.9656935017555952
1048,Donald Love,2015,Sub,1,0,0,54,0.0,0,0.0,0,Manchester United,0,0,0,0.0,0.0223900992423295,0.0223900992423295
1049,Ryan Seager,2014,Sub,1,0,0,1,0.0,0,0.0780112966895103,1,Southampton,0,0,0,0.0,0.0780112966895103,0.0
1050,Ryan Allsop,2016,GK,1,0,0,90,0.0,0,0.0,0,Bournemouth,0,0,0,0.0,0.0,0.0
1050,Ryan Allsop,2015,Sub,1,0,0,41,0.0,0,0.0,0,Bournemouth,0,0,0,0.0,0.0,0.0
1053,Keinan Davis,2021,Sub,1,0,0,10,0.0,0,0.0,0,Aston Villa,0,0,0,0.0,0.0282422993332147,0.0282422993332147
1053,Keinan Davis,2020,Sub,15,1,9,240,1.268774088472128,1,0.6846188846975565,6,Aston Villa,0,0,1,1.268774088472128,1.964608192443848,0.3350831884890795
1053,Keinan Davis,2019,Sub,18,0,17,514,1.985923521220684,0,0.1803661994636058,6,Aston Villa,0,0,0,1.985923521220684,2.638286619447172,1.3067813031375408
1054,Bersant Celina,2015,Sub,1,0,0,11,0.0,1,0.2556419968605041,2,Manchester City,0,0,0,0.0,0.0817309990525245,0.0817309990525245
1055,Aleix García,2016,Sub,4,0,0,72,0.0,0,0.0125626996159553,1,Manchester City,0,0,0,0.0,1.4308868926018476,1.4308868926018476
1059,Hiram Boateng,2015,Sub,1,0,1,17,0.0218455009162426,0,0.0,0,Crystal Palace,0,0,0,0.0218455009162426,0.0218455009162426,0.0
1060,Jonathan Williams,2015,Sub,1,0,0,8,0.0,0,0.0,0,Crystal Palace,0,0,0,0.0,0.0,0.0
1060,Jonathan Williams,2014,Sub,2,0,2,28,0.1205721013247966,0,0.3852010071277618,2,Crystal Palace,0,0,0,0.1205721013247966,0.5057739913463593,0.3852010071277618
1062,Gerhard Tremmel,2014,Sub,2,0,0,107,0.0,0,0.0,0,Swansea,0,0,0,0.0,0.0,0.0
1066,Charles N'Zogbia,2015,Sub,2,0,0,39,0.0,0,0.0,0,Aston Villa,0,0,0,0.0,0.0,0.0
1066,Charles N'Zogbia,2014,AMR,27,0,27,1455,1.0603895923122764,2,1.4756773971021175,17,Aston Villa,3,0,0,1.0603895923122764,4.728924102149904,2.9079019324854016
1070,Sullay Kaikai,2017,Sub,1,0,0,12,0.0,0,0.0,0,Crystal Palace,0,0,0,0.0,0.0,0.0
1070,Sullay Kaikai,2016,Sub,1,0,0,21,0.0,0,0.0,0,Crystal Palace,0,0,0,0.0,0.0,0.0
1070,Sullay Kaikai,2015,Sub,1,0,3,42,0.1263190060853958,0,0.3695830106735229,2,Crystal Palace,0,0,0,0.1263190060853958,0.185478001832962,0.0341717004776001
1071,Papy Djilobodji,2016,DC,18,0,8,1579,0.3790947012603283,0,0.0808918997645378,1,Sunderland,4,1,0,0.3790947012603283,0.9389820992946624,0.8580901995301247
1072,Nick Powell,2015,Sub,1,0,0,14,0.0,0,0.0,0,Manchester United,0,0,0,0.0,0.0,0.0
1072,Nick Powell,2014,Sub,3,0,2,36,0.0513297612778842,0,0.0,0,Leicester,0,0,0,0.0513297612778842,0.0513297612778842,0.0
1078,Sergi Canos,2022,Sub,5,0,1,55,0.0599079988896846,0,0.0176229998469352,1,Brentford,0,0,0,0.0599079988896846,0.0775309987366199,0.0
1078,Sergi Canos,2021,DMR,31,3,33,2128,3.4899188801646237,2,2.1664950996637344,17,Brentford,6,1,3,3.4899188801646237,6.9550468772649765,2.181806704029441
1078,Sergi Canos,2015,Sub,1,0,0,7,0.0,0,0.0,0,Liverpool,0,0,0,0.0,0.0,0.0
1079,Thomas Robson,2015,DL,1,0,0,90,0.0,0,0.0,0,Sunderland,0,0,0,0.0,0.0910284966230392,0.0910284966230392
1080,Rees Greenwood,2015,ML,1,0,0,53,0.0,0,0.0229841005057096,1,Sunderland,0,0,0,0.0,0.6708940267562866,0.6708940267562866
1084,Jonjoe Kenny,2021,Sub,15,0,5,1014,0.162637104280293,1,0.575873407535255,11,Everton,1,1,0,0.162637104280293,1.737845478579402,1.12556688580662
1084,Jonjoe Kenny,2020,DR,4,0,0,81,0.0,0,0.0,0,Everton,0,0,0,0.0,0.2406450062990188,0.2406450062990188
1084,Jonjoe Kenny,2018,DR,10,0,3,791,0.0850523021072149,1,0.8401083759963512,6,Everton,1,0,0,0.0850523021072149,2.8414307720959187,1.963769007474184
1084,Jonjoe Kenny,2017,Sub,19,0,3,1585,0.1779693011194467,1,1.7238540276885033,10,Everton,2,0,0,0.1779693011194467,3.273370096459985,2.235380003228784
1084,Jonjoe Kenny,2016,Sub,1,0,0,11,0.0,0,0.0,0,Everton,0,0,0,0.0,0.0,0.0
1084,Jonjoe Kenny,2015,Sub,1,0,1,62,0.0936497002840042,0,0.0,0,Everton,0,0,0,0.0936497002840042,0.0936497002840042,0.0
1086,Dean Hammond,2014,Sub,12,0,6,783,0.1787749994546175,0,0.1435884982347488,4,Leicester,3,0,0,0.1787749994546175,1.229933386668563,1.120445780456066
1089,Juan Cuadrado,2015,Sub,1,0,1,22,0.0393531993031501,0,0.0,0,Chelsea,0,0,0,0.0393531993031501,0.0393531993031501,0.0
1089,Juan Cuadrado,2014,Sub,12,0,8,302,1.7546650292351842,0,0.2913039997220039,6,Chelsea,2,0,0,1.7546650292351842,2.955713629722595,1.0333532746881249
1092,Diego Poyet,2014,Sub,3,0,0,87,0.0,0,0.0148374000564217,1,West Ham,1,0,0,0.0,0.1943159997463226,0.1943159997463226
1123,Juraj Kucka,2021,MC,26,1,46,1928,2.5135269723832607,1,1.0615557907149196,10,Watford,3,1,1,2.5135269723832607,6.473118562251329,4.19075190462172
1126,M'Baye Niang,2016,AML,16,2,32,1278,1.2735738176852465,2,1.8515575043857095,9,Watford,2,0,2,1.2735738176852465,3.639740880578756,1.7139420974999666
1138,Orestis Karnezis,2017,Sub,15,0,0,1290,0.0,0,0.0,0,Watford,0,0,0,0.0,0.1666897982358932,0.1666897982358932
1142,Samir,2021,DC,19,0,8,1682,0.385864295065403,0,0.142679501324892,2,Watford,4,0,0,0.385864295065403,1.648912996519357,1.5580574949271977
1159,Molla Wagué,2017,Sub,6,1,3,441,0.6763319820165634,0,0.0,0,Watford,0,0,1,0.6763319820165634,0.2812150120735168,0.2812150120735168
1178,Davide Zappacosta,2018,Sub,4,0,2,119,0.1525930017232895,0,0.1293269991874694,1,Chelsea,0,0,0,0.1525930017232895,1.0368040055036545,0.7548840045928955
1178,Davide Zappacosta,2017,Sub,22,1,25,1092,1.5650927070528269,1,1.2953772656619549,13,Chelsea,0,0,1,1.5650927070528269,5.394452394917607,3.0115538723766804
1181,Antonio Barreca,2018,Sub,1,0,0,3,0.0,0,0.0,0,Newcastle United,0,0,0,0.0,0.0,0.0
1203,Wesley Hoedt,2018,DC,13,0,6,1170,0.5851070946082473,0,0.0172678995877504,1,Southampton,2,0,0,0.5851070946082473,1.9396598106250167,1.9285388058051467
1203,Wesley Hoedt,2017,DC,28,0,15,2520,1.847747405059636,1,0.780554105527699,10,Southampton,7,0,0,1.847747405059636,5.310729691758752,4.884635778144002
1208,Felipe Anderson,2020,Sub,2,0,0,2,0.0,0,0.0,0,West Ham,0,0,0,0.0,0.0503687001764774,0.0503687001764774
1208,Felipe Anderson,2019,AMR,25,1,23,1531,2.6348462644964457,4,2.647474616765976,25,West Ham,1,0,1,2.6348462644964457,8.100945319980383,3.814733147621155
1208,Felipe Anderson,2018,AML,36,9,58,3073,5.527917856350541,4,6.77962332777679,65,West Ham,3,0,9,5.527917856350541,14.421116199344397,5.719297597184777
1214,Thomas Strakosha,2023,GK,2,0,0,127,0.0,0,0.0,0,Brentford,0,0,0,0.0,0.0,0.0
1217,Moritz Leitner,2019,Sub,9,0,8,689,0.2178121041506528,0,0.363968787714839,7,Norwich,1,0,0,0.2178121041506528,4.275746572762728,3.830885753035545
1227,Lucas Torreira,2019,Sub,29,1,21,1496,1.4572498127818108,1,0.8258084943518043,13,Arsenal,7,0,1,1.4572498127818108,6.481221791356802,4.913524277508259
1227,Lucas Torreira,2018,Sub,34,2,25,2366,1.8013441786170006,2,1.7125501278787851,16,Arsenal,7,1,2,1.8013441786170006,11.16071572713554,9.01854950748384
1228,Bruno Fernandes,2024,FW,5,0,17,440,1.7632087152451277,1,1.0401346385478971,6,Manchester United,1,0,0,1.7632087152451277,4.194984167814255,2.451797872781753
1228,Bruno Fernandes,2023,MC,35,10,95,3121,10.74626663699746,8,13.15852378681302,113,Manchester United,9,0,6,6.940422397106886,22.69340828806162,12.64676270633936
1228,Bruno Fernandes,2022,MC,37,8,92,3326,9.385456696152689,8,17.266709440387785,118,Manchester United,6,0,6,7.863118812441826,35.418096881359816,17.724953144788742
1228,Bruno Fernandes,2021,AMC,36,10,89,3135,9.285304862074554,6,8.811852657236159,88,Manchester United,10,0,10,7.762967492453754,22.98672279715538,11.14225958287716
1228,Bruno Fernandes,2020,AMC,37,18,121,3117,16.019450719468296,12,11.474997889250515,95,Manchester United,6,0,9,8.407837779261172,26.91141940653324,11.932286506518722
1228,Bruno Fernandes,2019,AMC,14,8,44,1211,5.98607742600143,7,2.7549998983740807,30,Manchester United,2,0,4,2.9414413776248693,8.513753656297922,4.864240288734436
1231,Ricardo Álvarez,2014,MR,13,0,10,490,0.2926666997373104,0,0.7517009004950523,7,Sunderland,3,0,0,0.2926666997373104,2.6450360044837,1.708255685865879
1233,Filip Djuricic,2014,AMC,9,0,7,313,0.4205708056688308,0,0.3222297988831997,5,Southampton,1,0,0,0.4205708056688308,1.2824904946610332,0.7111398940905929
1234,Dennis Praet,2022,Sub,22,1,5,609,0.9074058122932912,0,0.5022870898246765,3,Leicester,1,0,1,0.9074058122932912,2.4376747999340296,1.15929308347404
1234,Dennis Praet,2020,MC,15,1,8,730,0.4389685988426208,1,1.2158559188246727,7,Leicester,0,0,1,0.4389685988426208,2.111918618902564,1.2916930802166462
1234,Dennis Praet,2019,Sub,27,1,16,1124,1.2077159825712442,2,1.4928809739649296,9,Leicester,2,0,1,1.2077159825712442,6.806879626587033,5.090949672274292
1244,Wojciech Szczesny,2014,GK,17,0,0,1501,0.0,0,0.0,0,Arsenal,1,0,0,0.0,1.1442007143050432,1.1442007143050432
1245,Emerson,2024,DL,5,0,1,385,0.0766145586967468,0,0.1852458082139492,4,West Ham,1,0,0,0.0766145586967468,0.3638450764119625,0.2867534812539816
1245,Emerson,2023,DL,36,1,19,3163,1.6024377886205912,2,1.5223980667069554,23,West Ham,10,0,1,1.6024377886205912,8.584011431783438,6.391479849815369
1245,Emerson,2022,DML,22,1,11,1331,1.005102353170514,0,0.8198722722008824,13,West Ham,2,0,1,1.005102353170514,2.97873582970351,1.8349706148728728
1245,Emerson,2021,Sub,1,0,0,3,0.0,0,0.0,0,Chelsea,0,0,0,0.0,0.0,0.0
1245,Emerson,2020,Sub,2,0,0,88,0.0,0,0.0,0,Chelsea,0,0,0,0.0,0.0,0.0
1245,Emerson,2019,DL,15,0,13,1019,1.0991341974586248,0,1.6879280991852283,19,Chelsea,3,0,0,1.0991341974586248,6.990981675684452,5.515446029603481
1245,Emerson,2018,Sub,10,0,5,653,0.2729272041469812,0,0.5980909913778305,5,Chelsea,0,0,0,0.2729272041469812,4.018899016082287,4.000038020312786
1245,Emerson,2017,Sub,5,0,2,277,0.1866445988416671,1,0.034561600536108,1,Chelsea,0,0,0,0.1866445988416671,0.9703440070152284,0.7836990207433701
1250,Mohamed Salah,2024,AMR,5,3,17,445,2.6492131650447845,4,2.166559793055057,12,Liverpool,0,0,3,2.6492131650447845,8.30942302942276,4.15342390537262
1250,Mohamed Salah,2023,FWR,32,18,114,2556,21.94127439334989,10,12.332044444978235,66,Liverpool,2,0,13,16.613166783005,31.87509580329061,8.363566914573312
1250,Mohamed Salah,2022,FWR,38,19,125,3307,23.340063713490963,12,8.720245610922575,65,Liverpool,2,0,17,20.2953876554966,32.54413793236017,8.866782674565911
1250,Mohamed Salah,2021,FWR,35,23,139,2757,24.364288866519928,13,9.790822226554155,62,Liverpool,1,0,18,19.79727490246296,32.15880052000284,11.22197961062193
1250,Mohamed Salah,2020,FWR,37,22,126,3085,20.250850511714816,5,6.528527559712529,55,Liverpool,0,0,16,15.683834107592702,28.968229439109564,9.800236526876688
1250,Mohamed Salah,2019,FWR,34,19,132,2904,20.66332234814763,10,8.726041685789824,60,Liverpool,1,0,16,18.379813332110643,31.37418942153454,8.425027072429657
1250,Mohamed Salah,2018,FWR,38,22,137,3274,21.792449351400137,8,10.468590896576645,68,Liverpool,1,0,19,19.50894832238555,31.78028777241707,7.865941375494003
1250,Mohamed Salah,2017,FWR,36,32,143,2954,25.13649255037308,10,8.344478905200958,62,Liverpool,1,0,31,23.614155545830727,35.301444325596094,5.898576531559229
1250,Mohamed Salah,2014,Sub,3,0,2,23,0.5023026093840599,0,0.0263745002448558,1,Chelsea,0,0,0,0.5023026093840599,0.5454845950007439,0.0168075002729892
1253,Edin Dzeko,2014,FW,22,4,43,928,3.9745049700140953,2,1.3088596984744072,11,Manchester City,1,0,4,3.9745049700140953,6.803931999951601,2.6693635024130344
1257,Alisson,2024,GK,4,0,0,360,0.0,0,0.0,0,Liverpool,0,0,0,0.0,3.0007204413414,3.0007204413414
1257,Alisson,2023,GK,28,0,0,2520,0.0,0,0.0,0,Liverpool,1,0,0,0.0,8.493492092937231,8.493492092937231
1257,Alisson,2022,GK,37,0,0,3330,0.0,1,0.168625995516777,1,Liverpool,1,0,0,0.0,9.289638353511693,9.121012343093753
1257,Alisson,2021,GK,36,0,0,3240,0.0,1,0.1280680000782013,1,Liverpool,0,0,0,0.0,9.494233330711722,9.366165360435843
1257,Alisson,2020,GK,33,1,1,2970,0.1076819971203804,0,0.0,0,Liverpool,1,0,1,0.1076819971203804,3.5593250282108784,3.5593250282108784
1257,Alisson,2019,GK,29,0,0,2545,0.0,1,0.2629149854183197,1,Liverpool,0,1,0,0.0,6.831636318936944,6.568721333518624
1257,Alisson,2018,GK,38,0,0,3420,0.0,0,0.0,0,Liverpool,1,0,0,0.0,7.60600501857698,7.60600501857698
1293,Gonzalo Higuaín,2018,FW,14,5,46,1100,5.379234038293362,0,1.42636008374393,15,Chelsea,0,0,5,5.379234038293362,8.476491034030914,1.861633997410536
1297,Neto,2024,GK,2,0,0,180,0.0,0,0.0,0,Bournemouth,0,0,0,0.0,0.4283316135406494,0.4283316135406494
1297,Neto,2023,GK,32,0,0,2880,0.0,0,0.0,0,Bournemouth,5,0,0,0.0,4.502189245074987,4.502189245074987
1297,Neto,2022,GK,27,0,0,2390,0.0,0,0.0,0,Bournemouth,4,0,0,0.0,1.7215663269162178,1.7215663269162178
1298,Patrice Evra,2017,DL,5,0,0,242,0.0,0,0.0,0,West Ham,0,0,0,0.0,0.0399080999195575,0.0399080999195575
1299,Mario Lemina,2024,DMC,5,1,5,450,0.8734378591179848,1,0.3352969381958246,3,Wolverhampton Wanderers,2,0,1,0.8734378591179848,2.3850535303354263,1.6026755720376968
1299,Mario Lemina,2023,MC,35,4,48,3002,4.610754423774779,1,1.7865049708634615,20,Wolverhampton Wanderers,10,1,4,4.610754423774779,8.971558410674334,6.0500337686389685
1299,Mario Lemina,2022,Sub,19,0,9,1325,0.2064824542030692,1,0.1570493020117283,3,Wolverhampton Wanderers,2,1,0,0.2064824542030692,1.87073758803308,1.601245256140828
1299,Mario Lemina,2020,Sub,28,1,19,1706,1.2436586385592818,0,1.1261271238327026,12,Fulham,5,0,1,1.2436586385592818,4.953153563663364,3.294961305335164
1299,Mario Lemina,2018,MC,21,1,25,1617,0.9026530049741268,1,1.32013900578022,13,Southampton,5,0,1,0.9026530049741268,4.54834290407598,3.366244299337268
1299,Mario Lemina,2017,DMC,25,1,23,1725,0.7032240023836493,1,0.6373134171590209,8,Southampton,2,0,1,0.7032240023836493,4.044281837530434,2.887326509691775
1303,Stephan Lichtsteiner,2018,Sub,14,0,1,953,0.0184109006077051,0,0.0864555984735488,3,Arsenal,3,0,0,0.0184109006077051,1.6605768166482449,1.5909198988229036
1304,Moise Kean,2021,Sub,1,0,0,1,0.0,0,0.0,0,Everton,0,0,0,0.0,0.0178619995713233,0.0178619995713233
1304,Moise Kean,2020,Sub,2,0,1,10,0.0223456993699073,0,0.0,0,Everton,0,0,0,0.0223456993699073,0.0223456993699073,0.0
1304,Moise Kean,2019,Sub,29,2,30,783,4.1403086595237255,2,2.337307918816805,10,Everton,1,0,2,4.1403086595237255,6.865812292322516,1.0858365818858149
1374,José Reina,2019,GK,12,0,0,1080,0.0,0,0.039028100669384,1,Aston Villa,1,0,0,0.0,1.7092243134975431,1.7092243134975431
1376,Kalidou Koulibaly,2022,DC,23,2,11,1809,1.0540769854560494,1,0.305135702714324,7,Chelsea,5,1,2,1.0540769854560494,7.35240276902914,7.254468761384487
1379,Allan,2021,DMC,28,0,7,2196,0.2409789022058248,2,0.6515110060572624,14,Everton,7,1,0,0.2409789022058248,5.809602355584502,5.090589025989175
1379,Allan,2020,MC,24,0,7,2051,0.2417212026193738,0,0.7722849044948816,16,Everton,6,0,0,0.2417212026193738,9.109655421227217,8.364447997882962
1383,Manolo Gabbiadini,2018,Sub,12,1,20,459,1.75948377372697,0,0.2427209950983524,5,Southampton,0,0,1,1.75948377372697,1.696411967743188,0.6469904016703367
1383,Manolo Gabbiadini,2017,FW,28,5,22,1056,2.5225429721176624,0,0.5467096976935863,7,Southampton,2,0,4,1.7613744623959064,3.0411871038377285,1.4508834220468998
1383,Manolo Gabbiadini,2016,Sub,11,4,29,737,3.822397604584694,0,0.3400459019467234,6,Southampton,1,0,4,3.0612285882234573,2.856666624546051,0.2466361038386821
1389,Jorginho,2024,MC,1,0,0,90,0.0,0,0.0,0,Arsenal,1,0,0,0.0,0.2482600510120391,0.2482600510120391
1389,Jorginho,2023,Sub,24,0,4,911,0.0800427403301,2,1.5529427882283926,10,Arsenal,1,0,0,0.0800427403301,6.152929972857237,5.498104698956013
1389,Jorginho,2022,MC,18,2,5,1293,1.6125676333904266,0,0.3581386022269726,7,Chelsea,4,0,0,0.0902296006679534,6.211085772141814,5.805893016979098
1389,Jorginho,2022,Sub,14,0,6,845,0.1831118166446685,1,0.1974591612815857,5,Arsenal,0,0,0,0.1831118166446685,4.972784232348204,4.785463642328978
1389,Jorginho,2021,MC,29,6,16,2285,5.913266050629318,2,2.892731610685587,27,Chelsea,5,0,0,0.5850790916010737,16.201842039823532,15.193452835083008
1389,Jorginho,2020,DMC,28,7,14,2022,6.972690639086068,1,1.9548698784783485,24,Chelsea,2,0,0,0.1222453014925122,11.383733398281038,10.878981369547546
1389,Jorginho,2019,DMC,31,4,12,2391,3.097004462964833,2,2.916515958495438,23,Chelsea,10,0,1,0.8134977789595723,15.918034810572864,14.992465227842333
1389,Jorginho,2018,MC,37,2,19,3179,1.2965881181880832,0,3.072841225191951,30,Chelsea,8,0,1,0.5354191018268466,16.370103682391346,15.058904523961246
1395,Vlad Chiriches,2014,DC,10,0,1,712,0.0137759000062942,0,0.358144293539226,3,Tottenham,2,1,0,0.0137759000062942,1.5896674860268831,1.2588224951177835
1402,Mauricio Isla,2014,DMR,26,0,7,2128,0.3045692080631852,2,2.828330373391509,30,Queens Park Rangers,4,0,0,0.3045692080631852,7.571905996650457,5.911911765113473
1433,Federico Chiesa,2024,Sub,1,0,2,15,0.4207505583763122,0,0.0,0,Liverpool,0,0,0,0.4207505583763122,0.6185906529426575,0.1978400945663452
1441,Adam Masina,2021,DL,15,0,5,1073,0.2650031931698322,1,0.8211259916424751,7,Watford,0,0,0,0.2650031931698322,2.264677904546261,1.626513320952654
1441,Adam Masina,2019,DL,26,1,15,1818,0.8492826214060187,0,0.4176308969035744,10,Watford,3,0,1,0.8492826214060187,2.9818636644631624,2.14597469009459
1441,Adam Masina,2018,Sub,14,0,3,1004,0.0530636990442872,1,0.6919723860919476,3,Watford,5,0,0,0.0530636990442872,1.4070112984627483,1.127121103927493
1488,Remo Freuler,2022,Sub,28,0,8,2178,0.3386984970420599,0,0.4867018014192581,12,Nottingham Forest,5,0,0,0.3386984970420599,4.259000528603792,3.825942753814161
1512,João Mário,2017,AMC,13,2,16,1037,1.7682282999157906,1,1.1529978923499584,16,West Ham,0,0,2,1.7682282999157906,3.5322310738265514,1.0783339915797114
1522,Andrea Ranocchia,2016,DC,16,2,8,1330,0.8233591802418232,2,0.5870831049978733,3,Hull,2,0,2,0.8233591802418232,2.503325518220663,1.8369258865714075
1524,Stevan Jovetic,2014,FW,17,5,38,791,3.329762941226363,3,1.8126017600297928,15,Manchester City,0,0,5,3.329762941226363,6.67377707362175,3.645845824852586
1537,Sasa Lukic,2024,DMC,5,0,0,383,0.0,0,0.5575977489352226,3,Fulham,3,0,0,0.0,2.043554052710533,1.8961780071258545
1537,Sasa Lukic,2023,MC,24,1,13,1107,1.2816824559122324,0,0.6108460575342178,10,Fulham,3,0,1,1.2816824559122324,4.723364921286702,3.862767720595002
1537,Sasa Lukic,2022,Sub,12,0,5,401,0.1066898759454488,0,0.0,0,Fulham,1,0,0,0.1066898759454488,0.8068001493811607,0.7697242796421051
1545,Emil Krafth,2024,Sub,3,0,1,241,0.0276889540255069,0,0.0589407011866569,1,Newcastle United,0,0,0,0.0276889540255069,0.7825783044099808,0.7825783044099808
1545,Emil Krafth,2023,Sub,17,0,4,912,0.2253649309277534,0,0.9704459868371488,9,Newcastle United,2,0,0,0.2253649309277534,4.405003933236003,3.777892636135221
1545,Emil Krafth,2022,Sub,1,0,0,1,0.0,0,0.0,0,Newcastle United,0,0,0,0.0,0.0,0.0
1545,Emil Krafth,2021,DC,20,0,6,1636,0.2295664986595511,1,1.0393318198621273,6,Newcastle United,5,0,0,0.2295664986595511,3.7981242947280407,3.666793297976256
1545,Emil Krafth,2020,DR,16,1,7,1297,0.1509123798459768,0,0.4345155991613865,6,Newcastle United,4,0,1,0.1509123798459768,3.9109030421823263,3.4270467199385166
1545,Emil Krafth,2019,DMR,17,0,4,1024,0.3526875069364905,1,0.7032870054244995,1,Newcastle United,0,0,0,0.3526875069364905,1.7957277791574595,0.7397528942674398
1621,Marcos Alonso,2021,DML,28,4,43,2185,3.4942625891417265,4,5.042935417965055,44,Chelsea,8,0,4,3.4942625891417265,13.581614147871733,9.749312525615096
1621,Marcos Alonso,2020,DL,13,2,22,962,1.824077844619751,0,1.7216993737965822,15,Chelsea,2,0,2,1.824077844619751,4.643393056467176,2.5364248510450125
1621,Marcos Alonso,2019,Sub,18,4,30,1436,2.546826492063701,2,2.9914877098053694,25,Chelsea,4,0,4,2.546826492063701,10.606774896383286,7.111685037612915
1621,Marcos Alonso,2018,DL,31,2,45,2764,3.561836920678616,4,3.9215964442119,32,Chelsea,6,0,2,3.561836920678616,13.036237198859451,9.476835289038718
1621,Marcos Alonso,2017,DML,33,7,65,2869,4.369033144786954,2,3.057155482470989,34,Chelsea,6,0,7,4.369033144786954,12.986704990267754,8.145296204835176
1621,Marcos Alonso,2016,ML,31,6,46,2696,4.146677130833268,3,3.147042380645871,24,Chelsea,2,0,6,4.146677130833268,13.073829955421388,8.17481913883239
1642,Simone Zaza,2016,FW,8,0,16,460,0.9579112268984318,0,0.3290069047361612,8,West Ham,2,0,0,0.9579112268984318,1.2106084767729044,0.1212614029645919
1651,Tom Heaton,2019,GK,20,0,0,1797,0.0,0,0.0,0,Aston Villa,0,0,0,0.0,2.095073110423982,2.095073110423982
1651,Tom Heaton,2018,GK,19,0,1,1710,0.0588099993765354,0,0.0415206998586654,2,Burnley,3,0,0,0.0588099993765354,0.698526605963707,0.6648065894842148
1651,Tom Heaton,2017,GK,4,0,0,305,0.0,0,0.0,0,Burnley,0,0,0,0.0,0.2742437981069088,0.2742437981069088
1651,Tom Heaton,2016,GK,35,0,0,3150,0.0,0,0.1396289989352226,3,Burnley,1,0,0,0.0,0.7979688933119178,0.7430295934900641
1651,Tom Heaton,2014,GK,38,0,0,3420,0.0,0,0.0701965000480413,2,Burnley,1,0,0,0.0,1.310417240485549,1.2402207404375076
1652,Matthew Lowton,2021,DR,25,1,10,1788,0.77887053322047,2,2.1353227254003286,17,Burnley,3,1,1,0.77887053322047,4.2348743081092834,3.173536453396082
1652,Matthew Lowton,2020,DR,34,1,21,3060,0.7594853155314922,1,2.7722550611943007,26,Burnley,5,0,1,0.7594853155314922,6.366659976541996,3.579444417729974
1652,Matthew Lowton,2019,DR,17,0,1,1530,0.0142433997243642,1,1.2746501006186008,11,Burnley,2,0,0,0.0142433997243642,3.158141316846013,2.1331435050815344
1652,Matthew Lowton,2018,DR,21,0,4,1743,0.8291757237166166,0,0.4965467937290668,8,Burnley,7,0,0,0.8291757237166166,3.3565020514652133,2.3069359892979264
1652,Matthew Lowton,2017,DR,26,0,3,2290,0.0793428998440504,3,1.7641669921576977,14,Burnley,1,0,0,0.0793428998440504,2.7697003660723567,1.2400168953463435
1652,Matthew Lowton,2016,DR,36,0,6,3240,0.5120369298383594,2,1.8188618961721656,31,Burnley,9,0,0,0.5120369298383594,4.557840577326715,2.7797148171812296
1652,Matthew Lowton,2014,DR,12,0,3,749,0.1012064013630151,0,0.4257541075348854,5,Aston Villa,2,0,0,0.1012064013630151,1.6330742202699184,1.1808961182832718
1653,Michael Keane,2024,DC,5,1,5,450,0.5063897538930178,0,0.1236345618963241,1,Everton,2,0,1,0.5063897538930178,0.92867748811841,0.9195978231728076
1653,Michael Keane,2023,DC,9,1,6,432,0.9261618256568908,0,0.0,0,Everton,2,0,1,0.9261618256568908,0.8365163393318653,0.8365163393318653
1653,Michael Keane,2022,Sub,12,1,14,982,1.3261511586606505,2,1.0489701740443709,3,Everton,0,0,1,1.3261511586606505,1.2412088364362717,0.4877051580697298
1653,Michael Keane,2021,DC,32,3,19,2799,1.2030848106369376,2,1.339627981185913,8,Everton,2,1,3,1.2030848106369376,3.2479775734245777,2.64853598177433
1653,Michael Keane,2020,DC,35,3,16,2986,1.5046901144087317,1,1.0852534715086222,7,Everton,4,0,3,1.5046901144087317,6.95178396999836,6.67562198638916
1653,Michael Keane,2019,DC,31,2,14,2550,2.021645300090313,0,0.6693382170051336,6,Everton,3,0,2,2.021645300090313,5.468895215541124,4.870128262788057
1653,Michael Keane,2018,DC,33,1,31,2970,2.003496803343296,2,1.2424164712429049,8,Everton,2,0,1,2.003496803343296,7.383239086717367,6.8295207768678665
1653,Michael Keane,2017,DC,30,0,15,2563,1.2515033166855574,1,0.9502726048231124,4,Everton,3,0,0,1.2515033166855574,1.8874125070869925,1.8523745127022264
1653,Michael Keane,2016,DC,35,2,23,3150,1.458498489111662,1,0.9949255008250476,8,Burnley,4,0,2,1.458498489111662,1.3617717996239662,1.1613999027758837
1653,Michael Keane,2014,Sub,21,0,11,1585,1.233846327289939,1,0.1899190004914999,5,Burnley,1,0,0,1.233846327289939,1.2576989997178316,1.0240292008966208
1653,Michael Keane,2014,Sub,1,0,1,47,0.0996782034635543,0,0.0214547999203205,1,Manchester United,0,0,0,0.0996782034635543,0.0229266993701457,0.0229266993701457
1654,Ben Mee,2024,Sub,1,0,0,1,0.0,0,0.0,0,Brentford,0,0,0,0.0,0.0,0.0
1654,Ben Mee,2023,DC,16,2,10,1290,1.4556071758270264,0,0.2498973030596971,6,Brentford,1,1,2,1.4556071758270264,1.844228193163872,1.3644802905619144
1654,Ben Mee,2022,DC,37,3,27,3278,3.2241614628583197,1,1.680261291563511,7,Brentford,2,0,3,3.2241614628583197,6.833911487832665,4.696779150515795
1654,Ben Mee,2021,DC,21,3,19,1839,2.561094556003809,0,1.2749730832874775,5,Burnley,3,0,3,2.561094556003809,2.5687000900506973,2.479991593398154
1654,Ben Mee,2020,DC,30,2,22,2695,1.6194160860031843,0,0.8052045041695237,7,Burnley,3,0,2,1.6194160860031843,2.11828138679266,2.015906086191535
1654,Ben Mee,2019,DC,32,1,17,2880,1.304819413460791,1,1.7796144038438797,9,Burnley,7,0,1,1.304819413460791,1.880478013306856,1.7440900057554245
1654,Ben Mee,2018,DC,38,0,21,3420,1.1468774937093258,2,1.5216831136494875,8,Burnley,9,0,0,1.1468774937093258,3.256979446858168,3.239908453077078
1654,Ben Mee,2017,DC,29,0,24,2610,1.662844487465918,0,0.2265049004927277,6,Burnley,5,0,0,1.662844487465918,2.095720417797565,2.0404654070734978
1654,Ben Mee,2016,DC,34,1,16,3018,0.8950457377359271,0,0.2317345961928367,6,Burnley,5,0,1,0.8950457377359271,2.8267309926450253,2.772047591395676
1654,Ben Mee,2014,DL,33,2,20,2889,1.930388911627233,1,0.867081793025136,17,Burnley,10,0,2,1.930388911627233,4.2406518161296844,3.460904506966472
1655,Stephen Ward,2018,DL,3,0,1,235,0.0784623995423317,0,0.0465084984898567,1,Burnley,1,0,0,0.0784623995423317,0.0647628977894783,0.0182543992996215
1655,Stephen Ward,2017,DL,28,1,7,2463,0.3668020013719797,1,1.5311810243874788,16,Burnley,1,0,1,0.3668020013719797,3.486951706930995,2.875680286437273
1655,Stephen Ward,2016,DL,37,1,7,3233,1.3775879833847284,1,2.214286603033542,22,Burnley,5,0,1,1.3775879833847284,5.215952057391405,3.245216796174645
1655,Stephen Ward,2014,DL,9,0,1,623,0.021849300712347,0,0.2681835778057575,7,Burnley,3,0,0,0.021849300712347,1.4511311501264572,1.30172997713089
1656,George Boyd,2016,MR,36,2,34,2866,1.4767534052953124,1,2.1451754877343774,17,Burnley,3,0,2,1.4767534052953124,4.605845753103495,1.8933543134480717
1656,George Boyd,2014,ML,35,5,49,3028,3.479218583554029,2,3.5598804811015725,36,Burnley,7,0,5,3.479218583554029,9.500085385516286,3.786079777404666
1656,George Boyd,2014,Sub,1,0,0,7,0.0,0,0.0,0,Hull,0,0,0,0.0,0.0257548000663518,0.0257548000663518
1657,Steven Defour,2018,MC,6,0,0,459,0.0,0,0.0542091019451618,2,Burnley,0,0,0,0.0,0.5573334014043212,0.5395475989207625
1657,Steven Defour,2017,MC,24,1,19,2034,0.5989387920126319,1,1.1606487929821014,19,Burnley,6,0,1,0.5989387920126319,2.4910728009417653,1.6680774074047804
1657,Steven Defour,2016,Sub,21,1,8,1088,0.4937535068020224,3,1.1825319500640037,23,Burnley,1,0,1,0.4937535068020224,1.6209760131314397,1.0115655036643147
1658,Dean Marney,2016,MC,21,1,12,1779,0.2687266506254673,2,0.5393413184210658,5,Burnley,7,0,1,0.2687266506254673,1.7469457797706127,1.4832411967217922
1658,Dean Marney,2014,MC,20,0,9,1690,0.3208225984126329,0,0.5910359974950552,12,Burnley,6,0,0,0.3208225984126329,3.8594865733757615,3.3339323299005628
1659,Scott Arfield,2017,Sub,18,2,18,1343,1.3560621263459325,1,0.3993820995092392,7,Burnley,3,0,2,1.3560621263459325,2.4331030063331127,0.8316158140078187
1659,Scott Arfield,2016,ML,31,1,44,2118,2.939779778942466,0,1.8786321142688396,34,Burnley,3,0,1,2.939779778942466,4.719801418483257,1.7680322285741568
1659,Scott Arfield,2014,MR,37,2,44,3210,3.165451562963426,1,2.0567901832982898,28,Burnley,6,0,2,2.4042825317010283,8.505874078720808,5.22395558655262
1660,Andre Gray,2019,FW,23,2,19,725,2.589537095278501,0,1.8659741766750813,10,Watford,1,0,2,2.589537095278501,4.648887186311185,0.297836902551353
1660,Andre Gray,2018,FW,29,7,35,1343,5.848624158650637,2,2.0998741798102856,14,Watford,2,0,7,5.848624158650637,7.481088001281023,0.7475265897810459
1660,Andre Gray,2017,Sub,31,5,34,1486,7.001016400754452,2,2.318395357578993,17,Watford,1,0,5,7.001016400754452,10.135453960858284,1.727190730161965
1660,Andre Gray,2016,FW,32,9,47,2279,7.564629638567567,3,1.471580351702869,19,Burnley,2,0,7,6.0422916654497385,7.819859691895544,2.1058946326375008
1661,Sam Vokes,2018,Sub,20,3,22,918,2.7301170863211155,0,0.8985748086124659,8,Burnley,0,0,3,2.7301170863211155,1.624670173972845,0.2980603985488415
1661,Sam Vokes,2017,FW,29,4,30,953,3.0060578919947147,1,1.1516355201601982,9,Burnley,3,0,4,3.0060578919947147,2.2015501018613577,0.0762543994933366
1661,Sam Vokes,2016,FW,37,10,57,2030,8.347450690343976,3,1.5290202079340816,15,Burnley,0,0,8,6.825112214311957,7.930247075855732,1.693968071602285
1661,Sam Vokes,2014,Sub,15,0,17,557,1.4532243087887764,0,0.152458282187581,5,Burnley,0,0,0,1.4532243087887764,1.571888916194439,0.512553583830595
1662,Aiden O'Neill,2016,Sub,3,0,1,83,0.0589645989239215,0,0.0,0,Burnley,0,0,0,0.0589645989239215,0.0589645989239215,0.0
1663,Johann Berg Gudmundsson,2023,Sub,26,1,15,1175,2.048229966312647,3,3.143440945073962,34,Burnley,2,0,1,2.048229966312647,6.296170109882951,2.9956371504813437
1663,Johann Berg Gudmundsson,2021,MR,18,0,19,1110,1.690343969501555,1,0.6487747821956873,6,Burnley,2,0,0,1.690343969501555,2.904455937445164,1.3834909815341234
1663,Johann Berg Gudmundsson,2020,Sub,22,2,19,1369,1.5335707571357489,0,0.9595046062022448,10,Burnley,2,0,2,1.5335707571357489,3.613884743303061,1.325503310188651
1663,Johann Berg Gudmundsson,2019,MR,12,1,10,629,0.7235375083982944,1,0.9180738814175128,14,Burnley,0,0,1,0.7235375083982944,1.5657927207648754,1.0057295821607113
1663,Johann Berg Gudmundsson,2018,ML,29,3,33,1732,2.613457875326276,6,3.586491769179702,37,Burnley,2,0,3,2.613457875326276,7.218741001561284,3.094681709073484
1663,Johann Berg Gudmundsson,2017,MR,35,2,52,2845,2.947692224755883,8,5.046248677186668,68,Burnley,2,0,2,2.947692224755883,8.002531245350838,3.811488403007388
1663,Johann Berg Gudmundsson,2016,Sub,20,1,17,988,0.6135827992111444,2,1.21002347022295,15,Burnley,1,0,1,0.6135827992111444,1.5712092882022262,0.4636414954438805
1664,Lukas Jutkiewicz,2016,Sub,2,0,0,9,0.0,0,0.0,0,Burnley,0,0,0,0.0,0.0,0.0
1664,Lukas Jutkiewicz,2014,FW,25,0,36,964,2.712885083630681,2,2.159586887806654,13,Burnley,1,0,0,2.712885083630681,5.238463964313269,0.4036131910979748
1665,James Tarkowski,2024,DC,5,0,5,450,0.4491267208941281,0,0.2490932866930961,3,Everton,1,0,0,0.4491267208941281,1.014016255736351,0.9783339276909828
1665,James Tarkowski,2023,DC,38,1,25,3420,3.3438648656010628,1,2.957596180029213,21,Everton,11,0,1,3.3438648656010628,6.766535404138267,6.192924220114946
1665,James Tarkowski,2022,DC,38,1,31,3420,3.02016625367105,1,3.46320622228086,15,Everton,6,0,1,3.02016625367105,6.181014558300376,5.973101237788796
1665,James Tarkowski,2021,DC,35,1,22,3108,2.987051802687347,2,0.4876921065151691,10,Burnley,11,0,1,2.987051802687347,5.56948065944016,5.258061533793807
1665,James Tarkowski,2020,DC,36,1,23,3240,3.0608745152130723,0,0.9441512934863568,12,Burnley,6,0,1,3.0608745152130723,3.0737211741507053,2.8856543730944395
1665,James Tarkowski,2019,DC,38,2,21,3420,2.6218677647411823,2,3.587189712561667,15,Burnley,10,0,2,2.6218677647411823,3.144729475490749,2.991729243658483
1665,James Tarkowski,2018,DC,35,3,22,3086,3.640872666612268,1,0.2017094939947128,5,Burnley,8,0,3,3.640872666612268,3.374763807281852,3.225080721080303
1665,James Tarkowski,2017,DC,31,0,18,2790,0.8934777081012726,0,1.0765656530857086,8,Burnley,5,0,0,0.8934777081012726,1.641959210857749,1.58619771245867
1665,James Tarkowski,2016,DC,19,0,5,536,0.6106175947934389,0,0.3722441121935844,4,Burnley,1,0,0,0.6106175947934389,0.6365039981901646,0.4274322986602783
1667,Paul Robinson,2016,GK,3,0,0,270,0.0,0,0.0,0,Burnley,0,0,0,0.0,0.0513108000159263,0.0513108000159263
1668,Michael Kightly,2016,Sub,5,0,1,96,0.0816970020532608,0,0.0,0,Burnley,0,0,0,0.0816970020532608,0.0,0.0
1668,Michael Kightly,2014,Sub,17,1,14,959,1.5443958789110184,2,1.1303878743201494,9,Burnley,3,0,1,1.5443958789110184,3.126599995419383,0.6678652856498957
1669,Marko Grujic,2017,Sub,3,0,0,9,0.0,0,0.0299961995333433,1,Liverpool,0,0,0,0.0,0.0299961995333433,0.0
1669,Marko Grujic,2016,Sub,5,0,4,31,0.210300201550126,0,0.0296346992254257,1,Liverpool,1,0,0,0.210300201550126,0.3090549949556589,0.13353350199759
1670,Steve Mandanda,2016,GK,9,0,0,810,0.0,0,0.0,0,Crystal Palace,0,0,0,0.0,0.5481630992144346,0.5481630992144346
1671,Ezekiel Fryers,2016,Sub,8,0,0,164,0.0,1,0.3745900094509125,2,Crystal Palace,0,0,0,0.0,0.437163807451725,0.0625737980008125
1671,Ezekiel Fryers,2014,Sub,1,0,0,1,0.0,0,0.0,0,Crystal Palace,0,0,0,0.0,0.0,0.0
1672,Jonathan Calleri,2016,Sub,16,1,16,526,2.451969303190708,0,0.4131692955270409,7,West Ham,0,0,1,2.451969303190708,3.1136979972943664,0.4475092981010675
1673,Edimilson Fernandes,2017,AMC,14,0,7,856,0.2303449856117367,1,0.3474455047398805,7,West Ham,1,0,0,0.2303449856117367,1.2597524905577302,0.8458879888057709
1673,Edimilson Fernandes,2016,MC,28,0,20,948,0.6350155007094145,0,0.2864412982016802,6,West Ham,4,0,0,0.6350155007094145,3.281196501106024,2.6476739831268787
1674,Sofiane Feghouli,2016,AMC,21,3,20,1034,2.854199543595314,3,1.5520698856562376,19,West Ham,1,1,3,2.854199543595314,6.191003633663058,2.453573126345873
1675,Ashley Fletcher,2021,Sub,3,0,2,24,0.4376537129282951,0,0.0,0,Watford,0,0,0,0.4376537129282951,0.4376537129282951,0.0
1675,Ashley Fletcher,2016,Sub,16,0,9,329,1.0369999893009665,0,0.3355157021433115,4,West Ham,2,0,0,1.0369999893009665,1.5228868760168552,0.2279278961941599
1676,David Luiz,2020,Sub,20,1,15,1410,0.6695672031491995,0,0.5240253880620003,2,Arsenal,1,1,1,0.6695672031491995,4.749539636075497,4.629008233547211
1676,David Luiz,2019,DC,33,2,23,2818,1.560154115781188,1,0.7974876035004854,4,Arsenal,5,2,2,1.560154115781188,9.724230770021675,8.911327958106995
1676,David Luiz,2018,DC,36,3,34,3240,2.897742971777916,2,2.85874838847667,20,Chelsea,3,0,3,2.897742971777916,13.105180843733253,11.978443673811851
1676,David Luiz,2017,DC,10,1,11,840,0.7608347870409489,0,0.0336765982210636,1,Chelsea,4,1,1,0.7608347870409489,2.8839742951095104,2.4257845766842365
1676,David Luiz,2016,DC,33,1,31,2959,1.4128169966861606,0,1.363066304475069,10,Chelsea,6,0,1,1.4128169966861606,7.602320395410061,6.938522692769766
1677,Nathaniel Chalobah,2022,Sub,4,0,1,10,0.0855346992611885,0,0.0,0,Fulham,0,1,0,0.0855346992611885,0.0,0.0
1677,Nathaniel Chalobah,2019,Sub,22,0,9,915,0.4986916873604059,1,1.616138432174921,9,Watford,1,0,0,0.4986916873604059,2.396554782986641,1.413669609464705
1677,Nathaniel Chalobah,2018,Sub,9,0,2,264,0.0794910965487361,0,0.2229889929294586,1,Watford,2,0,0,0.0794910965487361,0.8824691101908684,0.8029773160815239
1677,Nathaniel Chalobah,2017,MC,6,0,12,448,0.7731210584752262,0,0.0261199995875358,1,Watford,1,0,0,0.7731210584752262,0.9812897560186684,0.4462831951677799
1677,Nathaniel Chalobah,2016,Sub,10,0,1,152,0.03790869936347,1,0.6755060106515884,4,Chelsea,2,0,0,0.03790869936347,1.4402057193219662,1.3191336952149868
1677,Nathaniel Chalobah,2014,Sub,4,0,1,59,0.0169667992740869,0,0.0,0,Burnley,1,0,0,0.0169667992740869,0.7547210976481438,0.7377540990710258
1678,Michy Batshuayi,2020,Sub,18,2,12,706,1.3631452023983002,1,1.65472068823874,9,Crystal Palace,0,0,2,1.3631452023983002,3.708008233457804,1.4757321141660211
1678,Michy Batshuayi,2019,Sub,16,1,15,194,3.0388186499476437,1,0.2025039978325367,3,Chelsea,0,0,1,3.0388186499476437,3.128811750560999,0.2204309999942779
1678,Michy Batshuayi,2018,Sub,11,5,27,766,3.699797669425607,0,0.1040987018495798,2,Crystal Palace,0,0,5,3.699797669425607,5.173527579754591,1.5456322319805622
1678,Michy Batshuayi,2017,FW,12,2,13,342,1.3368121981620789,1,0.0939797013998031,1,Chelsea,0,0,2,1.3368121981620789,1.5383563861250875,0.3729418031871319
1678,Michy Batshuayi,2016,Sub,20,5,17,221,3.7648217137902975,1,0.0279444009065628,1,Chelsea,0,0,5,3.7648217137902975,4.593408090993762,1.3137308955192566
1679,Dominic Solanke,2024,FW,3,1,9,270,2.8050672709941864,0,0.0846512243151664,1,Tottenham,0,0,1,2.8050672709941864,2.9285668283700943,0.3112551644444465
1679,Dominic Solanke,2023,FW,38,19,109,3346,21.40683087334037,3,3.5437498800456524,39,Bournemouth,3,0,17,19.12332433462143,22.5880119279027,4.080137750133872
1679,Dominic Solanke,2022,FW,33,6,76,2874,9.317674346268175,7,3.957623152993619,21,Bournemouth,2,0,6,9.317674346268175,14.145027499645948,3.0667414711788297
1679,Dominic Solanke,2019,Sub,32,3,32,1617,4.439335510134697,1,1.053561699576676,15,Bournemouth,1,0,3,4.439335510134697,6.863941753283143,2.4171565398573875
1679,Dominic Solanke,2018,FW,10,0,11,322,0.7951504969969392,1,0.3580828905105591,8,Bournemouth,0,0,0,0.7951504969969392,1.6433689249679446,0.6305439285933971
1679,Dominic Solanke,2017,Sub,21,1,22,552,3.6663912441581488,1,2.531804454512894,15,Liverpool,0,0,1,3.6663912441581488,7.042425975203514,1.8860114328563211
1680,Luis Hernández,2016,DC,4,0,0,327,0.0,0,0.2169884070754051,4,Leicester,1,0,0,0.0,1.186044721864164,1.021327338181436
1681,Ahmed Musa,2016,FW,21,2,17,733,1.4059602422639728,0,1.214856117963791,7,Leicester,1,0,2,1.4059602422639728,3.7689506001770496,1.5175206065177915
1682,Islam Slimani,2020,Sub,1,0,1,17,0.1003689989447593,0,0.076834499835968,1,Leicester,0,0,0,0.1003689989447593,0.1772039979696273,0.0
1682,Islam Slimani,2017,Sub,12,1,7,226,1.3148727025836706,1,0.0899451021105051,2,Leicester,0,0,1,1.3148727025836706,1.401072407141328,0.1345585007220506
1682,Islam Slimani,2017,Sub,4,0,0,127,0.0,0,0.4146875068545341,4,Newcastle United,1,0,0,0.0,0.5855293087661266,0.5316619053483009
1682,Islam Slimani,2016,FW,23,7,35,1275,6.823915811255574,4,2.0667077153921127,17,Leicester,1,0,6,6.062746794894338,7.707016736268997,2.0830835541710258
1683,Ryan Fraser,2024,Sub,2,0,0,83,0.0,0,0.0,0,Southampton,0,0,0,0.0,1.0261852741241455,1.0261852741241455
1683,Ryan Fraser,2022,Sub,8,0,6,309,0.3093165084719658,0,0.3554232940077781,5,Newcastle United,1,0,0,0.3093165084719658,0.5467102974653244,0.1954354979097843
1683,Ryan Fraser,2021,Sub,27,2,24,1476,2.866719573736191,3,2.1547404266893864,25,Newcastle United,3,0,2,2.866719573736191,6.576188476756215,2.687837041914463
1683,Ryan Fraser,2020,Sub,18,0,13,920,0.9030801933258772,2,2.1685299314558506,25,Newcastle United,0,1,0,0.9030801933258772,2.99426400475204,1.342214172706008
1683,Ryan Fraser,2019,AMC,28,1,27,2054,3.464269880205393,4,3.600613696500659,44,Bournemouth,2,0,1,3.464269880205393,9.42374673485756,4.503551006317139
1683,Ryan Fraser,2018,ML,38,7,51,3185,4.763551549986005,14,16.18383568711579,93,Bournemouth,2,0,7,4.763551549986005,19.63154132477939,7.556321985088289
1683,Ryan Fraser,2017,MR,26,5,31,2016,1.9803190175443888,3,2.735152375884354,43,Bournemouth,0,0,5,1.9803190175443888,6.3851632848382,3.3411668054759502
1683,Ryan Fraser,2016,AMC,28,3,24,1774,2.1123162023723125,5,3.622358724474907,32,Bournemouth,3,0,3,2.1123162023723125,6.436733680777252,2.6309686079621315
1684,David Marshall,2016,GK,16,0,0,1440,0.0,0,0.0,0,Hull,0,0,0,0.0,0.5114615065976977,0.5114615065976977
1685,Ahmed Elmohamady,2020,Sub,14,0,9,823,0.3412727992981672,0,0.9894655756652356,13,Aston Villa,2,0,0,0.3412727992981672,2.426967915147543,1.610212106257677
1685,Ahmed Elmohamady,2019,DR,18,1,5,1007,0.1957341013476252,1,2.220943322405219,22,Aston Villa,1,0,1,0.1957341013476252,3.627543732523918,2.725653551518917
1685,Ahmed Elmohamady,2016,DR,33,0,9,2509,0.2188167013227939,2,1.8537243753671648,26,Hull,3,1,0,0.2188167013227939,4.169781172648072,3.26802646741271
1685,Ahmed Elmohamady,2014,MR,38,2,16,3420,1.9130437867715957,5,4.916644488461316,64,Hull,4,0,2,1.9130437867715957,9.79304325580597,4.934707466512919
1686,Curtis Davies,2016,DC,26,0,10,2153,0.7267857976257801,2,1.024655893445015,2,Hull,4,0,0,0.7267857976257801,1.030676201917231,1.030676201917231
1686,Curtis Davies,2014,DC,21,0,12,1823,1.4156257174909117,0,0.1381611004471779,2,Hull,2,0,0,1.4156257174909117,1.88539763353765,1.3858982156962156
1687,Harry Maguire,2024,DC,4,0,1,190,0.0537821650505065,0,0.0218639876693487,1,Manchester United,2,0,0,0.0537821650505065,0.7484291791915894,0.7265651971101761
1687,Harry Maguire,2023,Sub,22,2,20,1645,2.137907139956951,2,1.306744921952486,6,Manchester United,3,0,2,2.137907139956951,5.5030854400247335,4.45605625025928
1687,Harry Maguire,2022,DC,16,0,3,750,0.1488308310508728,0,0.3812321983277797,2,Manchester United,4,0,0,0.1488308310508728,3.684811688959599,3.684811688959599
1687,Harry Maguire,2021,DC,30,1,23,2518,2.2377048023045063,0,0.1432129014283418,4,Manchester United,7,1,1,2.2377048023045063,7.957978293299675,7.696394219994545
1687,Harry Maguire,2020,DC,34,2,36,3049,1.4843375030905008,1,0.290942994877696,7,Manchester United,11,0,2,1.4843375030905008,13.12701240181923,13.018354054540396
1687,Harry Maguire,2019,DC,38,1,31,3420,2.7722502863034606,0,0.4539246009662747,16,Manchester United,6,0,1,2.7722502863034606,12.02994539309293,11.71480830386281
1687,Harry Maguire,2018,DC,31,3,30,2599,1.8605397613719104,0,0.6665724022313952,11,Leicester,6,1,3,1.8605397613719104,6.0419151578098536,5.482059676200151
1687,Harry Maguire,2017,DC,38,2,29,3420,2.30911120492965,4,4.558800941333175,18,Leicester,8,0,2,2.30911120492965,8.245750784873962,7.354842042550445
1687,Harry Maguire,2016,Sub,29,2,34,2311,1.9734392035752533,2,0.8420128859579563,11,Hull,5,0,2,1.9734392035752533,5.049389252439141,4.071343515999615
1687,Harry Maguire,2014,Sub,3,0,0,83,0.0,0,0.0,0,Hull,1,0,0,0.0,0.0,0.0
1688,Andrew Robertson,2024,DL,5,0,3,426,0.5348606295883656,0,0.6423575207591057,8,Liverpool,1,0,0,0.5348606295883656,4.805155400186777,4.179775238037109
1688,Andrew Robertson,2023,DL,23,3,12,1684,2.4325872622430325,2,6.65541476290673,62,Liverpool,2,0,3,2.4325872622430325,15.87774301506579,10.361629979684947
1688,Andrew Robertson,2022,DL,34,0,13,2609,1.0899251960217953,8,6.820856744423509,52,Liverpool,3,0,0,1.0899251960217953,13.145072411745788,10.343505259603262
1688,Andrew Robertson,2021,DL,29,3,19,2550,2.2711895797401667,10,6.197530032135546,55,Liverpool,5,1,3,2.2711895797401667,18.61965829879045,14.27739267796278
1688,Andrew Robertson,2020,DL,38,1,19,3391,1.437933977693319,7,7.220490546897054,65,Liverpool,2,0,1,1.437933977693319,19.86947536841035,15.435003930702806
1688,Andrew Robertson,2019,DL,36,2,22,3114,1.814593595452607,12,7.89749501273036,60,Liverpool,2,0,2,1.814593595452607,20.39600595086813,15.312665276229382
1688,Andrew Robertson,2018,DL,36,0,16,3223,0.8616025894880295,11,8.056076707318425,50,Liverpool,4,0,0,0.8616025894880295,21.826581484638155,16.70880212634802
1688,Andrew Robertson,2017,DL,22,1,12,1949,0.6253565074875951,5,4.774726934731007,23,Liverpool,2,0,1,0.6253565074875951,11.843401923775671,9.569197384640574
1688,Andrew Robertson,2016,DL,33,1,7,2741,0.2454737024381756,2,1.393277415074408,19,Hull,5,0,1,0.2454737024381756,5.089046764187515,3.7431514635682106
1688,Andrew Robertson,2014,ML,24,0,10,1528,0.3441384984180331,2,1.067261392250657,17,Hull,7,0,0,0.3441384984180331,2.7249733954668045,1.3787031983956697
1689,Jake Livermore,2020,MC,18,0,5,1247,0.2815368995070457,0,0.1757233999669551,5,West Bromwich Albion,2,1,0,0.2815368995070457,2.1714072339236736,1.860429123044014
1689,Jake Livermore,2017,MC,34,2,15,2677,2.63809828273952,2,1.529144805856049,20,West Bromwich Albion,5,0,2,2.63809828273952,5.553389195352793,3.6159899905323982
1689,Jake Livermore,2016,DC,21,1,21,1679,1.0678158951923251,1,0.7396699897944927,9,Hull,3,1,1,1.0678158951923251,3.4067531153559685,2.0575918946415186
1689,Jake Livermore,2016,MC,16,0,12,1310,0.4993327036499977,0,0.949528194963932,11,West Bromwich Albion,2,0,0,0.4993327036499977,1.854758895933628,0.9780897907912732
1689,Jake Livermore,2014,MC,35,1,34,3041,1.2238705987110734,1,0.993219256401062,27,Hull,10,0,1,1.2238705987110734,5.719377714209259,4.034890921786428
1690,Sam Clucas,2017,MC,29,3,18,2043,1.9397044219076636,1,0.988725827075541,15,Swansea,2,0,3,1.9397044219076636,4.25121492985636,2.1136740054935217
1690,Sam Clucas,2016,MC,37,3,42,3195,2.7785697178915143,1,1.5413982747122643,15,Hull,9,1,3,2.7785697178915143,7.731717757880688,4.405732207000256
1691,Robert Snodgrass,2020,AMR,8,0,4,530,0.2063672952353954,0,0.540032409131527,3,West Bromwich Albion,2,0,0,0.2063672952353954,0.814837709069252,0.1502533983439207
1691,Robert Snodgrass,2020,Sub,3,0,0,3,0.0,0,0.0,0,West Ham,0,0,0,0.0,0.0160553995519876,0.0160553995519876
1691,Robert Snodgrass,2019,Sub,24,5,21,1522,2.3865076191723347,5,3.732902128249407,33,West Ham,4,0,5,2.3865076191723347,6.512243639677763,3.524156339466572
1691,Robert Snodgrass,2018,Sub,33,2,30,2230,2.260466383770108,5,5.175442606210709,59,West Ham,10,0,2,2.260466383770108,9.507942620664837,5.754653742536902
1691,Robert Snodgrass,2016,FWR,20,7,39,1716,3.557406621053815,3,2.8229029159992933,45,Hull,2,0,5,2.0350685957819223,3.866819558665157,2.5384264402091503
1691,Robert Snodgrass,2016,AMC,15,0,11,847,0.8261814955621958,2,1.5017684642225504,16,West Ham,0,0,0,0.8261814955621958,1.6860076803714037,0.8949104938656092
1691,Robert Snodgrass,2014,AMC,1,0,0,39,0.0,0,0.0,0,Hull,0,0,0,0.0,0.0224824007600545,0.0224824007600545
1692,Shaun Maloney,2016,Sub,9,1,3,269,1.0631715841591358,2,0.6026207804679871,4,Hull,0,0,1,1.0631715841591358,0.958379501476884,0.4692807160317898
1693,David Meyler,2016,MC,20,1,8,943,0.5081378016620874,0,0.5061498871073127,6,Hull,2,0,1,0.5081378016620874,1.6613527089357376,1.3635290022939444
1693,David Meyler,2014,Sub,28,1,14,1728,0.9084794074296952,1,0.9659282024949788,14,Hull,7,1,1,0.9084794074296952,4.286246130242944,2.9352612802758813
1694,Adama Diomande,2016,FWL,22,2,23,1149,2.5380394235253334,0,0.6628724932670593,13,Hull,1,0,2,2.5380394235253334,3.5595774427056317,0.947289802134037
1695,Tom Huddlestone,2016,MC,31,1,21,2025,1.2344687096774578,0,1.0967805199325085,19,Hull,5,1,0,0.4732996933162212,7.109625894576311,6.004909521900117
1695,Tom Huddlestone,2014,MC,31,0,38,2552,0.9374580001458526,2,1.1501444019377232,24,Hull,6,2,0,0.9374580001458526,6.04863590747118,5.365605456754565
1696,Markus Henriksen,2016,Sub,15,0,3,623,0.1254808027297258,0,0.1958780046552419,3,Hull,1,0,0,0.1254808027297258,0.5049767065793276,0.2456665951758623
1697,Eldin Jakupovic,2017,GK,2,0,0,180,0.0,0,0.0,0,Leicester,0,0,0,0.0,0.2502970993518829,0.2502970993518829
1697,Eldin Jakupovic,2016,GK,22,0,0,1980,0.0,0,0.0,0,Hull,0,0,0,0.0,0.6517614088952541,0.6517614088952541
1697,Eldin Jakupovic,2014,GK,3,0,0,228,0.0,0,0.0,0,Hull,0,0,0,0.0,0.1496198959648609,0.1496198959648609
1698,Abel Hernández,2016,FW,24,4,39,1439,4.70654087793082,3,1.0438039964064956,13,Hull,0,0,4,4.70654087793082,7.33278732188046,2.2358110826462507
1698,Abel Hernández,2014,FW,25,4,52,1307,5.410241030156612,1,0.8517511058598757,9,Hull,2,0,3,4.649109028279781,4.144817190244794,0.8264666078612208
1699,Shkodran Mustafi,2020,Sub,3,0,0,43,0.0,0,0.0,0,Arsenal,0,0,0,0.0,0.0647248029708862,0.0647248029708862
1699,Shkodran Mustafi,2019,DC,15,0,11,1208,0.5680257026106119,1,0.5758727826178074,3,Arsenal,2,0,0,0.5680257026106119,4.499943673610687,3.9672136902809134
1699,Shkodran Mustafi,2018,DC,31,2,18,2629,1.862040345557034,0,0.2781299063935876,6,Arsenal,9,0,2,1.862040345557034,6.724565939977765,6.620918953791261
1699,Shkodran Mustafi,2017,DC,27,3,13,2272,0.7174238907173276,1,1.895219819620252,7,Arsenal,6,0,3,0.7174238907173276,9.468940801918508,9.412406839430332
1699,Shkodran Mustafi,2016,DC,26,2,24,2274,1.1007174905389547,2,0.9719927944242954,9,Arsenal,11,0,2,1.1007174905389547,8.296248443424702,8.043822031468153
1700,Lucas Pérez,2018,Sub,15,3,9,462,1.3946276977658272,0,0.876750897616148,8,West Ham,0,0,3,1.3946276977658272,3.152090532705188,1.130240211263299
1700,Lucas Pérez,2016,FW,11,1,9,254,0.9380822032690048,0,0.5734851062297821,7,Arsenal,0,0,1,0.9380822032690048,2.217337198555469,0.9818734973669052
1701,Borja Bastón,2019,Sub,2,0,0,9,0.0,0,0.0,0,Aston Villa,0,0,0,0.0,0.0,0.0
1701,Borja Bastón,2016,Sub,18,1,15,526,2.2868412025272846,0,0.2195116970688104,5,Swansea,0,0,1,2.2868412025272846,2.799803234636784,0.9506967887282372
1702,Mike van der Hoorn,2017,DC,24,1,10,1963,0.9428765969350934,0,0.6178052080795169,5,Swansea,4,0,1,0.9428765969350934,1.99550262093544,1.3907501138746738
1702,Mike van der Hoorn,2016,DC,8,1,4,659,1.3173155840486288,0,0.0,0,Swansea,1,0,1,1.3173155840486288,1.2172971926629543,0.7885931991040707
1703,Gökhan Töre,2016,Sub,5,0,5,245,0.2876570001244545,1,1.117505967617035,6,West Ham,0,0,0,0.2876570001244545,1.2813029363751411,0.123928003013134
1704,Álvaro Arbeloa,2016,DL,3,0,1,258,0.0176474992185831,0,0.0953857973217964,2,West Ham,3,0,0,0.0176474992185831,0.2676489045843482,0.2276763012632727
1705,Víctor Valdés,2016,GK,28,0,0,2520,0.0,0,0.0,0,Middlesbrough,1,0,0,0.0,2.2342843674123287,2.2342843674123287
1705,Víctor Valdés,2014,Sub,2,0,0,105,0.0,0,0.0,0,Manchester United,0,0,0,0.0,0.0359525009989738,0.0359525009989738
1706,Antonio Barragán,2016,DC,26,0,3,2195,0.0847570998594164,0,0.7534768879413605,9,Middlesbrough,5,0,0,0.0847570998594164,6.089803343638778,5.331347960978746
1707,Ben Gibson,2021,DC,28,0,8,2496,1.3600882897153497,0,0.1156431129202246,3,Norwich,3,1,0,1.3600882897153497,4.114081885665655,4.07492888905108
1707,Ben Gibson,2018,DC,1,1,1,67,0.9117929935455322,0,0.0,0,Burnley,1,0,1,0.9117929935455322,0.0,0.0
1707,Ben Gibson,2016,DC,38,1,15,3420,0.8124675033614039,1,0.5862094834446907,3,Middlesbrough,4,0,1,0.8124675033614039,5.14988929592073,5.046647695824504
1708,George Friend,2016,DL,24,0,15,1956,0.6226175986230373,2,1.149581279605627,11,Middlesbrough,4,0,0,0.6226175986230373,5.089261857792735,4.462229263037443
1709,Cristhian Stuani,2016,AMR,23,4,21,1369,2.8069687839597464,0,0.5279853157699108,7,Middlesbrough,4,0,4,2.8069687839597464,3.412529274821281,0.5970664005726576
1710,Marten de Roon,2016,DMC,33,4,29,2779,2.814053447917104,0,0.7112408000975847,11,Middlesbrough,8,0,4,2.814053447917104,6.81645785830915,5.116796193644404
1711,Adam Forshaw,2022,Sub,12,0,1,470,0.0106636295095086,0,0.4425672311335802,8,Leeds,0,0,0,0.0106636295095086,0.4591790921986103,0.4485154636204242
1711,Adam Forshaw,2021,Sub,22,0,14,1524,0.4842451997101307,1,1.040744410827756,13,Leeds,5,0,0,0.4842451997101307,6.191522343084216,4.898990090936422
1711,Adam Forshaw,2016,Sub,34,0,28,2711,1.3408304303884506,1,2.229192676022649,28,Middlesbrough,4,0,0,1.3408304303884506,7.789724363014102,5.232129832729697
1712,Stewart Downing,2016,AML,30,1,29,2214,2.140358505770564,3,2.293597299605608,29,Middlesbrough,1,0,1,2.140358505770564,6.375499794259667,3.31012132903561
1712,Stewart Downing,2014,AMR,37,6,70,3315,4.136292829178274,8,6.626503786537796,85,West Ham,3,0,6,4.136292829178274,13.64264209009707,7.331175375729799
1713,Viktor Fischer,2016,Sub,13,0,12,434,0.8227257113903761,3,1.5478860139846802,7,Middlesbrough,0,0,0,0.8227257113903761,1.8076523281633852,0.5335184875875711
1714,Jordan Rhodes,2016,Sub,6,0,6,207,0.6461863033473492,0,0.0888553000986576,2,Middlesbrough,0,0,0,0.6461863033473492,0.7350423075258732,0.039512000977993
1715,Álvaro Negredo,2016,FW,36,9,69,2891,8.803118763957173,4,4.10040766838938,26,Middlesbrough,5,0,7,7.28078123787418,11.963996449951082,2.790741311386228
1716,Bernardo,2016,DC,11,0,2,978,0.0222477493807673,0,0.0,0,Middlesbrough,2,0,0,0.0222477493807673,1.66798129491508,1.6542290952056646
1717,Adam Clayton,2016,DMC,34,0,11,2807,0.3151699993759393,2,1.287519589997828,20,Middlesbrough,10,0,0,0.3151699993759393,5.896789850201458,4.714818635489792
1718,Daniel Ayala,2016,Sub,14,1,10,913,1.2105267867445946,0,0.0,0,Middlesbrough,3,0,1,1.2105267867445946,1.188852007500827,1.188852007500827
1719,Javier Manquillo,2022,Sub,4,0,0,25,0.0,0,0.0,0,Newcastle United,0,0,0,0.0,0.119776003062725,0.119776003062725
1719,Javier Manquillo,2021,DR,19,1,4,1273,0.3779599890112877,2,0.4709694059565663,4,Newcastle United,5,0,1,0.3779599890112877,1.646115392446518,0.8073002025485039
1719,Javier Manquillo,2020,DR,13,0,1,823,0.0231618992984294,0,0.2976970076560974,5,Newcastle United,1,0,0,0.0231618992984294,1.4320280328392982,1.1111693233251572
1719,Javier Manquillo,2019,DMR,21,0,1,1598,0.035947598516941,1,0.2627808023244142,5,Newcastle United,5,0,0,0.035947598516941,3.059056323952973,2.8394165318459272
1719,Javier Manquillo,2018,DR,18,0,2,1098,0.0830365028232336,3,0.6845879955217242,8,Newcastle United,2,0,0,0.0830365028232336,2.6393714547157288,1.9537235535681248
1719,Javier Manquillo,2017,DR,21,0,2,1759,0.0879379995167255,1,1.1177465105429292,11,Newcastle United,2,0,0,0.0879379995167255,2.850492424331605,1.78896361310035
1719,Javier Manquillo,2016,DMR,20,1,3,1423,0.4919749032706022,0,0.1937013957649469,4,Sunderland,2,0,1,0.4919749032706022,0.9199867080897092,0.6920360065996647
1719,Javier Manquillo,2014,DR,10,0,2,765,0.0792083013802766,0,0.0726722031831741,1,Liverpool,3,0,0,0.0792083013802766,2.169579342007637,2.0903713554143906
1720,Didier Ndong,2016,Sub,31,1,16,2519,0.7632233016192913,0,1.2343515437096355,16,Sunderland,5,0,1,0.7632233016192913,6.009580111131072,4.343480583280325
1722,Juan Zuñiga,2016,Sub,21,1,6,804,0.547059204429388,0,0.2428239025175571,5,Watford,1,0,1,0.547059204429388,2.740773089230061,2.164346480742097
1723,Roberto Pereyra,2019,Sub,28,3,21,1656,3.146886095404625,0,1.3600246058776977,20,Watford,4,0,2,2.385717086493969,4.776893042959273,1.625991907902062
1723,Roberto Pereyra,2018,AMC,33,6,57,2837,5.37857623398304,1,3.538153797388077,34,Watford,3,0,6,5.37857623398304,12.572237838059664,6.263587266206741
1723,Roberto Pereyra,2017,FWL,32,5,33,1618,3.9139166036620736,2,2.6690995041280985,23,Watford,3,0,5,3.9139166036620736,7.71702276635915,2.890405587852001
1723,Roberto Pereyra,2016,Sub,13,2,9,1044,1.3779955133795738,2,1.700189407914877,15,Watford,2,1,2,1.3779955133795738,4.251549381762743,2.072924800217152
1724,Isaac Success,2019,Sub,5,0,1,54,0.0947981029748916,0,0.0546776987612247,1,Watford,1,0,0,0.0947981029748916,0.194450007751584,0.0449739005416631
1724,Isaac Success,2018,Sub,30,1,29,1015,3.2875502817332745,1,3.013180084526539,21,Watford,4,0,1,3.2875502817332745,6.455691117793322,2.012285530567169
1724,Isaac Success,2016,Sub,19,1,14,463,1.246619775891304,1,0.3569929003715515,5,Watford,2,0,1,1.246619775891304,1.4445009864866734,0.087627300992608
1725,Christian Kabasele,2021,DC,16,0,7,1188,1.3147067874670029,0,0.1767343990504741,2,Watford,0,0,0,1.3147067874670029,0.7724129892885685,0.7071216963231564
1725,Christian Kabasele,2019,DC,27,0,9,2261,0.8253118861466646,2,0.6392173022031784,5,Watford,1,2,0,0.8253118861466646,2.30373380985111,2.2784005058929324
1725,Christian Kabasele,2018,DC,21,0,8,1585,1.5429872050881386,0,0.1839811950922012,2,Watford,2,1,0,1.5429872050881386,2.5402289889752865,2.4893748871982098
1725,Christian Kabasele,2017,Sub,28,2,10,2330,0.7799922414124012,0,0.1301094982773065,3,Watford,5,0,2,0.7799922414124012,2.818990457803011,2.7019144780933857
1725,Christian Kabasele,2016,DC,16,2,7,767,1.665544230490923,0,0.1006660033017396,3,Watford,1,0,2,1.665544230490923,0.331052603200078,0.200189895927906
1726,Abdoulaye Doucouré,2024,AMC,4,0,3,223,0.2531924806535244,0,0.0,0,Everton,0,0,0,0.2531924806535244,0.4886083230376243,0.3590503931045532
1726,Abdoulaye Doucouré,2023,AMC,32,7,47,2678,10.20444649644196,1,2.55271128565073,33,Everton,7,0,7,10.20444649644196,13.33745107613504,5.22493714094162
1726,Abdoulaye Doucouré,2022,MC,25,5,20,1519,3.214016545563936,2,2.4725133273750544,22,Everton,6,1,5,3.214016545563936,5.765182003378868,1.7658195812255144
1726,Abdoulaye Doucouré,2021,DMC,30,2,34,2540,2.653875366784632,4,2.418744313530624,20,Everton,6,0,2,2.653875366784632,8.230574828572571,3.837187174707651
1726,Abdoulaye Doucouré,2020,MC,29,2,18,2468,2.369523380883038,3,2.388998680282384,21,Everton,6,0,2,2.369523380883038,10.453213196247816,6.824094897136092
1726,Abdoulaye Doucouré,2019,DMC,37,4,61,3189,5.280910023488104,2,4.084617944434285,38,Watford,8,0,4,5.280910023488104,13.54045701213181,7.193621378391981
1726,Abdoulaye Doucouré,2018,DMC,35,5,51,3062,6.849446702748537,6,5.389014532789588,38,Watford,7,0,5,6.849446702748537,16.31139224395156,6.468338971957564
1726,Abdoulaye Doucouré,2017,MC,37,7,46,3326,3.106084388680756,3,2.39364858251065,40,Watford,10,0,7,3.106084388680756,11.492400337010622,7.354975925758481
1726,Abdoulaye Doucouré,2016,DMC,20,1,22,1349,1.8816117206588387,0,0.4213321041315794,11,Watford,4,0,1,1.8816117206588387,3.5858634542673826,2.1493301168084145
1727,Alfie Mawson,2018,DC,15,0,2,1124,0.3189053144305944,0,0.0523954210802912,2,Fulham,2,0,0,0.3189053144305944,1.9679123237729077,1.9679123237729077
1727,Alfie Mawson,2017,DC,38,2,19,3420,2.5057023419067264,1,0.5643081031739712,5,Swansea,3,0,2,2.5057023419067264,4.581940611824393,3.568123545497656
1727,Alfie Mawson,2016,DC,27,4,23,2430,2.047377497889101,0,0.3918485986068845,4,Swansea,1,0,4,2.047377497889101,1.699102869257331,1.6677921693772078
1728,Fernando Llorente,2018,Sub,20,1,24,674,3.4991899505257607,4,2.0117372050881386,14,Tottenham,2,0,1,3.4991899505257607,4.548186408355832,0.3444754928350448
1728,Fernando Llorente,2017,Sub,16,1,6,206,1.165848270058632,0,0.1289990022778511,4,Tottenham,1,0,1,1.165848270058632,1.8205657824873924,0.9682342037558556
1728,Fernando Llorente,2016,FW,33,15,51,2462,8.028607591986656,1,2.090565759688616,26,Swansea,2,0,15,8.028607591986656,8.600849602371454,2.9600224662572145
1729,Georges-Kévin Nkoudou,2019,Sub,1,0,1,1,0.0563584007322788,0,0.0,0,Tottenham,0,0,0,0.0563584007322788,0.0563584007322788,0.0
1729,Georges-Kévin Nkoudou,2018,Sub,1,0,0,3,0.0,1,0.6077460050582886,1,Tottenham,0,0,0,0.0,0.6077460050582886,0.0
1729,Georges-Kévin Nkoudou,2017,Sub,8,0,3,216,0.0876599978655576,0,0.0499318987131118,1,Burnley,1,0,0,0.0876599978655576,0.1544861979782581,0.0439481995999813
1729,Georges-Kévin Nkoudou,2017,Sub,1,0,0,1,0.0,0,0.0,0,Tottenham,0,0,0,0.0,0.0,0.0
1729,Georges-Kévin Nkoudou,2016,Sub,8,0,2,43,0.0626586992293596,0,0.0,0,Tottenham,0,0,0,0.0626586992293596,0.2630807030946016,0.200422003865242
1730,Vincent Janssen,2018,Sub,3,0,3,34,0.3054769933223724,0,0.0,0,Tottenham,0,0,0,0.3054769933223724,0.3054769933223724,0.0
1730,Vincent Janssen,2017,Sub,1,0,0,1,0.0,0,0.0,0,Tottenham,0,0,0,0.0,0.0,0.0
1730,Vincent Janssen,2016,Sub,27,2,30,815,4.417053328827024,2,1.2540392242372036,16,Tottenham,0,0,1,3.6558873523026714,3.7925248090177774,0.8960287114605308
1731,Claudio Bravo,2019,GK,4,0,0,347,0.0,0,0.0,0,Manchester City,0,0,0,0.0,0.7041245102882385,0.7041245102882385
1731,Claudio Bravo,2017,Sub,3,0,0,225,0.0,0,0.0,0,Manchester City,0,0,0,0.0,0.0578582994639873,0.0578582994639873
1731,Claudio Bravo,2016,GK,22,0,0,1970,0.0,0,0.0,0,Manchester City,0,0,0,0.0,3.065899409353733,3.065899409353733
1732,Nolito,2016,AML,19,4,32,786,3.989437036216259,2,1.4063788950443268,13,Manchester City,3,1,4,3.989437036216259,8.056466039270163,3.64129040017724
1733,Sam McQueen,2017,Sub,7,0,1,136,0.0268737003207206,0,0.1188498977571725,3,Southampton,0,0,0,0.0268737003207206,0.2600275930017233,0.1304400023072958
1733,Sam McQueen,2016,Sub,13,0,1,599,0.0281805992126464,0,0.5292291939258575,2,Southampton,0,0,0,0.0281805992126464,1.407679162919521,1.344045965000987
1734,Sofiane Boufal,2019,Sub,20,0,18,746,1.0145515957847238,2,2.698257951065898,15,Southampton,2,0,0,1.0145515957847238,6.150285892188549,3.5498684272170067
1734,Sofiane Boufal,2017,Sub,26,2,30,1198,1.6343520805239675,2,1.7094557285308838,21,Southampton,1,0,2,1.6343520805239675,4.961685368791223,2.1967209931463003
1734,Sofiane Boufal,2016,Sub,24,1,25,1090,1.1150527093559504,0,1.2859111968427896,23,Southampton,5,0,1,1.1150527093559504,4.480476977303624,2.59872074238956
1735,Jack Stephens,2024,DC,4,0,1,353,0.1356502920389175,0,0.0271818041801452,1,Southampton,1,1,0,0.1356502920389175,0.4889844730496406,0.4889844730496406
1735,Jack Stephens,2022,Sub,15,0,2,1172,0.2225914001464843,0,0.2588117085397243,3,Bournemouth,3,0,0,0.2225914001464843,1.818212654441595,1.6296761482954023
1735,Jack Stephens,2022,Sub,2,0,0,43,0.0,0,0.0,0,Southampton,0,0,0,0.0,0.0452122017741203,0.0452122017741203
1735,Jack Stephens,2021,DC,11,0,0,806,0.0,0,0.2442820966243744,4,Southampton,3,0,0,0.0,1.7434164825826883,1.6893003806471825
1735,Jack Stephens,2020,DC,18,0,6,1544,0.8943026959896088,0,0.4556563999503851,6,Southampton,2,0,0,0.8943026959896088,3.081088483333588,2.751403979025781
1735,Jack Stephens,2019,DC,28,1,6,2456,0.9333298057317734,3,1.174786690622568,8,Southampton,4,1,1,0.9333298057317734,5.805270466953516,4.6531886495649815
1735,Jack Stephens,2018,DC,24,1,7,1695,1.4581488966941831,0,0.2287240037694573,5,Southampton,4,0,1,1.4581488966941831,3.644763551652432,3.2035262109711766
1735,Jack Stephens,2017,DC,22,2,11,1980,1.3008270058780909,0,0.2391973892226815,4,Southampton,6,1,2,1.3008270058780909,2.780479608103633,2.557242624461651
1735,Jack Stephens,2016,DC,17,0,4,1468,0.3511767014861107,1,0.9190052039921284,4,Southampton,1,0,0,0.3511767014861107,3.621159559115768,2.5788360144943
1736,Oliver McBurnie,2023,Sub,21,6,33,1290,7.429724760353565,3,2.1915900241583586,12,Sheffield United,3,2,4,5.907387010753155,6.99262013938278,2.891832641325891
1736,Oliver McBurnie,2020,FW,23,1,30,1306,3.552994309924543,0,1.0542656984180212,15,Sheffield United,2,0,1,3.552994309924543,6.107228264212608,2.601922516711056
1736,Oliver McBurnie,2019,Sub,36,6,50,2123,8.068318895995617,0,1.135003101080656,10,Sheffield United,4,0,6,8.068318895995617,10.194577626883984,3.9475047774612895
1736,Oliver McBurnie,2017,Sub,11,0,5,257,0.2464730069041252,1,0.5389220118522644,1,Swansea,0,0,0,0.2464730069041252,0.7823979128152132,0.6077351104468107
1736,Oliver McBurnie,2016,Sub,5,0,2,69,0.0776455029845237,0,0.1045650020241737,2,Swansea,0,0,0,0.0776455029845237,0.2300120033323764,0.1425895988941192
1737,Matt Phillips,2020,Sub,33,2,22,1823,2.9235164280980825,1,3.245670160278678,25,West Bromwich Albion,1,0,2,2.9235164280980825,7.040547264739871,2.6132324263453484
1737,Matt Phillips,2017,MR,30,2,28,2097,2.595402989536524,2,3.2734625097364187,33,West Bromwich Albion,3,0,2,2.595402989536524,5.739621663466096,2.1270166896283627
1737,Matt Phillips,2016,MR,27,4,47,2208,2.854000320658088,8,4.393438269384205,33,West Bromwich Albion,2,0,4,2.854000320658088,6.104342736303806,1.3419111873954537
1737,Matt Phillips,2014,Sub,25,3,42,1827,3.0864788740873337,8,3.036336817778647,34,Queens Park Rangers,1,0,3,3.0864788740873337,5.406236808747053,1.1094425106421113
1738,Hal Robson-Kanu,2020,Sub,19,2,13,522,1.4960819277912378,0,0.2434498984366655,5,West Bromwich Albion,2,0,2,1.4960819277912378,2.264204764738679,0.6344088893383741
1738,Hal Robson-Kanu,2017,Sub,21,2,19,811,1.8981310855597255,0,0.4064530003815889,8,West Bromwich Albion,2,1,2,1.8981310855597255,2.8549666181206703,0.8897690027952194
1738,Hal Robson-Kanu,2016,Sub,29,3,16,654,1.9389457143843172,2,0.8019475154578686,9,West Bromwich Albion,3,0,3,1.9389457143843172,2.593429312109947,0.5108151370659471
1739,Eric Bailly,2021,DC,4,0,0,220,0.0,0,0.0,0,Manchester United,1,0,0,0.0,0.4261507987976074,0.4261507987976074
1739,Eric Bailly,2020,Sub,12,0,2,916,0.0808225981891155,0,0.0,0,Manchester United,3,0,0,0.0808225981891155,1.7967821639031172,1.7967821639031172
1739,Eric Bailly,2019,DC,4,0,0,142,0.0,0,0.0,0,Manchester United,0,0,0,0.0,0.5180244911462069,0.5180244911462069
1739,Eric Bailly,2018,DC,12,0,3,639,0.2498410046100616,0,0.0,0,Manchester United,0,1,0,0.2498410046100616,2.9941667332313955,2.9941667332313955
1739,Eric Bailly,2017,DC,13,1,3,998,1.0500178933143616,0,0.1993313953280449,2,Manchester United,2,0,1,1.0500178933143616,1.1515370979905128,1.1515370979905128
1739,Eric Bailly,2016,DC,25,0,6,2066,0.3060203036293387,0,0.0290568992495536,1,Manchester United,4,0,0,0.3060203036293387,4.137534696608782,4.01166270300746
1740,Paul Pogba,2021,AML,20,1,33,1371,2.1890755891799927,9,3.8411435652524233,24,Manchester United,7,1,1,2.1890755891799927,7.5612444542348385,3.927331147715449
1740,Paul Pogba,2020,DMC,26,3,31,1893,2.988201911561191,3,2.066862566396594,24,Manchester United,3,0,3,2.988201911561191,11.691464388743045,7.444202953949571
1740,Paul Pogba,2019,DMC,16,1,22,1206,2.1508695110678677,3,3.056190667673945,30,Manchester United,1,0,1,1.3897005133330822,8.765652850270271,7.231561720371246
1740,Paul Pogba,2018,MC,35,13,105,3013,15.877537530846894,9,5.186745874583721,55,Manchester United,6,0,6,8.265851297415793,21.125928223133087,11.593517602421343
1740,Paul Pogba,2017,DMC,27,6,76,2158,7.813677807338536,10,4.590676190331578,39,Manchester United,5,1,6,7.813677807338536,16.82082363218069,8.208943458274007
1740,Paul Pogba,2016,MC,30,5,92,2606,6.50561457592994,4,5.5897779408842325,57,Manchester United,7,0,5,6.50561457592994,16.903288956731558,9.888524703681467
1741,Zlatan Ibrahimovic,2017,Sub,5,0,4,97,0.2953645959496498,0,0.1190811023116111,2,Manchester United,0,0,0,0.2953645959496498,1.0263181030750277,0.7336299922317266
1741,Zlatan Ibrahimovic,2016,FW,28,17,115,2435,14.637965865433216,5,5.118233298882842,48,Manchester United,7,0,15,12.354456894099712,20.056939974427223,6.219505451619625
1742,Lee Grant,2017,GK,3,0,0,270,0.0,0,0.0,0,Stoke,0,0,0,0.0,0.0,0.0
1742,Lee Grant,2016,GK,28,0,0,2520,0.0,0,0.0,0,Stoke,1,0,0,0.0,3.7630604319274426,3.7630604319274426
1743,Bruno Martins Indi,2017,Sub,17,0,4,1248,0.3868343066424131,0,0.0548578994348645,3,Stoke,3,0,0,0.3868343066424131,1.4556186888366938,1.44182869233191
1743,Bruno Martins Indi,2016,DC,35,1,18,3149,1.6193588357418776,0,0.1282583959400653,2,Stoke,5,0,1,1.6193588357418776,4.1969079012051225,4.108620801009238
1744,Michael Dawson,2016,DC,22,3,12,1718,0.6878849286586046,0,0.2418445022776723,4,Hull,4,0,3,0.6878849286586046,1.7646634876728058,1.6883539892733097
1744,Michael Dawson,2014,DC,28,1,15,2436,0.8768640607595444,0,0.31183229573071,6,Hull,7,0,1,0.8768640607595444,3.0351868914440274,2.965152781456709
1745,Josh Tymon,2017,Sub,3,0,0,161,0.0,0,0.0,0,Stoke,0,0,0,0.0,0.016168899834156,0.016168899834156
1745,Josh Tymon,2016,ML,5,0,0,331,0.0,0,0.0125866001471877,1,Hull,1,0,0,0.0,0.7757121920585632,0.76312549225986
1746,Jeff Hendrick,2021,Sub,3,1,1,65,0.0177475996315479,0,0.0228141006082296,1,Newcastle United,0,0,1,0.0177475996315479,0.1608572024852037,0.1202954985201358
1746,Jeff Hendrick,2020,ML,22,2,10,1436,1.1079940740019083,1,1.4332293150946498,6,Newcastle United,1,1,2,1.1079940740019083,3.6056358302012086,1.386697107926011
1746,Jeff Hendrick,2019,Sub,24,2,22,1944,2.1020823437720537,2,1.3787490194663403,14,Burnley,8,0,2,2.1020823437720537,4.952224725857377,2.434791326522827
1746,Jeff Hendrick,2018,AMC,32,3,19,2089,1.7896248092874885,0,1.0732655078172684,12,Burnley,4,0,3,1.7896248092874885,3.252228739671409,1.3670600866898894
1746,Jeff Hendrick,2017,MC,34,2,26,2363,2.092277371324599,2,2.6957106050103903,26,Burnley,1,0,2,2.092277371324599,6.184879589825869,2.0667460821568966
1746,Jeff Hendrick,2016,MC,32,2,31,2698,1.3130618361756206,1,0.653957792557776,13,Burnley,6,1,2,1.3130618361756206,2.777808923274278,1.8422746006399395
1747,Kevin Long,2021,DC,6,0,4,406,0.1382613042369485,0,0.0,0,Burnley,1,0,0,0.1382613042369485,0.3228092873468995,0.3228092873468995
1747,Kevin Long,2020,DC,8,0,2,635,0.6100035086274147,0,0.0173680000007152,1,Burnley,2,0,0,0.6100035086274147,0.5022359061986208,0.5022359061986208
1747,Kevin Long,2019,Sub,8,0,2,560,0.105990101583302,0,0.0,0,Burnley,0,0,0,0.105990101583302,0.8505860045552254,0.7575789764523506
1747,Kevin Long,2018,Sub,6,0,1,514,0.0307113993912935,1,0.4060730040073395,1,Burnley,0,0,0,0.0307113993912935,0.5972740054130554,0.1912010014057159
1747,Kevin Long,2017,DC,16,1,10,1440,1.7117623835802078,2,1.8074528202414517,5,Burnley,1,0,1,1.7117623835802078,0.6246273070573807,0.6132655069231987
1747,Kevin Long,2016,DC,3,0,1,270,0.0246635004878044,0,0.0,0,Burnley,0,0,0,0.0246635004878044,0.0958439018577337,0.0958439018577337
1747,Kevin Long,2014,Sub,1,0,0,20,0.0,0,0.0,0,Burnley,0,0,0,0.0,0.0,0.0
1748,Lys Mousset,2020,Sub,11,0,4,284,0.8426321223378181,0,0.4371889010071754,3,Sheffield United,0,0,0,0.8426321223378181,1.5403051599860191,0.2604870945215225
1748,Lys Mousset,2019,Sub,30,6,37,1220,6.072984084486961,4,3.6121045984327793,12,Sheffield United,1,0,6,6.072984084486961,9.621276477351785,2.463756689801812
1748,Lys Mousset,2018,Sub,24,1,12,308,1.527458317577839,0,0.2928340993821621,4,Bournemouth,1,0,1,1.527458317577839,2.117037858814001,0.6616325862705708
1748,Lys Mousset,2017,Sub,23,2,22,569,1.1464906251057982,0,1.1066882945597172,4,Bournemouth,1,0,2,1.1464906251057982,1.826578488573432,0.7021867018193007
1748,Lys Mousset,2016,FW,11,0,10,254,1.5235898848623035,0,0.0885770991444587,3,Bournemouth,0,0,0,1.5235898848623035,2.513380423188209,1.030376434326172
1749,Rob Holding,2022,Sub,14,1,5,556,0.3741819858551025,0,0.0,0,Arsenal,0,0,1,0.3741819858551025,3.300787255167961,3.20217327773571
1749,Rob Holding,2021,DC,15,1,4,824,0.5605965945869684,0,0.0,0,Arsenal,2,1,1,0.5605965945869684,2.167426660656929,2.167426660656929
1749,Rob Holding,2020,DC,30,0,14,2548,0.7339214868843555,1,0.2006828002631664,4,Arsenal,2,0,0,0.7339214868843555,7.403348095715046,7.163188092410564
1749,Rob Holding,2019,DC,8,0,2,576,0.1093560010194778,0,0.0,0,Arsenal,1,0,0,0.1093560010194778,0.4436413124203682,0.4436413124203682
1749,Rob Holding,2018,Sub,10,0,2,807,0.1204104023054242,0,0.1658618003129959,2,Arsenal,1,0,0,0.1204104023054242,2.431091960519552,2.418538983911276
1749,Rob Holding,2017,DC,12,0,1,816,0.1069499999284744,0,0.0338391996920108,2,Arsenal,3,0,0,0.1069499999284744,3.4701873436570168,3.450304947793484
1749,Rob Holding,2016,DC,9,0,5,810,0.5570453740656376,0,0.1054676994681358,3,Arsenal,3,0,0,0.5570453740656376,2.7223821710795164,2.608095182105899
1750,Ainsley Maitland-Niles,2022,Sub,22,0,1,1395,0.0137403002008795,0,0.4833124335855245,10,Southampton,3,0,0,0.0137403002008795,3.216860962100327,3.123183621093631
1750,Ainsley Maitland-Niles,2021,Sub,8,0,2,251,0.0297200987115502,0,0.2273624017834663,3,Arsenal,0,0,0,0.0297200987115502,0.6360606998205185,0.3890687078237533
1750,Ainsley Maitland-Niles,2020,MC,15,0,10,1236,0.6947165969759226,0,0.7405487895011902,4,West Bromwich Albion,2,0,0,0.6947165969759226,3.563922967761755,2.803203374147415
1750,Ainsley Maitland-Niles,2020,DML,11,0,2,483,0.1014744006097316,0,0.0814423020929098,2,Arsenal,0,0,0,0.1014744006097316,2.404551595449448,2.2486816067248583
1750,Ainsley Maitland-Niles,2019,DR,20,0,4,1372,0.5084082968533039,2,1.6460967063903809,11,Arsenal,4,1,0,0.5084082968533039,5.15650237724185,3.5671484656631947
1750,Ainsley Maitland-Niles,2018,DL,16,1,5,976,1.015497699379921,1,1.0627507232129574,6,Arsenal,1,1,1,1.015497699379921,4.286457806825638,2.369580402970314
1750,Ainsley Maitland-Niles,2017,Sub,15,0,5,908,0.2005000989884138,0,0.9780506305396556,8,Arsenal,1,0,0,0.2005000989884138,5.208638619631529,4.680087383836508
1750,Ainsley Maitland-Niles,2016,Sub,1,0,0,1,0.0,0,0.0,0,Arsenal,0,0,0,0.0,0.0,0.0
1750,Ainsley Maitland-Niles,2014,Sub,1,0,0,1,0.0,0,0.0,0,Arsenal,0,0,0,0.0,0.0,0.0
1752,Fabio,2016,DR,24,0,5,1856,0.1470823008567094,0,0.7305000070482492,16,Middlesbrough,8,0,0,0.1470823008567094,3.58852565754205,3.0109126269817352
1753,David Nugent,2016,Sub,4,0,0,36,0.0,0,0.0,0,Middlesbrough,0,0,0,0.0,0.0895430967211723,0.0895430967211723
1753,David Nugent,2014,FW,29,5,41,1685,6.229936253279448,2,1.890917195938528,21,Leicester,3,0,4,4.7075988464057446,7.812487644143403,2.3363884771242738
1754,Joel Asoro,2016,Sub,1,0,0,7,0.0,0,0.0,0,Sunderland,0,0,0,0.0,0.0,0.0
1755,Jake Hesketh,2014,AMR,2,0,2,49,0.0838008970022201,0,0.0,0,Southampton,1,0,0,0.0838008970022201,0.0838008970022201,0.0
1757,Nsue,2016,DR,4,0,2,326,0.1229384019970893,0,0.067860098555684,2,Middlesbrough,0,0,0,0.1229384019970893,1.4043254982680082,1.305257998406887
1759,Ben Hamer,2018,GK,7,0,0,552,0.0,0,0.0,0,Huddersfield,0,0,0,0.0,0.0903921015560627,0.0903921015560627
1759,Ben Hamer,2017,Sub,4,0,0,272,0.0,0,0.0,0,Leicester,0,0,0,0.0,0.3402630090713501,0.3402630090713501
1759,Ben Hamer,2014,GK,8,0,0,720,0.0,0,0.0,0,Leicester,0,0,0,0.0,0.3751891031861305,0.3751891031861305
1760,Arthur Masuaku,2021,Sub,13,1,4,626,0.0669563207775354,1,0.7584338169544935,2,West Ham,1,0,1,0.0669563207775354,1.4823224358260632,1.45350862108171
1760,Arthur Masuaku,2020,DL,12,0,6,1017,0.4290253957733512,2,2.59588946774602,11,West Ham,2,0,0,0.4290253957733512,4.273893190547824,1.791139813140035
1760,Arthur Masuaku,2019,DL,17,0,5,925,0.0992211019620299,1,1.2528514806181192,7,West Ham,4,1,0,0.0992211019620299,3.070642157457769,2.8742846874520183
1760,Arthur Masuaku,2018,DL,23,0,4,1759,0.0740485005080699,1,1.019871599972248,14,West Ham,2,0,0,0.0740485005080699,3.520279858261347,2.968190889805556
1760,Arthur Masuaku,2017,DL,27,0,9,1864,0.1999187804758548,3,2.027213921770453,17,West Ham,5,0,0,0.1999187804758548,4.165085129439831,2.776391019113362
1760,Arthur Masuaku,2016,DL,13,0,4,969,0.0472891004756093,1,0.947554713115096,7,West Ham,1,0,0,0.0472891004756093,2.6278534419834614,2.490612376481294
1761,Lloyd Isgrove,2014,Sub,1,0,0,6,0.0,0,0.0,0,Southampton,0,0,0,0.0,0.0583757013082504,0.0583757013082504
1762,Ovie Ejaria,2016,Sub,2,0,0,3,0.0,0,0.0,0,Liverpool,0,0,0,0.0,0.1133859977126121,0.1133859977126121
1763,Stefano Okaka,2018,Sub,2,0,2,18,0.5551810264587402,0,0.1493809968233108,2,Watford,1,0,0,0.5551810264587402,0.6590580344200134,0.0
1763,Stefano Okaka,2017,FW,15,1,10,437,1.8603477291762829,1,0.3810372017323971,5,Watford,2,0,1,1.8603477291762829,1.8564999215304847,0.4387899115681648
1763,Stefano Okaka,2016,FW,19,4,27,941,2.620595447719097,0,1.3582880264148116,14,Watford,5,0,4,2.620595447719097,3.958027221262455,0.9739708788692952
1764,Ramadan Sobhi,2018,Sub,4,0,0,68,0.0,0,0.1770002953708171,3,Huddersfield,0,0,0,0.0,0.2194485999643802,0.0424482002854347
1764,Ramadan Sobhi,2017,Sub,24,2,13,1227,1.0705089047551155,0,0.9927289932966232,15,Stoke,2,0,2,1.0705089047551155,3.505622163414955,1.78343546949327
1764,Ramadan Sobhi,2016,AMC,17,0,4,840,0.5948705971240997,1,1.4871754087507725,9,Stoke,2,0,0,0.5948705971240997,3.717141054570675,2.2913616001605988
1765,Jonathan Benteke,2016,Sub,1,0,1,5,0.0224475003778934,0,0.0,0,Crystal Palace,0,0,0,0.0224475003778934,0.0224475003778934,0.0
1771,Reece Burke,2023,DC,22,0,13,1691,2.1644996237009764,4,2.321440448984504,13,Luton,5,0,0,2.1644996237009764,4.144421625882387,3.8680728431791063
1771,Reece Burke,2014,DC,5,0,4,417,0.1679463945329189,0,0.0650554969906807,1,West Ham,0,0,0,0.1679463945329189,0.1157592982053756,0.0540377981960773
1776,Jarrod Bowen,2024,MR,5,1,7,434,0.6546308547258377,1,1.2660040855407717,11,West Ham,0,0,1,0.6546308547258377,1.5775167644023895,0.4188007973134517
1776,Jarrod Bowen,2023,AMR,34,16,85,3026,13.498636420816185,6,6.437707958742976,32,West Ham,2,0,16,13.498636420816185,17.76942592486739,2.457054629921913
1776,Jarrod Bowen,2022,AMR,38,6,75,3245,10.004229810088871,5,6.90739019960165,48,West Ham,2,0,5,8.48189047165215,15.171011984348295,3.6215272583067417
1776,Jarrod Bowen,2021,AMR,36,12,80,3003,12.92943012341857,10,5.819746069610119,41,West Ham,6,0,12,12.92943012341857,21.70068991370499,6.549722044728696
1776,Jarrod Bowen,2020,AMR,38,8,55,2599,7.988896971568465,5,5.229475359432399,29,West Ham,0,0,8,7.988896971568465,14.171945477835834,3.0969946375116706
1776,Jarrod Bowen,2019,Sub,13,1,24,935,2.3164746090769768,4,2.61239730194211,15,West Ham,0,0,1,2.3164746090769768,5.648858577013016,2.02986803650856
1776,Jarrod Bowen,2016,AMC,7,0,3,168,0.3194136917591095,0,0.0,0,Hull,0,0,0,0.3194136917591095,0.4158182144165039,0.0964042991399765
1777,Julien Ngoy,2017,Sub,1,0,0,16,0.0,0,0.0,0,Stoke,0,0,0,0.0,0.0,0.0
1777,Julien Ngoy,2016,Sub,5,0,2,39,0.1273771002888679,0,0.0921394973993301,1,Stoke,0,0,0,0.1273771002888679,0.2195165976881981,0.0
1778,Freddie Ladapo,2017,Sub,1,0,0,15,0.0,0,0.0,0,Crystal Palace,0,0,0,0.0,0.0,0.0
1782,Albert Adomah,2016,AMR,2,0,4,119,0.3841077126562595,0,0.0895430967211723,1,Middlesbrough,0,0,0,0.3841077126562595,1.3733236826956272,0.9232079982757568
1784,Jérémy Pied,2017,DR,2,0,2,180,0.0282767005264759,1,0.2431480064988136,2,Southampton,0,0,0,0.0282767005264759,0.4706539958715439,0.2141727060079574
1784,Jérémy Pied,2016,Sub,4,0,3,119,0.0967013984918594,0,0.0714898034930229,1,Southampton,0,0,0,0.0967013984918594,0.5148207955062389,0.4181193970143795
1785,Nampalys Mendy,2022,Sub,19,1,2,743,0.0925476998090744,0,0.0272580198943614,2,Leicester,1,0,1,0.0925476998090744,2.870108552277088,2.802908446639776
1785,Nampalys Mendy,2021,Sub,14,0,1,1041,0.0223916992545127,0,0.0271859001368284,1,Leicester,3,0,0,0.0223916992545127,2.4793485878035426,2.4793485878035426
1785,Nampalys Mendy,2020,DMC,23,0,4,1463,0.0776136005297303,1,0.1831548027694225,5,Leicester,5,0,0,0.0776136005297303,3.4879588214680552,3.3244200833141804
1785,Nampalys Mendy,2019,Sub,7,0,1,295,0.0138723002746701,0,0.089007300324738,3,Leicester,0,0,0,0.0138723002746701,1.877275738865137,1.789330393075943
1785,Nampalys Mendy,2018,DMC,31,0,2,2085,0.0669059008359909,0,0.2152165956795215,5,Leicester,5,0,0,0.0669059008359909,3.1266149915754795,2.9962816536426544
1785,Nampalys Mendy,2016,MC,4,0,0,277,0.0,0,0.1299369931221008,2,Leicester,1,0,0,0.0,0.1663766987621784,0.113272201269865
1787,David Jones,2016,MC,1,0,0,88,0.0,0,0.0,0,Burnley,1,0,0,0.0,0.0,0.0
1787,David Jones,2014,MC,36,0,21,3218,1.5607124958187342,0,2.0149611523374915,25,Burnley,0,0,0,1.5607124958187342,6.072743905708194,4.698091685771942
1788,Fredrik Ulvestad,2014,MC,2,0,0,67,0.0,0,0.0,0,Burnley,1,0,0,0.0,0.0566096007823944,0.0566096007823944
1789,Lewis Cook,2024,DMC,5,1,4,450,0.5319573283195496,0,0.7351495251059532,5,Bournemouth,3,0,1,0.5319573283195496,2.2025245428085327,1.6654280722141266
1789,Lewis Cook,2023,Sub,33,0,12,2799,0.4126169476658106,3,3.677735963836312,46,Bournemouth,5,1,0,0.4126169476658106,11.350567385554314,8.91490264236927
1789,Lewis Cook,2022,Sub,28,0,6,1694,0.183636961504817,2,2.3000271562486887,23,Bournemouth,4,0,0,0.183636961504817,4.647211663424969,3.693267986178398
1789,Lewis Cook,2019,MC,27,0,9,1331,0.2477534990757703,0,0.5486510917544365,11,Bournemouth,5,0,0,0.2477534990757703,3.170846275985241,2.713586503639817
1789,Lewis Cook,2018,Sub,13,0,4,718,0.1338292034342885,0,0.0561118014156818,2,Bournemouth,2,0,0,0.1338292034342885,2.290188994258642,2.1541220135986805
1789,Lewis Cook,2017,MC,29,0,18,2243,0.3666650988161564,2,1.453375750221312,28,Bournemouth,5,0,0,0.3666650988161564,5.817661484703422,4.649041110649705
1789,Lewis Cook,2016,MC,6,0,5,432,0.1000344008207321,2,0.4739302061498165,6,Bournemouth,1,0,0,0.1000344008207321,2.2568760849535465,1.7665081061422825
1790,Chuba Akpom,2014,Sub,3,0,2,23,0.5139970183372498,0,0.0,0,Arsenal,0,0,0,0.5139970183372498,0.5139970183372498,0.0
1791,Trent Alexander-Arnold,2024,DR,5,0,4,413,0.1675825919955968,1,2.598638743162155,13,Liverpool,1,0,0,0.1675825919955968,4.842525407671928,3.0458012744784355
1791,Trent Alexander-Arnold,2023,DR,28,3,47,2190,2.745258178561926,4,8.361615665256977,64,Liverpool,6,0,3,2.745258178561926,19.35842103511095,14.500512413680552
1791,Trent Alexander-Arnold,2022,DR,37,2,40,2954,1.8788890931755304,9,13.222441317513583,71,Liverpool,5,0,2,1.8788890931755304,21.868592441082,16.189754247665405
1791,Trent Alexander-Arnold,2021,DR,32,2,51,2856,2.192071607336402,12,12.68763641640544,90,Liverpool,2,0,2,2.192071607336402,21.091294214129448,11.988933326676488
1791,Trent Alexander-Arnold,2020,DR,36,2,55,3040,2.593059585429728,7,8.576367035508156,77,Liverpool,2,0,2,2.593059585429728,23.10788899287581,17.648911455646157
1791,Trent Alexander-Arnold,2019,DR,38,4,45,3183,3.084459664300084,13,11.166964124888182,86,Liverpool,5,0,4,3.084459664300084,20.636693626642227,13.597053237259388
1791,Trent Alexander-Arnold,2018,DR,29,1,29,2475,1.492277892306447,12,7.218852836638689,48,Liverpool,3,0,1,1.492277892306447,14.109509650617838,10.709449345245956
1791,Trent Alexander-Arnold,2017,DR,19,1,12,1582,0.9263144126161932,1,2.521920144557953,25,Liverpool,3,0,1,0.9263144126161932,9.207861479371786,7.057711023837328
1791,Trent Alexander-Arnold,2016,DR,7,0,3,165,0.204378105700016,0,0.0303824990987777,1,Liverpool,0,0,0,0.204378105700016,0.2775170058012008,0.042756900191307
1801,Pontus Jansson,2022,DC,12,1,4,724,0.1967248991131782,0,0.0,0,Brentford,0,0,1,0.1967248991131782,1.850629718974233,1.7343054097145796
1801,Pontus Jansson,2021,DC,37,3,22,3325,4.593423327431083,1,0.5605823006480932,5,Brentford,7,0,3,4.593423327431083,5.387516871094704,3.885910749435425
1804,Álvaro Morata,2018,FW,16,5,35,951,6.410974375903606,0,0.2148567996919155,7,Chelsea,3,0,5,6.410974375903606,7.641952961683273,1.6989029757678509
1804,Álvaro Morata,2017,Sub,31,11,79,2069,13.90470589697361,6,3.583240458741784,36,Chelsea,7,0,11,13.90470589697361,17.912711100652814,2.9470129888504744
1817,Mario Balotelli,2014,FW,16,1,56,936,5.241074638441205,0,0.4303749985992908,9,Liverpool,5,0,1,5.241074638441205,5.4852441139519215,0.637516425922513
1822,Antonio Rüdiger,2021,DC,34,3,48,3036,2.6754944901913404,0,0.7367037087678909,12,Chelsea,9,0,3,2.6754944901913404,17.81282993219793,17.00517813488841
1822,Antonio Rüdiger,2020,DC,19,1,14,1710,1.139935880899429,0,0.3058072980493307,4,Chelsea,0,0,1,1.139935880899429,9.13764899969101,9.04483500123024
1822,Antonio Rüdiger,2019,DC,20,2,12,1710,0.9304551919922232,0,1.177512563765049,5,Chelsea,3,0,2,0.9304551919922232,6.220142510719597,6.190629817545414
1822,Antonio Rüdiger,2018,DC,33,1,27,2875,2.6610578699037437,0,0.904785618185997,8,Chelsea,7,0,1,2.6610578699037437,8.752738546580076,7.824800149537623
1822,Antonio Rüdiger,2017,DC,27,2,16,2337,2.0695582795888186,1,0.5013577099889517,3,Chelsea,4,0,2,2.0695582795888186,9.169892122969031,9.077282639220355
1823,Lucas Digne,2024,DL,5,0,0,377,0.0,2,2.130833804607392,5,Aston Villa,0,0,0,0.0,2.598576620221138,2.2941111773252487
1823,Lucas Digne,2023,DL,33,1,20,2406,1.2978818826377392,3,2.9300744011998177,37,Aston Villa,7,0,1,1.2978818826377392,10.579740032553673,9.227116078138351
1823,Lucas Digne,2022,DL,28,1,8,1494,0.4971364550292492,0,1.567529585212469,18,Aston Villa,5,0,1,0.4971364550292492,4.502802707254887,3.2010582676157355
1823,Lucas Digne,2021,DL,16,0,9,1276,0.4978966079652309,4,1.8893178068101408,30,Aston Villa,2,0,0,0.4978966079652309,4.2967984937131405,2.9582636998966336
1823,Lucas Digne,2021,DL,13,0,9,1170,0.3633151967078447,0,1.630468006245792,22,Everton,4,0,0,0.3633151967078447,2.974281582981348,2.3469532225281
1823,Lucas Digne,2020,DL,30,0,13,2683,0.46404345985502,7,5.960711717605591,45,Everton,2,1,0,0.46404345985502,10.744328988716006,6.58903550170362
1823,Lucas Digne,2019,DL,35,0,29,3044,1.257189502939582,7,6.390029456466436,72,Everton,6,0,0,1.257189502939582,8.197328303009272,5.132400823757052
1823,Lucas Digne,2018,Sub,35,4,34,2968,1.1999895963817837,4,7.708522620610893,71,Everton,5,1,4,1.1999895963817837,9.515078864991665,5.531665774062276
1828,Alex Telles,2021,Sub,21,0,10,1659,0.4515142934396863,4,2.16702869720757,26,Manchester United,1,0,0,0.4515142934396863,7.514895491302013,6.459274772554636
1828,Alex Telles,2020,DL,9,0,5,696,0.1452345959842205,2,0.7849516943097115,12,Manchester United,0,0,0,0.1452345959842205,3.626065954566002,3.524719938635826
1830,Ionut Radu,2023,GK,2,0,0,180,0.0,0,0.0,0,Bournemouth,0,0,0,0.0,0.0,0.0
1883,Ravel Morrison,2019,Sub,1,0,1,11,0.0266938004642725,0,0.0,0,Sheffield United,0,0,0,0.0266938004642725,0.0,0.0
1883,Ravel Morrison,2014,Sub,1,0,0,31,0.0,0,0.0,0,West Ham,0,0,0,0.0,0.0,0.0
1942,Martín Cáceres,2016,DC,1,0,1,90,0.0255059991031885,0,0.0,0,Southampton,0,0,0,0.0255059991031885,0.1759919971227646,0.1759919971227646
1950,Martín Montoya,2019,DMR,27,0,8,1912,1.434309795498848,1,1.9423044212162492,21,Brighton,5,0,0,1.434309795498848,6.852789672091603,4.159861506894231
1950,Martín Montoya,2018,DR,25,0,8,2165,0.1871217992156744,1,1.1847683181986213,18,Brighton,4,0,0,0.1871217992156744,4.34337671007961,3.640393756330013
2065,Vicente Iborra,2018,Sub,8,0,2,220,0.27342139929533,0,0.1049669981002807,1,Leicester,0,0,0,0.27342139929533,0.2304291948676109,0.2304291948676109
2065,Vicente Iborra,2017,MC,19,3,14,1424,1.5937971249222755,0,0.4845300959423184,8,Leicester,0,0,3,1.5937971249222755,5.873558555729687,5.198550389148295
2072,Sergio Rico,2018,GK,29,0,0,2610,0.0,0,0.0764698013663292,2,Fulham,1,0,0,0.0,2.361589786596596,2.2851199889555573
2132,Jota,2019,Sub,10,0,6,328,0.2638003006577492,1,0.5682310946285725,4,Aston Villa,0,0,0,0.2638003006577492,1.558620523661375,0.849068209528923
2144,Alfred N'Diaye,2016,MC,15,1,10,1286,1.190684880129993,0,0.1391911972314119,4,Hull,7,0,1,1.190684880129993,1.7029674910008907,1.085763880982995
2147,Charly Musonda,2017,Sub,3,0,2,32,0.1108400002121925,1,0.5417490005493164,1,Chelsea,0,0,0,0.1108400002121925,0.71042400598526,0.5995840989053249
2163,Diego Llorente,2022,DC,8,0,6,646,0.301153801381588,0,0.0,0,Leeds,1,0,0,0.301153801381588,0.9053538031876088,0.9053538031876088
2163,Diego Llorente,2021,DC,28,3,10,2351,1.977920237928629,0,0.0478121004998683,2,Leeds,7,0,3,1.977920237928629,2.175657069310546,2.175657069310546
2163,Diego Llorente,2020,Sub,15,1,8,1208,0.9071680884808302,0,0.461230605840683,4,Leeds,1,0,1,0.9071680884808302,3.1332230530679226,2.109321676194668
2164,Pablo Hernández,2020,MC,16,0,15,403,1.4201891627162695,2,0.860271792858839,6,Leeds,1,0,0,1.4201891627162695,4.210413367021829,2.0219520539976656
2182,Jefferson Lerma,2024,Sub,3,0,2,120,0.0291877007111907,0,0.5695613995194435,2,Crystal Palace,1,0,0,0.0291877007111907,1.073166750371456,1.007744438946247
2182,Jefferson Lerma,2023,DMC,28,1,34,2413,2.384976907633245,1,2.4383071903139357,24,Crystal Palace,8,0,1,2.384976907633245,8.658741846680641,5.520685154944658
2182,Jefferson Lerma,2022,DC,37,5,35,3263,3.1550366831943397,0,2.628147560171783,18,Bournemouth,7,0,5,3.1550366831943397,7.719455648213625,5.278287973254919
2182,Jefferson Lerma,2019,MC,33,1,30,2724,0.8153309905901551,2,1.5313026988878846,11,Bournemouth,11,1,1,0.8153309905901551,8.758196957409382,8.174159379675984
2182,Jefferson Lerma,2018,MC,30,2,31,2527,1.0858129085972903,0,1.009784295223653,15,Bournemouth,12,0,2,1.0858129085972903,7.81013931427151,6.831547275185585
2190,Vicente Guaita,2022,GK,27,0,0,2430,0.0,0,0.0,0,Crystal Palace,1,0,0,0.0,1.4098752001300454,1.4098752001300454
2190,Vicente Guaita,2021,GK,30,0,0,2659,0.0,0,0.0,0,Crystal Palace,2,0,0,0.0,3.258348599076271,3.258348599076271
2190,Vicente Guaita,2020,GK,37,0,0,3330,0.0,0,0.0,0,Crystal Palace,2,0,0,0.0,1.4324400760233402,1.4324400760233402
2190,Vicente Guaita,2019,GK,35,0,0,3150,0.0,0,0.0,0,Crystal Palace,1,0,0,0.0,1.855646159499884,1.855646159499884
2190,Vicente Guaita,2018,GK,20,0,0,1754,0.0,0,0.0,0,Crystal Palace,2,0,0,0.0,0.5553675033152103,0.5553675033152103
2192,Santiago Vergini,2014,DR,31,0,13,2638,1.092772277072072,0,0.1561556970700621,5,Sunderland,6,0,0,1.092772277072072,3.385348416864872,2.7836813889443874
2199,Pablo Sarabia,2024,Sub,2,0,2,18,0.0475410893559455,0,0.0,0,Wolverhampton Wanderers,0,0,0,0.0475410893559455,0.0637490823864936,0.0162079948931932
2199,Pablo Sarabia,2023,FW,30,4,46,1763,5.981299871578813,7,6.066077848896384,52,Wolverhampton Wanderers,5,0,2,4.458962256088853,10.232647370547056,3.582952373661101
2199,Pablo Sarabia,2022,Sub,13,1,20,788,2.5362928099930286,0,0.7747617959976196,11,Wolverhampton Wanderers,3,0,1,2.5362928099930286,3.5684401094913483,1.4430569261312485
2203,Emiliano Buendía,2024,Sub,2,0,0,2,0.0,0,0.0,0,Aston Villa,0,0,0,0.0,0.1135372444987297,0.1135372444987297
2203,Emiliano Buendía,2022,Sub,38,5,49,2446,5.6266536470502615,2,4.373138631694019,40,Aston Villa,0,0,5,5.6266536470502615,15.272164912894368,7.626095078885555
2203,Emiliano Buendía,2021,AMC,35,4,44,1907,3.0539291193708777,6,4.653005113825202,47,Aston Villa,1,0,4,3.0539291193708777,10.573566023260357,5.318296255543828
2203,Emiliano Buendía,2019,AMR,36,1,40,2462,2.1698673060163856,7,7.190957980230451,83,Norwich,6,1,1,2.1698673060163856,12.547951987944543,7.51115495711565
2243,Keylor Navas,2022,GK,17,0,0,1530,0.0,0,0.0,0,Nottingham Forest,2,0,0,0.0,1.1775650382041931,1.1775650382041931
2244,Danilo,2018,DR,11,1,14,806,0.4177701007574796,0,0.1260168962180614,4,Manchester City,1,0,1,0.4177701007574796,8.112218901515007,7.764467999339104
2244,Danilo,2017,ML,23,3,19,1338,1.246730917133391,2,0.1910918019711971,5,Manchester City,2,0,3,1.246730917133391,14.04324758052826,12.88989259302616
2245,Raphael Varane,2023,DC,22,1,8,1374,1.1560358591377735,0,0.0810448750853538,1,Manchester United,2,0,1,1.1560358591377735,4.322573345154524,3.4524471573531628
2245,Raphael Varane,2022,Sub,24,0,8,1918,0.911432646214962,0,0.1431176997721195,4,Manchester United,1,0,0,0.911432646214962,6.672149233520031,6.56157923489809
2245,Raphael Varane,2021,DC,22,1,9,1823,0.7494999002665281,1,0.213959701359272,4,Manchester United,0,0,1,0.7494999002665281,5.67289936542511,5.46038194745779
2248,Casemiro,2024,DMC,4,0,6,232,0.1808372437953949,0,0.7596358060836792,3,Manchester United,0,0,0,0.1808372437953949,2.176219999790192,1.3134865015745163
2248,Casemiro,2023,DMC,25,1,38,2006,3.123898906633258,2,1.3856250941753387,16,Manchester United,7,0,1,3.123898906633258,8.275429267436266,6.855192001909018
2248,Casemiro,2022,Sub,28,4,34,2127,3.140908549539745,3,3.8724323799833655,28,Manchester United,7,2,4,3.140908549539745,18.88839770667255,13.882083844393492
2249,James Rodríguez,2020,FWR,23,6,37,1802,3.363535486161709,4,5.439712628722191,40,Everton,4,0,6,3.363535486161709,12.033014222979546,7.104172067716718
2251,Gareth Bale,2020,Sub,20,11,38,909,5.797856383025646,2,1.842241832986474,21,Tottenham,1,0,11,5.797856383025646,8.149641066789627,2.594512384850532
2254,Mateo Kovacic,2024,DMC,5,1,6,356,0.2315915897488594,0,0.1888839155435562,7,Manchester City,1,0,1,0.2315915897488594,1.7156761549413204,1.4883307702839377
2254,Mateo Kovacic,2023,Sub,30,1,22,1540,1.42939617857337,0,1.6855967957526443,21,Manchester City,4,0,1,1.42939617857337,13.513947013765574,12.226292986422775
2254,Mateo Kovacic,2022,Sub,27,1,23,1700,1.3262846283614635,2,1.793226939626038,23,Chelsea,8,0,1,1.3262846283614635,8.143409481272101,5.918664623051882
2254,Mateo Kovacic,2021,MC,25,2,22,1541,1.6888320790603757,5,4.118140805512667,27,Chelsea,4,0,2,1.6888320790603757,12.851385869085789,9.87372001633048
2254,Mateo Kovacic,2020,DMC,27,0,23,1833,0.9314175006002188,1,1.915258969180286,21,Chelsea,4,0,0,0.9314175006002188,14.808719574473798,13.035788065753875
2254,Mateo Kovacic,2019,DMC,31,1,21,2086,0.9726599100977182,3,1.8484535096213224,28,Chelsea,8,0,1,0.9726599100977182,10.112224645912647,9.03537982609123
2254,Mateo Kovacic,2018,Sub,32,0,28,1756,2.017642108723521,2,2.0133507903665304,25,Chelsea,3,0,0,2.017642108723521,8.756806146353483,6.003147626295686
2256,Jesé,2017,AMC,13,1,12,619,0.9122485872358084,1,0.5384611915796995,9,Stoke,0,0,1,0.9122485872358084,1.3259967137128117,0.1655811015516519
2259,Kiko Casilla,2020,GK,3,0,0,270,0.0,0,0.0,0,Leeds,0,0,0,0.0,0.2695691958069801,0.2695691958069801
2265,Filipe Luis,2014,Sub,15,0,5,940,0.2597896968945861,0,0.4944403991103172,10,Chelsea,1,0,0,0.2597896968945861,4.816306881606579,4.59536337852478
2266,Saúl Ñíguez,2021,MC,10,0,5,477,0.1444712989032268,0,0.1898052990436554,3,Chelsea,1,0,0,0.1444712989032268,4.023326203227043,3.706917472183704
2274,Luciano Vietto,2018,Sub,20,1,24,975,2.840805448591709,4,2.4374761302024126,22,Fulham,1,0,1,2.840805448591709,8.292676419019699,3.322937174700201
2280,Jonny,2023,Sub,1,0,0,1,0.0,0,0.0,0,Wolverhampton Wanderers,0,0,0,0.0,0.0,0.0
2280,Jonny,2022,DR,18,1,9,1257,0.1871340097859501,0,0.5784888137131929,5,Wolverhampton Wanderers,3,1,1,0.1871340097859501,4.236576620489359,3.6351590380072594
2280,Jonny,2021,Sub,13,2,10,1020,0.8668940085917711,0,1.1285741068422794,11,Wolverhampton Wanderers,1,0,2,0.8668940085917711,3.149478251114488,1.741608222015202
2280,Jonny,2020,DML,7,0,1,505,0.0517047010362148,0,0.050900800153613,2,Wolverhampton Wanderers,0,0,0,0.0517047010362148,0.3334942162036896,0.2308886107057333
2280,Jonny,2019,DML,35,2,19,2907,1.6140431929379702,2,1.5668130051344633,23,Wolverhampton Wanderers,4,0,2,1.6140431929379702,10.034510375000536,7.451252195052803
2280,Jonny,2018,DML,33,1,25,2792,1.848593787290156,1,1.7633734866976738,31,Wolverhampton Wanderers,6,0,1,1.848593787290156,6.935839602723718,4.472828894853592
2308,Denis Suárez,2018,Sub,4,0,0,59,0.0,0,0.0,0,Arsenal,0,0,0,0.0,0.0435972996056079,0.0435972996056079
2310,Alphonse Areola,2024,GK,5,0,0,408,0.0,0,0.0,0,West Ham,0,0,0,0.0,0.1218288242816925,0.1218288242816925
2310,Alphonse Areola,2023,GK,31,0,0,2715,0.0,0,0.0,0,West Ham,1,0,0,0.0,1.7693296167999506,1.7693296167999506
2310,Alphonse Areola,2022,Sub,5,0,0,305,0.0,0,0.0,0,West Ham,0,0,0,0.0,0.1645716931670904,0.1645716931670904
2310,Alphonse Areola,2021,GK,1,0,0,90,0.0,0,0.0,0,West Ham,0,0,0,0.0,0.0,0.0
2310,Alphonse Areola,2020,GK,36,0,0,3240,0.0,0,0.0,0,Fulham,2,0,0,0.0,3.5553304702043533,3.5553304702043533
2311,Roberto Soldado,2014,Sub,24,1,21,776,3.3873679926618934,1,1.1983178947120905,9,Tottenham,1,0,1,2.626201032660901,4.363311536610127,0.9901757333427668
2321,Jonás Gutiérrez,2014,DL,10,1,10,629,0.3043811917304992,1,0.6231456268578768,5,Newcastle United,4,0,1,0.3043811917304992,1.368333589285612,1.048758527263999
2328,Thomas Partey,2024,MC,5,1,3,450,0.1326975300908088,0,0.1993578970432281,4,Arsenal,2,0,1,0.1326975300908088,2.4027774408459663,2.162754870951176
2328,Thomas Partey,2023,DR,14,0,8,793,0.3642031662166118,0,0.4302750788629055,6,Arsenal,3,0,0,0.3642031662166118,5.986752610653639,5.494942259043455
2328,Thomas Partey,2022,DMC,33,3,28,2484,2.229622021317482,0,1.9341314993798733,26,Arsenal,5,0,3,2.229622021317482,17.83293619006872,16.650026205927134
2328,Thomas Partey,2021,Sub,24,2,44,2045,3.022720468230545,1,0.8679594974964857,16,Arsenal,6,0,2,3.022720468230545,9.639081802219152,8.366636365652084
2328,Thomas Partey,2020,Sub,24,0,26,1543,1.157276201993227,2,1.1210453063249588,12,Arsenal,5,0,0,1.157276201993227,7.274703920818865,5.83660644851625
2329,Jesús Gámez,2017,Sub,2,0,1,96,0.0312503986060619,0,0.1256378013640642,4,Newcastle United,0,0,0,0.0312503986060619,0.1973175033926963,0.0665100999176502
2335,Pablo Fornals,2023,AMC,15,0,7,392,0.2919035069644451,0,0.5666238348931074,5,West Ham,0,0,0,0.2919035069644451,1.448173340409994,0.9896499309688808
2335,Pablo Fornals,2022,AML,32,3,27,1507,1.7289359364658594,1,2.018738079816103,19,West Ham,0,0,3,1.7289359364658594,6.236087362281978,2.813890845514834
2335,Pablo Fornals,2021,AML,36,6,44,2805,5.137447626329958,3,5.967042115516961,47,West Ham,4,0,6,5.137447626329958,17.674583863466978,8.343821020796895
2335,Pablo Fornals,2020,AML,33,5,50,2603,6.749409511685371,4,2.532994632609189,31,West Ham,3,0,5,6.749409511685371,16.320038326084614,8.427109494805336
2335,Pablo Fornals,2019,Sub,36,2,36,2190,2.643428330309689,5,2.299053318798542,19,West Ham,3,0,2,2.643428330309689,7.556357577443123,4.669498210772872
2344,Christian Atsu,2019,Sub,19,0,5,733,0.2463568989187479,3,0.7123024966567755,13,Newcastle United,2,0,0,0.2463568989187479,1.5334887094795704,0.707305395975709
2344,Christian Atsu,2018,Sub,28,1,28,1464,2.146552088670433,0,1.7553911916911602,18,Newcastle United,2,0,1,2.146552088670433,5.759218544699252,2.516271322965622
2344,Christian Atsu,2017,AML,28,2,35,1777,3.966686042025685,2,2.780285203829408,24,Newcastle United,1,0,2,3.966686042025685,8.168672969564795,2.442897519096732
2344,Christian Atsu,2014,Sub,5,0,4,108,0.2264489009976387,1,1.3633009791374209,5,Everton,0,0,0,0.2264489009976387,2.257687985897064,1.2342770099639893
2356,Roque Mesa,2017,DMC,11,0,7,762,0.1345084989443421,0,0.1279144017025828,5,Swansea,3,0,0,0.1345084989443421,0.6647782996296883,0.4822509083896875
2361,Willian José,2020,Sub,17,1,19,1123,1.4292719885706902,0,1.2711049672216177,12,Wolverhampton Wanderers,0,0,1,1.4292719885706902,2.07121398486197,0.7192586064338684
2371,Cristiano Ronaldo,2022,Sub,10,1,25,517,2.1407179944217205,0,0.3078578971326351,6,Manchester United,2,0,1,2.1407179944217205,2.957992848008871,0.9433596841990948
2371,Cristiano Ronaldo,2021,FW,30,18,110,2468,17.212831899523735,3,4.424962695688009,26,Manchester United,8,0,15,14.929328348487616,23.253704860806465,7.720637893304229
2379,João Cancelo,2022,DL,17,2,17,1289,0.5918373949825764,1,0.8360136020928621,12,Manchester City,3,1,2,0.5918373949825764,8.179260186851025,7.247300129383802
2379,João Cancelo,2021,DR,36,1,81,3233,4.544122601859272,7,6.009325062856078,39,Manchester City,7,0,1,4.544122601859272,26.887531492859125,21.15214002132416
2379,João Cancelo,2020,MC,28,2,35,2309,1.865636110305786,3,5.177639778703451,45,Manchester City,5,1,2,1.865636110305786,18.10572186857462,14.480543030425906
2379,João Cancelo,2019,Sub,17,0,15,1198,0.5605656001716852,0,2.9995753997936845,17,Manchester City,4,0,0,0.5605656001716852,14.226686300709844,11.60988806374371
2381,Rodrigo,2022,AMC,31,13,67,1955,8.572983920574188,1,2.298705962486565,16,Leeds,6,0,12,7.811814919114113,10.81273386068642,3.450525519438088
2381,Rodrigo,2021,AMC,31,6,48,2280,5.610643168911338,1,3.645213108509779,39,Leeds,9,0,5,4.849474174901843,10.851464843377473,3.628703510388732
2381,Rodrigo,2020,Sub,26,7,46,1285,5.755638722330332,2,3.200528811663389,31,Leeds,3,0,7,5.755638722330332,10.815974995493889,4.34865191206336
2383,André Gomes,2023,Sub,12,1,8,476,0.3153491877019405,0,0.2601973935961723,3,Everton,4,0,1,0.3153491877019405,1.3486489057540894,0.9295541495084764
2383,André Gomes,2021,Sub,14,0,14,621,0.9899690942838788,1,0.1564361015334725,4,Everton,3,0,0,0.9899690942838788,1.5198938827961683,0.4981835959479213
2383,André Gomes,2020,MC,28,0,14,1574,0.4271283652633428,1,1.0544498888775706,15,Everton,3,0,0,0.4271283652633428,5.508418911136687,4.3762846030294895
2383,André Gomes,2019,DMC,19,0,5,1457,0.2068475028499961,1,1.1045076744630933,11,Everton,6,0,0,0.2068475028499961,5.090313262306154,3.942983694374561
2383,André Gomes,2018,DMC,27,1,21,2001,1.3925831858068705,1,0.664130412042141,6,Everton,7,0,1,1.3925831858068705,6.85144978761673,5.686358939856291
2385,Mat Ryan,2020,GK,11,0,0,990,0.0,0,0.0,0,Brighton,1,0,0,0.0,1.2280144691467283,1.2280144691467283
2385,Mat Ryan,2020,GK,3,0,0,270,0.0,0,0.060327298939228,1,Arsenal,0,0,0,0.0,0.4281695932149887,0.4281695932149887
2385,Mat Ryan,2019,GK,38,0,0,3420,0.0,0,0.0,0,Brighton,0,0,0,0.0,4.3156101051718,4.3156101051718
2385,Mat Ryan,2018,GK,34,0,0,3060,0.0,0,0.0,0,Brighton,2,0,0,0.0,0.953547933138907,0.953547933138907
2385,Mat Ryan,2017,GK,38,0,0,3420,0.0,0,0.0,0,Brighton,0,0,0,0.0,0.6440804554149508,0.6440804554149508
2390,Víctor Camarasa,2019,Sub,1,0,0,3,0.0,0,0.0,0,Crystal Palace,0,0,0,0.0,0.0653771981596946,0.0653771981596946
2390,Víctor Camarasa,2018,MC,32,5,41,2606,3.9079403346404433,4,3.626392032951117,50,Cardiff,6,0,4,3.1467713182792068,7.982397653162479,4.113609762862325
2413,Steven N'Zonzi,2014,DMC,38,3,47,3381,2.5446494994685054,1,1.7871553907170892,34,Stoke,2,0,3,2.5446494994685054,9.022656857967377,6.257574846968055
2414,Grzegorz Krychowiak,2017,DMC,27,0,15,1644,0.4655823772773146,2,1.7196662784554064,13,West Bromwich Albion,2,0,0,0.4655823772773146,3.614704802632332,1.9804867003113031
2446,Dani Ceballos,2020,Sub,25,0,13,1613,0.6592578887939453,3,2.578972002491355,27,Arsenal,4,0,0,0.6592578887939453,9.275819662958384,8.116629021242261
2446,Dani Ceballos,2019,Sub,24,0,13,1722,0.4700739942491054,2,1.5761437863111496,28,Arsenal,1,0,0,0.4700739942491054,8.6631198246032,7.352911818772554
2478,Carlos Soler,2024,Sub,2,0,2,53,0.0804567709565162,0,0.0,0,West Ham,2,0,0,0.0804567709565162,0.1014981493353843,0.0210413821041584
2496,Rodri,2024,Sub,2,0,0,59,0.0,0,0.0520608685910701,1,Manchester City,0,0,0,0.0,1.4455500841140747,1.4455500841140747
2496,Rodri,2023,DMC,34,8,62,2967,4.294270480051637,9,5.32604681327939,50,Manchester City,8,1,8,4.294270480051637,31.6230084002018,26.291744768619537
2496,Rodri,2022,MC,36,2,50,2938,4.119232214987278,6,4.539481725543737,32,Manchester City,5,0,2,4.119232214987278,26.80197256803513,23.071657463908195
2496,Rodri,2021,MC,33,7,45,2901,2.718254609964788,2,1.552179705351591,27,Manchester City,5,0,7,2.718254609964788,26.259763911366463,23.95590011030436
2496,Rodri,2020,DMC,34,2,32,2751,2.659903080202639,2,2.3353829346597195,33,Manchester City,6,0,1,1.8987347027286887,20.85733690112829,18.96581632643938
2496,Rodri,2019,MC,35,3,24,2488,0.7440792061388493,2,2.910294508561492,33,Manchester City,8,0,3,0.7440792061388493,22.697251569479704,21.21717146784067
2498,Aymeric Laporte,2023,Sub,1,0,1,6,0.1122824624180793,0,0.0,0,Manchester City,0,0,0,0.1122824624180793,0.0,0.0
2498,Aymeric Laporte,2022,Sub,12,0,10,993,0.7524237418547273,0,0.212882986292243,6,Manchester City,0,0,0,0.7524237418547273,3.6240071300417194,3.525606259703636
2498,Aymeric Laporte,2021,DC,33,4,35,2848,4.454536762088537,0,0.6116274017840624,9,Manchester City,5,1,4,4.454536762088537,18.63745391741395,18.220567310228944
2498,Aymeric Laporte,2020,DC,16,0,6,1335,0.8423398248851299,0,0.5778952986001968,5,Manchester City,1,0,0,0.8423398248851299,6.243811890482903,6.243811890482903
2498,Aymeric Laporte,2019,DC,15,1,4,1112,0.7192277908325195,0,0.1790370009839534,3,Manchester City,1,0,1,0.7192277908325195,7.432041570544243,7.252393588423729
2498,Aymeric Laporte,2018,DC,35,3,26,3059,3.752195530571044,3,0.8390768077224493,13,Manchester City,3,0,3,3.752195530571044,22.0732327606529,21.05890560336411
2498,Aymeric Laporte,2017,DC,9,0,3,808,0.0780207002535462,0,0.139114299789071,2,Manchester City,1,0,0,0.0780207002535462,5.342655055224896,5.125519059598446
2509,Dimitri Foulquier,2019,MR,3,0,0,52,0.0,0,0.0,0,Watford,0,0,0,0.0,0.0,0.0
2517,Martin Odegaard,2024,MC,3,0,3,258,0.8103491570800543,0,0.5694304332137108,5,Arsenal,1,0,0,0.8103491570800543,1.950929969549179,0.9521924331784248
2517,Martin Odegaard,2023,MC,35,8,77,3117,7.670226177200675,10,11.577396512031555,102,Arsenal,2,0,6,6.147925289347768,29.81505699455738,18.13802364096045
2517,Martin Odegaard,2022,AMC,37,15,93,3203,9.137760860845448,7,9.209956639446318,77,Arsenal,4,0,15,9.137760860845448,27.893760193139315,15.047104069963098
2517,Martin Odegaard,2021,MC,36,7,53,2803,4.223581701517105,4,6.601951729506254,75,Arsenal,4,0,7,4.223581701517105,18.23505182750523,10.91330983582884
2517,Martin Odegaard,2020,Sub,14,1,15,865,0.618740500882268,2,1.9558854773640637,19,Arsenal,0,0,1,0.618740500882268,5.297232031822205,4.07069668546319
2537,Sandro Ramírez,2017,FW,8,0,9,278,0.4855107013136148,0,0.0733463019132614,1,Everton,0,0,0,0.4855107013136148,0.9396238923072816,0.4639226049184799
2587,Fabri,2018,GK,2,0,0,180,0.0,0,0.0,0,Fulham,0,0,0,0.0,0.5434600114822388,0.5434600114822388
2588,Antolin Alcaraz,2014,DC,8,0,2,516,0.1200581975281238,0,0.0,0,Everton,1,1,0,0.1200581975281238,1.5727776065468788,1.5727776065468788
2640,Erik Durm,2018,Sub,28,0,10,2049,0.2812918983399868,1,0.472563399001956,11,Huddersfield,0,0,0,0.2812918983399868,2.399243177846074,1.891696692444384
2641,Jon Gorenc Stankovic,2018,MC,11,1,9,728,1.4576160050928593,0,0.116366297006607,2,Huddersfield,2,0,1,1.4576160050928593,1.2240198943763971,0.4567290060222149
2662,Christian Pulisic,2022,Sub,24,1,18,779,1.8723955135792492,1,0.4368242975324392,12,Chelsea,1,0,1,1.8723955135792492,3.675874702632427,1.6829779082909226
2662,Christian Pulisic,2021,AMC,22,6,28,1276,6.095077484846115,2,1.2932879086583853,15,Chelsea,2,0,6,6.095077484846115,8.857735266909003,2.1257924009114504
2662,Christian Pulisic,2020,Sub,27,4,43,1739,6.775410307571292,2,2.761231416836381,25,Chelsea,2,0,4,6.775410307571292,14.59386957809329,7.101113624870777
2662,Christian Pulisic,2019,Sub,25,9,63,1738,8.925187893211842,4,4.296079449355602,30,Chelsea,0,0,9,8.925187893211842,16.746657617390156,7.069775715470314
2673,Albian Ajeti,2019,Sub,9,0,3,114,0.2023516036570072,0,0.0387438014149665,2,West Ham,0,0,0,0.2023516036570072,0.2733321003615856,0.0322364009916782
2674,Thilo Kehrer,2023,Sub,4,0,0,12,0.0,0,0.0,0,West Ham,2,0,0,0.0,0.0920761972665786,0.0920761972665786
2674,Thilo Kehrer,2022,DC,27,0,8,2228,0.654550208710134,2,0.7119171218946576,8,West Ham,4,0,0,0.654550208710134,4.627194926142693,4.006118912249804
2958,Oleksandr Zinchenko,2024,DL,2,0,0,76,0.0,0,0.0,0,Arsenal,0,0,0,0.0,0.870730459690094,0.870730459690094
2958,Oleksandr Zinchenko,2023,Sub,27,1,17,1742,0.5664580916054547,2,3.02644526027143,29,Arsenal,2,0,1,0.5664580916054547,9.755152989178896,8.132995340973139
2958,Oleksandr Zinchenko,2022,DL,27,1,27,2179,1.1754031758755443,2,1.958403613418341,19,Arsenal,3,0,1,1.1754031758755443,16.560254206880927,14.842034140601754
2958,Oleksandr Zinchenko,2021,Sub,15,0,12,1026,0.4874951988458633,4,2.3100200556218624,16,Manchester City,0,0,0,0.4874951988458633,12.096755243837832,9.83130233734846
2958,Oleksandr Zinchenko,2020,Sub,20,0,16,1473,0.6606589006260037,0,1.0854992978274822,15,Manchester City,0,0,0,0.6606589006260037,9.494372241199017,8.718505561351776
2958,Oleksandr Zinchenko,2019,DL,19,0,16,1265,0.4770019007846713,0,2.0930051282048225,20,Manchester City,0,1,0,0.4770019007846713,10.344594731926918,9.809204554185271
2958,Oleksandr Zinchenko,2018,DL,14,0,7,1153,0.2092202985659241,3,1.717051662504673,12,Manchester City,1,0,0,0.2092202985659241,9.430881664156914,8.520946681499481
2958,Oleksandr Zinchenko,2017,Sub,8,0,5,534,0.0907929968088865,0,0.352420100942254,8,Manchester City,1,0,0,0.0907929968088865,3.20258629322052,3.0983963422477245
3203,Issa Diop,2024,DC,4,0,1,275,0.0801490172743797,0,0.0553504973649978,1,Fulham,0,0,0,0.0801490172743797,1.1789806336164474,1.1789806336164474
3203,Issa Diop,2023,DC,18,0,5,1435,0.2687341887503862,0,0.0,0,Fulham,2,1,0,0.2687341887503862,2.9229609984904528,2.9229609984904528
3203,Issa Diop,2022,Sub,25,1,3,2004,0.1913936026394367,0,0.5267390348017216,2,Fulham,2,0,1,0.1913936026394367,3.169893989339471,3.1547346897423267
3203,Issa Diop,2021,DC,13,0,2,964,0.0562740005552768,1,0.2918309867382049,1,West Ham,0,0,0,0.0562740005552768,2.02760973572731,1.7357787489891052
3203,Issa Diop,2020,DC,18,2,3,1379,0.9535319805145264,0,0.0177795998752117,1,West Ham,3,0,2,0.9535319805145264,2.147920305840671,1.8317228211089969
3203,Issa Diop,2019,DC,32,3,16,2767,1.79526306129992,1,1.828402679413557,5,West Ham,8,0,3,1.79526306129992,3.843444187194109,3.618653181940317
3203,Issa Diop,2018,DC,33,1,12,2970,1.2607346326112747,0,0.1829817984253168,4,West Ham,4,0,1,1.2607346326112747,4.3996225874871016,4.136058589443564
3231,Kamil Grosicki,2020,Sub,3,0,3,151,0.1092490032315254,1,0.5663559958338737,3,West Bromwich Albion,0,0,0,0.1092490032315254,0.1650134995579719,0.0179620999842882
3231,Kamil Grosicki,2016,Sub,15,0,29,1145,2.034929482266307,3,3.488165456801653,23,Hull,1,0,0,2.034929482266307,4.849022433161736,0.5821810998022556
3253,Frederic Guilbert,2019,DR,25,0,8,2045,0.4175966046750545,2,1.3897649087011814,13,Aston Villa,6,0,0,0.4175966046750545,4.420984271913767,3.741675427183509
3270,Rafael,2014,DR,10,0,2,587,0.0832101013511419,1,0.6008911095559597,6,Manchester United,2,0,0,0.0832101013511419,2.131751316599548,1.9162602042779329
3276,Rachid Ghezzal,2018,Sub,19,1,19,731,1.3734111953526735,0,1.7269101543352008,16,Leicester,3,0,1,1.3734111953526735,2.509328318759799,1.299527713097632
3277,Alexandre Lacazette,2021,Sub,30,4,46,1800,7.625774389132857,7,3.2550142742693424,29,Arsenal,0,0,2,5.342271422967315,9.149895284324884,3.0975794158875942
3277,Alexandre Lacazette,2020,FW,31,13,45,1939,12.02891095355153,2,2.2092133089900017,22,Arsenal,3,0,10,9.745402950793505,14.36154376156628,2.937945641577244
3277,Alexandre Lacazette,2019,FW,30,10,52,1890,8.664644362404943,4,3.342292783781886,24,Arsenal,8,0,10,8.664644362404943,12.061309602111578,2.5056339018046856
3277,Alexandre Lacazette,2018,Sub,35,13,81,2498,12.033688011579216,8,4.100150818936527,31,Arsenal,2,0,13,12.033688011579216,22.075848444364965,8.813797890208662
3277,Alexandre Lacazette,2017,FW,32,14,67,2235,13.831237014383078,4,4.839555331505835,36,Arsenal,1,0,12,12.30889869108796,20.89856270700693,6.22862989269197
3278,Maxwel Cornet,2024,Sub,1,0,0,22,0.0,0,0.0,0,Southampton,1,0,0,0.0,0.0,0.0
3278,Maxwel Cornet,2023,Sub,7,1,4,101,0.5305153168737888,0,0.1610036846250295,4,West Ham,0,0,1,0.5305153168737888,0.6300216317176819,0.1063233092427253
3278,Maxwel Cornet,2022,Sub,14,0,9,216,1.092479458078742,0,0.0942045971751213,1,West Ham,0,0,0,1.092479458078742,1.4774199482053518,0.2907355017960071
3278,Maxwel Cornet,2021,Sub,26,9,47,1790,6.714042469859123,1,1.7581321336328983,15,Burnley,2,0,9,5.952873468399048,8.556580606848001,2.590579451993108
3288,Thiago Silva,2023,DC,31,3,14,2530,0.7915211245417595,1,1.4041369603946805,9,Chelsea,4,0,3,0.7915211245417595,14.303374078124762,14.190275978296995
3288,Thiago Silva,2022,DC,27,0,15,2352,1.4437993383035064,2,0.573215376585722,5,Chelsea,2,0,0,1.4437993383035064,6.4073407761752605,5.8827359434217215
3288,Thiago Silva,2021,Sub,32,3,18,2638,1.073761511594057,0,0.2539438009262085,7,Chelsea,2,0,3,1.073761511594057,18.045891776680943,17.84714175015688
3288,Thiago Silva,2020,DC,23,2,13,1938,1.3205458130687475,0,0.2914941012859344,5,Chelsea,3,1,2,1.3205458130687475,7.842857085168362,7.636917650699615
3290,Benjamin Stambouli,2014,Sub,12,0,2,448,0.0606999993324279,0,0.0652042012661695,3,Tottenham,4,0,0,0.0606999993324279,0.7637710124254227,0.696203900501132
3293,Lucas Moura,2022,Sub,15,1,4,117,0.7378932386636734,0,0.2311347499489784,4,Tottenham,0,1,1,0.7378932386636734,1.0805886834859848,0.3839656338095665
3293,Lucas Moura,2021,AMR,34,2,37,1770,3.363734805956483,6,5.320137379691005,34,Tottenham,4,0,2,3.363734805956483,13.466605968773363,6.767043702304363
3293,Lucas Moura,2020,AMR,30,3,18,1392,1.9466329012066128,4,2.064034544862807,16,Tottenham,1,0,3,1.9466329012066128,7.514042437076569,5.20006918348372
3293,Lucas Moura,2019,FW,35,4,56,2261,5.582068298943341,4,3.2798845916986465,35,Tottenham,3,0,4,5.582068298943341,10.088381012901664,3.1787787191569805
3293,Lucas Moura,2018,AMC,32,10,45,2133,7.591318631544709,0,1.659077689051628,27,Tottenham,3,0,10,7.591318631544709,13.82256492599845,6.854321010410786
3293,Lucas Moura,2017,Sub,6,0,5,208,0.1636409582570195,1,0.3143129982054233,6,Tottenham,0,0,0,0.1636409582570195,2.206552304327488,1.88227803632617
3294,Edinson Cavani,2021,Sub,15,2,18,745,3.725320629775524,1,1.2471088040620089,7,Manchester United,0,0,2,3.725320629775524,4.9041747860610485,0.6423901002854109
3294,Edinson Cavani,2020,Sub,26,10,34,1355,8.603237739764154,3,2.3172431979328394,14,Manchester United,4,0,10,8.603237739764154,12.259185567498209,2.7306441962718964
3298,Layvin Kurzawa,2022,DL,3,0,0,138,0.0,0,0.0,0,Fulham,1,0,0,0.0,0.0,0.0
3300,Christopher Nkunku,2024,AML,5,1,3,101,1.1696301698684692,0,0.2028014622628688,3,Chelsea,0,0,1,1.1696301698684692,1.6577352359890938,0.3733464106917381
3300,Christopher Nkunku,2023,Sub,11,3,16,416,2.412173550575972,0,0.2275804504752159,3,Chelsea,0,0,3,2.412173550575972,4.83782403729856,2.7286274563521147
3303,Ricardo Pereira,2022,Sub,10,1,2,450,0.0841288976371288,1,0.4153192117810249,7,Leicester,2,0,1,0.0841288976371288,1.4952941313385963,1.1759900078177452
3303,Ricardo Pereira,2021,DR,14,1,10,1000,0.5782482028007507,3,1.4025978948920963,10,Leicester,3,0,1,0.5782482028007507,5.104849815368652,4.257838945835829
3303,Ricardo Pereira,2020,Sub,15,0,7,954,0.3633932918310165,1,0.7606751918792725,10,Leicester,3,0,0,0.3633932918310165,4.405816070735455,3.736775122582912
3303,Ricardo Pereira,2019,DR,28,3,18,2520,1.26523310970515,2,4.018955676816404,27,Leicester,1,0,3,1.26523310970515,11.059816289693115,8.115902069956064
3303,Ricardo Pereira,2018,AMR,35,2,25,3129,1.1817344026640058,6,5.129706803709269,33,Leicester,7,0,2,1.1817344026640058,11.345705421641467,8.283478603698313
3304,Maxime Le Marchand,2020,Sub,2,0,1,118,0.0095063298940658,0,0.0,0,Fulham,2,0,0,0.0095063298940658,0.2469170093536377,0.2469170093536377
3304,Maxime Le Marchand,2018,DC,26,0,5,2251,0.1570365987718105,1,0.8136741546913981,9,Fulham,5,0,0,0.1570365987718105,5.662331575527787,5.061258574947715
3312,Jean Michael Seri,2018,MC,32,1,19,2274,0.8207028480246663,2,4.03610098734498,57,Fulham,6,0,1,0.8207028480246663,9.21380839496851,8.05551421828568
3328,Floyd Ayité,2018,Sub,16,1,7,441,0.3542614988982677,0,0.4988726023584604,9,Fulham,0,0,1,0.3542614988982677,1.0381958167999985,0.3854190036654472
3357,Djibril Sidibe,2019,Sub,25,0,12,1806,0.3015669053420424,4,2.564887225627899,19,Everton,3,0,0,0.3015669053420424,7.775434629991651,5.019267577677965
3358,Ibrahim Amadou,2019,Sub,11,0,6,757,0.5927503108978271,0,0.0502861998975276,1,Norwich,1,0,0,0.5927503108978271,1.2464549839496613,1.1509819775819778
3364,Morgan Amalfitano,2014,Sub,24,3,19,1174,2.623760821297765,1,0.99939120747149,10,West Ham,3,0,3,2.623760821297765,5.837719803676009,3.05675688944757
3387,Nicolas N'Koulou,2021,Sub,3,0,0,167,0.0,0,0.0129845002666115,1,Watford,0,0,0,0.0,0.0964711010456085,0.0964711010456085
3389,Benjamin Mendy,2021,DL,1,0,0,80,0.0,0,0.2885279953479767,2,Manchester City,0,0,0,0.0,0.1654050052165985,0.1329309940338134
3389,Benjamin Mendy,2020,DL,13,2,6,955,0.3341406993567943,1,0.3014400042593479,5,Manchester City,2,0,2,0.3341406993567943,2.7691371738910675,2.348603025078773
3389,Benjamin Mendy,2019,DL,19,0,10,1508,0.3174634035676718,3,1.6260080877691507,21,Manchester City,3,0,0,0.3174634035676718,10.95017634704709,10.008164498955011
3389,Benjamin Mendy,2018,DL,10,0,7,900,0.2257156986743211,5,2.0475861160084605,12,Manchester City,1,0,0,0.2257156986743211,8.096015021204948,6.811547979712486
3389,Benjamin Mendy,2017,DL,7,0,5,357,0.1237198011949658,1,0.9633522108197212,9,Manchester City,2,0,0,0.1237198011949658,2.8920828215777874,2.093851998448372
3390,Rémy Cabella,2014,MR,31,1,43,1960,3.0883238092064857,2,2.1119884252548218,38,Newcastle United,2,0,1,3.0883238092064857,6.813124579377472,2.629264338873327
3420,Fabinho,2022,MC,36,0,18,2691,0.6533067272976041,2,2.687867143191397,17,Liverpool,11,0,0,0.6533067272976041,15.346531419083476,13.409233009442689
3420,Fabinho,2021,Sub,29,5,21,2320,5.033523061312735,1,1.262206269428134,17,Liverpool,7,0,3,3.511185065843165,10.567334730178118,9.501623323187232
3420,Fabinho,2020,Sub,30,0,10,2563,0.3624892998486757,0,0.2980616018176079,4,Liverpool,6,0,0,0.3624892998486757,11.808018939569592,11.55500485189259
3420,Fabinho,2019,MC,28,2,12,2063,0.308101499453187,3,1.675139798782766,19,Liverpool,6,0,2,0.308101499453187,11.502582296729088,10.285113245248796
3420,Fabinho,2018,Sub,28,1,17,2006,1.1445506745949388,2,1.3083825185894966,16,Liverpool,6,0,1,1.1445506745949388,9.326501950621603,7.96835396438837
3422,João Moutinho,2022,MC,31,0,16,1778,0.9379508132115006,2,2.346919506788254,36,Wolverhampton Wanderers,3,0,0,0.9379508132115006,4.733368762768805,3.646705650724471
3422,João Moutinho,2021,MC,35,2,20,2987,1.1245428025722504,1,2.7696392191573977,39,Wolverhampton Wanderers,4,0,2,1.1245428025722504,10.46951251849532,8.526896640658379
3422,João Moutinho,2020,MC,33,1,14,2546,0.5027753990143538,1,1.6768403090536594,46,Wolverhampton Wanderers,3,1,1,0.5027753990143538,7.028498159721494,6.2302312003448606
3422,João Moutinho,2019,MC,38,1,22,3100,0.6877672988921404,6,6.775041971355677,76,Wolverhampton Wanderers,7,0,1,0.6877672988921404,11.932693131268024,10.858657669276
3422,João Moutinho,2018,MC,38,1,18,3053,0.5053662927821279,8,6.528557356446981,84,Wolverhampton Wanderers,4,0,1,0.5053662927821279,9.50427212100476,7.778367883525789
3424,Guido Carrillo,2017,FW,7,0,11,453,0.5400164984166622,1,0.3096895925700664,4,Southampton,0,0,0,0.5400164984166622,0.9140233919024467,0.1701897010207176
3428,Hélder Costa,2021,Sub,1,0,1,20,0.0182210002094507,0,0.0,0,Leeds,0,0,0,0.0182210002094507,0.0,0.0
3428,Hélder Costa,2020,MR,22,3,16,1152,2.5981543734669685,3,0.628333006054163,7,Leeds,0,0,3,2.5981543734669685,4.516008350998163,2.2073273733258247
3428,Hélder Costa,2018,FWR,25,1,25,1345,2.6604435006156564,2,2.0111884754151106,17,Wolverhampton Wanderers,3,0,1,2.6604435006156564,5.644506204873323,1.7383644795045257
3429,Tiemoué Bakayoko,2017,Sub,29,2,40,2118,3.4481765162199736,2,1.316331576555967,16,Chelsea,3,1,2,3.4481765162199736,7.211156195029616,4.4708390068262815
3468,Jonas Lössl,2021,GK,2,0,0,180,0.0,0,0.0,0,Brentford,0,0,0,0.0,0.0,0.0
3468,Jonas Lössl,2018,Sub,31,0,0,2778,0.0,1,0.3928719107061624,4,Huddersfield,1,0,0,0.0,1.286073992960155,0.9193093804642558
3468,Jonas Lössl,2017,GK,38,0,0,3420,0.0,1,0.6143332105129957,3,Huddersfield,1,0,0,0.0,2.1166820907965302,1.5023488802835343
3491,Romain Saiss,2021,DC,31,2,18,2721,3.198772515635937,0,0.3212678972631693,7,Wolverhampton Wanderers,6,0,2,3.198772515635937,5.640757723711431,5.433617138303816
3491,Romain Saiss,2020,DC,27,3,28,2409,3.169141403399408,0,0.6693506045266986,5,Wolverhampton Wanderers,2,0,3,3.169141403399408,4.751172102987766,3.912272027693689
3491,Romain Saiss,2019,Sub,33,2,23,2702,3.6698413603007793,1,1.23247058596462,12,Wolverhampton Wanderers,10,1,2,3.6698413603007793,10.521785717457533,9.557376256212592
3491,Romain Saiss,2018,Sub,19,2,11,1133,1.2892464557662606,0,0.7273802049458027,4,Wolverhampton Wanderers,7,0,2,1.2892464557662606,3.860409795306623,2.933738235384226
3544,Jeremie Boga,2017,AMC,1,0,0,17,0.0,0,0.0,0,Chelsea,0,0,0,0.0,0.0,0.0
3553,Ángel Di María,2014,MC,27,3,61,1642,2.931911482475698,10,7.295106165111065,52,Manchester United,1,0,3,2.931911482475698,8.838050086982548,3.1542838038876653
3585,Said Benrahma,2023,AML,13,0,19,619,1.9243336878716943,1,1.633838023990393,11,West Ham,1,0,0,1.1631648428738115,4.428546093404293,1.7844416052103045
3585,Said Benrahma,2022,Sub,35,6,73,2070,6.350573148578405,3,4.756499437615275,48,West Ham,0,0,2,3.3058972023427486,8.221184162423015,2.454255508258939
3585,Said Benrahma,2021,AMC,32,8,63,2208,6.1550276800990105,6,4.772110963240266,32,West Ham,0,0,8,6.1550276800990105,13.894504733383656,4.217210453003645
3585,Said Benrahma,2020,Sub,30,1,35,1381,2.455936680547893,6,5.114552590996027,27,West Ham,0,0,1,2.455936680547893,10.364191408269107,3.779580977745354
3600,Serge Aurier,2023,DMR,12,0,6,843,0.2042676210403442,2,0.6003383956849575,3,Nottingham Forest,2,0,0,0.2042676210403442,2.74189380183816,2.1127189621329308
3600,Serge Aurier,2022,Sub,24,1,9,1958,0.6691436963155866,0,0.802479786798358,10,Nottingham Forest,2,0,1,0.6691436963155866,3.049308499321341,2.7344142459332943
3600,Serge Aurier,2020,DR,19,2,15,1619,1.4752713814377785,3,3.7193957716226578,17,Tottenham,0,0,2,1.4752713814377785,8.711730375885963,5.293094374239445
3600,Serge Aurier,2019,DR,33,1,13,2716,0.4847748018801212,5,3.6023106314241886,33,Tottenham,2,1,1,0.4847748018801212,10.132185474038124,6.796365706250072
3600,Serge Aurier,2018,DR,8,0,4,566,0.1369271967560053,2,1.259202066808939,6,Tottenham,1,0,0,0.1369271967560053,3.3229669220745564,2.508417584002018
3600,Serge Aurier,2017,Sub,17,2,15,1432,0.7677816124632955,2,2.6423257868736982,15,Tottenham,1,1,2,0.7677816124632955,6.452097095549107,4.345897011458874
3621,Neal Maupay,2023,Sub,29,6,37,1278,5.854780120775104,3,2.249102965928614,15,Brentford,8,0,6,5.854780120775104,10.261756345629692,2.9673359859734774
3621,Neal Maupay,2023,FW,2,0,5,103,1.3754028677940369,0,0.133533701300621,1,Everton,0,0,0,1.3754028677940369,1.3316882029175758,0.0608426705002784
3621,Neal Maupay,2022,FW,27,1,32,1101,5.434799870476127,0,0.3525178078562021,7,Everton,4,0,1,5.434799870476127,4.559445133432746,1.5640029106289148
3621,Neal Maupay,2021,FW,32,8,61,2271,8.242076613008976,2,2.442604837939143,23,Brighton,7,0,7,6.719737626612186,13.330586224794388,5.462072102352977
3621,Neal Maupay,2020,FW,33,8,71,2526,13.77353422343731,2,4.277407944202423,32,Brighton,1,1,5,10.7289333678782,17.15754107758403,3.381784388795495
3621,Neal Maupay,2019,Sub,37,10,96,2782,13.558547105640171,3,2.5061313090845942,25,Brighton,3,0,9,12.0362094566226,13.855041846632956,3.483615791425109
3635,Bernardo Silva,2024,AMC,5,0,7,361,0.8803087174892426,2,1.943463534116745,12,Manchester City,1,0,0,0.8803087174892426,3.2632642164826398,1.8809804692864416
3635,Bernardo Silva,2023,AMR,33,6,34,2599,4.0968160554766655,9,8.528519937768579,65,Manchester City,8,0,6,4.0968160554766655,24.37213490717113,15.577253567054868
3635,Bernardo Silva,2022,Sub,34,4,25,2194,2.2564154639840126,5,3.916250504553318,30,Manchester City,5,0,4,2.2564154639840126,17.542014747858047,13.04661456309259
3635,Bernardo Silva,2021,MC,35,8,48,2865,7.771977653726935,4,6.567136766389012,59,Manchester City,6,0,8,7.771977653726935,25.98423945903778,14.36224857904017
3635,Bernardo Silva,2020,Sub,26,2,28,2080,3.598813336342573,6,4.82339084893465,27,Manchester City,5,0,2,3.598813336342573,17.112391721457243,10.653524532914162
3635,Bernardo Silva,2019,AMR,34,6,52,2020,7.420338202267885,7,6.312828056514263,51,Manchester City,5,0,6,7.420338202267885,23.837779246270657,14.727361917495728
3635,Bernardo Silva,2018,AMC,36,7,62,2851,8.196722293272614,7,8.63292901776731,71,Manchester City,3,0,7,8.196722293272614,29.931430093944076,16.89149523898959
3635,Bernardo Silva,2017,Sub,35,6,25,1500,4.527405306696892,4,3.0583874695003037,30,Manchester City,0,0,6,4.527405306696892,15.460779877379537,9.751076810061932
3638,Hatem Ben Arfa,2014,Sub,8,0,3,383,0.4892523065209389,0,0.4060616958886385,8,Hull,1,0,0,0.4892523065209389,1.0173339694738388,0.3772128038108349
3683,Ivan Cavaleiro,2020,AML,36,3,47,2477,5.548668167553842,0,2.6804727111011744,42,Fulham,2,0,2,4.026330660097301,8.240887176245451,2.8567286916077137
3683,Ivan Cavaleiro,2018,Sub,23,3,13,670,2.374942736700177,1,1.5787326022982595,19,Wolverhampton Wanderers,1,0,3,2.374942736700177,4.368759629316628,0.9025545064359904
3696,Morgan Sanson,2022,Sub,2,0,0,2,0.0,0,0.0,0,Aston Villa,0,0,0,0.0,0.0,0.0
3696,Morgan Sanson,2021,Sub,10,0,1,349,0.0118105998262763,0,0.0282062999904155,1,Aston Villa,0,0,0,0.0118105998262763,0.8443006118759513,0.832490012049675
3696,Morgan Sanson,2020,Sub,9,0,2,291,0.0263571999967098,0,0.1084519997239112,1,Aston Villa,3,0,0,0.0263571999967098,0.301813393831253,0.1933613941073417
3697,Odsonne Edouard,2024,Sub,2,0,5,112,0.325688287615776,0,0.024778289720416,1,Crystal Palace,0,0,0,0.325688287615776,0.4969804659485817,0.1465138848870992
3697,Odsonne Edouard,2024,Sub,1,0,0,4,0.0,0,0.0811550393700599,1,Leicester,0,0,0,0.0,0.1245629116892814,0.0434078760445117
3697,Odsonne Edouard,2023,FW,30,7,51,1534,7.869511350989342,0,1.0359194399788976,18,Crystal Palace,4,0,7,7.869511350989342,8.31682275235653,2.1359799914062023
3697,Odsonne Edouard,2022,FW,35,5,39,1819,5.535292422398925,2,1.2745107971131802,17,Crystal Palace,3,0,5,5.535292422398925,7.545081002637744,2.812871368601918
3697,Odsonne Edouard,2021,Sub,28,6,40,1579,6.533581294119358,4,2.171932205557823,21,Crystal Palace,4,0,5,5.772417314350605,10.204465180635452,2.602695971727371
3729,Hassane Kamara,2021,DL,19,1,5,1627,0.1643535951152444,0,0.6610655849799514,10,Watford,3,1,1,0.1643535951152444,3.057586253620684,2.692300446331501
3800,Steve Mounie,2018,FW,31,2,61,1775,5.6274154875427485,3,1.8666301174089317,18,Huddersfield,1,1,2,5.6274154875427485,6.190910829231143,0.6617167042568326
3800,Steve Mounie,2017,FW,28,7,49,1850,5.801503697410226,1,1.6073069255799055,16,Huddersfield,2,0,7,5.801503697410226,7.001168344169855,1.809567608870566
3814,Samuel Eto'o,2014,Sub,14,3,28,765,2.365505775436759,1,1.0087521178647876,11,Everton,1,0,3,2.365505775436759,4.095037302002311,2.0122713074088097
3829,Silvestre Varela,2014,AML,7,1,10,330,0.9810286816209556,0,0.3591513996943831,6,West Bromwich Albion,1,0,1,0.9810286816209556,2.255842672660947,0.9910139106214046
3871,Lukas Podolski,2014,Sub,7,0,9,83,0.9136223215609788,0,0.3546019867062568,2,Arsenal,0,0,0,0.9136223215609788,0.5932813864201307,0.1195428036153316
3873,Ezequiel Schelotto,2019,Sub,8,0,4,362,0.2549653984606266,0,0.0,0,Brighton,1,0,0,0.2549653984606266,0.4994799010455608,0.2445144988596439
3873,Ezequiel Schelotto,2017,Sub,20,0,6,1314,0.2161752022802829,0,0.5560560114681721,5,Brighton,3,0,0,0.2161752022802829,2.442499810829758,1.755758721381426
3979,Ahmed Hegazy,2020,DC,1,0,0,90,0.0,0,0.0,0,West Bromwich Albion,0,0,0,0.0,0.1840279996395111,0.1840279996395111
3979,Ahmed Hegazy,2017,DC,38,2,14,3389,2.3179467879235744,0,0.4174182005226612,6,West Bromwich Albion,4,0,2,2.3179467879235744,3.629149667918682,3.4427987691015005
4027,Sol Bamba,2018,DMC,28,4,22,2476,4.12144641391933,1,0.1432869993150234,4,Cardiff,7,0,4,4.12144641391933,2.9724195525050163,1.6697578858584166
4046,Tomer Hemed,2017,FW,16,2,17,849,1.702439421787858,2,0.1079846993088722,3,Brighton,0,0,2,1.702439421787858,2.128313479945064,0.6006525848060846
4068,Florin Andone,2019,Sub,3,1,1,69,0.3645960092544555,0,0.0581962987780571,1,Brighton,0,1,1,0.3645960092544555,0.3645960092544555,0.0
4068,Florin Andone,2018,Sub,23,3,19,861,3.488339733332396,0,0.0960533991456031,2,Brighton,5,0,3,3.488339733332396,2.457792090252042,0.6315052043646574
4105,Raúl Jiménez,2024,Sub,5,2,7,175,1.5609222799539566,0,0.2056870684027671,3,Fulham,0,0,2,1.5609222799539566,1.8047227412462237,0.0966672450304031
4105,Raúl Jiménez,2023,FW,24,7,41,1423,5.9900733437389135,0,1.6923745833337307,11,Fulham,3,1,7,5.9900733437389135,7.9016893692314625,1.7369755171239376
4105,Raúl Jiménez,2022,Sub,15,0,20,842,2.711337735876441,1,1.5050795823335648,9,Wolverhampton Wanderers,0,0,0,2.711337735876441,4.212750431150198,1.0135074984282255
4105,Raúl Jiménez,2021,FW,34,6,57,2651,7.071379598230124,4,3.394018276594579,38,Wolverhampton Wanderers,5,2,5,6.310211572796106,12.290305624715984,4.058563692960888
4105,Raúl Jiménez,2020,FWR,10,4,26,824,2.360906094312668,0,0.6329620033502579,6,Wolverhampton Wanderers,0,0,4,2.360906094312668,3.684073407202959,1.2332109939306974
4105,Raúl Jiménez,2019,FW,38,17,117,3269,16.510803668759763,6,7.226944707334042,48,Wolverhampton Wanderers,3,0,13,13.466126619838178,22.560237324796617,5.709535629488528
4105,Raúl Jiménez,2018,FW,38,13,111,3143,14.27359064668417,7,6.991127401590347,42,Wolverhampton Wanderers,4,0,11,12.75125465542078,20.91792583838105,4.337960259057581
4120,Álex Moreno,2024,DL,2,0,0,133,0.0,0,0.0,0,Nottingham Forest,1,0,0,0.0,0.0,0.0
4120,Álex Moreno,2023,Sub,21,2,8,1033,1.4437588155269625,0,1.1591111738234758,11,Aston Villa,2,0,2,1.4437588155269625,6.872497453354299,4.588940887711942
4120,Álex Moreno,2022,Sub,19,0,13,1346,0.6219645887613297,3,2.47616658359766,21,Aston Villa,3,0,0,0.6219645887613297,6.160197624005377,4.4751421278342605
4258,Uwe Hünemeier,2017,Sub,1,0,0,16,0.0,0,0.0,0,Brighton,0,0,0,0.0,0.0,0.0
4367,Eljero Elia,2014,FWL,16,2,15,798,0.7518642852082849,0,0.7144423052668571,11,Southampton,2,0,2,0.7518642852082849,1.7446696013212204,0.8644386865198612
4381,Mateusz Klich,2022,Sub,14,0,4,224,0.1730077974498272,0,0.2886551991105079,5,Leeds,2,0,0,0.1730077974498272,1.2394929844886065,0.9285477884113787
4381,Mateusz Klich,2021,MC,33,1,42,2117,2.701991078443825,2,1.9125773273408413,32,Leeds,5,0,1,2.701991078443825,8.965397104620934,5.376784522086382
4381,Mateusz Klich,2020,MC,35,4,36,2404,2.9999594227410853,5,3.650848997756839,44,Leeds,6,0,2,1.4776212074793875,14.60811636596918,10.386437094770372
4383,Carlton Cole,2014,FW,23,2,17,894,1.7291568778455255,0,0.6560839973390102,8,West Ham,2,0,2,1.7291568778455255,2.539834786206484,1.4509753584861755
4384,Jussi Jääskeläinen,2014,Sub,1,0,0,26,0.0,0,0.0,0,West Ham,0,0,0,0.0,0.0,0.0
4385,Guy Demel,2014,Sub,6,0,0,263,0.0,0,0.1064760014414787,1,West Ham,0,0,0,0.0,0.3481046035885811,0.3481046035885811
4386,Nélson Oliveira,2014,Sub,10,1,11,392,0.9380339160561562,0,0.1744744982570409,4,Swansea,0,0,1,0.9380339160561562,1.0580661855638027,0.1310178022831678
4387,Robin van Persie,2014,FW,27,10,76,2126,11.6034690849483,2,2.9860517624765635,27,Manchester United,5,0,9,10.08113605901599,12.917516451328993,1.688729416579008
4388,Anthony Réveillere,2014,DL,16,0,4,1328,0.0826492011547088,1,0.9263477101922036,10,Sunderland,0,0,0,0.0826492011547088,3.286404574289918,2.348035912960768
4389,Chris Baird,2014,Sub,19,0,4,802,0.1287390002980828,0,0.2698460984975099,5,West Bromwich Albion,2,0,0,0.1287390002980828,1.8095129523426292,1.6776529643684626
4390,Robert Green,2014,GK,36,0,0,3183,0.0,0,0.059990300796926,3,Queens Park Rangers,1,0,0,0.0,1.5963862929493189,1.5603471929207444
4391,Darnell Furlong,2020,DR,35,1,26,2926,1.9333325140178204,3,2.46300520375371,17,West Bromwich Albion,5,0,1,1.9333325140178204,6.135472722351551,3.374022333882749
4391,Darnell Furlong,2014,DR,3,0,1,228,0.009575449861586,0,0.0,0,Queens Park Rangers,1,0,0,0.009575449861586,0.0689823031425476,0.0594068989157676
4392,Nedum Onuoha,2014,Sub,23,0,9,1928,1.374483815394342,0,0.3494613049551844,8,Queens Park Rangers,2,1,0,1.374483815394342,3.41572249494493,2.91792908962816
4393,Yun Suk-Young,2014,DL,23,0,6,1721,0.5935319093987346,0,0.3570782411843538,9,Queens Park Rangers,4,0,0,0.5935319093987346,2.576807016506791,1.7795475162565708
4394,Karl Henry,2014,Sub,33,0,10,2507,0.2998349014669657,0,0.443589299917221,11,Queens Park Rangers,8,0,0,0.2998349014669657,3.1357659194618464,2.6835456788539886
4395,Junior Hoilett,2018,ML,32,3,40,2144,3.1675134040415287,1,1.3379894085228443,25,Cardiff,4,0,3,3.1675134040415287,5.06641336902976,1.2493918761610985
4395,Junior Hoilett,2014,Sub,22,0,24,868,0.8032064093276858,0,1.0915372902527452,12,Queens Park Rangers,2,0,0,0.8032064093276858,2.4889727272093296,1.444477604702115
4396,Bobby Zamora,2014,Sub,31,3,29,1779,2.987051488365978,4,6.012670556083322,50,Queens Park Rangers,4,0,3,2.987051488365978,9.424545330926776,3.241478360258043
4397,Niko Kranjcar,2014,ML,22,2,42,1108,1.9117348054423928,1,1.7309440784156322,20,Queens Park Rangers,2,0,2,1.9117348054423928,3.014048868790269,1.027124721556902
4398,Clint Hill,2014,DL,19,1,7,1411,0.3769401032477617,0,0.7381682936102152,14,Queens Park Rangers,4,0,1,0.3769401032477617,1.4749759072437882,0.8907150039449334
4399,Shaun Wright-Phillips,2014,Sub,4,0,1,127,0.0180606991052627,0,0.0202970001846551,1,Queens Park Rangers,0,0,0,0.0180606991052627,0.2255946937948465,0.2075339946895837
4400,Tomas Rosicky,2014,Sub,15,2,10,562,0.9697352927178144,1,1.5375187173485756,7,Arsenal,1,0,2,0.9697352927178144,4.887204881757498,3.2713680136948824
4401,Emiliano Martinez,2024,GK,5,0,0,450,0.0,0,0.0,0,Aston Villa,1,0,0,0.0,0.3103210367262363,0.3103210367262363
4401,Emiliano Martinez,2023,GK,34,0,0,3022,0.0,0,0.0184545237571001,1,Aston Villa,4,0,0,0.0,9.158851562067866,9.140397010371087
4401,Emiliano Martinez,2022,GK,36,0,0,3143,0.0,0,0.1398649960756302,2,Aston Villa,7,0,0,0.0,5.826399106532335,5.68653410859406
4401,Emiliano Martinez,2021,GK,36,0,0,3240,0.0,0,0.0,0,Aston Villa,4,0,0,0.0,2.479881220497191,2.479881220497191
4401,Emiliano Martinez,2020,GK,38,0,0,3420,0.0,0,0.1229234039783477,2,Aston Villa,1,0,0,0.0,3.730909645557404,3.607986450195313
4401,Emiliano Martinez,2019,Sub,9,0,0,771,0.0,0,0.0,0,Arsenal,2,0,0,0.0,0.9078709222376348,0.9078709222376348
4401,Emiliano Martinez,2016,GK,2,0,0,180,0.0,0,0.0,0,Arsenal,0,0,0,0.0,0.1645912043750286,0.1645912043750286
4401,Emiliano Martinez,2014,Sub,4,0,0,299,0.0,0,0.0,0,Arsenal,0,0,0,0.0,0.4130877871066332,0.4130877871066332
4402,Yaya Sanogo,2014,FW,10,0,9,306,0.6418375000357628,0,0.2049696035683155,5,Crystal Palace,1,0,0,0.6418375000357628,0.58934710547328,0.0201912000775337
4402,Yaya Sanogo,2014,FW,3,0,8,146,1.1524981409311297,0,0.0,0,Arsenal,0,0,0,1.1524981409311297,1.6754598915576937,0.6584587246179581
4403,Mehdi Abeid,2014,DMC,13,0,12,654,0.4207100942730903,0,0.0244446992874145,1,Newcastle United,0,0,0,0.4207100942730903,1.3741771057248116,1.0811377000063658
4404,Ryan Taylor,2014,DMC,14,0,16,909,0.6939951069653034,1,0.828603096306324,14,Newcastle United,3,0,0,0.6939951069653034,0.6176111027598381,0.4123237989842891
4405,Florin Gardos,2014,Sub,11,0,1,572,0.0225041005760431,0,0.0179507005959749,1,Southampton,1,0,0,0.0225041005760431,1.0331284999847412,1.0151775032281876
4406,Lazar Markovic,2018,Sub,1,0,0,42,0.0,0,0.0136246997863054,1,Fulham,0,0,0,0.0,0.0136246997863054,0.0
4406,Lazar Markovic,2016,MR,12,2,12,1024,2.2206648513674736,0,0.445965301245451,8,Hull,4,0,2,2.2206648513674736,3.597358813509345,1.0627347063273191
4406,Lazar Markovic,2014,Sub,19,2,16,932,1.880378445610404,1,1.4619445130228996,20,Liverpool,0,0,2,1.880378445610404,5.297793449833989,2.207889530807733
4408,Steven Gerrard,2014,DMC,28,9,54,2239,7.108821363188326,1,3.20907860994339,52,Liverpool,7,0,5,3.3029708499088883,8.181374944746494,5.586607133969665
4409,Allan McGregor,2014,GK,26,0,0,2340,0.0,0,0.0,0,Hull,0,0,0,0.0,0.975945010781288,0.975945010781288
4410,Paul McShane,2014,Sub,20,1,11,1694,1.1034177732653916,0,0.0542395003139972,2,Hull,2,0,1,1.1034177732653916,1.3460318967700005,1.1771168932318687
4411,Alex Bruce,2014,DC,22,0,1,1457,0.0620572008192539,1,0.613985002040863,1,Hull,3,0,0,0.0620572008192539,2.0959256142377853,2.0959256142377853
4412,Maynor Figueroa,2014,DL,3,0,2,213,0.0232210997492074,0,0.0414264984428882,2,Hull,0,0,0,0.0232210997492074,0.1188635975122451,0.0783348977565765
4413,Stephen Quinn,2014,Sub,28,1,16,1641,1.2624665331095457,3,2.144218698143959,22,Hull,3,1,1,1.2624665331095457,4.965919014066458,2.5109929889440536
4414,Sone Aluko,2014,Sub,25,1,31,1245,1.7469464130699637,0,1.0573998969048262,13,Hull,2,0,1,1.7469464130699637,3.725198703818023,1.602932701818645
4415,Steve Harper,2014,GK,10,0,0,852,0.0,0,0.0,0,Hull,0,0,0,0.0,0.0,0.0
4416,Jason McCarthy,2014,Sub,1,0,0,2,0.0,0,0.0,0,Southampton,0,0,0,0.0,0.0,0.0
4418,Frank Lampard,2014,DMC,32,6,32,958,4.004464207217097,1,0.9529220964759588,15,Manchester City,1,0,6,4.004464207217097,11.0393304284662,7.2932740692049265
4419,Adam Armstrong,2024,FW,4,0,7,218,0.7488712817430496,0,0.072511613368988,1,Southampton,1,0,0,0.7488712817430496,0.9852244034409524,0.6335891038179398
4419,Adam Armstrong,2022,FW,30,2,25,1333,2.4375014984980226,1,1.730416551232338,11,Southampton,2,0,2,2.4375014984980226,4.704243279993534,1.2918517235666511
4419,Adam Armstrong,2021,FW,23,2,47,1412,4.238080732524395,2,1.624623529613018,13,Southampton,1,0,2,4.238080732524395,6.2176071014255285,0.7942293044179678
4419,Adam Armstrong,2014,Sub,11,0,7,188,0.7543584117665887,1,0.4861120823770761,6,Newcastle United,1,0,0,0.7543584117665887,2.115028941072524,0.932864896953106
4420,Sammy Ameobi,2014,Sub,25,2,26,1416,0.992425705306232,2,1.8800859078764915,21,Newcastle United,2,0,2,0.992425705306232,3.5923003386706114,1.5059486012905836
4421,Jason Shackell,2014,DC,38,0,9,3346,0.8140063025057316,0,0.4381554895080626,9,Burnley,3,0,0,0.8140063025057316,3.606899797916413,3.350636215880513
4422,Ashley Barnes,2021,Sub,23,1,16,787,1.6827674992382526,0,0.9943248145282269,8,Burnley,4,0,0,0.921599105000496,2.78278773650527,0.942340818233788
4422,Ashley Barnes,2020,FW,22,3,38,1342,3.874067099764943,0,0.8005466284230351,19,Burnley,4,0,2,3.1128980834037066,4.190314313396812,1.1986288204789162
4422,Ashley Barnes,2019,FW,19,6,40,1386,6.516932616010308,0,0.3088206928223371,5,Burnley,4,0,5,5.755763599649072,5.060968911275268,1.5740788727998734
4422,Ashley Barnes,2018,Sub,37,12,65,2379,13.257519549690189,2,3.6403040196746583,22,Burnley,8,0,10,11.735217577777805,14.351637620478868,2.09611489251256
4422,Ashley Barnes,2017,Sub,36,9,61,2143,6.560562869533896,0,1.5027275774627924,17,Burnley,10,0,9,6.560562869533896,8.70906038209796,1.906780119985342
4422,Ashley Barnes,2016,Sub,28,6,44,1788,6.592154681682587,2,2.387533606961369,21,Burnley,6,1,4,5.069816034287214,6.558956136927009,0.5661483881995082
4422,Ashley Barnes,2014,Sub,35,5,66,2435,5.6908798180520535,2,1.8230766840279105,30,Burnley,4,1,5,5.6908798180520535,9.151078913360834,3.272920724004507
4423,Steven Reid,2014,Sub,7,0,0,108,0.0,0,0.0,0,Burnley,1,0,0,0.0,0.1004479974508285,0.1004479974508285
4425,Ross Wallace,2014,Sub,15,1,10,206,0.5588855035603046,0,1.2872743792831898,9,Burnley,2,0,1,0.5588855035603046,1.1995934806764126,0.6059152074158192
4426,Michael Duff,2014,DC,21,0,2,1812,0.1104770973324775,0,0.7724526710808277,4,Burnley,4,1,0,0.1104770973324775,1.8002619706094265,1.7725529707968235
4427,Andreas Weimann,2014,AML,31,3,33,1782,2.715450508520007,2,1.118879582732916,20,Aston Villa,5,0,3,2.715450508520007,4.366782454773784,0.9592690700665116
4428,Daniel Lafferty,2014,Sub,1,0,0,14,0.0,0,0.0,0,Burnley,0,0,0,0.0,0.0,0.0
4429,Rio Ferdinand,2014,DC,11,0,0,990,0.0,0,0.0,0,Queens Park Rangers,2,0,0,0.0,1.264611802995205,1.264611802995205
4430,Joey Barton,2016,MC,14,1,12,1104,0.4118446018546819,0,0.6195554044097662,8,Burnley,4,0,1,0.4118446018546819,2.629542449489236,2.048955015838146
4430,Joey Barton,2014,MC,28,1,35,2347,2.055411926470697,3,5.228928584605455,58,Queens Park Rangers,11,1,1,2.055411926470697,7.560516483150423,5.23019561637193
4431,Armand Traore,2014,DML,16,0,7,770,0.3853635061532259,0,0.1860294016078114,6,Queens Park Rangers,2,0,0,0.3853635061532259,2.2040757508948445,1.756255341693759
4432,Michael Doughty,2014,Sub,3,0,0,44,0.0,0,0.1417409926652908,1,Queens Park Rangers,0,0,0,0.0,0.2160781938582658,0.2160781938582658
4433,Ron Vlaar,2014,DC,20,0,14,1644,1.1542229726910591,1,0.6243054270744324,2,Aston Villa,3,1,0,1.1542229726910591,1.9896960034966469,1.919397903606296
4434,Didier Drogba,2014,Sub,28,4,30,831,2.7286731228232384,1,1.5343704130500555,14,Chelsea,5,0,4,2.7286731228232384,5.031838079914451,2.0117225106805563
4435,Nenê,2014,Sub,8,0,9,115,0.3611745964735746,0,0.4466039966791868,4,West Ham,0,0,0,0.3611745964735746,0.8369725067168474,0.5192914120852947
4436,Shola Ameobi,2014,Sub,4,0,1,32,0.022843699902296,0,0.0,0,Crystal Palace,0,0,0,0.022843699902296,0.022843699902296,0.022843699902296
4437,Luke Garbutt,2014,DL,4,0,1,285,0.0591408982872962,0,0.201261093840003,4,Everton,1,0,0,0.0591408982872962,0.4716156870126724,0.3939608931541443
4438,Matt Upson,2014,DC,5,0,2,382,0.0596888996660709,0,0.0288602001965045,1,Leicester,0,0,0,0.0596888996660709,0.3863255027681589,0.3863255027681589
4439,Paul Konchesky,2014,DL,26,1,5,2264,0.1941552981734275,1,0.5643991846591234,8,Leicester,3,2,1,0.1941552981734275,2.5158847151324157,1.845767705701292
4440,Esteban Cambiasso,2014,Sub,31,5,29,2432,2.480084272101521,1,1.9381373124197123,37,Leicester,1,0,5,2.480084272101521,7.089135206304491,4.195096540264785
4441,Matthew James,2019,Sub,1,0,0,3,0.0,0,0.0,0,Leicester,0,0,0,0.0,0.0,0.0
4441,Matthew James,2017,MC,13,0,11,997,0.866982389241457,0,0.1140854991972446,2,Leicester,2,0,0,0.866982389241457,1.3232965245842934,0.9102421179413795
4441,Matthew James,2016,Sub,1,0,0,1,0.0,0,0.0,0,Leicester,0,0,0,0.0,0.0,0.0
4441,Matthew James,2014,Sub,27,0,27,1884,1.7331535071134567,1,2.196557796560228,37,Leicester,2,1,0,1.7331535071134567,5.696065437048674,3.5342563427984715
4442,Paulinho,2014,Sub,15,0,7,461,0.4308960027992725,1,0.9786125011742116,4,Tottenham,3,0,0,0.4308960027992725,2.241101998835802,1.4849746953696012
4443,Yannick Sagbo,2014,Sub,4,0,0,45,0.0,0,0.0648915022611618,1,Hull,0,0,0,0.0,0.1216796990483999,0.1216796990483999
4444,Richard Dunne,2014,DC,23,0,8,1886,1.0475114909932015,0,0.0815635006874799,3,Queens Park Rangers,7,0,0,1.0475114909932015,2.0043458864092827,1.9650903027504685
4445,Reece Grego-Cox,2014,Sub,4,0,1,134,0.3061160147190094,0,0.0,0,Queens Park Rangers,0,0,0,0.3061160147190094,0.4058480113744735,0.0997319966554641
4446,Brandon Comley,2014,Sub,1,0,1,9,0.0138274999335408,0,0.0,0,Queens Park Rangers,0,0,0,0.0138274999335408,0.0138274999335408,0.0
4447,Dominic Gape,2014,Sub,1,0,0,1,0.0,0,0.0,0,Southampton,0,0,0,0.0,0.0,0.0
4448,Dwight Tiendalli,2014,Sub,3,0,0,125,0.0,0,0.0261256005614995,2,Swansea,0,0,0,0.0,0.0405655987560749,0.0144400000572204
4450,Adel Taarabt,2014,Sub,7,0,11,296,0.3101955968886614,0,0.3372079702094197,13,Queens Park Rangers,0,0,0,0.3101955968886614,0.7009713910520077,0.2464989963918924
4454,Tom Ince,2017,AML,33,2,70,2465,6.729042689315975,0,1.4676385000348091,18,Huddersfield,0,0,2,6.729042689315975,11.467254269868135,3.950781467370689
4454,Tom Ince,2014,AMC,7,0,7,302,0.803355410695076,0,0.0422907993197441,2,Hull,0,0,0,0.803355410695076,0.9460436310619116,0.1614221986383199
4455,Jak Alnwick,2014,GK,6,0,0,493,0.0,0,0.0,0,Newcastle United,0,0,0,0.0,0.0,0.0
4456,Chris Wood,2024,FW,5,3,11,410,2.9774135649204254,0,0.651040056720376,2,Nottingham Forest,1,0,2,2.216244727373123,2.7875706255435944,0.6079628448933363
4456,Chris Wood,2023,Sub,31,14,48,1797,13.364272002130749,1,1.987032251432538,22,Nottingham Forest,0,0,14,13.364272002130749,15.345352198928596,0.9163662036880852
4456,Chris Wood,2022,Sub,18,2,9,419,2.377152618020773,0,0.2006969042122364,3,Newcastle United,0,0,1,1.6159835867583752,2.3306843265891075,0.92094561830163
4456,Chris Wood,2022,FW,7,1,3,389,1.056104198098183,0,0.1600013971328735,3,Nottingham Forest,0,0,1,1.056104198098183,1.3018464930355549,0.1593572944402694
4456,Chris Wood,2021,FW,17,3,30,1403,4.965390782803297,0,0.3885425003245473,9,Burnley,1,0,3,4.965390782803297,4.512264184653759,1.4244722090661526
4456,Chris Wood,2021,FW,17,2,21,1331,3.248084418475628,0,0.9774574805051088,10,Newcastle United,0,0,1,2.4869154021143918,4.260049715638161,1.4993177838623524
4456,Chris Wood,2020,FW,33,12,70,2765,12.954142516478896,3,2.038118289783597,23,Burnley,0,0,10,11.431802516803144,13.58528614230454,2.1498528448864818
4456,Chris Wood,2019,FW,32,14,65,2462,17.226178102195263,1,1.470995786599815,22,Burnley,1,0,13,16.465013168752193,12.642646510154009,2.4554112339392304
4456,Chris Wood,2018,FW,38,10,58,2603,9.133256727829576,2,3.647216569632292,21,Burnley,2,0,10,9.133256727829576,11.35635371506214,3.5546739269047976
4456,Chris Wood,2017,FW,24,10,40,1639,7.639496721327305,1,0.6027080062776804,11,Burnley,1,0,10,7.639496721327305,7.594891671091318,1.022326205857098
4456,Chris Wood,2014,Sub,7,1,5,91,0.7212272863835096,0,0.0,0,Leicester,0,0,1,0.7212272863835096,0.7489751856774092,0.0816706009209156
4457,Cole Kpekawa,2014,Sub,1,0,0,4,0.0,0,0.0,0,Queens Park Rangers,0,0,0,0.0,0.0,0.0
4460,Brad Jones,2014,GK,3,0,0,195,0.0,0,0.0,0,Liverpool,0,0,0,0.0,0.0742470975965261,0.0742470975965261
4461,Tom Lawrence,2014,Sub,3,0,3,47,0.2336082048714161,0,0.0,0,Leicester,0,0,0,0.2336082048714161,0.2336082048714161,0.0
4462,Liam Rosenior,2017,Sub,3,0,2,157,0.0542123988270759,0,0.0,0,Brighton,0,0,0,0.0542123988270759,0.5664092041552067,0.539934191852808
4462,Liam Rosenior,2014,Sub,13,0,4,568,0.0697268191725015,1,0.8106440007686615,3,Hull,0,0,0,0.0697268191725015,1.292232820764184,0.5257345894351602
4463,Tyler Blackett,2014,DC,11,0,0,644,0.0,0,0.0,0,Manchester United,3,1,0,0.0,2.152433556504548,2.152433556504548
4464,Matthew Taylor,2014,ML,10,0,9,576,1.9399820901453493,1,0.9087487012147905,8,Burnley,0,0,0,1.178813073784113,2.720070958137512,1.5080894082784653
4467,Jazz Richards,2018,Sub,4,0,0,117,0.0,0,0.0,0,Cardiff,0,0,0,0.0,0.0,0.0
4467,Jazz Richards,2014,Sub,10,0,0,633,0.0,1,0.1276699993759393,3,Swansea,1,0,0,0.0,1.5579434223473072,1.446399424225092
4468,Dedryck Boyata,2014,DC,2,0,0,91,0.0,0,0.0,0,Manchester City,1,0,0,0.0,0.2356850057840347,0.2356850057840347
4469,Philippe Senderos,2014,DC,8,0,5,631,0.6512041054666042,0,0.0150575004518032,1,Aston Villa,2,0,0,0.6512041054666042,0.768725510686636,0.7536681108176708
4471,Mohamed Diamé,2018,MC,29,0,20,2172,1.0539293810725212,0,0.1333967000246048,2,Newcastle United,3,0,0,1.0539293810725212,5.13216845318675,4.3882328337058425
4471,Mohamed Diamé,2017,Sub,31,2,20,2042,1.6824482176452875,0,1.005540020763874,14,Newcastle United,3,0,2,1.6824482176452875,3.0895158294588327,2.0187498051673174
4471,Mohamed Diamé,2014,MC,12,4,16,885,1.1911563985049725,0,0.1744060032069683,3,Hull,2,0,4,1.1911563985049725,2.0244258902966976,0.8052981942892075
4471,Mohamed Diamé,2014,Sub,3,0,1,52,0.0179216004908084,0,0.0,0,West Ham,0,0,0,0.0179216004908084,0.1137119978666305,0.0957901030778884
4472,Marvin Sordell,2014,Sub,14,0,3,271,0.1581116039305925,0,0.1310485005378723,2,Burnley,2,0,0,0.1581116039305925,0.2891599014401436,0.0
4473,William Buckley,2014,Sub,22,0,3,858,0.1758511047810316,2,1.460556786507368,12,Sunderland,2,0,0,0.1758511047810316,2.875660864636302,1.9490581396967173
4475,Jed Steer,2021,GK,1,0,0,90,0.0,0,0.0,0,Aston Villa,0,0,0,0.0,0.010699899867177,0.010699899867177
4475,Jed Steer,2019,GK,1,0,0,7,0.0,0,0.0,0,Aston Villa,0,0,0,0.0,0.0,0.0
4475,Jed Steer,2014,GK,1,0,0,90,0.0,0,0.0,0,Aston Villa,0,0,0,0.0,0.1009569987654686,0.1009569987654686
4476,Callum Robinson,2020,FW,28,5,31,1580,3.2030633613467216,0,1.0499622896313667,16,West Bromwich Albion,0,0,5,3.2030633613467216,5.216542601585388,1.5963358916342258
4476,Callum Robinson,2019,FW,16,1,12,674,1.5612489879131315,1,0.6526461057364941,4,Sheffield United,1,0,1,1.5612489879131315,2.835602728649974,0.7018378023058176
4479,Jason Davidson,2014,Sub,2,0,0,101,0.0,0,0.0524008013308048,1,West Bromwich Albion,0,0,0,0.0,0.0524008013308048,0.0
4481,Isaiah Brown,2017,ML,13,0,1,296,0.0928499996662139,0,0.7915277034044266,6,Brighton,0,0,0,0.0928499996662139,0.3268494000658393,0.1805319031700492
4481,Isaiah Brown,2014,Sub,1,0,0,8,0.0,0,0.0,0,Chelsea,0,0,0,0.0,0.0,0.0
4483,Sam Gallagher,2018,Sub,4,0,0,30,0.0,0,0.0,0,Southampton,0,0,0,0.0,0.0,0.0
4485,José Pozo,2014,FW,3,0,3,141,0.5196045003831387,0,0.1819099932909011,2,Manchester City,0,0,0,0.5196045003831387,0.6281039863824844,0.0309116002172231
4487,Jerome Thomas,2014,Sub,1,0,0,5,0.0,0,0.0,0,Crystal Palace,0,0,0,0.0,0.0,0.0
4488,Barry Bannan,2014,MR,7,0,2,137,0.0343653997406363,0,0.1498096995055675,3,Crystal Palace,1,0,0,0.0343653997406363,0.1412105001509189,0.1207520999014377
4489,Oussama Assaidi,2014,Sub,9,0,5,202,0.2824720963835716,1,0.1809542011469602,3,Stoke,1,0,0,0.2824720963835716,0.5356971994042397,0.0722709987312555
4490,Semi Ajayi,2020,DC,33,2,13,2773,1.7337960172444582,0,0.51046640612185,7,West Bromwich Albion,3,1,2,1.7337960172444582,4.629277691245079,3.112332258373499
4491,Emmanuel Mayuka,2014,Sub,5,0,0,39,0.0,0,0.0120043996721506,1,Southampton,0,0,0,0.0,0.0365817993879318,0.0245773997157812
4492,José Enrique,2014,Sub,4,0,1,201,0.0123947998508811,0,0.0608837008476257,2,Liverpool,0,0,0,0.0123947998508811,0.8027419969439507,0.763011984527111
4493,Jozy Altidore,2014,Sub,11,0,7,289,0.3541574999690056,0,0.0460365992039442,3,Sunderland,0,0,0,0.3541574999690056,0.4926674030721187,0.0924737006425857
4495,Liam Moore,2014,DC,11,0,4,934,0.7805151119828224,0,0.0113374004140496,1,Leicester,4,0,0,0.7805151119828224,1.1104077147319913,0.4594013132154941
4497,Anthony Knockaert,2018,MR,30,2,27,1823,2.1101625114679337,6,4.206585308536887,35,Brighton,4,1,2,2.1101625114679337,5.284967917948961,2.7696708887815475
4497,Anthony Knockaert,2017,Sub,33,3,46,2433,4.248457320034504,1,3.075597818940878,32,Brighton,4,1,3,4.248457320034504,8.72051627188921,3.1949113737791777
4497,Anthony Knockaert,2014,ML,9,0,8,324,0.8844657093286514,0,0.166900098323822,2,Leicester,0,0,0,0.8844657093286514,1.109160490334034,0.2769537977874279
4499,Georgios Samaras,2014,Sub,5,0,1,59,0.0683377012610435,0,0.0,0,West Bromwich Albion,0,0,0,0.0683377012610435,0.566208504140377,0.4978708028793335
4500,Kevin Doyle,2014,Sub,3,0,0,30,0.0,0,0.0,0,Crystal Palace,0,0,0,0.0,0.1878000050783157,0.1878000050783157
4503,Ricardo Vaz Te,2014,AML,4,0,7,225,1.084789913147688,0,0.2327760010957718,3,West Ham,0,0,0,1.084789913147688,0.7769089937210083,0.565668985247612
4505,Sebastián Blanco,2014,Sub,3,0,2,30,0.0398552007973194,0,0.0,0,West Bromwich Albion,1,0,0,0.0398552007973194,0.0398552007973194,0.0
4507,Haris Vuckic,2014,Sub,1,0,0,7,0.0,0,0.0,0,Newcastle United,0,0,0,0.0,0.0,0.0
4508,Darren Bent,2014,Sub,7,0,1,70,0.0577308982610702,0,0.0082178199663758,1,Aston Villa,0,0,0,0.0577308982610702,0.065948718227446,0.0
4513,Tom Thorpe,2014,Sub,1,0,0,1,0.0,0,0.0,0,Manchester United,0,0,0,0.0,0.0,0.0
4525,Anderson,2014,Sub,1,0,0,19,0.0,0,0.0881339982151985,1,Manchester United,0,0,0,0.0,0.0,0.0
4528,Alejandro Faurlin,2014,MC,2,0,3,94,0.1125579997897148,0,0.4859839975833893,1,Queens Park Rangers,0,0,0,0.1125579997897148,0.0551917999982833,0.0225357003509998
4530,Valentin Roberge,2014,DC,1,0,1,90,0.2825590074062347,0,0.0,0,Sunderland,1,0,0,0.2825590074062347,0.0,0.0
4531,Stuart O'Keefe,2014,Sub,2,0,0,88,0.0,0,0.0199461001902818,1,Crystal Palace,0,0,0,0.0,0.0199461001902818,0.0199461001902818
4532,Gary Taylor-Fletcher,2014,Sub,1,0,0,16,0.0,0,0.0,0,Leicester,0,0,0,0.0,0.0,0.0
4536,Nani,2014,Sub,1,0,0,41,0.0,0,0.0,0,Manchester United,0,0,0,0.0,0.0731491968035698,0.0731491968035698
4764,Jean-Philippe Gbamin,2021,MC,3,0,0,67,0.0,0,0.0,0,Everton,0,0,0,0.0,0.0582825988531112,0.0582825988531112
4764,Jean-Philippe Gbamin,2020,Sub,1,0,0,9,0.0,0,0.0,0,Everton,0,0,0,0.0,0.0,0.0
4764,Jean-Philippe Gbamin,2019,Sub,2,0,0,135,0.0,0,0.0,0,Everton,0,0,0,0.0,0.0,0.0
4866,Aboubakar Kamara,2020,FW,11,0,4,303,0.6549197994172573,0,0.3289684951305389,6,Fulham,1,1,0,0.6549197994172573,1.1032148208469152,0.1823261976242065
4866,Aboubakar Kamara,2018,Sub,13,3,21,678,3.527876043692231,0,0.7714658081531525,11,Fulham,2,0,2,2.005538696423173,4.646234441548586,1.9579853024333715
4883,Bruno Ecuele Manga,2018,DC,38,0,10,3374,1.2095466200262308,1,0.2851451346650719,6,Cardiff,0,0,0,1.2095466200262308,1.074945715256035,0.9345037108287216
4918,Patrick Cutrone,2020,Sub,2,0,1,21,0.0714574977755546,0,0.0,0,Wolverhampton Wanderers,0,0,0,0.0714574977755546,0.0714574977755546,0.0
4918,Patrick Cutrone,2019,Sub,12,2,11,291,2.288807984441519,0,0.4840546064078808,2,Wolverhampton Wanderers,0,0,2,2.288807984441519,2.311262581497431,0.0
5043,Kiko Femenía,2021,DR,27,0,3,2157,0.061692101880908,5,3.5831768922507763,23,Watford,2,0,0,0.061692101880908,3.984043716453016,3.022937606088817
5043,Kiko Femenía,2019,DR,28,0,5,2253,0.1220470387488603,0,1.2010103035718205,18,Watford,5,0,0,0.1220470387488603,3.485389007255435,2.782933228649199
5043,Kiko Femenía,2018,Sub,29,1,6,2034,0.4993320116773247,1,1.6402669809758663,13,Watford,1,0,1,0.4993320116773247,5.872224994003773,4.867890723049641
5043,Kiko Femenía,2017,Sub,23,1,9,1722,0.2966681942343712,1,1.52979302033782,18,Watford,2,0,1,0.2966681942343712,4.017037974670529,2.925942691974342
5050,Clement Lenglet,2023,DC,14,0,7,1167,0.9835287630558014,1,0.8562045320868492,2,Aston Villa,3,0,0,0.9835287630558014,7.290762335062027,7.290762335062027
5050,Clement Lenglet,2022,Sub,26,0,13,2039,0.960752010345459,2,0.7074382677674294,6,Tottenham,3,0,0,0.960752010345459,8.319994319230318,8.151936292648315
5061,Kepa,2024,GK,2,0,0,180,0.0,0,0.0,0,Bournemouth,0,0,0,0.0,0.0,0.0
5061,Kepa,2022,GK,29,0,0,2567,0.0,0,0.0,0,Chelsea,1,0,0,0.0,4.026800500229001,4.026800500229001
5061,Kepa,2021,GK,4,0,0,360,0.0,0,0.0,0,Chelsea,0,0,0,0.0,0.7405957020819187,0.7405957020819187
5061,Kepa,2020,GK,7,0,0,582,0.0,0,0.0,0,Chelsea,1,0,0,0.0,0.3050248054787516,0.3050248054787516
5061,Kepa,2019,GK,33,0,0,2970,0.0,0,0.0,0,Chelsea,0,0,0,0.0,5.265828628093004,5.265828628093004
5061,Kepa,2018,GK,36,0,0,3240,0.0,0,0.0,0,Chelsea,2,0,0,0.0,5.416643293574452,5.416643293574452
5065,Diego Rico,2019,DML,27,0,11,2346,0.336594795808196,4,2.5829767948016524,31,Bournemouth,6,0,0,0.336594795808196,4.199678809382021,3.4121973905712366
5065,Diego Rico,2018,DML,12,0,9,600,0.1808892041444778,0,1.2170702759176493,11,Bournemouth,1,0,0,0.1808892041444778,1.2552982969209552,0.6581917908042669
5073,Florian Lejeune,2019,DC,6,2,4,442,0.3811471899971366,0,0.0512491986155509,1,Newcastle United,0,0,2,0.3811471899971366,0.2689419984817505,0.206484206020832
5073,Florian Lejeune,2018,DC,12,0,7,1057,0.2765633957460522,0,0.2914360947906971,6,Newcastle United,0,0,0,0.2765633957460522,2.351591290906072,2.2786528896540403
5073,Florian Lejeune,2017,DC,24,0,13,2103,0.3279310492798686,2,1.53646370023489,7,Newcastle United,3,0,0,0.3279310492798686,2.682085182517767,2.616800971329212
5085,Marc Navarro,2018,DR,2,0,0,87,0.0,0,0.0,0,Watford,0,0,0,0.0,0.0,0.0
5086,Marc Roca,2022,DMC,32,1,34,2375,2.0919028762727976,2,3.2171000884845853,33,Leeds,7,0,1,2.0919028762727976,6.89039168599993,4.839499623514712
5087,Roberto Jiménez,2019,Sub,8,0,0,687,0.0,0,0.0,0,West Ham,0,0,0,0.0,0.1229031011462211,0.1229031011462211
5136,Estupiñán,2024,Sub,2,0,3,100,0.0637832600623369,0,0.2429196089506149,4,Brighton,0,0,0,0.0637832600623369,0.2132713943719864,0.2054262012243271
5136,Estupiñán,2023,DL,19,2,11,1239,1.034091948531568,3,3.28635298833251,26,Brighton,4,0,2,1.034091948531568,8.131439451128244,5.950095744803548
5136,Estupiñán,2022,Sub,35,1,30,2707,2.3249325277283788,5,5.642439822666347,50,Brighton,4,0,1,2.3249325277283788,18.086723536252972,12.671537213027475
5176,Ryan Babel,2018,FWL,16,5,27,1276,5.748055808246136,3,2.5483999252319336,23,Fulham,3,0,5,5.748055808246136,10.397958263754845,4.037539223209024
5191,Álvaro Fernández,2021,GK,12,0,0,1080,0.0,0,0.0,0,Brentford,0,0,0,0.0,0.3428560979664325,0.3428560979664325
5215,Florent Hadergjonaj,2018,DMR,24,0,6,1843,0.2224597949534654,0,1.3806975008919835,23,Huddersfield,1,0,0,0.2224597949534654,2.3094958178699017,1.3660813998430967
5215,Florent Hadergjonaj,2017,Sub,23,0,9,1675,0.5611832942813635,1,1.2935401927679775,24,Huddersfield,3,0,0,0.5611832942813635,3.0551983062177896,2.2017195746302605
5219,Aleksandar Dragovic,2017,DR,11,0,1,765,0.110555000603199,0,0.0,0,Leicester,2,0,0,0.110555000603199,1.010572612285614,1.010572612285614
5220,Kai Havertz,2024,FW,5,2,11,450,2.297766752541065,1,0.7511811926960945,4,Arsenal,0,0,2,2.297766752541065,3.654039613902569,0.63772813975811
5220,Kai Havertz,2023,MC,37,13,69,2651,13.465729914605618,7,5.814370539039373,45,Arsenal,11,0,12,12.704561084508896,24.790123470127583,9.346141943708062
5220,Kai Havertz,2022,FWL,35,7,71,2613,12.77656376361847,1,3.5748752877116203,38,Chelsea,5,0,6,12.015389770269394,17.850972719490528,5.238859623670578
5220,Kai Havertz,2021,Sub,29,8,56,1829,10.670876573771238,3,2.567781189456582,21,Chelsea,3,0,8,10.670876573771238,17.61883545666933,5.07429869286716
5220,Kai Havertz,2020,AMC,27,4,33,1523,6.352187737822533,3,1.5533829852938652,18,Chelsea,2,0,4,6.352187737822533,10.38293974660337,4.811912000179291
5221,Leon Bailey,2024,AMR,4,0,5,220,0.6671746000647545,0,0.5148944780230522,4,Aston Villa,1,0,0,0.6671746000647545,1.171436332166195,0.4879090115427971
5221,Leon Bailey,2023,AMR,35,10,53,2112,6.4655649326741695,9,10.29915790259838,51,Aston Villa,5,0,10,6.4655649326741695,17.98974223807454,6.671372391283512
5221,Leon Bailey,2022,FWR,33,4,51,2031,4.778411947190762,4,5.5339578883722425,30,Aston Villa,4,0,4,4.778411947190762,13.001362528651953,3.578845404088497
5221,Leon Bailey,2021,Sub,18,1,21,723,1.4925615042448044,2,0.6773803047835827,7,Aston Villa,3,0,1,1.4925615042448044,2.510905209928751,0.6678759902715683
5228,Renato Sanches,2017,MC,12,0,12,703,0.3692075982689857,0,0.2528506983071565,6,Swansea,1,0,0,0.3692075982689857,1.2484090775251389,0.9803172778338194
5232,Alexander Isak,2024,FW,5,1,11,408,1.2649062983691692,1,0.6208376660943031,4,Newcastle United,0,0,1,1.2649062983691692,2.0034062415361404,0.2499202638864517
5232,Alexander Isak,2023,FW,30,21,78,2305,22.07426631450653,2,3.652040131390095,27,Newcastle United,1,0,16,17.507253035902977,24.041151970624924,5.754798140376806
5232,Alexander Isak,2022,FW,22,10,51,1530,8.784851711243391,1,1.7707323329523206,15,Newcastle United,3,0,8,7.262516763061285,11.15905637666583,2.8647358743473887
5234,Jesús Vallejo,2019,DC,2,0,0,163,0.0,0,0.0,0,Wolverhampton Wanderers,1,0,0,0.0,0.0583947002887725,0.0583947002887725
5240,Ondrej Duda,2019,AMC,10,0,10,737,0.5319724082946777,0,1.5336715430021286,16,Norwich,0,0,0,0.5319724082946777,1.9886052273213863,1.0739875845611095
5245,Bernardo,2020,Sub,3,0,4,201,0.3176679909229278,0,0.1736509948968887,2,Brighton,0,0,0,0.3176679909229278,0.2732999920845032,0.0921647027134895
5245,Bernardo,2019,Sub,14,0,7,678,0.4542922992259264,0,0.9403806142508984,4,Brighton,1,0,0,0.4542922992259264,2.1200716234743595,1.3338906057178974
5245,Bernardo,2018,DL,22,0,8,1740,0.3528814036399126,1,0.5762904193252325,10,Brighton,4,0,0,0.3528814036399126,2.304969659075141,1.7213228698819876
5247,Naby Keita,2022,Sub,8,0,10,290,0.4318549875169992,0,0.7309129983186722,8,Liverpool,1,0,0,0.4318549875169992,1.4848380237817764,0.3737828060984611
5247,Naby Keita,2021,MC,23,3,26,1181,2.1447856165468693,1,1.812413688749075,15,Liverpool,3,0,3,2.1447856165468693,7.787591747939587,5.404158726334572
5247,Naby Keita,2020,MC,10,0,9,525,0.3932590968906879,0,0.9129509832710028,6,Liverpool,1,0,0,0.3932590968906879,3.5902223363518715,2.329714320600033
5247,Naby Keita,2019,Sub,18,2,12,812,1.7233739290386438,3,3.2155399341136217,15,Liverpool,1,0,2,1.7233739290386438,9.588450014591215,5.729770809412003
5247,Naby Keita,2018,MC,25,2,27,1407,2.545635223388672,1,1.069607688114047,9,Liverpool,0,0,2,2.545635223388672,12.775824151933191,9.896367259323595
5248,Marcel Sabitzer,2022,Sub,11,0,11,635,0.6979504860937595,1,1.3641165122389791,10,Manchester United,1,0,0,0.6979504860937595,4.193243402987719,3.0633304938673973
5256,Oliver Burke,2020,FW,25,1,25,1272,2.6037588827311997,1,2.620451921597123,15,Sheffield United,2,0,1,2.6037588827311997,6.119536662474275,1.0531198028475046
5256,Oliver Burke,2017,Sub,15,0,4,336,0.4550080150365829,2,0.4694495080038905,4,West Bromwich Albion,0,0,0,0.4550080150365829,1.016181718558073,0.231693297624588
5261,Kevin Danso,2019,DL,6,0,1,272,0.0780709013342857,1,0.0789782032370567,1,Southampton,0,1,0,0.0780709013342857,0.4979417975991964,0.4979417975991964
5264,Caglar Söyüncü,2022,DC,7,1,5,527,0.3382616676390171,0,0.1161900013685226,1,Leicester,2,0,1,0.3382616676390171,1.3646280579268932,1.3646280579268932
5264,Caglar Söyüncü,2021,DC,28,1,8,2500,1.008084572851658,0,0.08737170137465,3,Leicester,5,0,1,1.008084572851658,5.909224271774292,5.82185136154294
5264,Caglar Söyüncü,2020,DC,23,1,10,1802,0.5392078021541238,0,0.3269755970686674,7,Leicester,2,0,1,0.5392078021541238,7.39042928814888,7.368662297725677
5264,Caglar Söyüncü,2019,DC,34,1,17,3042,1.4316151961684227,1,0.3101939000189304,5,Leicester,4,1,1,1.4316151961684227,6.562315622344613,6.4558115396648645
5264,Caglar Söyüncü,2018,DC,6,0,2,373,0.0558414012193679,0,0.0,0,Leicester,1,0,0,0.0558414012193679,0.5203310875222087,0.5203310875222087
5274,Michael Hector,2020,DC,4,0,1,266,0.0863972976803779,0,0.019498199224472,1,Fulham,2,0,0,0.0863972976803779,0.4653735049068928,0.4458755142986774
5304,Mikel Merino,2017,Sub,24,1,16,1336,0.5061763650737703,1,0.7422156911343336,16,Newcastle United,4,0,1,0.5061763650737703,3.658787349238992,3.2360308170318604
5355,Jacob Bruun Larsen,2023,Sub,32,6,44,1272,5.2944221664220095,0,1.4546170141547918,25,Burnley,1,0,5,4.533253343775868,7.313723993487656,2.519299939274788
5360,Weston McKennie,2022,Sub,19,0,13,1450,0.590064475312829,1,0.7054706662893295,13,Leeds,7,0,0,0.590064475312829,2.814117079600692,1.99333081394434
5453,Moritz Bauer,2017,DR,15,0,3,1311,0.1535779032856226,0,1.0045691952109337,14,Stoke,4,0,0,0.1535779032856226,1.9761534817516804,0.9067012965679168
5542,Grant Leadbitter,2016,MC,13,1,13,707,0.7558514047414064,0,0.2924201972782612,8,Middlesbrough,1,0,1,0.7558514047414064,1.6179066002368927,0.8440810963511467
5543,Gabriel Jesus,2024,Sub,3,0,0,12,0.0,0,0.0,0,Arsenal,2,0,0,0.0,0.0,0.0
5543,Gabriel Jesus,2023,Sub,27,4,55,1496,7.291733928024769,5,4.235467437654734,28,Arsenal,6,0,4,7.291733928024769,15.054804097861052,5.210432682186365
5543,Gabriel Jesus,2022,FW,26,11,77,2107,16.171134389936924,6,4.243733491748571,31,Arsenal,6,0,10,15.409974373877048,22.476388424634933,6.94562154635787
5543,Gabriel Jesus,2021,Sub,28,8,64,1885,10.153561741113664,8,5.913651751354337,38,Manchester City,1,0,7,9.392391830682756,19.491168478503823,6.3471613842993975
5543,Gabriel Jesus,2020,FW,29,9,55,2053,9.653350956737995,4,3.549695127643645,31,Manchester City,2,0,9,9.653350956737995,17.878482265397906,6.2336467280983925
5543,Gabriel Jesus,2019,FW,34,14,101,2022,21.01520355977118,7,3.598858524113893,32,Manchester City,3,0,14,20.254034588113427,27.65223414450884,7.181312914937735
5543,Gabriel Jesus,2018,Sub,29,7,43,993,12.621455237269402,3,2.651642894372344,21,Manchester City,1,0,6,11.860289201140404,16.59241919964552,4.99089097417891
5543,Gabriel Jesus,2017,FW,29,13,55,1692,15.36618173867464,3,2.307676523923874,18,Manchester City,6,0,13,13.843847759068012,20.5614745169878,6.514695975929499
5543,Gabriel Jesus,2016,AMR,10,7,24,649,7.243854932487011,4,1.890662670135498,10,Manchester City,2,0,6,6.48272293061018,8.800843104720116,1.1323138177394867
5544,Angus Gunn,2021,GK,9,0,0,810,0.0,0,0.0,0,Norwich,0,0,0,0.0,0.2774380147457123,0.2774380147457123
5544,Angus Gunn,2019,GK,10,0,0,900,0.0,0,0.0,0,Southampton,0,0,0,0.0,0.4860540181398392,0.4860540181398392
5544,Angus Gunn,2018,GK,12,0,0,1080,0.0,0,0.0,0,Southampton,0,0,0,0.0,0.3339809998869896,0.3339809998869896
5545,Wilfred Ndidi,2024,DMC,5,0,6,439,0.2646634578704834,3,1.9578385166823864,6,Leicester,1,0,0,0.2646634578704834,3.029427550733089,0.9201458869501948
5545,Wilfred Ndidi,2022,MC,27,0,7,1691,0.1515615982934832,0,0.0530797010287642,3,Leicester,4,0,0,0.1515615982934832,2.460558785125613,2.331264717504382
5545,Wilfred Ndidi,2021,DMC,19,0,14,1621,0.5835882108658552,0,0.0764130018651485,2,Leicester,4,0,0,0.5835882108658552,4.509538160637021,4.185820620507002
5545,Wilfred Ndidi,2020,DC,26,1,16,2181,0.5960322907194495,4,1.3334988076239824,16,Leicester,6,0,1,0.5960322907194495,10.230051901191471,8.725674789398909
5545,Wilfred Ndidi,2019,DMC,32,2,26,2679,1.727272005751729,1,0.5916656069457531,15,Leicester,6,0,2,1.727272005751729,10.079844063147902,9.054950127378106
5545,Wilfred Ndidi,2018,DMC,38,2,55,3305,3.119846511632204,0,1.6935293599963188,22,Leicester,8,0,2,3.119846511632204,10.33212916413322,7.799395915586501
5545,Wilfred Ndidi,2017,MC,33,0,41,2902,1.5658826967701316,3,0.5101174954324961,11,Leicester,6,2,0,1.5658826967701316,7.971068240702152,6.808556106872857
5545,Wilfred Ndidi,2016,MC,17,2,31,1523,1.8456833129748704,1,0.9799964837729932,6,Leicester,0,0,2,1.8456833129748704,2.9463370591402054,1.896820118650794
5548,Andrew Eleftheriou,2016,Sub,1,0,0,52,0.0,0,0.0485430993139743,1,Watford,0,0,0,0.0,0.0,0.0
5549,Luka Milivojevic,2022,Sub,18,0,7,489,0.2416350301355123,0,0.1513487976044416,2,Crystal Palace,2,0,0,0.2416350301355123,0.9400026239454746,0.7964588776230812
5549,Luka Milivojevic,2021,Sub,15,0,8,776,0.2893700925633311,0,0.6418907046318054,10,Crystal Palace,1,0,0,0.2893700925633311,2.9156328924000263,2.594489369541406
5549,Luka Milivojevic,2020,Sub,31,1,19,2374,2.213461126666516,1,1.7734648771584034,21,Crystal Palace,8,1,0,0.6911234292201698,6.36730165919289,5.705258479341865
5549,Luka Milivojevic,2019,MC,31,3,31,2519,2.4957163175567985,1,1.7364525254815817,29,Crystal Palace,12,0,1,0.9733782848343252,4.50462407246232,3.986329201608896
5549,Luka Milivojevic,2018,MC,38,12,57,3420,10.49101559491828,2,3.390341717749834,59,Crystal Palace,10,0,2,2.1181955304928124,9.534868837334216,8.298606096766889
5549,Luka Milivojevic,2017,MC,36,10,42,3087,7.874590067192912,1,1.2642450015991926,21,Crystal Palace,8,0,3,1.785385811701417,8.746629910543561,8.064284989610314
5549,Luka Milivojevic,2016,MC,14,2,14,1230,1.9874194264411928,0,0.6430021040141582,5,Crystal Palace,4,0,0,0.4650815967470407,2.551720794290304,1.9109944943338637
5550,Evandro,2016,AMC,11,0,3,581,0.1212319983169436,0,0.7039093896746635,11,Hull,1,0,0,0.1212319983169436,0.6327421013265848,0.358975201845169
5551,Omar Elabdellaoui,2016,MR,8,0,0,616,0.0,0,0.1120546013116836,4,Hull,0,0,0,0.0,0.981469999998808,0.9345790017396212
5552,Nick Pope,2024,GK,5,0,0,450,0.0,0,0.0,0,Newcastle United,0,0,0,0.0,1.2511054500937462,1.2511054500937462
5552,Nick Pope,2023,GK,15,0,1,1347,0.0164986308664083,0,0.0,0,Newcastle United,1,0,0,0.0164986308664083,4.397169943898916,4.397169943898916
5552,Nick Pope,2022,GK,37,0,0,3261,0.0,0,0.0174218993633985,1,Newcastle United,3,1,0,0.0,6.256090926006436,6.238660858944058
5552,Nick Pope,2021,GK,36,0,0,3240,0.0,0,0.0706123001873493,2,Burnley,1,0,0,0.0,3.3429428171366453,3.272330516949296
5552,Nick Pope,2020,GK,32,0,0,2880,0.0,0,0.0860504992306232,2,Burnley,1,0,0,0.0,1.1779347462579608,1.09188465308398
5552,Nick Pope,2019,GK,38,0,0,3420,0.0,0,0.1997063979506492,3,Burnley,1,0,0,0.0,2.2495602518320084,2.0879275538027287
5552,Nick Pope,2017,GK,35,0,0,3115,0.0,0,0.1990970037877559,4,Burnley,3,0,0,0.0,0.548972686752677,0.5011657867580652
5553,Declan Rice,2024,MC,4,0,3,319,0.1735135428607463,0,0.5710901543498039,2,Arsenal,2,1,0,0.1735135428607463,1.7585674077272415,1.0572554171085358
5553,Declan Rice,2023,MC,38,7,58,3256,3.186093623749912,8,5.895036246627569,47,Arsenal,5,0,7,3.186093623749912,19.678100544027984,16.131323732435703
5553,Declan Rice,2022,DMC,37,4,36,3268,2.2349475855007768,1,2.33805207721889,36,West Ham,5,0,4,1.4737785691395402,10.850467165000737,8.603918568231165
5553,Declan Rice,2021,DMC,36,1,26,3175,1.0442513916641474,4,1.5558669045567513,23,West Ham,8,0,1,1.0442513916641474,15.582119937054811,14.247515995055435
5553,Declan Rice,2020,DMC,32,2,28,2880,3.191765470430255,1,1.9789338074624536,23,West Ham,2,0,1,1.669427564367652,10.661635948345063,9.188757190480828
5553,Declan Rice,2019,DMC,38,1,31,3420,1.2663896903395653,3,1.3063043979927895,22,West Ham,6,0,1,1.2663896903395653,8.693384418264031,7.636570465750992
5553,Declan Rice,2018,DMC,34,2,22,3009,1.2335703996941447,0,0.6429658159613609,9,West Ham,4,0,2,1.2335703996941447,8.087484509684145,7.640720290131867
5553,Declan Rice,2017,Sub,26,0,5,1419,0.2339269053190946,0,0.0907731987535953,2,West Ham,1,0,0,0.2339269053190946,1.2380961067974567,1.034030707553029
5553,Declan Rice,2016,Sub,1,0,0,1,0.0,0,0.0,0,West Ham,0,0,0,0.0,0.0773535966873169,0.0773535966873169
5554,Luciano Narsingh,2017,Sub,18,1,9,607,1.1216849964112043,0,0.9455582015216352,10,Swansea,0,0,1,1.1216849964112043,2.355178203433752,1.061137404292822
5554,Luciano Narsingh,2016,Sub,13,0,2,400,0.1758510023355484,3,0.6974846012890339,7,Swansea,0,0,0,0.1758510023355484,1.5234705843031406,0.7816392928361893
5555,Dominic Calvert-Lewin,2024,FW,5,2,11,424,2.0948054529726505,1,0.431667298078537,1,Everton,0,0,2,2.0948054529726505,1.6955772042274475,0.2905395850539207
5555,Dominic Calvert-Lewin,2023,FW,32,7,73,2234,13.627293583005669,2,3.068425781559199,19,Everton,2,0,5,12.104955926537514,11.614983171224594,1.8352613244205715
5555,Dominic Calvert-Lewin,2022,Sub,17,2,31,1197,6.498087804764509,1,1.2365073096007109,9,Everton,3,0,1,5.736918967217207,8.038987591862679,1.9899096544831991
5555,Dominic Calvert-Lewin,2021,FW,17,5,33,1297,6.218367507681251,2,1.659819481894374,10,Everton,2,0,3,3.9349023085087538,5.950977586209774,1.9578842744231224
5555,Dominic Calvert-Lewin,2020,FW,33,16,83,2878,18.21051686815917,0,2.1018170565366745,18,Everton,3,0,16,18.21051686815917,19.88430229574442,4.270792106166482
5555,Dominic Calvert-Lewin,2019,FW,36,13,85,2639,16.109829664230347,1,1.3362244945019484,15,Everton,9,0,13,16.109829664230347,17.212487518787384,3.896764546632767
5555,Dominic Calvert-Lewin,2018,Sub,35,6,52,1763,6.1705089416354895,2,1.6395719181746244,12,Everton,3,0,6,6.1705089416354895,8.36876049079001,1.3697870038449764
5555,Dominic Calvert-Lewin,2017,DMR,32,4,42,1861,5.436773799359798,6,3.065156100317836,20,Everton,4,0,4,5.436773799359798,9.517183855175972,3.410160537809133
5555,Dominic Calvert-Lewin,2016,AMC,11,1,7,340,1.245162097737193,0,0.0,0,Everton,1,0,1,1.245162097737193,1.3887297566980124,0.2223119065165519
5556,Ademola Lookman,2021,Sub,26,6,26,1470,4.781360968947411,0,1.812361997552216,23,Leicester,2,0,6,4.781360968947411,11.409113086760044,5.64014358818531
5556,Ademola Lookman,2020,Sub,34,4,69,2765,6.251115549355745,4,5.258410016074777,61,Fulham,5,0,4,5.489946853369474,15.35522646829486,7.334160039201379
5556,Ademola Lookman,2018,Sub,21,0,12,575,1.5689684599637983,2,1.6114375740289688,10,Everton,0,0,0,1.5689684599637983,4.338542144745588,2.2015608362853527
5556,Ademola Lookman,2017,Sub,7,0,3,145,0.1449168026447296,0,0.0077863498590886,1,Everton,0,0,0,0.1449168026447296,0.7546356762759387,0.6210472229868174
5556,Ademola Lookman,2016,Sub,8,1,16,289,1.1416975036263466,0,0.0,0,Everton,0,0,1,1.1416975036263466,1.4896504878997805,0.4487139955163002
5557,Ben Woodburn,2017,Sub,1,0,0,5,0.0,0,0.0,0,Liverpool,0,0,0,0.0,0.0,0.0
5557,Ben Woodburn,2016,Sub,5,0,2,83,0.0747347027063369,0,0.0,0,Liverpool,0,0,0,0.0747347027063369,0.0811076015233993,0.0189105998724699
5558,Brandon Mason,2016,DL,2,0,0,111,0.0,0,0.0,0,Watford,0,0,0,0.0,0.0,0.0
5559,Dion Pereira,2016,Sub,2,0,0,19,0.0,0,0.0425821989774704,1,Watford,0,0,0,0.0,0.0425821989774704,0.0
5560,Scott McTominay,2024,Sub,2,0,1,15,0.1260273307561874,0,0.0,0,Manchester United,0,0,0,0.1260273307561874,0.1260273307561874,0.0
5560,Scott McTominay,2023,Sub,32,7,44,1861,6.777370238676667,1,1.0619673654437063,11,Manchester United,2,0,7,6.777370238676667,9.31455492042005,3.7229946237057447
5560,Scott McTominay,2022,MC,24,1,13,1133,1.8013716908171773,0,1.078185809776187,8,Manchester United,8,0,1,1.8013716908171773,6.004832318983972,3.5477124359458685
5560,Scott McTominay,2021,DMC,30,1,27,2410,1.47690190654248,1,1.6853308789432049,23,Manchester United,9,0,1,1.47690190654248,8.39546657167375,6.715101003646851
5560,Scott McTominay,2020,DMC,32,4,26,2121,1.847744192928076,1,2.114613111130893,17,Manchester United,3,0,4,1.847744192928076,10.912292583845556,7.90481286123395
5560,Scott McTominay,2019,DMC,27,3,29,1771,2.0219837967306376,1,1.4312147917225957,16,Manchester United,2,0,3,2.0219837967306376,5.719029553234577,4.453569384291768
5560,Scott McTominay,2018,Sub,16,2,15,852,1.588795562274754,0,0.0170061998069286,1,Manchester United,1,0,2,1.588795562274754,3.5094783529639244,2.3852984234690666
5560,Scott McTominay,2017,Sub,13,0,1,627,0.0359686017036438,0,0.036056499928236,2,Manchester United,2,0,0,0.0359686017036438,2.0014487020671368,1.929422924295068
5560,Scott McTominay,2016,MC,2,0,1,94,0.0363675989210605,0,0.1549499928951263,1,Manchester United,1,0,0,0.0363675989210605,0.2662079930305481,0.1112589985132217
5562,Rekeem Harper,2020,Sub,2,0,1,27,0.029595399275422,0,0.0,0,West Bromwich Albion,0,0,0,0.029595399275422,0.0382114984095096,0.0086161103099584
5562,Rekeem Harper,2017,Sub,1,0,0,19,0.0,0,0.0493932999670505,2,West Bromwich Albion,0,0,0,0.0,0.0493932999670505,0.0
5563,Daniel Agyei,2016,Sub,3,0,2,20,0.0976220965385437,0,0.0,0,Burnley,0,0,0,0.0976220965385437,0.0976220965385437,0.0
5565,Josh Sims,2018,Sub,7,0,5,205,0.7687907218933105,1,0.6989210247993469,1,Southampton,0,0,0,0.7687907218933105,1.879932641983032,0.4122169911861419
5565,Josh Sims,2017,Sub,6,0,11,158,0.5660226009786129,0,0.1332263983786106,2,Southampton,0,0,0,0.5660226009786129,0.8202590048313141,0.2190249934792518
5565,Josh Sims,2016,FWL,7,0,5,199,0.5632529966533184,1,0.8554522916674614,2,Southampton,0,0,0,0.5632529966533184,1.81204342097044,0.7710541114211082
5567,Nathan Holland,2019,Sub,2,0,1,24,0.0097770197317004,0,0.0,0,West Ham,0,0,0,0.0097770197317004,0.0097770197317004,0.0
5568,Connor Roberts,2023,DR,14,0,0,804,0.0,1,0.3131415136158466,7,Burnley,3,1,0,0.0,2.1132199577987194,1.9018691666424277
5568,Connor Roberts,2021,Sub,21,1,6,1686,0.2225561048835516,1,1.1593199241906404,13,Burnley,2,0,1,0.2225561048835516,3.6431610444560647,2.413885143585503
5568,Connor Roberts,2017,Sub,4,0,0,268,0.0,0,0.0,0,Swansea,0,0,0,0.0,0.3168213926255703,0.3168213926255703
5569,Rhian Brewster,2023,Sub,13,0,7,302,0.3449401650577783,0,0.1013540811836719,2,Sheffield United,0,1,0,0.3449401650577783,0.784455269575119,0.3381610158830881
5569,Rhian Brewster,2020,Sub,27,0,25,1102,1.932618794962764,0,1.76662964746356,11,Sheffield United,1,0,0,1.932618794962764,3.989293944090605,0.724409413523972
5571,Filip Lesniak,2016,Sub,1,0,0,3,0.0,1,0.0845538005232811,1,Tottenham,0,0,0,0.0,0.2658770084381103,0.1813230067491531
5573,Domingos Quina,2019,Sub,4,0,1,9,0.0213210005313158,0,0.0,0,Watford,0,0,0,0.0213210005313158,0.0213210005313158,0.0
5573,Domingos Quina,2018,Sub,8,1,5,328,0.1972139999270439,0,0.0922725964337587,2,Watford,0,0,1,0.1972139999270439,2.343976028263569,2.176337994635105
5574,Demetri Mitchell,2016,DL,1,0,0,90,0.0,0,0.056777399033308,2,Manchester United,0,0,0,0.0,0.1809989959001541,0.1809989959001541
5575,Joel Pereira,2016,GK,1,0,0,90,0.0,0,0.0,0,Manchester United,0,0,0,0.0,0.2117269933223724,0.2117269933223724
5576,James Husband,2016,DL,1,0,0,62,0.0,0,0.0,0,Middlesbrough,0,0,0,0.0,0.15693399310112,0.15693399310112
5584,Aaron Wan-Bissaka,2024,Sub,4,0,0,298,0.0,0,0.2294472567737102,5,West Ham,0,0,0,0.0,0.7017944753170013,0.5166958272457123
5584,Aaron Wan-Bissaka,2023,DR,22,0,3,1784,0.1462121829390525,2,1.4311098009347916,12,Manchester United,4,0,0,0.1462121829390525,7.737613718956709,6.425123929977417
5584,Aaron Wan-Bissaka,2022,Sub,19,0,10,1436,1.1713167987763882,0,1.153474660590291,15,Manchester United,2,0,0,1.1713167987763882,7.755331262946129,6.90122390165925
5584,Aaron Wan-Bissaka,2021,DR,20,0,5,1795,0.2879096958786249,0,0.9214209783822298,14,Manchester United,2,0,0,0.2879096958786249,5.104910586029291,4.2221742030233145
5584,Aaron Wan-Bissaka,2020,DR,34,2,7,3060,0.9324541166424752,4,2.547665696591139,31,Manchester United,3,0,2,0.9324541166424752,12.242120400071144,9.676276091486216
5584,Aaron Wan-Bissaka,2019,DR,35,0,7,3075,0.8149185925722122,4,3.49091693200171,25,Manchester United,8,0,0,0.8149185925722122,14.165588987991214,11.521173445507884
5584,Aaron Wan-Bissaka,2018,DR,35,0,9,3136,0.3732242006808519,3,2.2901115771383047,14,Crystal Palace,4,1,0,0.3732242006808519,7.099254326894879,5.101706748828292
5584,Aaron Wan-Bissaka,2017,DR,7,0,0,630,0.0,0,0.2193699944764375,3,Crystal Palace,1,0,0,0.0,1.6911542862653732,1.6681843250989914
5586,Michael Folivi,2016,Sub,1,0,0,6,0.0,0,0.0,0,Watford,0,0,0,0.0,0.0,0.0
5587,Josh Maja,2020,Sub,15,3,21,809,4.91805799305439,0,0.7428307086229324,7,Fulham,0,0,2,4.156888987869024,4.449021954089403,0.6455444116145372
5590,Tosin Adarabioyo,2024,Sub,2,0,0,118,0.0,0,0.0139205679297447,1,Chelsea,0,0,0,0.0,1.0947105288505554,1.0947105288505554
5590,Tosin Adarabioyo,2023,Sub,20,2,14,1618,0.9477480566129088,0,0.1365393549203872,2,Fulham,2,0,2,0.9477480566129088,5.4755807258188725,5.466204304248095
5590,Tosin Adarabioyo,2022,DC,25,1,17,2081,0.5782807385548949,0,0.2267771176993847,6,Fulham,4,0,1,0.5782807385548949,3.626173667609692,3.482117474079132
5590,Tosin Adarabioyo,2020,DC,33,0,18,2955,1.560731110163033,0,0.3087306385859847,5,Fulham,1,0,0,1.560731110163033,5.666260660625994,5.607973066158593
5593,Thomas Edwards,2017,DR,6,0,1,486,0.0144109996035695,0,0.5755749940872192,1,Stoke,0,0,0,0.0144109996035695,1.2186413146555424,1.2186413146555424
5595,Daniel James,2022,Sub,20,2,13,585,1.9874539971351624,1,1.1182761266827583,7,Fulham,0,0,2,1.9874539971351624,3.808370370417833,1.362296812236309
5595,Daniel James,2022,Sub,4,0,3,205,0.1299787983298301,0,0.4716019928455353,1,Leeds,0,0,0,0.1299787983298301,0.7652983218431473,0.1637180000543594
5595,Daniel James,2021,Sub,32,4,50,2386,7.449835479259491,4,3.74602285772562,25,Leeds,7,1,4,7.449835479259491,11.98939761519432,1.2580958139151337
5595,Daniel James,2021,AMR,2,0,4,130,0.2607726939022541,0,0.5321792867034674,2,Manchester United,0,0,0,0.2607726939022541,0.3190059959888458,0.1198410019278526
5595,Daniel James,2020,AMR,15,3,17,920,2.3124233819544315,1,1.3286128789186478,10,Manchester United,3,0,3,2.3124233819544315,5.241102613508701,2.144381510093808
5595,Daniel James,2019,Sub,33,3,42,2291,3.603131204843521,6,4.264182991348207,26,Manchester United,4,0,3,3.603131204843521,11.158981505781412,5.398975040763617
5596,Harry Wilson,2024,Sub,3,0,0,29,0.0,0,0.0,0,Fulham,1,0,0,0.0,0.0,0.0
5596,Harry Wilson,2023,FWR,35,4,39,1576,2.819539733231068,6,3.1505596097558737,22,Fulham,6,0,4,2.819539733231068,7.545763581991196,3.50857000797987
5596,Harry Wilson,2022,Sub,29,2,18,1087,1.8703890815377235,3,1.3884916454553604,12,Fulham,1,0,2,1.8703890815377235,5.573958999477327,2.747893917374313
5596,Harry Wilson,2019,MR,31,7,56,1672,4.164999137632549,0,2.217742595821619,14,Bournemouth,2,0,7,4.164999137632549,7.9218197055161,4.210729802027345
5597,Josh Harrop,2016,FWL,1,1,2,90,0.1439490020275116,0,0.0165718998759984,1,Manchester United,0,0,1,0.1439490020275116,0.3680320084095001,0.2240830063819885
5598,Angel Gomes,2019,Sub,2,0,0,17,0.0,0,0.229203000664711,2,Manchester United,0,0,0,0.0,0.2523970007896423,0.1622159928083419
5598,Angel Gomes,2018,Sub,2,0,2,23,0.1069332025945186,0,0.0,0,Manchester United,0,0,0,0.1069332025945186,0.2809922993183136,0.1740590035915374
5598,Angel Gomes,2016,Sub,1,0,0,1,0.0,0,0.0,0,Manchester United,0,0,0,0.0,0.0,0.0
5601,Matt Worthington,2016,Sub,1,0,0,14,0.0,0,0.0,0,Bournemouth,0,0,0,0.0,0.0,0.0
5602,Sam Surridge,2022,FW,20,1,9,275,1.692672897130251,0,0.051858801394701,1,Nottingham Forest,2,0,1,1.692672897130251,2.3841308541595936,0.7316878624260426
5602,Sam Surridge,2019,Sub,4,0,2,20,0.8971610069274902,0,0.0657119005918502,1,Bournemouth,0,0,0,0.8971610069274902,0.4857649058103561,0.0
5602,Sam Surridge,2018,Sub,2,0,2,9,0.3793915882706642,0,0.0378567986190319,1,Bournemouth,0,0,0,0.3793915882706642,0.4172485843300819,0.0
5603,Aaron Ramsdale,2024,GK,3,0,0,270,0.0,0,0.0,0,Southampton,0,0,0,0.0,0.0341485179960727,0.0341485179960727
5603,Aaron Ramsdale,2023,GK,6,0,0,540,0.0,0,0.0,0,Arsenal,0,0,0,0.0,0.7832736372947693,0.7832736372947693
5603,Aaron Ramsdale,2022,GK,38,0,0,3420,0.0,0,0.0,0,Arsenal,1,0,0,0.0,5.103533525019884,5.103533525019884
5603,Aaron Ramsdale,2021,GK,34,0,0,3060,0.0,0,0.0,0,Arsenal,1,0,0,0.0,3.995810028165579,3.995810028165579
5603,Aaron Ramsdale,2020,GK,38,0,0,3420,0.0,0,0.0776716992259025,2,Sheffield United,1,0,0,0.0,2.899687790311873,2.82201670203358
5603,Aaron Ramsdale,2019,GK,37,0,0,3330,0.0,1,0.5314233005046844,2,Bournemouth,0,0,0,0.0,2.167374064214528,1.6359507637098432
5609,Yves Bissouma,2024,MC,3,1,1,186,0.0567831993103027,0,0.1042985469102859,2,Tottenham,2,0,1,0.0567831993103027,1.47191159427166,1.3971835523843763
5609,Yves Bissouma,2023,DMC,28,0,24,2120,1.1663736272603271,0,0.4049058575183153,10,Tottenham,8,2,0,1.1663736272603271,11.2580073364079,10.58978133648634
5609,Yves Bissouma,2022,Sub,23,0,6,988,0.1294596353545785,0,0.4400514382869005,8,Tottenham,6,0,0,0.1294596353545785,4.439508566632867,4.140980340540409
5609,Yves Bissouma,2021,MC,26,1,21,2134,1.05012384429574,2,0.844827288761735,8,Brighton,10,0,1,1.05012384429574,8.46087761502713,6.945664497092366
5609,Yves Bissouma,2020,MC,36,1,42,3121,1.0768232634291053,0,1.081232002004981,16,Brighton,8,1,1,1.0768232634291053,9.739855950698256,8.210505489259958
5609,Yves Bissouma,2019,Sub,22,1,16,1270,0.4054245175793767,0,0.1357409004122018,4,Brighton,4,0,1,0.4054245175793767,3.3690175376832485,2.931569099426269
5609,Yves Bissouma,2018,Sub,28,0,31,1757,1.7799655944108963,0,0.9938525147736073,13,Brighton,5,0,0,1.7799655944108963,4.9765729252249,3.1750617306679487
5612,Anwar El Ghazi,2021,AMR,9,1,8,372,0.9790227208286524,1,0.2625085022300482,5,Aston Villa,2,0,0,0.2178536001592874,0.6096942089498043,0.3097454067319631
5612,Anwar El Ghazi,2021,Sub,2,0,0,8,0.0,0,0.0,0,Everton,0,0,0,0.0,0.0,0.0
5612,Anwar El Ghazi,2020,Sub,28,10,64,1612,9.037513121031225,0,1.882866207510233,26,Aston Villa,2,0,6,5.99283719342202,7.845566677860916,2.691346569918096
5612,Anwar El Ghazi,2019,ML,34,4,53,2082,6.381359378807247,4,2.877202283591032,30,Aston Villa,3,0,3,5.62019136082381,8.016559479758143,2.2102830801159143
5613,Gabriel,2024,DC,5,2,5,450,1.7020210288465023,0,0.3396926820278168,2,Arsenal,1,0,2,1.7020210288465023,2.172119557857513,1.8324268907308576
5613,Gabriel,2023,Sub,36,3,31,3050,4.025354804471135,0,0.8747859355062246,3,Arsenal,4,0,3,4.025354804471135,13.232404409907758,12.333239757455884
5613,Gabriel,2022,DC,38,3,32,3416,4.335554586723447,0,0.1663138093426823,5,Arsenal,5,0,3,4.335554586723447,13.827072959393265,13.442218709737062
5613,Gabriel,2021,DC,35,5,29,3075,3.5427271053195,0,0.2485223039984703,8,Arsenal,6,1,5,3.5427271053195,11.80418819282204,11.412368149496617
5613,Gabriel,2020,DC,23,2,16,1994,1.5645487178117037,0,0.0560960005968809,2,Arsenal,2,1,2,1.5645487178117037,5.762659789994359,5.748225750401616
5619,Pierre Lees-Melou,2021,MC,33,1,33,2293,1.3564588129520416,0,1.859252595342696,25,Norwich,5,0,1,1.3564588129520416,5.121012233197689,3.338285904377699
5646,Cafú,2022,Sub,1,0,0,3,0.0,0,0.0,0,Nottingham Forest,0,0,0,0.0,0.0,0.0
5648,Malang Sarr,2021,DC,8,0,1,549,0.0206521991640329,0,0.3875728938728571,3,Chelsea,2,0,0,0.0206521991640329,1.337369790300727,0.9393736999481916
5656,Nicolas Pepe,2021,AMR,20,1,23,646,3.448649622499943,2,1.330942586064339,12,Arsenal,0,0,1,3.448649622499943,5.508021876215935,1.4027431681752205
5656,Nicolas Pepe,2020,Sub,29,10,47,1602,6.000205853953958,1,1.0121595980599525,11,Arsenal,1,1,9,5.23903716634959,9.35973517037928,4.2177279610186815
5656,Nicolas Pepe,2019,Sub,31,5,50,2021,5.069304745644331,5,4.904218332841992,39,Arsenal,4,0,4,4.308138769119978,10.924232121556996,4.814494911581278
5662,Isaac Mbenza,2018,Sub,22,1,16,956,0.9028504993766546,1,0.9807284232228994,7,Huddersfield,1,0,1,0.9028504993766546,2.1896756114438176,0.6319060893729329
5675,Ismaila Sarr,2024,Sub,5,0,4,90,0.9537631161510944,0,0.9369772523641586,5,Crystal Palace,0,0,0,0.9537631161510944,2.3010152615606785,0.8326452970504761
5675,Ismaila Sarr,2021,MR,22,5,39,1872,4.251841200515628,2,2.9239715188741684,21,Watford,2,0,5,3.49067216925323,7.595654848963022,2.0602030968293548
5675,Ismaila Sarr,2019,Sub,28,5,43,2038,5.968195581808686,4,4.351110962219536,25,Watford,1,0,5,5.968195581808686,11.652327962219715,3.3667894899845123
5681,Giovani Lo Celso,2023,Sub,22,2,13,466,0.4979793429374695,2,1.60302646830678,17,Tottenham,2,0,2,0.4979793429374695,3.47848142310977,2.747926991432905
5681,Giovani Lo Celso,2021,Sub,9,0,9,223,0.7339944131672382,0,1.0649308785796163,5,Tottenham,0,0,0,0.7339944131672382,1.4450752884149551,0.7877816185355186
5681,Giovani Lo Celso,2020,Sub,18,1,15,955,1.5252610966563225,1,1.1966528072953224,15,Tottenham,5,0,1,1.5252610966563225,5.273319855332375,3.312730461359024
5681,Giovani Lo Celso,2019,Sub,28,0,18,1477,1.3795271199196577,2,1.7072914326563478,29,Tottenham,6,0,0,1.3795271199196577,7.932053193449974,5.939793787896633
5682,Gonçalo Guedes,2024,Sub,3,0,0,34,0.0,0,0.0,0,Wolverhampton Wanderers,0,0,0,0.0,0.0,0.0
5682,Gonçalo Guedes,2022,Sub,13,1,19,718,1.2725390158593657,1,0.5424784012138844,9,Wolverhampton Wanderers,1,0,1,1.2725390158593657,2.087318381294608,0.4202986033633351
5706,Dodi Lukebakio,2017,Sub,1,0,1,14,0.0188676007091999,0,0.0811434984207153,2,Watford,0,0,0,0.0188676007091999,0.0414296016097068,0.0
5708,Fernando Marçal,2021,DML,18,0,11,1468,0.6045070141553879,0,0.7216701917350292,10,Wolverhampton Wanderers,3,0,0,0.6045070141553879,3.928286073729396,3.2729318952187896
5708,Fernando Marçal,2020,DML,13,0,2,611,0.0745545979589223,0,0.1398072009906172,4,Wolverhampton Wanderers,2,0,0,0.0745545979589223,2.079630693420768,1.9003007970750327
5712,Diego Carlos,2024,DC,1,0,0,90,0.0,0,0.0,0,Aston Villa,0,0,0,0.0,0.3652400076389313,0.3652400076389313
5712,Diego Carlos,2023,Sub,27,0,9,1784,1.8101312145590784,0,0.1100177364423871,4,Aston Villa,4,0,0,1.8101312145590784,5.879810709506273,5.67356039211154
5712,Diego Carlos,2022,DC,3,0,4,203,0.7391797844320536,0,0.0345584973692894,1,Aston Villa,0,0,0,0.7391797844320536,0.3409037049859762,0.3233499052003026
5722,Ibrahim Sangare,2024,DMC,3,0,1,217,0.0163659416139125,0,0.0082136588171124,1,Nottingham Forest,2,0,0,0.0163659416139125,0.6643093824386597,0.639729768037796
5722,Ibrahim Sangare,2023,DMC,17,0,8,1053,0.8340437468141317,0,0.3507998380810022,7,Nottingham Forest,6,0,0,0.8340437468141317,4.501044608652592,3.5168560035526752
5735,Jean-Philippe Mateta,2024,FW,5,2,6,347,1.8113128021359444,0,0.278803052380681,3,Crystal Palace,0,0,1,1.0501439049839971,2.058283446356654,0.7447474785149097
5735,Jean-Philippe Mateta,2023,Sub,35,16,46,2303,12.290523625910282,5,3.52706278860569,32,Crystal Palace,3,0,14,10.768185935914516,15.486321330070496,2.852151058614254
5735,Jean-Philippe Mateta,2022,Sub,29,2,28,717,3.308864532038569,0,0.4064396023750305,5,Crystal Palace,3,0,2,3.308864532038569,4.657251037657261,1.3217991441488266
5735,Jean-Philippe Mateta,2021,FW,22,5,37,1153,5.846974600106478,1,0.7184610925614834,7,Crystal Palace,2,0,5,5.846974600106478,6.87257020175457,2.1351872496306896
5735,Jean-Philippe Mateta,2020,FW,7,1,4,213,0.325430404394865,0,0.016295300796628,1,Crystal Palace,0,0,1,0.325430404394865,0.3973559029400348,0.1360509991645813
5740,Adama Diakhaby,2018,Sub,12,0,7,560,0.8706764774397016,0,0.5404308997094631,5,Huddersfield,1,0,0,0.8706764774397016,1.3227423802018166,0.2783895060420036
5759,Matteo Guendouzi,2019,DMC,24,0,11,1744,0.5298995021730661,1,1.0633035972714424,12,Arsenal,6,0,0,0.5298995021730661,6.531604591757059,5.212481122463942
5759,Matteo Guendouzi,2018,DMC,33,0,16,2132,0.4822906963527202,0,1.5040015205740929,17,Arsenal,9,0,0,0.4822906963527202,13.771103780716658,12.147162380628288
5767,Fousseni Diabate,2018,AML,1,0,0,55,0.0,0,0.0752839967608451,1,Leicester,0,0,0,0.0,0.0752839967608451,0.0
5767,Fousseni Diabate,2017,MR,14,0,6,575,0.5881275981664658,1,0.3885362930595875,7,Leicester,1,0,0,0.5881275981664658,2.970937287434936,2.1427000612020493
5786,Yoane Wissa,2024,FW,4,3,9,297,3.0045496821403503,1,0.3643055185675621,4,Brentford,1,0,3,3.0045496821403503,4.087041139602661,0.8197058066725731
5786,Yoane Wissa,2023,FW,34,12,67,2556,11.16999962553382,3,3.828521143645048,29,Brentford,7,0,12,11.16999962553382,16.368419870734215,4.587590790353715
5786,Yoane Wissa,2022,FWL,38,7,32,1583,5.207585535943508,3,2.6399280801415443,13,Brentford,3,0,7,5.207585535943508,11.27296715322882,4.301408238708973
5786,Yoane Wissa,2021,Sub,30,7,32,1230,3.4018343733623624,1,0.6705948002636433,9,Brentford,0,0,7,3.4018343733623624,4.416324868798256,1.8253055810928345
5789,Boubacar Kamara,2023,DMC,20,0,5,1686,0.1435272945091128,1,1.0960499802604318,20,Aston Villa,7,1,0,0.1435272945091128,9.230381686240436,8.439194424077868
5789,Boubacar Kamara,2022,MC,24,0,4,1790,0.0835402803495526,1,0.6932991156354547,7,Aston Villa,4,0,0,0.0835402803495526,4.049316678196192,3.758611302822828
5803,Fode Toure,2023,Sub,6,0,0,41,0.0,0,0.0,0,Fulham,1,0,0,0.0,0.6374003142118454,0.6374003142118454
5956,Youri Tielemans,2024,DMC,5,0,2,450,0.1565878093242645,2,1.81036714091897,10,Aston Villa,1,0,0,0.1565878093242645,5.2854016572237015,4.72189798951149
5956,Youri Tielemans,2023,Sub,32,2,14,1580,1.0049287639558315,6,3.0543287601321936,18,Aston Villa,3,0,2,1.0049287639558315,10.675306875258684,8.060789976269007
5956,Youri Tielemans,2022,MC,31,3,31,2365,2.239441570825875,2,4.528865018859506,30,Leicester,4,0,2,0.7171045774593949,14.306540120393038,11.20656917989254
5956,Youri Tielemans,2021,DMC,32,6,59,2638,4.266476510092616,4,4.3065823297947645,37,Leicester,3,0,4,2.744143282994628,14.25932363141328,8.546899825334549
5956,Youri Tielemans,2020,MC,38,6,48,3359,4.168200260028243,4,3.31225230358541,49,Leicester,6,0,4,2.645866280421614,18.97533188760281,14.945476435124874
5956,Youri Tielemans,2019,MC,37,3,56,2849,2.792379300110042,6,5.186098888516426,53,Leicester,2,0,3,2.792379300110042,17.103849846869707,11.131551540456712
5956,Youri Tielemans,2018,MC,13,3,31,1098,2.055864470079541,4,2.5030781868845224,16,Leicester,2,0,3,2.055864470079541,8.308931186795235,5.261961596086621
5962,Tanguy NDombele Alvaro,2021,MC,9,1,9,490,0.5444414857774973,1,0.6208788082003593,4,Tottenham,1,0,1,0.5444414857774973,2.439093429595232,1.5780104137957096
5962,Tanguy NDombele Alvaro,2020,Sub,33,3,18,2141,1.5304817156866193,2,2.12633260153234,14,Tottenham,3,0,3,1.5304817156866193,10.934960171580316,8.005787655711174
5962,Tanguy NDombele Alvaro,2019,MC,21,2,9,1002,0.3529553022235632,2,0.7975039957091212,12,Tottenham,3,0,2,0.3529553022235632,5.34064151532948,4.963006844744086
5973,Kenny Tete,2024,DR,5,0,9,450,0.9390779435634612,0,0.0259996447712183,1,Fulham,1,0,0,0.9390779435634612,1.968621850013733,1.6453968435525894
5973,Kenny Tete,2023,DR,14,1,4,880,1.1781789623200891,0,0.1614780435338616,3,Fulham,2,0,1,1.1781789623200891,1.8050313368439677,1.7335399203002453
5973,Kenny Tete,2022,DR,31,1,13,2589,0.7199479946866632,5,2.3401720114052296,23,Fulham,8,0,1,0.7199479946866632,6.948736446909607,4.787528486922383
5973,Kenny Tete,2020,DR,22,0,7,1483,0.2111262995749712,1,0.9065475072711706,19,Fulham,3,0,0,0.2111262995749712,3.743922509253025,2.7555710561573505
5989,Moussa Niakhate,2023,Sub,21,1,5,1446,1.166658602654934,0,0.0978621523827314,3,Nottingham Forest,3,1,1,1.166658602654934,5.420620266348124,5.337864320725203
5989,Moussa Niakhate,2022,DC,14,0,6,1170,1.2535991268232465,0,0.0697230026125907,1,Nottingham Forest,1,0,0,1.2535991268232465,1.220473725348711,1.220473725348711
6026,Richarlison,2024,Sub,2,0,1,22,0.3241162896156311,0,0.0,0,Tottenham,0,0,0,0.3241162896156311,0.0,0.0
6026,Richarlison,2023,FW,28,11,61,1511,9.619059151038527,4,1.9676255472004411,15,Tottenham,3,0,11,9.619059151038527,12.735109627246857,2.2886698860675097
6026,Richarlison,2022,Sub,27,1,27,982,3.516935642808676,3,1.7408953551203012,16,Tottenham,3,0,1,3.516935642808676,5.353842290118337,1.5918804369866848
6026,Richarlison,2021,AML,30,10,74,2532,10.01377157587558,5,4.38378893956542,29,Everton,8,0,7,7.73029859084636,11.769672244787216,3.0044056214392185
6026,Richarlison,2020,FWL,34,7,81,2883,10.670258212834597,3,3.3947635404765606,25,Everton,4,1,6,9.90908919647336,15.864715963602066,5.174457877874374
6026,Richarlison,2019,AMR,36,13,89,3100,9.84296602755785,3,6.668139893561602,34,Everton,8,0,13,9.84296602755785,16.459744973108172,5.198304673656821
6026,Richarlison,2018,AML,35,13,82,2702,11.333980564028025,1,1.956237562932074,20,Everton,5,1,13,11.333980564028025,13.400347389280796,5.100169887766242
6026,Richarlison,2017,Sub,38,5,95,2832,10.662871407344936,4,3.807929429225624,26,Watford,4,0,5,10.662871407344936,14.732119798660278,2.51998857781291
6027,Jairo Riedewald,2023,Sub,9,0,1,219,0.0593644082546234,0,0.0,0,Crystal Palace,0,0,0,0.0593644082546234,1.6596563309431076,1.6002919226884842
6027,Jairo Riedewald,2022,Sub,6,0,1,50,0.0538971312344074,0,0.0,0,Crystal Palace,0,0,0,0.0538971312344074,0.0549407005310058,0.0549407005310058
6027,Jairo Riedewald,2021,MC,3,0,0,112,0.0,0,0.0536243990063667,2,Crystal Palace,0,0,0,0.0,0.7066323831677437,0.6811745837330818
6027,Jairo Riedewald,2020,Sub,33,2,8,1803,0.5630807876586914,0,0.8973621036857367,11,Crystal Palace,4,0,2,0.5630807876586914,3.511385193094611,2.3339512944221497
6027,Jairo Riedewald,2019,Sub,17,0,3,747,0.0469886008650064,0,0.2108976021409034,2,Crystal Palace,0,0,0,0.0469886008650064,1.3252625055611134,1.1932365037500858
6027,Jairo Riedewald,2017,DC,12,0,1,421,0.0380422994494438,0,0.0,0,Crystal Palace,0,0,0,0.0380422994494438,0.6053657922893763,0.5673234909772873
6029,Tommy Smith,2018,DR,15,0,3,1138,0.075785900466144,0,0.3938208930194378,7,Huddersfield,2,1,0,0.075785900466144,1.1677428102120757,0.8312791064381599
6029,Tommy Smith,2017,DR,24,0,8,1911,0.1591714015230536,1,1.928782606497407,15,Huddersfield,7,0,0,0.1591714015230536,3.5909814201295376,3.0948149571195245
6030,Zanka,2023,Sub,14,1,8,1082,0.6000314559787512,0,0.9500103443861008,6,Brentford,4,0,1,0.6000314559787512,4.571010607294738,3.7045516846701503
6030,Zanka,2022,DC,18,0,5,1082,0.4019469805061817,0,0.2393823862075805,3,Brentford,2,0,0,0.4019469805061817,2.812157953158021,2.583403604105115
6030,Zanka,2021,Sub,8,1,2,514,0.1421730071306228,0,0.076792798936367,2,Brentford,2,0,1,0.1421730071306228,1.8502167314291,1.8271526284515855
6030,Zanka,2018,DC,24,3,8,2151,1.4841625727713108,1,0.3927206974476576,8,Huddersfield,6,0,3,1.4841625727713108,2.341266484931112,1.4670754009857774
6030,Zanka,2017,DC,38,0,13,3420,2.267965890467167,2,0.8845456931740046,9,Huddersfield,6,0,0,2.267965890467167,5.24671055842191,4.0332754431292415
6031,Christopher Schindler,2018,DC,37,1,13,3266,1.041323009878397,0,0.4046876132488251,2,Huddersfield,4,1,1,1.041323009878397,3.2034810883924365,2.518890212289989
6031,Christopher Schindler,2017,DC,37,0,10,3269,0.7634108904749155,1,2.44670644402504,9,Huddersfield,6,1,0,0.7634108904749155,4.538168107159436,3.743957855738699
6032,Chris Löwe,2018,DML,29,0,18,2052,0.4915374033153057,2,1.783748209476471,20,Huddersfield,2,0,0,0.4915374033153057,3.1015720162540674,1.597274977713823
6032,Chris Löwe,2017,DL,23,0,8,1598,0.3496684031561017,0,0.3733361922204494,5,Huddersfield,1,0,0,0.3496684031561017,3.301321174949408,3.0629305839538574
6033,Aaron Mooy,2019,Sub,31,2,33,2095,2.5181911941617727,2,3.7491019684821367,39,Brighton,1,1,2,2.5181911941617727,8.611671870574355,4.264197228476405
6033,Aaron Mooy,2018,MC,29,3,43,2326,2.420329000800848,1,2.7453818414360285,43,Huddersfield,4,0,2,1.6591599844396114,5.216702068224549,3.481635826639831
6033,Aaron Mooy,2017,DMC,36,4,29,3077,2.863142983056605,3,4.150494369678199,50,Huddersfield,4,0,3,2.101973013021052,7.69504867400974,4.615362114273012
6034,Philip Billing,2024,Sub,2,0,0,15,0.0,0,0.0,0,Bournemouth,0,0,0,0.0,0.0370999984443187,0.0370999984443187
6034,Philip Billing,2023,DMC,29,2,30,1359,2.870723254047334,2,3.7171403001993895,23,Bournemouth,3,1,2,2.870723254047334,7.183791579678655,2.8327820003032684
6034,Philip Billing,2022,MC,36,7,38,2822,4.894198485650122,1,3.457261343486607,27,Bournemouth,5,0,7,4.894198485650122,9.995119906961918,3.561682090163231
6034,Philip Billing,2019,MC,34,1,33,2542,2.274694107472897,1,1.43443089351058,15,Bournemouth,8,0,1,2.274694107472897,6.998952125199139,5.092860587872565
6034,Philip Billing,2018,MC,27,2,42,2199,1.6647705221548676,0,1.8249883875250816,22,Huddersfield,7,0,2,1.6647705221548676,5.94055647496134,3.6992531660944223
6034,Philip Billing,2017,DMC,16,0,7,755,0.1230229996144771,0,0.5159220099449158,2,Huddersfield,3,0,0,0.1230229996144771,1.3330966038629413,1.193539086729288
6035,Collin Quaner,2018,Sub,2,0,0,34,0.0,0,0.0976916998624801,1,Huddersfield,0,0,0,0.0,0.1085719997063279,0.1085719997063279
6035,Collin Quaner,2017,Sub,26,0,16,1255,1.350244278088212,4,2.532941090874374,17,Huddersfield,4,0,0,1.350244278088212,4.634313620626926,2.863914128392935
6036,Rajiv van La Parra,2018,AML,5,0,5,411,0.2370322979986667,0,0.0699041001498699,4,Huddersfield,0,0,0,0.2370322979986667,0.392003696411848,0.1041320003569126
6036,Rajiv van La Parra,2017,Sub,33,3,44,2165,3.088003504090011,0,0.8345380071550608,14,Huddersfield,3,1,2,2.32687150221318,4.758853401988745,2.013039914891124
6037,Danny Williams,2018,Sub,5,0,1,94,0.0155525999143719,0,0.0310347005724906,1,Huddersfield,1,0,0,0.0155525999143719,0.0839855009689927,0.0684329010546207
6037,Danny Williams,2017,Sub,20,0,12,1108,0.3030080590397119,0,0.2359488941729068,4,Huddersfield,2,0,0,0.3030080590397119,1.8722028359770773,1.469663480296731
6038,Laurent Depoitre,2018,Sub,23,0,30,1039,2.6720805931836367,1,0.4564105989411473,9,Huddersfield,1,0,0,2.6720805931836367,2.7286376021802425,0.091602798551321
6038,Laurent Depoitre,2017,FW,33,6,24,1794,3.5911888889968395,1,1.3660856960341334,13,Huddersfield,1,0,6,3.5911888889968395,4.533495164476335,1.0141411954537034
6039,Michael Hefele,2017,Sub,2,0,0,30,0.0,0,0.0,0,Huddersfield,1,0,0,0.0,0.0,0.0
6040,Scott Malone,2017,Sub,22,0,8,1116,0.6542531978338957,1,0.4924254985526204,10,Huddersfield,3,0,0,0.6542531978338957,2.8854930019006133,2.068233705125749
6041,Joel Coleman,2018,GK,1,0,0,90,0.0,0,0.0,0,Huddersfield,0,0,0,0.0,0.0,0.0
6042,Jan Bednarek,2024,DC,5,0,0,445,0.0,0,0.1033564433455467,2,Southampton,1,0,0,0.0,2.8359911292791367,2.782955013215542
6042,Jan Bednarek,2022,DC,20,0,8,1677,0.3442239593714475,0,0.1472967974841594,3,Southampton,5,0,0,0.3442239593714475,0.9362046532332896,0.9234542530030012
6042,Jan Bednarek,2022,Sub,3,0,0,95,0.0,0,0.0,0,Aston Villa,0,0,0,0.0,0.5473310053348541,0.5473310053348541
6042,Jan Bednarek,2021,Sub,31,4,19,2637,2.7923311796039343,0,0.3658814933151006,6,Southampton,10,0,4,2.7923311796039343,6.621771225705743,6.355030441656709
6042,Jan Bednarek,2020,DC,36,1,10,3111,0.4683927055448293,1,1.159947693347931,5,Southampton,5,1,1,0.4683927055448293,8.544506297446787,8.489991501905024
6042,Jan Bednarek,2019,DC,34,1,7,3059,1.0607939325273037,1,1.0941205844283104,3,Southampton,4,0,1,1.0607939325273037,4.889747679233551,4.872770681977272
6042,Jan Bednarek,2018,Sub,25,0,5,2150,0.8431640844792128,1,0.6224703155457973,9,Southampton,7,0,0,0.8431640844792128,4.15870048571378,3.647119085304439
6042,Jan Bednarek,2017,DC,5,1,1,429,0.2803530097007751,0,0.0,0,Southampton,1,0,1,0.2803530097007751,0.1269185002893209,0.1269185002893209
6044,Charlie Taylor,2024,Sub,2,0,0,103,0.0,0,0.0,0,Southampton,1,0,0,0.0,0.547236442565918,0.547236442565918
6044,Charlie Taylor,2023,DL,28,1,10,2336,0.2403556806966662,1,1.883366331458092,15,Burnley,8,0,1,0.2403556806966662,4.918537275865674,4.101939328014851
6044,Charlie Taylor,2021,DL,31,0,7,2729,0.193946810439229,3,3.419749892316758,20,Burnley,3,0,0,0.193946810439229,6.872189286164939,4.554764634929597
6044,Charlie Taylor,2020,DL,29,0,3,2430,0.1145160952582955,1,1.5903598181903362,12,Burnley,1,0,0,0.1145160952582955,4.609694300219417,4.193466728553176
6044,Charlie Taylor,2019,Sub,24,0,1,1938,0.0140062998980283,1,0.8630970446392894,12,Burnley,3,0,0,0.0140062998980283,3.4987696604803205,3.2500410806387663
6044,Charlie Taylor,2018,Sub,38,0,6,3238,0.1090201986953616,1,1.4475770257413387,11,Burnley,2,0,0,0.1090201986953616,4.402467817999423,3.860330981202424
6044,Charlie Taylor,2017,Sub,11,0,0,950,0.0,0,0.1551053971052169,4,Burnley,3,0,0,0.0,0.9744249004870652,0.8193196002393961
6045,Davy Klaassen,2017,AMC,7,0,2,246,0.0469127986580133,0,0.0961414985358715,2,Everton,0,0,0,0.0469127986580133,0.3681744001805782,0.2251200005412101
6046,Bruno,2018,DR,14,0,2,1150,0.0669844020158052,1,0.5888874959200621,6,Brighton,2,0,0,0.0669844020158052,2.22336757555604,1.7048959843814373
6046,Bruno,2017,DR,25,0,2,2022,0.0621652025729417,0,0.5950531922280788,9,Brighton,3,0,0,0.0621652025729417,2.648380910046398,2.363128600642085
6047,Shane Duffy,2022,Sub,5,0,1,16,0.0223742593079805,0,0.0,0,Fulham,0,0,0,0.0223742593079805,0.0,0.0
6047,Shane Duffy,2021,DC,18,1,22,1432,0.9077040944248438,0,0.1030094008892774,4,Brighton,7,0,1,0.9077040944248438,3.5175382625311613,3.4393277764320374
6047,Shane Duffy,2019,DC,19,1,7,1226,1.2561100292950869,0,0.1340766996145248,2,Brighton,2,0,1,1.2561100292950869,2.0523226000368595,1.9144121892750263
6047,Shane Duffy,2018,DC,35,5,37,3087,3.3823372572660446,1,0.2659113965928554,7,Brighton,4,1,5,3.3823372572660446,3.0718247266486287,2.714449910447001
6047,Shane Duffy,2017,DC,37,0,28,3296,2.228687004186213,1,1.2224080273881557,8,Brighton,8,0,0,2.228687004186213,2.855841301381588,2.8018679013475776
6048,Lewis Dunk,2024,DC,5,0,2,440,0.2060216069221496,0,0.3716043122112751,3,Brighton,1,0,0,0.2060216069221496,2.11262034624815,2.0943330451846123
6048,Lewis Dunk,2023,DC,33,3,34,2895,2.9649088978767395,1,1.1697372319176793,13,Brighton,7,1,3,2.9649088978767395,13.593212680891156,13.529502967372537
6048,Lewis Dunk,2022,DC,36,1,22,3240,2.040725097060204,0,0.8655232125893235,9,Brighton,4,0,1,2.040725097060204,14.347089774906635,14.096927545964718
6048,Lewis Dunk,2021,DC,29,1,19,2574,1.4920963048934937,0,0.4055808009579777,3,Brighton,3,1,1,1.4920963048934937,6.847901510074735,6.832657502964139
6048,Lewis Dunk,2020,DC,33,5,32,2934,2.709075659513473,0,0.8306384868919849,10,Brighton,5,2,5,2.709075659513473,8.376231810078025,7.971444236114621
6048,Lewis Dunk,2019,DC,36,3,31,3233,3.7192770410329103,3,1.263423195108771,14,Brighton,9,0,3,3.7192770410329103,8.553323849104345,8.34768467117101
6048,Lewis Dunk,2018,DC,36,2,20,3154,1.7627595756202936,1,0.7536890767514706,11,Brighton,5,1,2,1.7627595756202936,3.739642783068121,3.523732009343803
6048,Lewis Dunk,2017,DC,38,1,27,3420,3.159659122116864,1,1.3649564906954763,11,Brighton,7,0,1,3.159659122116864,3.4880324164405465,3.0344476150348783
6049,Solly March,2023,AMR,7,3,14,571,2.7198847085237503,1,0.9913322664797306,7,Brighton,1,0,3,2.7198847085237503,4.9072911739349365,2.40057972073555
6049,Solly March,2022,AMC,33,6,73,2745,8.069857582449913,7,9.567008880898356,65,Brighton,2,0,6,8.069857582449913,22.130394473671917,9.125229258090258
6049,Solly March,2021,MR,31,0,21,1723,1.4529976956546309,2,2.9942420180886984,34,Brighton,1,0,0,1.4529976956546309,7.240960534662008,4.095688569359481
6049,Solly March,2020,DML,21,2,22,1684,1.78360197506845,1,1.6788202039897442,27,Brighton,0,0,2,1.78360197506845,8.322111636400223,5.6805479265749454
6049,Solly March,2019,DML,19,0,20,1132,1.4669600799679756,1,1.1065804678946731,13,Brighton,2,0,0,1.4669600799679756,4.3761305175721645,2.2650219071656466
6049,Solly March,2018,ML,35,1,43,2480,2.1988663030788302,5,5.207968223839998,41,Brighton,1,0,1,2.1988663030788302,7.274381655268371,2.914263416081667
6049,Solly March,2017,MR,36,1,28,1817,1.255454589612782,1,1.73254269734025,19,Brighton,3,0,1,1.255454589612782,3.1889022858813405,1.2104109227657318
6050,Davy Pröpper,2020,MR,7,0,4,201,0.1385625973343849,0,0.0,0,Brighton,0,0,0,0.1385625973343849,0.2699490040540695,0.1942277029156685
6050,Davy Pröpper,2019,MC,35,1,29,2826,1.8662209268659355,2,2.9777762684971094,29,Brighton,4,0,1,1.8662209268659355,11.89282389357686,8.669301722198725
6050,Davy Pröpper,2018,MC,30,1,15,2554,0.950316408649087,1,1.2174459975212812,19,Brighton,2,0,1,0.950316408649087,5.61499360203743,4.949895072728396
6050,Davy Pröpper,2017,MC,35,0,36,3122,1.792492805980146,4,1.433047994971275,20,Brighton,2,1,0,1.792492805980146,7.106950214132667,4.563934660516679
6051,Dale Stephens,2021,Sub,3,0,1,121,0.0446144007146358,0,0.017272500321269,1,Burnley,1,0,0,0.0446144007146358,0.0618868991732597,0.0
6051,Dale Stephens,2020,MC,7,0,3,258,0.0822691973298788,0,0.0,0,Burnley,1,0,0,0.0822691973298788,0.2412488982081413,0.1589796990156173
6051,Dale Stephens,2019,MC,33,0,19,2528,0.4441342297941446,1,1.2471918314695358,18,Brighton,8,0,0,0.4441342297941446,7.186790246516466,6.239625861868262
6051,Dale Stephens,2018,MC,30,1,11,2485,0.2495224010199308,1,0.5923440903425217,18,Brighton,6,1,1,0.2495224010199308,4.766996528953314,4.261580133810639
6051,Dale Stephens,2017,MC,36,0,19,3240,0.7653935039415956,3,2.108914197422564,17,Brighton,6,0,0,0.7653935039415956,7.67539716232568,5.764905093237758
6052,Jamie Murphy,2017,Sub,4,0,1,166,0.0585015006363391,0,0.0092531703412532,1,Brighton,0,0,0,0.0585015006363391,0.0677545964717865,0.0092531703412532
6054,Ederson,2024,GK,5,0,0,450,0.0,1,0.2012233585119247,1,Manchester City,1,0,0,0.0,1.7877325117588043,1.7877325117588043
6054,Ederson,2023,GK,33,0,0,2794,0.0,0,0.0,0,Manchester City,5,0,0,0.0,8.03402054309845,8.03402054309845
6054,Ederson,2022,GK,35,0,0,3150,0.0,1,0.2855649888515472,1,Manchester City,3,0,0,0.0,10.671811463311316,10.671811463311316
6054,Ederson,2021,GK,37,0,0,3330,0.0,0,0.0,0,Manchester City,3,0,0,0.0,9.95296686142683,9.95296686142683
6054,Ederson,2020,GK,36,0,0,3240,0.0,1,0.3033579885959625,1,Manchester City,3,0,0,0.0,7.629849426448345,7.326491840183735
6054,Ederson,2019,GK,35,0,0,3071,0.0,0,0.0747935995459556,1,Manchester City,3,1,0,0.0,8.338198896497488,8.26340490207076
6054,Ederson,2018,GK,38,0,0,3420,0.0,1,0.0721965003758668,3,Manchester City,2,0,0,0.0,7.599133571609855,7.549606351181865
6054,Ederson,2017,GK,36,0,0,3195,0.0,0,0.03262510150671,1,Manchester City,0,0,0,0.0,8.560575477778912,8.52795047312975
6055,Phil Foden,2024,Sub,2,0,2,49,0.0946770906448364,0,0.0216647684574127,1,Manchester City,0,0,0,0.0946770906448364,0.3121574223041534,0.2500770986080169
6055,Phil Foden,2023,AML,35,19,105,2895,11.307983005419374,8,8.51623285189271,73,Manchester City,2,0,19,11.307983005419374,30.41696721315384,16.99899828247726
6055,Phil Foden,2022,FWR,32,11,46,1837,6.185852009803057,6,5.697479462251067,44,Manchester City,1,0,11,6.185852009803057,17.42637488618493,8.101508693769574
6055,Phil Foden,2021,Sub,28,9,57,2141,9.263244736939669,5,6.833732463419437,40,Manchester City,1,0,9,9.263244736939669,19.27444273978472,6.218504663556814
6055,Phil Foden,2020,AMR,28,9,45,1606,6.083392720669508,5,4.749280586838722,36,Manchester City,0,0,9,6.083392720669508,13.835046902298927,5.486509682610631
6055,Phil Foden,2019,Sub,23,5,34,888,3.556827375665307,2,1.5590799991041422,18,Manchester City,0,0,5,3.556827375665307,9.372161615639923,5.848771080374718
6055,Phil Foden,2018,Sub,13,1,14,316,2.24975498765707,0,1.0727550070732832,8,Manchester City,0,0,1,2.24975498765707,4.340557379648089,1.7484888900071385
6055,Phil Foden,2017,Sub,5,0,0,41,0.0,1,0.4896077960729599,2,Manchester City,0,0,0,0.0,0.8641107827425003,0.3745029866695404
6062,Isaac Hayden,2021,MC,14,1,5,1008,0.2894266080111265,0,0.0593779999762773,2,Newcastle United,5,0,1,0.2894266080111265,1.0659864582121372,0.9370960630476476
6062,Isaac Hayden,2020,MC,24,0,16,1946,0.6148465005680919,0,0.2424963982775807,7,Newcastle United,8,0,0,0.6148465005680919,4.556475481018424,4.089187795296311
6062,Isaac Hayden,2019,MC,29,1,18,2224,1.3907354967668653,2,2.533773982897401,15,Newcastle United,4,1,1,1.3907354967668653,7.829531567171216,4.893850185908377
6062,Isaac Hayden,2018,Sub,25,1,22,1865,0.8647690005600452,4,2.4501220830716197,22,Newcastle United,3,1,1,0.8647690005600452,5.393953524529934,2.8308156207203865
6062,Isaac Hayden,2017,DMC,26,1,14,1370,0.8404327025637031,0,0.6397889088839293,11,Newcastle United,7,0,1,0.8404327025637031,3.273424863815308,2.1752046830952168
6063,Jacob Murphy,2024,FWR,5,0,4,247,0.2839243970811367,2,0.9321717992424964,4,Newcastle United,1,0,0,0.2839243970811367,1.5738337747752666,0.4086228907108307
6063,Jacob Murphy,2023,Sub,21,3,30,1216,2.8978680092841387,7,5.225788880139589,31,Newcastle United,1,0,3,2.8978680092841387,11.551701165735722,4.93473332002759
6063,Jacob Murphy,2022,Sub,36,4,29,1215,3.697086520493031,2,2.68278655782342,20,Newcastle United,0,0,4,3.697086520493031,10.11375443264842,4.066189099103212
6063,Jacob Murphy,2021,DR,33,1,27,1418,2.588163224980235,2,2.386162133421749,20,Newcastle United,4,0,1,2.588163224980235,6.965943414252251,2.7634960813447838
6063,Jacob Murphy,2020,Sub,26,2,30,1611,1.490953603759408,3,3.4334884993731976,19,Newcastle United,3,0,2,1.490953603759408,8.043610220775008,4.102311899885535
6063,Jacob Murphy,2018,Sub,9,0,2,293,0.0330767994746565,1,0.6086339950561523,1,Newcastle United,0,0,0,0.0330767994746565,0.6417107945308089,0.0
6063,Jacob Murphy,2017,Sub,25,1,23,1147,1.6504778694361448,1,1.390768381766975,10,Newcastle United,0,0,1,1.6504778694361448,4.082326270639896,1.0817434191703796
6067,Terence Kongolo,2020,DC,1,0,0,90,0.0,0,0.0,0,Fulham,0,0,0,0.0,0.3735769987106323,0.3735769987106323
6067,Terence Kongolo,2018,DC,32,1,14,2728,1.4236592901870608,1,0.8421062119305134,9,Huddersfield,4,0,1,1.4236592901870608,3.2573850117623806,1.7151393815875051
6067,Terence Kongolo,2017,Sub,13,0,2,1043,0.1555068958550691,0,0.1678508967161178,3,Huddersfield,0,0,0,0.1555068958550691,1.4275777218863368,1.2597271157428622
6080,Victor Lindelöf,2023,Sub,19,1,6,1340,0.4308417942374944,1,0.2853157091885805,8,Manchester United,2,0,1,0.4308417942374944,3.862116176635027,3.649274256080389
6080,Victor Lindelöf,2022,Sub,20,0,3,1350,0.2323515973985195,0,0.0846685543656349,3,Manchester United,1,0,0,0.2323515973985195,7.236471671611071,7.146713148802519
6080,Victor Lindelöf,2021,DC,28,0,3,2349,0.1898377034813165,2,0.6558029912412167,4,Manchester United,4,0,0,0.1898377034813165,6.806016536429524,6.787732543423772
6080,Victor Lindelöf,2020,DC,29,1,4,2587,0.7988889738917351,1,0.4023783020675182,6,Manchester United,0,0,1,0.7988889738917351,9.030322298407556,8.881874991580844
6080,Victor Lindelöf,2019,DC,35,1,6,3100,0.1840899009257555,0,0.3704903954640031,4,Manchester United,6,0,1,0.1840899009257555,8.878298587165773,8.868011387065053
6080,Victor Lindelöf,2018,DC,30,1,8,2604,0.8407717123627663,1,1.583196997642517,5,Manchester United,1,0,1,0.8407717123627663,8.736518723890185,7.977655736729503
6080,Victor Lindelöf,2017,Sub,17,0,1,1280,0.0122795002534985,0,0.2188110053539276,2,Manchester United,1,0,0,0.0122795002534985,3.081314178183675,2.862503172829747
6083,Ludwig Augustinsson,2022,DL,3,0,2,74,0.0730345025658607,0,0.0,0,Aston Villa,1,0,0,0.0730345025658607,0.0804667994379997,0.0261832997202873
6088,Orel Mangala,2024,Sub,2,0,1,109,0.0598593316972255,0,0.0947801172733306,1,Everton,0,0,0,0.0598593316972255,0.3636863231658935,0.2689062058925628
6088,Orel Mangala,2023,MC,20,1,10,1599,0.8923602215945721,0,0.2867993172258138,6,Nottingham Forest,6,0,1,0.8923602215945721,3.66855537891388,2.841583462432027
6088,Orel Mangala,2022,Sub,27,1,9,1581,0.3729460705071687,1,0.4247147068381309,3,Nottingham Forest,3,0,1,0.3729460705071687,3.288042457774281,2.5542810540646315
6098,Niclas Füllkrug,2024,Sub,3,0,2,58,0.2593321204185486,0,0.0,0,West Ham,0,0,0,0.2593321204185486,0.3679511845111847,0.1086190789937973
6104,Will Hughes,2024,MC,4,0,1,205,0.0204666219651699,0,0.0172790940850973,1,Crystal Palace,2,0,0,0.0204666219651699,0.2804060019552707,0.2599393799901008
6104,Will Hughes,2023,Sub,30,0,8,1924,0.3010205570608377,1,1.7067030258476734,21,Crystal Palace,6,0,0,0.3010205570608377,5.737615456804633,5.330458853393793
6104,Will Hughes,2022,Sub,27,1,6,796,0.5347504764795303,1,0.7693945411592722,6,Crystal Palace,4,0,1,0.5347504764795303,3.049637194722891,1.980680961161852
6104,Will Hughes,2021,Sub,16,0,6,1071,0.1357211954891681,1,0.9568462930619716,9,Crystal Palace,6,0,0,0.1357211954891681,3.0648518539965157,2.7063899599015717
6104,Will Hughes,2019,AMC,30,1,27,2300,2.388310482725501,1,2.177315274253488,25,Watford,9,0,1,2.388310482725501,6.430048817768693,3.398620458319783
6104,Will Hughes,2018,AMC,32,2,31,2454,2.9695313088595867,4,3.663111040368676,29,Watford,5,0,2,2.9695313088595867,8.060839463025331,4.083356629125774
6104,Will Hughes,2017,Sub,15,2,12,1004,0.6624465938657522,3,1.4841907946392894,18,Watford,0,0,2,0.6624465938657522,3.2792119858786464,1.8477536011487248
6105,Gaëtan Bong,2019,Sub,4,0,0,53,0.0,0,0.118988998234272,2,Brighton,0,0,0,0.0,0.1566531974822282,0.0376638993620872
6105,Gaëtan Bong,2018,Sub,22,0,2,1802,0.0694806007668376,0,0.4776687901467085,9,Brighton,0,0,0,0.0694806007668376,3.708821135573089,3.530679236166179
6105,Gaëtan Bong,2017,DL,25,0,4,2243,0.0522682005539536,0,0.5265474943444133,9,Brighton,2,0,0,0.0522682005539536,2.628679492510855,2.277553597465157
6108,Rodrigo Bentancur,2024,MC,4,0,4,220,0.2163684293627739,0,0.0,0,Tottenham,3,0,0,0.2163684293627739,2.23244708776474,2.069563210010529
6108,Rodrigo Bentancur,2023,Sub,23,1,18,1016,1.622593866661191,1,0.5037150774151087,8,Tottenham,7,0,1,1.622593866661191,8.576564118266106,7.389497200027108
6108,Rodrigo Bentancur,2022,MC,18,5,15,1516,2.4369436921551824,2,0.6443385947495699,11,Tottenham,8,0,5,2.4369436921551824,8.615036329254508,6.708776051178575
6108,Rodrigo Bentancur,2021,Sub,17,0,14,1376,0.5784619925543666,4,3.092965390533209,15,Tottenham,5,0,0,0.5784619925543666,12.166082246229053,10.826841033995152
6122,Douglas Luiz,2023,DMC,35,9,48,3043,7.572099968791008,5,5.288189608603716,53,Aston Villa,12,0,5,4.527424611151218,17.31126916781068,13.624405791983008
6122,Douglas Luiz,2022,Sub,37,6,34,2947,3.191290902905166,6,4.567880779504776,45,Aston Villa,6,1,6,3.191290902905166,15.93928093276918,11.555413709953427
6122,Douglas Luiz,2021,MC,34,2,23,2733,2.220371574163437,3,2.44307017326355,36,Aston Villa,7,0,2,2.220371574163437,10.234683318063617,8.437496514990926
6122,Douglas Luiz,2020,MC,33,0,26,2807,1.3188335429877045,2,2.41814873740077,19,Aston Villa,8,1,0,1.3188335429877045,9.615896521136165,7.108104381710291
6122,Douglas Luiz,2019,Sub,36,3,38,2602,2.2777960058301687,2,2.0041150031611323,17,Aston Villa,8,0,3,2.2777960058301687,5.569815563037992,3.396518010646105
6139,Joe Lolley,2017,Sub,6,1,3,213,0.0979831032454967,0,0.106562003493309,1,Huddersfield,1,0,1,0.0979831032454967,0.305050503462553,0.1267505958676338
6143,Jetro Willems,2019,Sub,19,2,14,1501,0.4853103961795568,2,1.082734739407897,16,Newcastle United,0,0,2,0.4853103961795568,3.265106139704585,1.9653564924374225
6144,Sébastien Haller,2020,Sub,16,3,25,933,2.5546688437461853,0,1.1348687317222357,10,West Ham,0,0,3,2.5546688437461853,3.660330254584551,0.8529492989182472
6144,Sébastien Haller,2019,FW,32,7,57,2248,8.484900137409568,1,2.34311880171299,24,West Ham,1,0,7,8.484900137409568,11.102972537279127,2.63970691524446
6145,Daichi Kamada,2024,AMC,5,0,4,303,0.1958361342549324,0,0.1170440558344125,5,Crystal Palace,1,0,0,0.1958361342549324,1.434336637146771,1.2098158057779074
6147,Denis Zakaria,2022,MC,7,0,2,417,0.2399110049009323,0,0.0211979001760482,1,Chelsea,0,0,0,0.2399110049009323,1.3150789849460125,1.053971078246832
6157,Timothy Castagne,2023,Sub,34,1,14,2627,1.3355903550982475,3,1.5853081783279777,18,Fulham,3,0,1,1.3355903550982475,8.171432700008154,6.209871254861355
6157,Timothy Castagne,2022,DMR,37,2,18,3257,1.9257993642240765,3,3.172707935795188,21,Leicester,3,0,2,1.9257993642240765,11.603145258501172,8.605382116511464
6157,Timothy Castagne,2021,Sub,27,1,7,2118,0.940479414537549,0,1.0864658877253532,14,Leicester,1,0,1,0.940479414537549,5.502241559326649,4.350664138793945
6157,Timothy Castagne,2020,DR,27,2,8,2349,1.6002667360007763,3,2.3069622721523046,21,Leicester,1,0,2,1.6002667360007763,8.445917386561632,6.60623169131577
6162,Cengiz Ünder,2020,Sub,9,0,9,259,0.2526032011955976,2,1.6640292070806026,6,Leicester,0,0,0,0.2526032011955976,2.688688376918435,1.0227029919624329
6163,Nélson Semedo,2024,DR,3,0,1,246,0.0121301747858524,0,0.117656372487545,1,Wolverhampton Wanderers,2,0,0,0.0121301747858524,0.765336848795414,0.6476804688572884
6163,Nélson Semedo,2023,DR,36,0,17,3127,1.232096817344427,1,2.0054253563284874,24,Wolverhampton Wanderers,10,1,0,1.232096817344427,8.870165027678013,6.637749888934195
6163,Nélson Semedo,2022,Sub,36,0,9,2646,0.7855268660932779,1,0.6530346218496561,11,Wolverhampton Wanderers,11,1,0,0.7855268660932779,3.586114762350917,2.266569279134273
6163,Nélson Semedo,2021,DMR,25,0,19,2151,1.3901756666600704,1,1.3628809936344624,18,Wolverhampton Wanderers,1,0,0,1.3901756666600704,5.291687090881169,2.8525946140289307
6163,Nélson Semedo,2020,DMR,34,1,23,2994,1.3097365982830524,1,0.9027981068938972,20,Wolverhampton Wanderers,5,0,1,1.3097365982830524,7.68634950555861,6.196272294968367
6174,Nikola Milenkovic,2024,DC,4,0,3,360,0.8726280331611633,0,0.0606121569871902,2,Nottingham Forest,0,0,0,0.8726280331611633,0.9445779286324978,0.8839657753705978
6219,Enes Ünal,2024,Sub,2,0,3,17,0.1055626012384891,0,0.0549122653901577,1,Bournemouth,0,0,0,0.1055626012384891,0.1126478388905525,0.0
6219,Enes Ünal,2023,Sub,16,2,23,283,4.017524182796478,2,1.2090652771294117,5,Bournemouth,1,0,2,4.017524182796478,3.646910510957241,0.7151226531714201
6221,Pau Torres,2024,DC,5,0,0,450,0.0,0,0.0,0,Aston Villa,1,0,0,0.0,2.191929474473,2.191929474473
6221,Pau Torres,2023,Sub,29,2,12,2467,1.5308636222034693,0,0.6226628543809056,8,Aston Villa,1,0,2,1.5308636222034693,12.13946529570967,11.884302482940257
6230,André Carrillo,2017,Sub,28,1,23,1533,1.985763205215335,2,2.932954210788012,20,Watford,2,0,1,1.985763205215335,6.905018610879779,3.101914282888174
6231,José Izquierdo,2020,Sub,1,0,1,7,0.0168067999184131,0,0.0,0,Brighton,0,0,0,0.0168067999184131,0.0666135028004646,0.0498066991567611
6231,José Izquierdo,2018,Sub,15,0,15,803,0.6221193987876177,1,0.4745672047138214,6,Brighton,1,0,0,0.6221193987876177,1.137916198000312,0.3064799960702657
6231,José Izquierdo,2017,Sub,32,5,52,1998,3.62331239040941,3,2.325506566092372,21,Brighton,2,0,5,3.62331239040941,7.212838351726532,3.131934641860425
6249,Davinson Sánchez,2023,Sub,1,0,1,77,0.1100629791617393,0,0.0,0,Tottenham,1,0,0,0.1100629791617393,0.1389056295156479,0.1389056295156479
6249,Davinson Sánchez,2022,DC,18,0,6,845,0.3042332818731665,0,0.1408364623785019,2,Tottenham,1,0,0,0.3042332818731665,2.7923527229577303,2.643001276999712
6249,Davinson Sánchez,2021,DC,23,2,13,1618,2.004246905446053,0,0.291997792199254,5,Tottenham,4,0,2,2.004246905446053,7.71055081859231,7.483334220945835
6249,Davinson Sánchez,2020,DC,18,0,5,1488,0.8006934821605682,0,0.0205301996320486,1,Tottenham,1,0,0,0.8006934821605682,5.348088577389717,5.348088577389717
6249,Davinson Sánchez,2019,DC,29,0,7,2433,0.7553702257573605,0,0.0362888984382152,1,Tottenham,6,0,0,0.7553702257573605,7.255793642252684,7.219504665583372
6249,Davinson Sánchez,2018,DC,23,1,14,1943,1.624593397602439,1,0.6246803235262632,4,Tottenham,2,0,1,1.624593397602439,6.161562740802765,6.136754721403122
6249,Davinson Sánchez,2017,Sub,31,0,9,2535,0.5712869055569172,0,0.1251876996830105,4,Tottenham,1,1,0,0.5712869055569172,7.701591860502958,7.640092059969902
6252,Lyanco,2022,Sub,21,1,11,1160,0.7209816901013255,1,0.3901645038276911,4,Southampton,4,0,1,0.7209816901013255,1.9288878990337253,1.6362489545717835
6252,Lyanco,2021,Sub,15,0,6,898,0.2554844003170728,0,0.1741070002317428,3,Southampton,2,0,0,0.2554844003170728,1.7961761131882668,1.7197611071169376
6253,Gianluca Scamacca,2022,Sub,16,3,30,940,2.5387633964419365,0,1.1296455087140205,13,West Ham,3,0,3,2.5387633964419365,3.51997191645205,0.5702235978096724
6273,Robin Koch,2022,DC,36,0,17,3186,1.059426173567772,0,0.2720854748040437,6,Leeds,7,0,0,1.059426173567772,4.464030422270298,3.8801174629479647
6273,Robin Koch,2021,MC,20,0,13,1573,1.0864260611124337,0,0.2802755981683731,5,Leeds,3,0,0,1.0864260611124337,4.028054466936737,3.2361267395317554
6273,Robin Koch,2020,DC,17,0,9,1124,0.5145202986896038,0,0.1258082622662186,4,Leeds,1,0,0,0.5145202986896038,4.677589327096939,4.523157007992268
6274,Andriy Yarmolenko,2021,Sub,19,1,11,278,0.7675480898469687,0,0.2134688002988696,4,West Ham,1,0,1,0.7675480898469687,1.6315337847918272,0.7931829933077097
6274,Andriy Yarmolenko,2020,Sub,15,0,7,343,0.3100073020905256,1,0.7814440317451954,5,West Ham,3,0,0,0.3100073020905256,1.4537307061254978,0.9313923791050912
6274,Andriy Yarmolenko,2019,Sub,23,5,26,979,2.6255951039493084,1,3.426017658784985,19,West Ham,2,0,5,2.6255951039493084,6.919686002656817,1.962578533217311
6274,Andriy Yarmolenko,2018,Sub,9,2,9,454,1.248914510011673,0,0.6984038129448891,5,West Ham,2,0,2,1.248914510011673,2.492497682571411,0.7467495910823345
6276,Nikola Vlasic,2021,Sub,19,1,7,548,0.9056943729519844,0,0.6066044084727764,9,West Ham,0,0,1,0.9056943729519844,2.343319285660982,1.2692412938922644
6276,Nikola Vlasic,2017,Sub,12,0,5,572,0.3254581987857818,0,0.8369456082582474,12,Everton,0,0,0,0.3254581987857818,1.8046259060502048,0.8781683817505836
6283,Levi Lumeka,2017,Sub,1,0,1,22,0.078006200492382,0,0.0,0,Crystal Palace,0,0,0,0.078006200492382,0.078006200492382,0.0
6296,Abdelhamid Sabiri,2018,FW,2,0,0,51,0.0,0,0.0,0,Huddersfield,0,0,0,0.0,0.0261399000883102,0.0261399000883102
6296,Abdelhamid Sabiri,2017,AMC,5,0,5,215,0.2402877993881702,1,0.1478399932384491,2,Huddersfield,1,0,0,0.2402877993881702,0.3436394035816192,0.1260419934988021
6299,Connor Goldson,2017,DC,3,0,3,198,0.263482004404068,0,0.0,0,Brighton,1,0,0,0.263482004404068,0.3618549946695566,0.3618549946695566
6301,Jonathan Hogg,2018,MC,29,0,8,2392,0.2550540994852781,1,0.7261038925498724,15,Huddersfield,8,1,0,0.2550540994852781,2.7212884230539203,2.150345996953547
6301,Jonathan Hogg,2017,Sub,30,0,11,2425,0.3214726001024246,0,0.5861904118210077,9,Huddersfield,8,1,0,0.3214726001024246,4.865365389734507,4.239539688453078
6303,Marvin Zeegelaar,2017,DML,12,0,0,995,0.0,1,0.8659055829048157,7,Watford,4,1,0,0.0,2.3922541681677103,1.8178220931440592
6306,Juan Foyth,2019,Sub,4,0,0,67,0.0,0,0.0235011000186204,1,Tottenham,1,0,0,0.0,0.099093496799469,0.099093496799469
6306,Juan Foyth,2018,DC,12,1,4,889,0.7019662037491798,0,0.7911203242838383,4,Tottenham,3,1,1,0.7019662037491798,3.5809249952435493,3.259703900665045
6310,Boubakary Soumare,2024,Sub,1,0,0,10,0.0,0,0.0,0,Leicester,0,0,0,0.0,0.0,0.0
6310,Boubakary Soumare,2022,DMC,26,0,1,1640,0.0206572990864515,0,0.2854275647550821,11,Leicester,9,0,0,0.0206572990864515,3.210264626890421,3.0059440191835165
6310,Boubakary Soumare,2021,Sub,19,0,6,1102,0.3298372942954302,1,0.2856833077967167,6,Leicester,0,0,0,0.3298372942954302,3.370994893833995,3.0025111604481936
6314,Joachim Andersen,2024,DC,2,0,4,180,0.0675894105806946,0,0.1051719188690185,1,Fulham,0,0,0,0.0675894105806946,1.4070282131433487,1.3897589594125748
6314,Joachim Andersen,2024,DC,1,0,1,90,0.0322997756302356,0,0.0,0,Crystal Palace,1,0,0,0.0322997756302356,0.1456997245550155,0.1456997245550155
6314,Joachim Andersen,2023,DC,38,2,21,3420,2.444138385821134,3,2.889101937413216,21,Crystal Palace,7,0,2,2.444138385821134,10.297365324571729,9.6244976837188
6314,Joachim Andersen,2022,DC,32,1,22,2786,1.8502881033346057,0,1.4228478781878948,12,Crystal Palace,8,0,1,1.8502881033346057,5.73883250541985,4.774972975254059
6314,Joachim Andersen,2021,Sub,34,0,8,2917,0.4841736005619168,3,1.383201688528061,18,Crystal Palace,4,0,0,0.4841736005619168,8.210467763245106,8.000136675313115
6314,Joachim Andersen,2020,DC,31,1,13,2732,1.3567860033363104,1,0.4516796832904219,8,Fulham,7,1,1,1.3567860033363104,6.673856432549655,6.54764090757817
6326,Ibrahima Konaté,2024,Sub,5,0,3,391,0.2075208649039268,1,0.3072100970894098,2,Liverpool,1,0,0,0.2075208649039268,5.771354377269745,5.751015186309815
6326,Ibrahima Konaté,2023,DC,22,0,11,1555,0.5480835782364011,0,0.5098369065672159,8,Liverpool,3,1,0,0.5480835782364011,10.23207015544176,10.100398369133472
6326,Ibrahima Konaté,2022,Sub,18,0,11,1545,1.5610232884064317,0,0.2667285501956939,1,Liverpool,5,0,0,1.5610232884064317,4.783836133778095,4.113892234861851
6326,Ibrahima Konaté,2021,DC,11,0,4,990,0.205162601545453,0,0.0,0,Liverpool,2,0,0,0.205162601545453,3.758265731856227,3.758265731856227
6328,Dean Whitehead,2017,Sub,4,0,0,63,0.0,0,0.0,0,Huddersfield,0,0,0,0.0,0.0656128991395235,0.0656128991395235
6329,Harry Souttar,2022,DC,12,0,8,991,1.3052809908986092,1,0.1511544995009899,3,Leicester,2,0,0,1.3052809908986092,2.2866605035960674,2.094973493367433
6336,Bruno Jordao,2019,Sub,1,0,0,1,0.0,0,0.0461255982518196,1,Wolverhampton Wanderers,0,0,0,0.0,0.0,0.0
6344,Martin Cranie,2017,Sub,3,0,0,184,0.0,0,0.0,0,Huddersfield,0,0,0,0.0,0.1570262014865875,0.1570262014865875
6345,Jadon Sancho,2024,Sub,2,0,0,102,0.0,2,0.8672701716423035,4,Chelsea,1,0,0,0.0,1.2532426714897156,0.4721298217773437
6345,Jadon Sancho,2023,Sub,3,0,0,68,0.0,0,0.1281674951314926,1,Manchester United,0,0,0,0.0,0.2712413966655731,0.1430738866329193
6345,Jadon Sancho,2022,FWR,26,6,21,1710,3.789094930514693,3,4.790035545825958,43,Manchester United,0,0,6,3.789094930514693,15.04737131856382,7.707608195021747
6345,Jadon Sancho,2021,Sub,29,3,26,1891,4.233039932325482,3,4.078670029528439,42,Manchester United,0,0,3,4.233039932325482,12.36088978499174,5.444499511271715
6350,Jayson Molumby,2020,Sub,1,0,0,1,0.0,0,0.0,0,Brighton,0,0,0,0.0,0.0,0.0
6352,Valentino Lazaro,2019,Sub,13,1,4,455,0.4934957902878523,0,0.1779981963336467,6,Newcastle United,0,1,1,0.4934957902878523,1.674841365776956,1.1888012019917369
6369,Ethan Ampadu,2020,Sub,25,0,7,2095,0.1944530000910163,0,0.9830157030373812,11,Sheffield United,3,0,0,0.1944530000910163,3.262279963120818,2.9991719853132963
6369,Ethan Ampadu,2017,Sub,1,0,0,9,0.0,0,0.0,0,Chelsea,0,0,0,0.0,0.0,0.0
6377,Joe Rodon,2021,Sub,3,0,0,86,0.0,0,0.0,0,Tottenham,0,0,0,0.0,0.0,0.0
6377,Joe Rodon,2020,Sub,12,0,1,730,0.0183294005692005,0,0.0,0,Tottenham,0,0,0,0.0183294005692005,1.4196598939597609,1.4196598939597609
6382,Pedro Neto,2024,Sub,5,0,1,199,0.0504299737513065,1,0.2954950481653213,4,Chelsea,1,0,0,0.0504299737513065,1.50078284740448,1.4300924092531204
6382,Pedro Neto,2023,MR,20,2,36,1524,3.287029344588518,9,5.216042526066303,37,Wolverhampton Wanderers,4,0,2,3.287029344588518,8.703318819403648,2.2079212702810764
6382,Pedro Neto,2022,AML,18,0,17,993,1.1067704604938626,0,2.707404026761651,20,Wolverhampton Wanderers,1,0,0,1.1067704604938626,4.8898930717259645,2.710134506225586
6382,Pedro Neto,2021,Sub,13,1,17,451,1.6366959679871798,1,1.495248288847506,13,Wolverhampton Wanderers,3,0,1,1.6366959679871798,2.9315416989848018,0.7728354977443814
6382,Pedro Neto,2020,FWL,31,5,62,2570,5.494994781911373,6,5.738266875967383,61,Wolverhampton Wanderers,4,0,5,5.494994781911373,11.516653075814247,4.2069341987371445
6382,Pedro Neto,2019,Sub,29,3,17,911,1.893448617309332,3,2.626217395998537,14,Wolverhampton Wanderers,3,0,3,1.893448617309332,7.689652973785996,4.652863828465343
6384,Beni Baningime,2017,Sub,8,0,0,185,0.0,0,0.0,0,Everton,1,0,0,0.0,1.1460983157157898,1.1460983157157898
6389,Nahki Wells,2017,Sub,9,0,3,37,0.6687104254961014,0,0.0,0,Burnley,0,0,0,0.6687104254961014,0.690557325258851,0.0218468997627496
6409,Beram Kayal,2018,Sub,18,1,5,937,0.2898656027391553,1,1.1770387142896652,4,Brighton,4,0,1,0.2898656027391553,1.929511004127562,1.1949396133422852
6409,Beram Kayal,2017,Sub,19,0,4,731,0.3412809036672115,0,0.450630297884345,11,Brighton,2,0,0,0.3412809036672115,1.0508338026702404,0.4332425929605961
6410,Jack Simpson,2019,Sub,4,0,1,237,0.0118188001215457,0,0.0346852988004684,1,Bournemouth,0,0,0,0.0118188001215457,0.0465040989220142,0.0
6410,Jack Simpson,2018,DC,6,0,2,407,0.3693768884986639,0,0.0,0,Bournemouth,0,0,0,0.3693768884986639,0.3487295992672443,0.3487295992672443
6410,Jack Simpson,2017,DC,1,0,0,74,0.0,0,0.0,0,Bournemouth,0,0,0,0.0,0.0,0.0
6418,Hamza Choudhury,2024,Sub,1,0,0,11,0.0,0,0.0,0,Leicester,0,0,0,0.0,0.0,0.0
6418,Hamza Choudhury,2021,MC,6,0,1,289,0.0202268008142709,0,0.0,0,Leicester,1,0,0,0.0202268008142709,2.0293576195836067,2.0293576195836067
6418,Hamza Choudhury,2020,Sub,10,0,4,312,0.447797492146492,0,0.0,0,Leicester,1,0,0,0.447797492146492,2.327859029173851,1.9456680417060848
6418,Hamza Choudhury,2019,MC,20,1,7,879,0.3366533014923334,1,0.1128376014530658,4,Leicester,2,1,1,0.3366533014923334,2.7457803431898355,2.52809052541852
6418,Hamza Choudhury,2018,MC,9,0,4,597,0.4746321067214012,0,0.5052472064271569,5,Leicester,0,0,0,0.4746321067214012,1.9858068199828267,1.0719108618795872
6418,Hamza Choudhury,2017,Sub,8,0,2,376,0.0358432000502944,1,0.2163390070199966,1,Leicester,1,0,0,0.0358432000502944,1.093844808638096,0.8775055110454559
6420,Romain Faivre,2023,Sub,5,0,2,21,0.1308193765580654,0,0.0,0,Bournemouth,1,0,0,0.1308193765580654,0.1480125524103641,0.1480125524103641
6421,Brahim Diaz,2017,Sub,5,0,3,40,0.4937529861927032,0,0.0,0,Manchester City,0,0,0,0.4937529861927032,0.5121960863471031,0.0184431001543998
6424,Ben Johnson,2024,Sub,3,0,0,128,0.0,1,0.4799985289573669,1,Ipswich,0,0,0,0.0,0.4799985289573669,0.0
6424,Ben Johnson,2023,Sub,14,0,6,509,0.2155094873160123,0,0.0,0,West Ham,1,0,0,0.2155094873160123,0.6861794609576464,0.5518248528242111
6424,Ben Johnson,2022,DC,17,0,2,845,0.0838250741362571,0,0.2368279919028282,3,West Ham,0,0,0,0.0838250741362571,2.518942840397358,2.1982886735349894
6424,Ben Johnson,2021,Sub,20,1,5,1402,0.1485152002424001,0,0.5553672071546316,9,West Ham,1,0,1,0.1485152002424001,4.077996655367315,3.741722867824137
6424,Ben Johnson,2020,Sub,14,1,3,506,0.4844093881547451,0,0.3858656100928783,4,West Ham,1,0,1,0.4844093881547451,1.4439897667616606,0.6678877267986536
6424,Ben Johnson,2019,DR,3,0,1,270,0.0153147997334599,0,0.0289693996310234,1,West Ham,0,0,0,0.0153147997334599,0.4228669852018356,0.4228669852018356
6424,Ben Johnson,2018,DL,1,0,0,64,0.0,0,0.0,0,West Ham,0,0,0,0.0,0.0,0.0
6430,Sam Baldock,2017,Sub,2,0,0,28,0.0,0,0.0,0,Brighton,0,0,0,0.0,0.1013050004839897,0.1013050004839897
6434,Franck Zambo,2020,Sub,36,0,34,2582,1.438547333702445,3,2.301115181297064,28,Fulham,6,0,0,1.438547333702445,8.766742289066315,6.624085266143084
6434,Franck Zambo,2018,MC,22,0,21,1515,0.6529498202726245,0,0.2517189877107739,7,Fulham,1,1,0,0.6529498202726245,6.868556284345686,6.330408667214215
6441,Ferrán Torres,2021,FW,4,2,13,308,2.512162998318672,1,0.0216444004327058,1,Manchester City,0,0,2,2.512162998318672,2.4304743483662605,1.177095249295235
6441,Ferrán Torres,2020,Sub,24,7,36,1305,5.728712034411728,2,2.2024257499724627,18,Manchester City,1,0,7,5.728712034411728,10.003002636134624,2.9583604130893946
6451,Nathan Ferguson,2021,Sub,1,0,0,6,0.0,0,0.0,0,Crystal Palace,0,0,0,0.0,0.0,0.0
6456,Callum Hudson-Odoi,2024,AML,5,1,8,379,0.4720234647393226,0,0.6574732959270477,8,Nottingham Forest,1,0,1,0.4720234647393226,2.6428256928920746,2.005157247185707
6456,Callum Hudson-Odoi,2023,AML,29,8,38,1844,3.01959465444088,1,3.0873287972062826,36,Nottingham Forest,0,0,8,3.01959465444088,12.357455093413591,6.948451370000839
6456,Callum Hudson-Odoi,2021,DMR,15,1,18,971,2.7757244147360325,2,2.638995425775647,25,Chelsea,1,0,1,2.7757244147360325,6.930551851168275,2.432546889409423
6456,Callum Hudson-Odoi,2020,Sub,23,2,23,1048,1.3696891833096745,3,3.1041410844773054,31,Chelsea,0,0,2,1.3696891833096745,7.824364004656672,5.499200417660177
6456,Callum Hudson-Odoi,2019,Sub,22,1,21,816,2.015141984447837,5,2.7081676684319973,20,Chelsea,1,0,1,2.015141984447837,7.247336816042662,3.847064504399896
6456,Callum Hudson-Odoi,2018,Sub,10,0,6,390,0.991597816348076,1,1.570071406662464,9,Chelsea,0,0,0,0.991597816348076,3.4172964617609978,1.0847020130604506
6456,Callum Hudson-Odoi,2017,Sub,2,0,2,25,0.104544997215271,0,0.0,0,Chelsea,0,0,0,0.104544997215271,0.2023929953575134,0.0978474020957946
6457,Emerson Hyndman,2018,Sub,1,0,0,34,0.0,0,0.0,0,Bournemouth,0,0,0,0.0,0.0523490011692047,0.0523490011692047
6457,Emerson Hyndman,2017,MC,1,0,0,60,0.0,0,0.0225221998989582,1,Bournemouth,0,0,0,0.0,0.0175911001861095,0.0175911001861095
6464,Adrien Silva,2018,DMC,2,0,0,86,0.0,0,0.0,0,Leicester,0,0,0,0.0,0.1162872985005378,0.1162872985005378
6464,Adrien Silva,2017,Sub,12,0,11,765,0.241592800244689,1,0.89030871540308,6,Leicester,3,0,0,0.241592800244689,4.71275719255209,3.692299399524927
6477,Cenk Tosun,2021,Sub,1,0,0,2,0.0,0,0.0,0,Everton,0,0,0,0.0,0.0156033001840114,0.0156033001840114
6477,Cenk Tosun,2020,Sub,5,0,0,37,0.0,0,0.0740792974829673,1,Everton,2,0,0,0.0,0.1080660000443458,0.0339872017502784
6477,Cenk Tosun,2019,Sub,5,1,11,290,1.081553116440773,0,0.1477498980239033,4,Everton,0,0,1,1.081553116440773,1.1152748242020607,0.0
6477,Cenk Tosun,2019,Sub,5,1,4,177,0.8313319981098175,0,0.4750890135765075,1,Crystal Palace,0,0,1,0.8313319981098175,1.2051100134849548,0.2623029053211212
6477,Cenk Tosun,2018,FW,25,3,37,1036,4.990844622254372,3,0.9619662938639522,13,Everton,3,0,3,4.990844622254372,5.439723916351795,0.8459425028413534
6477,Cenk Tosun,2017,FW,14,5,19,998,3.18513151537627,0,1.7238552728667855,15,Everton,0,0,5,3.18513151537627,5.563625156879425,1.1438306123018265
6482,Eddie Nketiah,2024,AMC,2,0,8,156,0.4813084974884987,0,0.1044820472598075,1,Crystal Palace,0,0,0,0.4813084974884987,1.8175008893013,1.517080307006836
6482,Eddie Nketiah,2023,FW,27,5,38,1036,5.057408779859543,2,1.209644090384245,9,Arsenal,3,0,5,5.057408779859543,5.851144388318062,0.9911122377961874
6482,Eddie Nketiah,2022,Sub,30,4,41,1017,9.223067251965404,1,1.481980249285698,9,Arsenal,3,0,4,9.223067251965404,10.200598530471323,1.7821177616715431
6482,Eddie Nketiah,2021,Sub,21,5,28,803,4.993681591004133,1,1.6652061231434343,13,Arsenal,3,0,5,4.993681591004133,7.677356168627739,2.160008793696761
6482,Eddie Nketiah,2020,Sub,17,2,12,405,2.022098023444414,1,0.7423548139631748,8,Arsenal,0,0,2,2.022098023444414,2.0772799979895358,0.2205504979938268
6482,Eddie Nketiah,2019,Sub,13,2,15,629,3.4787297137081623,0,0.631174492649734,5,Arsenal,0,1,2,3.4787297137081623,4.134649693965912,0.5784084871411324
6482,Eddie Nketiah,2018,Sub,5,1,3,54,0.2696470022201538,0,0.131410002708435,1,Arsenal,0,0,1,0.2696470022201538,0.958267018198967,0.6886199712753296
6482,Eddie Nketiah,2017,Sub,3,0,1,11,0.0814666971564292,0,0.0,0,Arsenal,0,0,0,0.0814666971564292,0.0814666971564292,0.0
6485,Júnior Firpo,2022,Sub,19,1,2,1364,0.1414232105016708,1,0.9512499049305916,8,Leeds,6,1,1,0.1414232105016708,2.4669921696186066,2.0024135522544384
6485,Júnior Firpo,2021,Sub,24,0,11,1735,0.936143696308136,2,2.523067930713296,22,Leeds,11,0,0,0.936143696308136,4.836824830621481,2.717731617391109
6490,Manuel Akanji,2024,DC,5,0,2,450,0.0410250015556812,0,0.1594036817550659,5,Manchester City,1,0,0,0.0410250015556812,3.891234248876572,3.855446010828018
6490,Manuel Akanji,2023,DC,30,2,15,2517,2.200386293232441,0,0.5265345014631748,13,Manchester City,2,1,2,2.200386293232441,16.700940661132336,15.83909061923623
6490,Manuel Akanji,2022,DC,29,0,15,2272,1.069366091862321,1,0.2808441743254661,7,Manchester City,2,0,0,1.069366091862321,12.94707053154707,12.824845530092716
6492,Reiss Nelson,2024,Sub,2,1,3,38,0.5505199432373047,0,0.0751271471381187,1,Fulham,1,0,1,0.5505199432373047,1.1960120797157288,0.5703650116920471
6492,Reiss Nelson,2024,Sub,1,0,0,1,0.0,0,0.0,0,Arsenal,0,0,0,0.0,0.0,0.0
6492,Reiss Nelson,2023,Sub,15,0,4,215,0.2384255621582269,0,0.6414464898407459,5,Arsenal,1,0,0,0.2384255621582269,3.198990484699607,2.478929640725255
6492,Reiss Nelson,2022,Sub,11,3,12,174,1.8955533094704151,2,1.2082199901342392,8,Arsenal,0,0,3,1.8955533094704151,3.4097877740859985,0.669681042432785
6492,Reiss Nelson,2021,Sub,1,0,1,18,0.037433598190546,0,0.0605892986059188,1,Arsenal,0,0,0,0.037433598190546,0.1122170016169548,0.0141946002840995
6492,Reiss Nelson,2020,Sub,2,0,1,59,0.0569171011447906,0,0.0,0,Arsenal,0,0,0,0.0569171011447906,0.3480401039123535,0.2911230027675628
6492,Reiss Nelson,2019,AML,17,1,11,621,1.2735872119665146,0,0.3629353968426585,9,Arsenal,1,0,1,1.2735872119665146,1.9280117973685265,0.7598887234926224
6492,Reiss Nelson,2017,Sub,3,0,2,147,0.0688496977090835,0,0.0344646014273166,1,Arsenal,0,0,0,0.0688496977090835,0.8568229973316193,0.7784189879894257
6500,Romain Perraud,2022,Sub,29,2,29,1842,1.2091420125216246,2,2.266822852194309,15,Southampton,4,0,2,1.2091420125216246,4.521617898717523,2.6945367883890867
6500,Romain Perraud,2021,DL,20,0,19,1630,0.7305768830701709,1,0.4040513997897506,8,Southampton,3,0,0,0.7305768830701709,3.1580281164497137,2.5399267859756947
6504,Michael Obafemi,2023,Sub,2,0,2,9,0.1165716275572776,0,0.0,0,Burnley,0,0,0,0.1165716275572776,0.1536427438259124,0.037071119993925
6504,Michael Obafemi,2020,Sub,4,0,0,52,0.0,0,0.054918598383665,1,Southampton,0,0,0,0.0,0.1489026956260204,0.1489026956260204
6504,Michael Obafemi,2019,Sub,21,3,12,654,2.154611974954605,2,1.2253477424383163,10,Southampton,1,0,3,2.154611974954605,2.883794011548161,0.5151656996458769
6504,Michael Obafemi,2018,Sub,6,1,7,131,1.8935815170407293,1,0.3352697044610977,2,Southampton,1,0,1,1.8935815170407293,2.3292839378118515,0.3844362869858742
6504,Michael Obafemi,2017,Sub,1,0,1,7,0.5450019836425781,0,0.0,0,Southampton,0,0,0,0.5450019836425781,0.5450019836425781,0.0
6521,Yerry Mina,2022,DC,7,2,8,606,1.6610938757658005,0,0.0843361243605613,1,Everton,2,0,2,1.6610938757658005,0.7217651586979628,0.1148442979902029
6521,Yerry Mina,2021,Sub,13,0,6,842,0.2367649991065263,0,0.0255555994808673,1,Everton,3,0,0,0.2367649991065263,0.9664667006582022,0.8685788009315729
6521,Yerry Mina,2020,DC,24,2,17,1941,1.7494332194328308,0,0.0195989999920129,1,Everton,2,0,2,1.7494332194328308,4.313140327110887,4.212718518450856
6521,Yerry Mina,2019,DC,29,2,30,2276,3.081724748015404,1,1.717646636068821,7,Everton,3,0,2,3.081724748015404,4.244192216545343,3.931436311453581
6521,Yerry Mina,2018,Sub,13,1,4,891,0.7469826955348253,0,0.1373867020010948,3,Everton,3,0,1,0.7469826955348253,1.919599195942283,1.90275820158422
6523,Milot Rashica,2021,ML,31,1,44,2248,2.569660095497966,2,1.9145782003179197,36,Norwich,0,0,1,2.569660095497966,4.716784189455211,1.4207799918949604
6525,Badou Ndiaye,2017,MC,13,2,19,1144,1.147782389074564,1,0.3058458026498556,7,Stoke,5,0,2,1.147782389074564,2.9499079138040543,1.7146205808967352
6526,Jordan Hugill,2017,Sub,3,0,0,13,0.0,0,0.0,0,West Ham,0,0,0,0.0,0.0,0.0
6531,Alexander Sørloth,2018,Sub,12,0,4,156,0.4589547924697399,0,0.6892502084374428,3,Crystal Palace,0,0,0,0.4589547924697399,1.2195220068097117,0.1940675973892212
6531,Alexander Sørloth,2017,AML,4,0,7,360,0.5928351003676653,0,0.3902569860219955,6,Crystal Palace,0,0,0,0.5928351003676653,1.5127002391964195,0.765069380402565
6532,Martin Dubravka,2023,Sub,23,0,0,1983,0.0,0,0.1200264021754264,1,Newcastle United,1,0,0,0.0,3.5433348193764687,3.4233084097504616
6532,Martin Dubravka,2022,Sub,2,0,0,157,0.0,0,0.0,0,Newcastle United,0,0,0,0.0,0.6429070234298706,0.6429070234298706
6532,Martin Dubravka,2021,GK,26,0,0,2340,0.0,0,0.0334176998585462,2,Newcastle United,1,0,0,0.0,1.671670898795128,1.6382531989365816
6532,Martin Dubravka,2020,GK,13,0,0,1170,0.0,0,0.0,0,Newcastle United,0,0,0,0.0,2.1202504448592663,2.1202504448592663
6532,Martin Dubravka,2019,GK,38,0,0,3420,0.0,0,0.0,0,Newcastle United,0,0,0,0.0,2.556713086552918,2.556713086552918
6532,Martin Dubravka,2018,GK,38,0,0,3420,0.0,0,0.0,0,Newcastle United,1,0,0,0.0,3.691717497073114,3.691717497073114
6532,Martin Dubravka,2017,GK,12,0,0,1080,0.0,0,0.0,0,Newcastle United,0,0,0,0.0,0.5088647045195103,0.5088647045195103
6538,Oghenekaro Etebo,2021,DMC,9,0,3,387,0.0375105999410152,0,0.1159276030957698,2,Watford,3,0,0,0.0375105999410152,0.5564560107886791,0.4183493060991168
6542,Jürgen Locadia,2021,Sub,1,0,1,20,0.056097999215126,0,0.0,0,Brighton,0,0,0,0.056097999215126,0.056097999215126,0.0
6542,Jürgen Locadia,2019,FWL,2,0,2,84,0.399702288210392,0,0.0,0,Brighton,0,0,0,0.399702288210392,0.101700397208333,0.043615099042654
6542,Jürgen Locadia,2018,Sub,26,2,28,1229,3.3906087055802345,0,0.9557689037173986,13,Brighton,1,0,2,3.3906087055802345,4.707128395326436,1.7955866139382124
6542,Jürgen Locadia,2017,Sub,6,1,6,225,1.1535476129502058,1,0.1004299968481063,1,Brighton,0,0,1,1.1535476129502058,1.2158244093880055,0.0460157003253698
6544,Lukas Nmecha,2017,Sub,2,0,0,8,0.0,0,0.0,0,Manchester City,0,0,0,0.0,0.0,0.0
6552,Bryan Mbeumo,2024,FWR,5,4,10,450,1.812510807067156,0,1.781635269522667,10,Brentford,2,0,4,1.812510807067156,3.5790379904210567,0.5243519861251116
6552,Bryan Mbeumo,2023,FW,25,9,53,1954,9.158370908349752,6,5.14017678797245,32,Brentford,2,0,6,6.874864336103201,15.155989956110716,6.123919734731317
6552,Bryan Mbeumo,2022,FWR,38,9,71,2991,10.100785619579256,8,7.65799580514431,52,Brentford,5,0,8,9.339616828598082,17.531262825243175,5.165040111169219
6552,Bryan Mbeumo,2021,FW,35,4,77,2934,9.805259482935073,7,3.957220805808902,34,Brentford,4,0,3,9.044090459123254,17.78692425787449,6.478674702346325
6556,Moussa Diaby,2023,AMC,38,6,54,2233,6.457844961434603,8,8.6211255826056,46,Aston Villa,1,0,6,6.457844961434603,17.952719137072563,6.211081475019455
6557,Louis Beyer,2023,DC,15,0,5,1252,0.4269037134945392,1,0.4111006297171116,3,Burnley,6,0,0,0.4269037134945392,1.9057915396988392,1.516863290220499
6561,Tyrese Campbell,2017,Sub,4,0,2,66,0.1487517952919006,0,0.0,0,Stoke,0,0,0,0.1487517952919006,0.0722090974450111,0.0
6615,Trevoh Chalobah,2023,Sub,13,1,2,944,0.3591152802109718,0,0.0749409683048725,2,Chelsea,1,0,1,0.3591152802109718,4.417237082496285,4.417237082496285
6615,Trevoh Chalobah,2022,DC,25,0,9,1598,0.7949223592877388,0,0.1997714750468731,4,Chelsea,4,0,0,0.7949223592877388,7.1020578518509865,7.018729008734226
6615,Trevoh Chalobah,2021,DC,20,3,9,1459,1.1775850867852569,1,0.26596400141716,4,Chelsea,2,0,3,1.1775850867852569,7.682923499494791,7.4314879067242146
6630,Joe Willock,2024,Sub,3,0,2,106,0.1945385783910751,1,0.5910615473985672,6,Newcastle United,0,0,0,0.1945385783910751,0.8080202490091324,0.4416935443878174
6630,Joe Willock,2023,Sub,9,1,7,419,1.0462103113532066,0,0.4477159287780523,7,Newcastle United,0,0,1,1.0462103113532066,2.0969158485531807,0.6613700017333031
6630,Joe Willock,2022,MC,35,3,58,2634,7.266156509518623,6,7.388796498999,40,Newcastle United,1,0,3,7.266156509518623,17.781154207885265,5.481370575726032
6630,Joe Willock,2021,MC,29,2,35,2063,3.6774302888661614,0,1.1284047197550535,18,Newcastle United,0,0,2,3.6774302888661614,7.496500605717301,3.5577033534646034
6630,Joe Willock,2020,AMR,14,8,19,986,4.845174498856068,0,0.6722019799053669,8,Newcastle United,0,0,8,4.084009535610676,6.487726747989655,2.7727929344400764
6630,Joe Willock,2020,AMC,7,0,4,229,0.2429120019078254,0,0.061498999595642,2,Arsenal,1,0,0,0.2429120019078254,0.5193419978022575,0.2149309962987899
6630,Joe Willock,2019,AMC,29,1,15,819,2.320996392518282,1,1.0468105915933847,12,Arsenal,2,0,1,2.320996392518282,5.5602357145398855,3.183693516999483
6630,Joe Willock,2018,Sub,2,0,2,66,0.1326580047607422,0,0.0,0,Arsenal,0,0,0,0.1326580047607422,0.1326580047607422,0.0
6630,Joe Willock,2017,MC,2,0,1,82,0.1126570031046867,0,0.0,0,Arsenal,0,0,0,0.1126570031046867,0.4695110023021698,0.3568550050258636
6651,Grady Diangana,2020,ML,20,1,14,1249,1.0978216975927353,0,0.1620487999171018,5,West Bromwich Albion,0,0,1,1.0978216975927353,1.629269490018487,0.6211163979023695
6651,Grady Diangana,2018,Sub,17,0,10,602,0.6380325052887201,1,1.2208154816180468,12,West Ham,0,0,0,0.6380325052887201,2.297663908451796,1.2466072887182236
6656,Sergio Gómez,2023,Sub,6,0,2,29,0.6195764094591141,1,0.1288056522607803,1,Manchester City,0,0,0,0.6195764094591141,0.9868094772100447,0.3672330677509308
6656,Sergio Gómez,2022,Sub,12,0,7,326,0.3138598967343569,1,0.4458680246025324,5,Manchester City,0,0,0,0.3138598967343569,2.0659322142601013,1.6488532945513723
6657,Lasse Sorenson,2017,MC,1,0,0,78,0.0,1,0.3680039942264557,2,Stoke,0,0,0,0.0,0.0669409036636352,0.0473532006144523
6665,Curtis Jones,2024,Sub,2,0,1,38,0.1194314733147621,0,0.0,0,Liverpool,0,0,0,0.1194314733147621,0.6947339680045843,0.5753024723380804
6665,Curtis Jones,2023,Sub,23,1,19,1152,2.483465351164341,1,0.9511555470526218,11,Liverpool,3,1,1,2.483465351164341,9.832491017878056,6.74063022620976
6665,Curtis Jones,2022,Sub,18,3,15,1059,1.2679023258388042,1,1.010046985000372,14,Liverpool,2,0,3,1.2679023258388042,6.753665236756206,4.948233054950833
6665,Curtis Jones,2021,Sub,15,1,20,869,0.8281115936115384,1,0.6779237166047096,11,Liverpool,0,0,1,0.8281115936115384,4.340758312493563,3.2194954212754965
6665,Curtis Jones,2020,Sub,24,1,19,1174,1.7588918451219795,2,1.5211436888203025,12,Liverpool,2,0,1,1.7588918451219795,7.742867568507791,5.182872947305441
6665,Curtis Jones,2019,Sub,6,1,6,108,0.8147165104746819,0,0.0,0,Liverpool,0,0,1,0.8147165104746819,1.3674079924821854,0.933324009180069
6666,Rafael Camacho,2018,Sub,1,0,0,1,0.0,0,0.0,0,Liverpool,0,0,0,0.0,0.0,0.0
6674,Rayan Ait Nouri,2024,DL,5,0,7,402,1.0610629133880138,1,0.7004946991801262,3,Wolverhampton Wanderers,3,0,0,1.0610629133880138,2.261193772777915,0.557291192933917
6674,Rayan Ait Nouri,2023,DL,33,2,23,2391,3.2441271310672164,1,2.3514519911259413,25,Wolverhampton Wanderers,7,0,2,3.2441271310672164,10.710126422345638,6.927929415367544
6674,Rayan Ait Nouri,2022,DL,21,1,10,1056,1.129896778613329,0,0.7609243048354983,7,Wolverhampton Wanderers,4,0,1,1.129896778613329,3.198455519974232,2.0771548449993134
6674,Rayan Ait Nouri,2021,Sub,23,1,13,1820,0.5460651963949203,2,1.6456159921362996,17,Wolverhampton Wanderers,4,0,1,0.5460651963949203,4.461308920755982,3.4812748907133937
6674,Rayan Ait Nouri,2020,DML,21,1,16,1414,0.5121663315221667,1,0.7904388774186373,14,Wolverhampton Wanderers,1,0,1,0.5121663315221667,2.7287225760519505,2.28505318518728
6681,Harvey Barnes,2024,Sub,5,3,10,243,1.515760414302349,1,1.384017899632454,6,Newcastle United,0,0,3,1.515760414302349,2.7307688891887665,0.3222250342369079
6681,Harvey Barnes,2023,Sub,21,5,27,738,3.467865003272891,3,4.21071451343596,13,Newcastle United,3,0,5,3.467865003272891,9.07958210259676,2.550239199772477
6681,Harvey Barnes,2022,ML,34,13,72,2738,9.120478011667728,1,3.107304636389017,19,Leicester,3,0,13,9.120478011667728,14.723602913320065,3.649019580334425
6681,Harvey Barnes,2021,AML,32,6,66,2108,6.215695910155773,10,4.480990180745721,28,Leicester,2,0,6,6.215695910155773,12.55847548134625,3.729522781446576
6681,Harvey Barnes,2020,ML,25,9,56,1954,6.697317669168115,4,1.7716885916888714,26,Leicester,0,0,9,6.697317669168115,8.893779151141644,1.594841817393899
6681,Harvey Barnes,2019,Sub,36,6,61,2094,8.480616264045238,8,4.085434114560485,35,Leicester,0,0,6,8.480616264045238,17.093786865472794,6.487783920019865
6681,Harvey Barnes,2018,Sub,16,1,40,1014,3.623389352113009,2,1.9330946989357471,17,Leicester,0,0,1,3.623389352113009,7.837979565374553,3.348689891397953
6681,Harvey Barnes,2017,Sub,3,0,1,5,0.0542616993188858,0,0.0,0,Leicester,0,0,0,0.0542616993188858,0.1033470034599304,0.1033470034599304
6686,Nicolo Zaniolo,2023,Sub,25,2,27,820,3.7046729400753975,0,0.6395295020192862,10,Aston Villa,7,0,2,3.7046729400753975,5.261115295812488,1.7181058693677187
6691,Dejan Kulusevski,2024,Sub,5,0,9,350,0.7345563396811485,1,0.5243961736559868,11,Tottenham,1,0,0,0.7345563396811485,2.4169986769557,1.4840912446379662
6691,Dejan Kulusevski,2023,AMR,36,8,57,2787,5.835474932566285,3,8.615606566891074,65,Tottenham,7,0,8,5.835474932566285,23.71713701635599,12.507268408313394
6691,Dejan Kulusevski,2022,AMC,30,2,43,2120,2.6102962754666805,7,5.482720654457808,47,Tottenham,2,0,2,2.6102962754666805,9.842267464846373,4.0003888993524015
6691,Dejan Kulusevski,2021,Sub,18,5,26,1276,3.023934356868267,8,4.146448384970427,25,Tottenham,3,0,5,3.023934356868267,12.606076311320066,7.695997558534145
6722,Konstantinos Mavropanos,2024,DC,5,0,5,450,0.178878353908658,0,0.0,0,West Ham,0,0,0,0.178878353908658,1.4172435253858566,1.387519270181656
6722,Konstantinos Mavropanos,2023,Sub,19,1,12,1490,0.8723389487713575,0,0.1037653312087059,2,West Ham,2,0,1,0.8723389487713575,1.404158158227801,1.1598989609628916
6722,Konstantinos Mavropanos,2018,Sub,4,0,2,149,0.0959471985697746,0,0.5670660138130188,1,Arsenal,1,0,0,0.0959471985697746,0.3286081105470657,0.3286081105470657
6722,Konstantinos Mavropanos,2017,DC,3,0,0,194,0.0,0,0.0,0,Arsenal,0,1,0,0.0,0.9823350310325624,0.9823350310325624
6736,Ibrahima Diallo,2022,Sub,18,0,6,821,0.1378516973927617,0,0.1038510017096996,4,Southampton,4,0,0,0.1378516973927617,1.5289212055504322,1.3642751909792423
6736,Ibrahima Diallo,2021,Sub,23,0,8,1008,0.3365836981683969,2,1.0428851870819926,16,Southampton,1,0,0,0.3365836981683969,3.856821626424789,2.6416625948622823
6736,Ibrahima Diallo,2020,Sub,22,0,7,999,0.608452707529068,0,0.6375490110367537,9,Southampton,3,0,0,0.608452707529068,3.3023097794502974,2.5710399094969034
6756,Dwight McNeil,2024,AML,5,1,7,450,0.3170604929327965,2,2.713926882017404,19,Everton,0,0,1,0.3170604929327965,2.866686336696148,1.6028773039579391
6756,Dwight McNeil,2023,Sub,35,3,57,2914,3.64070400595665,6,10.325187070295216,69,Everton,2,0,3,3.64070400595665,14.694117410108449,5.355050271376967
6756,Dwight McNeil,2022,ML,36,7,46,2512,3.871220519766212,3,7.44360885117203,51,Everton,5,0,7,3.871220519766212,9.874688405543566,2.480967789888382
6756,Dwight McNeil,2021,ML,38,0,52,3130,2.4431664869189262,1,5.014778325334191,47,Burnley,1,0,0,2.4431664869189262,10.09029270336032,4.545858952216804
6756,Dwight McNeil,2020,ML,36,2,27,3075,1.080685398541391,5,5.477007370442152,47,Burnley,1,0,2,1.080685398541391,6.948604315519333,3.606812102720141
6756,Dwight McNeil,2019,ML,38,2,48,3360,1.938933398574591,6,7.562423378229141,55,Burnley,5,0,2,1.938933398574591,10.701591536402702,3.791262296959758
6756,Dwight McNeil,2018,ML,21,3,27,1610,1.827620578929782,5,3.4622738044708967,26,Burnley,2,0,3,1.827620578929782,4.028135433793068,1.98370754532516
6756,Dwight McNeil,2017,Sub,1,0,0,1,0.0,0,0.0,0,Burnley,0,0,0,0.0,0.0,0.0
6816,Jean-Clair Todibo,2024,Sub,2,0,0,4,0.0,0,0.0,0,West Ham,0,0,0,0.0,0.1230439096689224,0.1230439096689224
6817,Fred,2022,MC,35,2,26,1207,2.2472731824964285,2,2.549862952902913,30,Manchester United,6,0,2,2.2472731824964285,12.157874770462511,8.124852128326893
6817,Fred,2021,DMC,28,4,14,2038,1.0861352998763325,4,2.331524911336601,28,Manchester United,5,0,4,1.0861352998763325,8.365100169554353,5.868255811743438
6817,Fred,2020,Sub,30,1,25,2404,1.7331655826419592,0,2.23257121257484,24,Manchester United,5,0,1,1.7331655826419592,13.51970374956727,10.6886385679245
6817,Fred,2019,Sub,29,0,40,2147,1.591740883886814,0,2.314132208004594,35,Manchester United,8,0,0,1.591740883886814,12.033238369971514,9.726842829957604
6817,Fred,2018,MC,17,1,17,1045,0.904592817183584,1,0.9538170415908098,12,Manchester United,2,0,1,0.904592817183584,7.189614565111697,5.615092068910599
6818,James Maddison,2024,MC,5,1,9,422,1.3484489619731903,2,2.2758472859859467,12,Tottenham,2,0,1,1.3484489619731903,3.9700158685445786,1.4158427696675062
6818,James Maddison,2023,AMC,28,4,57,2206,6.2975962068885565,9,7.142374597489834,66,Tottenham,5,0,4,6.2975962068885565,20.873470183461905,12.04095826484263
6818,James Maddison,2022,AMC,30,10,85,2485,8.489387180656195,9,7.773198906332254,69,Leicester,10,0,9,6.967049431055784,15.354668013751509,6.399377454072237
6818,James Maddison,2021,AMC,35,12,72,2480,6.496711893007159,8,5.674205156974495,48,Leicester,3,0,12,6.496711893007159,14.60681216046214,5.826918383128941
6818,James Maddison,2020,Sub,31,8,75,2123,3.82757050730288,5,5.386723550967872,50,Leicester,4,0,8,3.82757050730288,11.743434881791472,6.07312859967351
6818,James Maddison,2019,ML,31,6,74,2632,5.021775141358376,3,5.76851593144238,79,Leicester,4,0,6,5.021775141358376,14.378998031839728,8.763979986310005
6818,James Maddison,2018,AMC,36,7,83,2877,7.372485462576151,7,7.935436034575105,100,Leicester,3,1,6,5.850147128105164,15.304548813030124,6.967958451714367
6819,Luke Amos,2018,Sub,1,0,0,1,0.0,0,0.0,0,Tottenham,0,0,0,0.0,0.0,0.0
6820,David Brooks,2023,AMR,13,1,13,241,2.203701872378588,1,0.9074392039328814,8,Bournemouth,1,0,1,2.203701872378588,3.8162245713174334,0.9324527494609356
6820,David Brooks,2022,Sub,6,0,5,166,0.2445639120414853,0,0.1819901317358017,2,Bournemouth,1,0,0,0.2445639120414853,0.5240764729678631,0.2133926674723625
6820,David Brooks,2019,MC,9,1,6,533,0.4326113928109407,0,0.534646600484848,6,Bournemouth,1,0,1,0.4326113928109407,0.8643895983695984,0.1321054976433515
6820,David Brooks,2018,MR,30,7,41,2317,6.465658405795693,5,5.877872094511986,30,Bournemouth,3,0,7,6.465658405795693,16.891731955111027,6.750990778207779
6821,Neil Etheridge,2018,GK,38,0,0,3420,0.0,0,0.0924880988895893,2,Cardiff,2,0,0,0.0,1.5654284711927176,1.4729403732344508
6822,Lee Peltier,2020,Sub,4,0,0,230,0.0,0,0.0223216991871595,1,West Bromwich Albion,1,0,0,0.0,0.1783156972378492,0.1559939980506897
6822,Lee Peltier,2018,DR,20,0,1,1539,0.0359758995473384,0,0.0654499977827072,2,Cardiff,3,0,0,0.0359758995473384,1.6744474209845066,1.653773121535778
6823,Sean Morrison,2018,DC,34,1,34,3043,5.046998398378491,3,3.461114827543497,22,Cardiff,6,0,1,5.046998398378491,3.2358458805829287,1.8358795531094076
6824,Nathaniel Mendez-Laing,2018,MR,20,4,20,980,2.1614804603159428,1,1.297621103003621,19,Cardiff,0,0,3,1.4003085233271122,2.942420843988657,0.4288812866434455
6825,Joe Ralls,2018,MC,28,0,23,1961,1.3697645151987672,0,3.596278859302401,33,Cardiff,4,1,0,0.6085961991921067,3.720100751146674,2.586250014603138
6826,Callum Paterson,2018,MC,27,4,41,1987,4.948025802150369,1,2.867447662167251,23,Cardiff,4,0,4,4.948025802150369,5.481851737014949,1.3204640857875347
6827,Bobby Reid,2024,AML,3,0,2,155,0.0276133986189961,0,0.0,0,Leicester,0,0,0,0.0276133986189961,0.4443724863231182,0.4167591035366058
6827,Bobby Reid,2023,Sub,33,6,33,1431,5.469232198782265,2,1.5773739200085402,17,Fulham,4,0,6,5.469232198782265,6.414783387444913,1.6770686488598583
6827,Bobby Reid,2022,AML,36,4,31,2511,4.226093959063292,1,1.5008238069713116,18,Fulham,8,0,4,4.226093959063292,8.135475918650627,3.868883727118373
6827,Bobby Reid,2020,Sub,33,5,34,2394,4.269856670405716,2,1.3096999023109674,14,Fulham,7,0,5,4.269856670405716,8.202641465235502,3.1313828574493527
6827,Bobby Reid,2018,FW,27,5,27,1414,3.8045920468866825,2,1.0588727127760649,16,Cardiff,0,0,4,3.0434270836412907,4.874459708109498,2.0066753327846527
6828,Josh Murphy,2018,Sub,29,3,46,1844,3.7385284435004,2,3.5245829224586487,16,Cardiff,2,0,3,3.7385284435004,5.715320196002722,0.7665400132536888
6829,Gary Madine,2018,Sub,5,0,0,23,0.0,0,0.0,0,Cardiff,0,0,0,0.0,0.0647918991744518,0.0647918991744518
6830,Danny Ward,2018,Sub,14,1,11,426,0.6128035970032215,0,0.2850583996623754,7,Cardiff,0,0,1,0.6128035970032215,0.7782221101224422,0.2272195927798748
6831,Greg Cunningham,2018,DL,7,0,2,630,0.0667790006846189,0,0.2230945993214845,5,Cardiff,3,0,0,0.0667790006846189,0.4333221986889839,0.2555634919553995
6833,Cyrus Christie,2018,DR,28,0,12,1932,0.3850728962570429,1,1.1976565085351467,17,Fulham,7,0,0,0.3850728962570429,4.811769384890795,4.0532072158530354
6834,Joe Bryan,2020,DL,16,1,8,658,0.5813569035381079,0,0.2726942971348762,5,Fulham,2,0,1,0.5813569035381079,1.899183414876461,1.3006593212485311
6834,Joe Bryan,2018,DL,28,0,21,2364,0.5458203721791506,1,4.403665913268924,24,Fulham,5,0,0,0.5458203721791506,7.157669380307198,4.914036851376295
6835,Tom Cairney,2024,Sub,4,0,0,59,0.0,0,0.3561949729919433,1,Fulham,2,0,0,0.0,0.651023268699646,0.651023268699646
6835,Tom Cairney,2023,MC,34,1,17,1427,1.009905599988997,4,3.1143901832401752,25,Fulham,3,0,1,1.009905599988997,9.088703569956124,7.377049610950053
6835,Tom Cairney,2022,Sub,33,2,21,929,1.549193875864148,0,1.6246961504220965,12,Fulham,2,0,2,1.549193875864148,5.840297954156995,3.505937293171882
6835,Tom Cairney,2020,DMC,10,1,12,762,0.5839640917256474,1,0.9888519793748856,17,Fulham,2,0,1,0.5839640917256474,3.385561529546976,2.849907993339002
6835,Tom Cairney,2018,MC,31,1,24,2207,1.145194413140416,1,3.003989930264652,40,Fulham,0,0,1,1.145194413140416,8.619476376101375,6.14206922147423
6836,Kevin McDonald,2018,MC,15,0,4,843,0.1093687005341053,0,0.0982350967824459,4,Fulham,4,1,0,0.1093687005341053,1.9747233167290688,1.827003724873066
6837,Ryan Sessegnon,2022,DML,17,2,18,810,2.117515377700329,0,1.040791004896164,6,Tottenham,4,0,2,2.117515377700329,4.331894390285015,2.0439960788935423
6837,Ryan Sessegnon,2021,Sub,15,0,6,1065,0.3844358064234257,2,3.275636812672019,14,Tottenham,2,0,0,0.3844358064234257,7.321053458377719,4.77503040805459
6837,Ryan Sessegnon,2019,Sub,6,0,1,341,0.0926318988204002,0,0.0479492992162704,2,Tottenham,0,0,0,0.0926318988204002,0.5256646871566772,0.4015226885676384
6837,Ryan Sessegnon,2018,FWL,35,2,28,2300,4.265976169146597,6,3.99325043335557,33,Fulham,0,0,2,4.265976169146597,10.162044883705676,3.8730822009965777
6838,Stefan Johansen,2018,Sub,12,0,1,406,0.0396058000624179,0,0.0521381981670856,1,Fulham,4,0,0,0.0396058000624179,0.7726092236116529,0.7204710254445672
6839,Ibrahima Cissé,2018,Sub,3,0,0,85,0.0,0,0.0,0,Fulham,0,0,0,0.0,0.0191223993897438,0.0191223993897438
6840,Neeskens Kebano,2022,AMR,17,0,9,770,0.7552167885005474,3,1.5724477292969825,13,Fulham,0,0,0,0.7552167885005474,2.504967577755451,0.7153982073068619
6840,Neeskens Kebano,2020,AMR,5,0,6,112,0.2724295035004616,0,0.0,0,Fulham,0,0,0,0.2724295035004616,0.2416720017790794,0.0205275006592273
6840,Neeskens Kebano,2018,Sub,7,0,1,93,0.049745600670576,0,0.0,0,Fulham,0,0,0,0.049745600670576,0.0937285488471388,0.0439829481765627
6841,Ken Sema,2021,ML,18,0,3,835,0.1488818004727363,0,1.5890225917100906,12,Watford,1,0,0,0.1488818004727363,1.7515804246068,1.4122577235102654
6841,Ken Sema,2018,Sub,17,1,12,772,0.8676496986299753,2,0.7736622020602226,8,Watford,1,0,1,0.8676496986299753,3.237185060977936,1.6372313220053911
6842,Alireza Jahanbakhsh,2020,Sub,21,0,18,512,1.8732202108949425,1,3.2342997156083584,10,Brighton,3,0,0,1.8732202108949425,5.389567317441106,2.52194850333035
6842,Alireza Jahanbakhsh,2019,Sub,10,2,12,301,0.5862447917461395,0,0.9932845234870912,4,Brighton,0,0,2,0.5862447917461395,1.5888512954115868,0.7349358983337879
6842,Alireza Jahanbakhsh,2018,Sub,19,0,21,1021,0.701559005305171,0,0.1939404001459479,5,Brighton,2,0,0,0.701559005305171,1.114075100980699,0.4520326061174273
6843,David Button,2020,GK,1,0,0,90,0.0,0,0.0,0,West Bromwich Albion,0,0,0,0.0,0.0,0.0
6843,David Button,2018,GK,4,0,0,360,0.0,0,0.0,0,Brighton,0,0,0,0.0,0.130646001547575,0.130646001547575
6849,Rui Patrício,2020,GK,37,0,0,3330,0.0,0,0.0,0,Wolverhampton Wanderers,1,0,0,0.0,1.2272863080725074,1.2272863080725074
6849,Rui Patrício,2019,GK,38,0,0,3420,0.0,0,0.0,0,Wolverhampton Wanderers,0,0,0,0.0,2.7981012044474483,2.7981012044474483
6849,Rui Patrício,2018,GK,37,0,0,3330,0.0,0,0.0,0,Wolverhampton Wanderers,0,0,0,0.0,1.1828953111544251,1.1828953111544251
6850,Willy Boly,2024,DC,2,0,1,91,0.082951508462429,0,0.0,0,Nottingham Forest,0,0,0,0.082951508462429,0.0867140516638755,0.0867140516638755
6850,Willy Boly,2023,DC,20,2,14,1461,1.4704081807285547,1,1.3754375465214252,8,Nottingham Forest,1,1,2,1.4704081807285547,4.124650048092008,3.0947159733623266
6850,Willy Boly,2022,DC,11,0,2,687,0.0699901822954416,1,0.117637999355793,1,Nottingham Forest,2,0,0,0.0699901822954416,0.6365548893809319,0.6365548893809319
6850,Willy Boly,2021,DC,10,0,2,900,0.088927999138832,0,0.0629573017358779,1,Wolverhampton Wanderers,1,0,0,0.088927999138832,2.550026195123792,2.550026195123792
6850,Willy Boly,2020,DC,21,1,15,1880,1.1301859011873605,1,0.5512952953577042,3,Wolverhampton Wanderers,2,0,1,1.1301859011873605,2.838236978277564,2.663166480138898
6850,Willy Boly,2019,DC,22,0,5,1980,0.2332085985690355,1,1.0245932824909687,7,Wolverhampton Wanderers,1,1,0,0.2332085985690355,4.820769654586911,3.924917357042432
6850,Willy Boly,2018,DC,36,4,23,3168,3.634888853877783,0,1.5668134996667504,11,Wolverhampton Wanderers,2,1,4,3.634888853877783,7.487883411347866,5.965667989104986
6851,Conor Coady,2024,Sub,1,0,0,4,0.0,0,0.0,0,Leicester,1,0,0,0.0,0.0,0.0
6851,Conor Coady,2022,DC,24,1,4,2096,0.6148279123008251,1,0.4616532074287534,4,Everton,2,0,1,0.6148279123008251,2.696392798796296,2.2494612988084555
6851,Conor Coady,2021,DC,38,4,12,3369,2.326475059613585,0,0.0783219002187252,3,Wolverhampton Wanderers,4,0,4,2.326475059613585,5.348749686963856,5.322400999255478
6851,Conor Coady,2020,DC,37,1,7,3305,1.4450342124328015,0,0.1962377950549125,3,Wolverhampton Wanderers,5,0,1,1.4450342124328015,5.043202399276197,4.874850797466934
6851,Conor Coady,2019,DC,38,0,0,3420,0.0,0,0.5321239102631807,5,Wolverhampton Wanderers,5,0,0,0.0,9.53374547045678,9.087925267405808
6851,Conor Coady,2018,DC,38,0,0,3420,0.0,0,0.0134864998981356,2,Wolverhampton Wanderers,5,0,0,0.0,6.792535844258964,6.779048862867057
6852,Matt Doherty,2024,DR,4,0,2,204,0.0850898697972297,0,0.0946553125977516,1,Wolverhampton Wanderers,0,0,0,0.0850898697972297,1.0054470896720886,0.9203572124242784
6852,Matt Doherty,2023,Sub,30,1,8,1087,1.1126765199005604,0,1.0989295095205307,12,Wolverhampton Wanderers,2,0,1,1.1126765199005604,3.6199135687202215,2.180733907967806
6852,Matt Doherty,2022,Sub,12,1,10,665,0.8726177029311657,0,0.2881163954734802,6,Tottenham,0,0,1,0.8726177029311657,2.7494057435542345,1.9657854363322256
6852,Matt Doherty,2021,Sub,15,2,16,864,3.0913910754024982,4,2.0252633318305016,15,Tottenham,0,0,2,3.0913910754024982,7.882363170385361,4.257716134190559
6852,Matt Doherty,2020,DR,17,0,3,1228,0.3638820126652717,2,0.7646760959178209,11,Tottenham,2,1,0,0.3638820126652717,4.369951091706753,3.785178732126951
6852,Matt Doherty,2019,DMR,36,4,34,2842,6.484134959988296,3,2.1279859263449907,21,Wolverhampton Wanderers,1,0,4,6.484134959988296,14.165046449750662,7.663296630606055
6852,Matt Doherty,2018,DMR,38,4,46,3145,5.275961680337787,5,5.037373922765255,38,Wolverhampton Wanderers,5,0,4,5.275961680337787,13.514673576690257,7.995735614560544
6853,Rúben Neves,2022,DMC,35,6,67,3022,5.006285472773016,1,1.8384296027943487,32,Wolverhampton Wanderers,12,0,3,2.722779172472656,10.452420154586434,8.169478697702289
6853,Rúben Neves,2021,MC,33,4,42,2674,1.1209032889455557,2,2.243587740696966,25,Wolverhampton Wanderers,9,0,4,1.1209032889455557,8.249836585484445,6.51626112498343
6853,Rúben Neves,2020,Sub,36,5,67,2681,4.744082765653729,1,2.061172278597951,33,Wolverhampton Wanderers,7,0,2,2.4605759885162115,6.995870877057314,4.6739716026932
6853,Rúben Neves,2019,MC,38,2,61,3081,1.6380842179059982,2,2.6060934849083424,29,Wolverhampton Wanderers,9,0,2,1.6380842179059982,13.92579365707934,11.201464420184491
6853,Rúben Neves,2018,MC,35,4,74,3014,3.39373844768852,3,1.883131671696901,24,Wolverhampton Wanderers,8,0,2,1.871401048265397,10.34872350655496,8.176534997299314
6854,Diogo Jota,2024,FW,4,1,11,298,2.4962966591119766,1,0.7603195905685425,2,Liverpool,0,0,1,2.4962966591119766,4.252747669816017,1.0275914445519447
6854,Diogo Jota,2023,FW,21,10,41,1164,6.724682793021202,3,3.19649357162416,23,Liverpool,1,1,10,6.724682793021202,12.289753511548042,5.313873592764139
6854,Diogo Jota,2022,Sub,22,7,35,1132,6.437793597579002,4,1.7756053674966097,17,Liverpool,2,0,7,6.437793597579002,8.173869889229536,3.900222478434444
6854,Diogo Jota,2021,FW,35,15,90,2401,17.34798476099968,4,5.874588536098599,40,Liverpool,3,0,15,17.34798476099968,25.77840629965067,6.919248638674617
6854,Diogo Jota,2020,Sub,19,9,46,1114,7.057722978293896,0,1.7625195607542992,12,Liverpool,2,0,9,7.057722978293896,10.972966209053991,4.07609829492867
6854,Diogo Jota,2019,FW,34,7,69,2329,12.017677284777164,1,2.642562847584486,29,Wolverhampton Wanderers,4,0,7,12.017677284777164,16.149933034554124,4.098004737868905
6854,Diogo Jota,2018,FWL,33,9,58,2402,8.907187035307288,5,5.536082427948713,27,Wolverhampton Wanderers,11,0,9,8.907187035307288,16.15042337961495,4.578143451362848
6855,Léo Bonatini,2018,Sub,7,0,9,117,1.5466288030147552,1,0.1619743034243583,2,Wolverhampton Wanderers,0,0,0,1.5466288030147552,2.559854991734028,0.9245345145463943
6856,Rúben Vinagre,2022,Sub,2,0,0,13,0.0,0,0.0,0,Everton,0,0,0,0.0,0.0,0.0
6856,Rúben Vinagre,2020,Sub,2,0,0,173,0.0,0,0.0,0,Wolverhampton Wanderers,0,0,0,0.0,0.1787462010979652,0.1787462010979652
6856,Rúben Vinagre,2019,DML,16,0,5,625,0.2878525033593178,0,0.6194771192967892,4,Wolverhampton Wanderers,1,0,0,0.2878525033593178,2.434099517762661,1.9593647047877312
6856,Rúben Vinagre,2018,Sub,17,0,4,697,0.4506887122988701,0,0.8691694838926196,6,Wolverhampton Wanderers,1,0,0,0.4506887122988701,3.110600239597261,1.9428526870906355
6857,Morgan Gibbs-White,2024,AMC,5,1,11,441,0.9854058492928744,0,1.4721338003873825,11,Nottingham Forest,1,1,1,0.9854058492928744,2.8017151951789856,1.6991518549621103
6857,Morgan Gibbs-White,2023,FWL,37,5,71,3177,6.069625414907932,10,9.522167706862092,74,Nottingham Forest,9,0,4,5.308456636965275,18.27287240326405,9.268674820661545
6857,Morgan Gibbs-White,2022,Sub,35,5,59,2990,6.071093298494816,8,7.719742547720671,66,Nottingham Forest,5,0,3,4.548755586147308,13.123771226033568,4.559631913900375
6857,Morgan Gibbs-White,2022,AMC,2,0,3,180,0.5845970064401627,0,0.0881680995225906,1,Wolverhampton Wanderers,1,0,0,0.5845970064401627,0.5451209992170334,0.0
6857,Morgan Gibbs-White,2021,Sub,2,0,2,4,0.0989101976156234,0,0.0,0,Wolverhampton Wanderers,1,0,0,0.0989101976156234,0.1372501999139785,0.038339901715517
6857,Morgan Gibbs-White,2020,FW,11,1,10,395,0.8142993114888668,0,0.4069434069097042,8,Wolverhampton Wanderers,1,0,1,0.8142993114888668,1.7168070655316114,0.83146240003407
6857,Morgan Gibbs-White,2019,MC,7,0,2,119,0.0718549992889165,0,0.0708759985864162,3,Wolverhampton Wanderers,0,0,0,0.0718549992889165,0.3064299933612346,0.1927995979785919
6857,Morgan Gibbs-White,2018,Sub,26,0,8,628,0.9925088100135326,1,1.3041684199124577,11,Wolverhampton Wanderers,1,0,0,0.9925088100135326,3.631218750961125,1.95873511582613
6859,Kortney Hause,2021,Sub,7,1,2,393,0.0640325993299484,0,0.0,0,Aston Villa,0,0,1,0.0640325993299484,1.8135129772126677,1.8135129772126677
6859,Kortney Hause,2020,DC,7,1,5,630,1.3037526831030846,0,0.0,0,Aston Villa,2,0,1,1.3037526831030846,1.8043759763240812,1.8043759763240812
6859,Kortney Hause,2019,DC,18,1,20,1541,2.8237650701776147,0,0.4907599985599518,2,Aston Villa,3,0,1,2.8237650701776147,1.7359597831964493,1.7359597831964493
6875,Rúnar Alex Rúnarsson,2020,Sub,1,0,0,11,0.0,0,0.0,0,Arsenal,0,0,0,0.0,0.0,0.0
6880,Edouard Mendy,2022,GK,10,0,0,853,0.0,0,0.0,0,Chelsea,1,0,0,0.0,1.1355492491275072,1.1355492491275072
6880,Edouard Mendy,2021,GK,34,0,0,3060,0.0,0,0.0,0,Chelsea,3,0,0,0.0,5.087311686947942,5.087311686947942
6880,Edouard Mendy,2020,GK,31,0,0,2748,0.0,0,0.0,0,Chelsea,2,0,0,0.0,4.780521096661687,4.780521096661687
6885,Axel Disasi,2024,DR,2,0,0,93,0.0,0,0.0,0,Chelsea,0,0,0,0.0,0.0,0.0
6885,Axel Disasi,2023,DC,31,2,16,2586,2.678889036178589,0,0.1950406357645988,3,Chelsea,6,0,2,2.678889036178589,14.653339916840196,14.106656992807984
6888,William Saliba,2024,DC,5,0,0,450,0.0,0,0.0,0,Arsenal,1,0,0,0.0,1.3722975552082062,1.3722975552082062
6888,William Saliba,2023,DC,38,2,10,3420,2.367191250436008,1,0.2489092536270618,6,Arsenal,4,0,2,2.367191250436008,16.631769336760044,16.434827260673046
6888,William Saliba,2022,DC,27,2,6,2418,0.8184554874897003,1,1.120013577863574,6,Arsenal,4,0,2,0.8184554874897003,9.701152380555868,9.49210711196065
6891,Ryan Fredericks,2022,Sub,12,0,0,524,0.0,0,0.0990857034921646,1,Bournemouth,1,0,0,0.0,0.6325642876327038,0.5334782861173153
6891,Ryan Fredericks,2021,Sub,7,0,0,296,0.0,0,0.1166129037737846,2,West Ham,1,0,0,0.0,0.604052297770977,0.550477996468544
6891,Ryan Fredericks,2020,DR,14,1,4,563,0.2143374048173427,1,1.298734413459897,12,West Ham,2,0,1,0.2143374048173427,1.0619318224489689,0.308016499504447
6891,Ryan Fredericks,2019,DR,27,0,3,2236,0.1272298973053693,3,2.988231831230223,22,West Ham,7,0,0,0.1272298973053693,6.535198969766498,5.442846074700356
6891,Ryan Fredericks,2018,DR,15,1,5,1077,0.5344902947545052,0,0.5129355993121862,3,West Ham,5,0,1,0.5344902947545052,2.334495410323143,1.6814142018556597
6892,Fabián Balbuena,2020,DC,14,1,8,1197,1.0978235751390455,0,0.0,0,West Ham,1,1,1,1.0978235751390455,2.2187997102737427,1.9963050186634064
6892,Fabián Balbuena,2019,DC,17,1,10,1174,1.3386603072285652,0,0.4616929888725281,1,West Ham,2,0,1,1.3386603072285652,1.5457504000514746,1.5457504000514746
6892,Fabián Balbuena,2018,DC,23,1,19,2013,2.5245358627289534,0,0.1530445981770753,3,West Ham,2,0,1,2.5245358627289534,3.731962798163295,3.708215098828077
6893,Stuart Armstrong,2022,Sub,32,2,23,1408,2.106476968154311,1,2.606352062895894,18,Southampton,6,0,2,2.106476968154311,6.877064095810056,2.4147079661488533
6893,Stuart Armstrong,2021,Sub,25,2,38,1456,2.761914007365704,0,1.620189094915986,25,Southampton,1,0,2,2.761914007365704,6.535929229110479,3.463350588455796
6893,Stuart Armstrong,2020,MR,33,4,54,2791,2.6400083750486374,5,2.901357291266322,35,Southampton,3,0,4,2.6400083750486374,10.028466776013374,6.737704178318381
6893,Stuart Armstrong,2019,Sub,30,5,46,1711,3.114440331235528,3,2.009652117267251,18,Southampton,4,0,5,3.114440331235528,7.972704950720072,3.8451911360025406
6893,Stuart Armstrong,2018,AMC,29,3,32,1424,2.1171701848506927,2,1.6480889040976765,29,Southampton,2,0,3,2.1171701848506927,6.378683723509312,3.5986439930275083
6894,Mohamed Elyounoussi,2022,FW,33,1,36,2212,3.06923589669168,1,1.825184103101492,18,Southampton,4,0,1,3.06923589669168,7.860458409413695,4.556406237185001
6894,Mohamed Elyounoussi,2021,MR,30,4,43,2048,6.580140575766563,2,2.227864108979702,28,Southampton,4,0,4,6.580140575766563,8.982657704502344,2.9428734220564365
6894,Mohamed Elyounoussi,2018,Sub,16,0,20,786,2.205867158249021,0,1.1448204163461924,15,Southampton,0,0,0,2.205867158249021,3.5312400460243225,1.0457509979605677
6903,Matz Sels,2024,GK,5,0,0,450,0.0,0,0.0,0,Nottingham Forest,1,0,0,0.0,0.0907688662409782,0.0907688662409782
6903,Matz Sels,2023,GK,16,0,0,1440,0.0,0,0.0696526691317558,1,Nottingham Forest,1,0,0,0.0,0.8204675614833832,0.7508148960769176
6912,Pedro Porro,2024,DR,5,1,10,450,0.384599095210433,0,0.6287675276398659,10,Tottenham,0,0,1,0.384599095210433,2.14340740442276,1.6325091738253832
6912,Pedro Porro,2023,DR,35,3,53,3101,2.83508870145306,7,7.285218555480242,52,Tottenham,3,0,3,2.83508870145306,20.235827142372727,15.794150441884996
6912,Pedro Porro,2022,DMR,15,3,25,1154,1.3973288014531136,3,2.532236455008388,25,Tottenham,0,0,3,1.3973288014531136,5.9181207716465,2.848248900845647
6923,Mohammed Salisu,2022,DC,22,0,19,1973,1.6058198306709528,1,0.6115739094093442,7,Southampton,5,0,0,1.6058198306709528,5.882307862862945,5.379752596840262
6923,Mohammed Salisu,2021,DC,34,0,24,2972,1.7930021919310093,0,0.5444615967571735,9,Southampton,8,1,0,1.7930021919310093,7.810962019488215,7.580639097839594
6923,Mohammed Salisu,2020,Sub,12,0,4,836,0.4784318944439292,0,0.172157097607851,2,Southampton,1,0,0,0.4784318944439292,2.204292003065348,2.154071904718876
6928,Kenneth Zohore,2018,FW,19,1,17,735,1.6170414946973324,1,0.9054237948730588,12,Cardiff,1,0,1,1.6170414946973324,2.486972693353892,0.2272885963320732
6932,Okay Yokuslu,2020,Sub,16,0,12,1328,0.7194964047521353,1,0.4425208047032356,6,West Bromwich Albion,4,0,0,0.7194964047521353,2.787972727790475,2.3611941933631897
6935,Naif Aguerd,2023,DC,21,1,14,1871,1.6546711716800928,0,0.2851862292736769,4,West Ham,1,1,1,1.6546711716800928,3.5052518025040627,3.46653238683939
6935,Naif Aguerd,2022,Sub,18,2,12,1600,2.5115839689970016,0,0.6282200030982494,6,West Ham,4,0,2,2.5115839689970016,1.3947869138792155,1.277543191798031
6937,Georginio Rutter,2024,Sub,4,0,11,160,0.867208406329155,0,0.1805694997310638,3,Brighton,0,0,0,0.867208406329155,1.016854539513588,0.2866370752453804
6937,Georginio Rutter,2022,Sub,11,0,4,238,0.2494509778916835,1,0.4192553162574768,5,Leeds,0,0,0,0.2494509778916835,0.477778896689415,0.0
6947,Samuel Kalu,2021,Sub,4,0,4,220,0.3926308043301105,0,0.2924529910087585,1,Watford,0,0,0,0.3926308043301105,0.7094595246016979,0.0833156034350395
6954,Juan Camilo Hernández,2021,Sub,25,5,33,1125,2.664220603182912,2,1.69985356554389,20,Watford,3,0,5,2.664220603182912,4.942542578093708,2.000695087015629
6962,Robin Olsen,2023,GK,5,0,0,398,0.0,0,0.0,0,Aston Villa,0,0,0,0.0,0.274754025042057,0.274754025042057
6962,Robin Olsen,2022,Sub,4,0,0,277,0.0,0,0.0,0,Aston Villa,0,0,0,0.0,0.0297717992216348,0.0297717992216348
6962,Robin Olsen,2021,GK,1,0,0,90,0.0,0,0.0,0,Aston Villa,0,0,0,0.0,0.0799197033047676,0.0799197033047676
6962,Robin Olsen,2020,GK,7,0,0,630,0.0,0,0.0,0,Everton,1,0,0,0.0,0.8195909857749939,0.8195909857749939
6963,Justin Kluivert,2024,Sub,5,0,7,305,0.4775030333548784,1,0.7853592336177826,6,Bournemouth,3,0,0,0.4775030333548784,1.9935714453458784,1.0141935553401709
6963,Justin Kluivert,2023,Sub,32,7,56,2029,7.296913180500269,1,1.6692864689975977,21,Bournemouth,5,0,7,7.296913180500269,11.757105719298124,4.571535241790116
6986,Hamed Junior Traore,2023,Sub,3,0,3,32,0.1374315591529011,0,0.0598211325705051,1,Bournemouth,0,0,0,0.1374315591529011,0.5355859631672502,0.3383332788944244
6986,Hamed Junior Traore,2022,AMC,7,0,6,435,0.7354794796556234,0,0.8439797200262547,14,Bournemouth,0,0,0,0.7354794796556234,2.7735368348658085,1.6735216323286295
6996,William Troost-Ekong,2021,DC,17,0,2,1381,0.1041933977976441,0,0.0705595985054969,1,Watford,3,0,0,0.1041933977976441,2.1512107932940125,2.0682591954246163
6997,Ignacio Pussetto,2019,Sub,7,0,0,48,0.0,0,0.0,0,Watford,1,0,0,0.0,0.0,0.0
7007,Duje Caleta-Car,2022,DC,13,1,5,947,1.0882597099989653,0,0.0416763015091419,1,Southampton,2,0,1,1.0882597099989653,2.0971209220588207,2.0786672607064247
7027,Arijanet Muric,2024,GK,4,0,0,360,0.0,0,0.0,0,Ipswich,0,0,0,0.0,0.52806032076478,0.52806032076478
7027,Arijanet Muric,2023,GK,10,0,0,900,0.0,0,0.3725830223411321,4,Burnley,0,0,0,0.0,2.251372165977955,1.878789134323597
7047,Mark Flekken,2024,GK,5,0,0,450,0.0,0,0.0,0,Brentford,0,0,0,0.0,1.0816225158050656,1.0816225158050656
7047,Mark Flekken,2023,GK,37,0,0,3293,0.0,1,0.2911852374672889,3,Brentford,3,0,0,0.0,4.7133525144308805,4.524704350158572
7052,Wout Weghorst,2022,FW,17,0,14,798,2.2213404029607773,1,1.1286072386428714,14,Manchester United,1,0,0,2.2213404029607773,4.879476927220821,2.340124439448118
7052,Wout Weghorst,2021,FW,20,2,30,1459,5.398303970694542,3,1.8519033044576645,14,Burnley,3,0,2,5.398303970694542,6.137320865876973,1.178776697255671
7063,Bernard,2020,Sub,12,1,6,438,0.1936357039958238,0,0.5254478920251131,10,Everton,2,0,1,0.1936357039958238,1.2825448121875525,0.7026601061224937
7063,Bernard,2019,AML,27,3,12,1267,1.697566106915474,2,2.3037208076566458,24,Everton,2,0,3,1.697566106915474,6.573720674961805,3.0494453702121973
7063,Bernard,2018,Sub,34,1,23,2146,2.6929494235664606,3,3.240991522558033,41,Everton,5,0,1,2.6929494235664606,9.933074563741684,4.96146141551435
7069,Saman Ghoddos,2023,Sub,19,1,9,701,0.302081985399127,0,1.0297286342829466,10,Brentford,5,0,1,0.302081985399127,2.3261738447472453,2.0678049931302667
7069,Saman Ghoddos,2022,Sub,15,0,1,93,0.0554910004138946,0,0.2644379809498787,4,Brentford,0,0,0,0.0554910004138946,0.963206484913826,0.9295362625271082
7069,Saman Ghoddos,2021,Sub,17,1,8,499,0.7120704911649227,1,1.1907186191529036,6,Brentford,2,0,1,0.7120704911649227,3.1678579915314917,1.429826844483614
7076,Marcus Bettinelli,2018,GK,7,0,0,630,0.0,0,0.0,0,Fulham,1,0,0,0.0,0.3889567032456398,0.3889567032456398
7077,Denis Odoi,2020,DR,3,0,2,270,0.0400256998836994,0,0.0501924008131027,1,Fulham,1,0,0,0.0400256998836994,0.4257064014673233,0.3856807053089142
7077,Denis Odoi,2018,DC,31,0,10,2591,0.7200834713876247,1,0.570259302854538,11,Fulham,4,0,0,0.7200834713876247,4.536650873720646,4.09144308231771
7078,Sean Longstaff,2024,MC,4,0,0,284,0.0,0,0.0244401078671216,1,Newcastle United,1,0,0,0.0,0.1008209735155105,0.1008209735155105
7078,Sean Longstaff,2023,Sub,35,6,41,2748,7.077314300462604,2,3.0185976549983025,20,Newcastle United,7,0,6,7.077314300462604,17.2361901816912,9.9536661230959
7078,Sean Longstaff,2022,Sub,33,1,33,2509,4.526227671653032,4,3.4510617526248097,23,Newcastle United,2,0,1,4.526227671653032,12.269893657416103,6.193108232691884
7078,Sean Longstaff,2021,Sub,24,1,15,1459,0.7775498926639557,1,0.4642082992941141,7,Newcastle United,1,0,1,0.7775498926639557,3.919372787699104,2.9817814864218235
7078,Sean Longstaff,2020,Sub,22,0,15,1391,0.8264291062951088,1,0.9400976179167628,13,Newcastle United,2,0,0,0.8264291062951088,3.0005825888365507,1.7070663180202246
7078,Sean Longstaff,2019,MC,23,1,25,1354,1.1776159955188632,1,0.933659501373768,15,Newcastle United,2,1,1,1.1776159955188632,2.805942179635167,2.136907409876585
7078,Sean Longstaff,2018,Sub,9,1,8,694,0.753583425655961,0,0.5980704165995121,5,Newcastle United,2,0,1,0.753583425655961,2.932642356492579,2.1394783705472946
7080,Matheus Cunha,2024,Sub,5,2,14,379,1.78857147321105,0,0.9662492536008358,8,Wolverhampton Wanderers,1,0,2,1.78857147321105,2.9484667778015137,1.1902638114988804
7080,Matheus Cunha,2023,FW,32,12,73,2499,10.229120277799666,7,3.920058634132147,28,Wolverhampton Wanderers,8,0,11,9.467951440252364,12.98503801226616,2.336798165924847
7080,Matheus Cunha,2022,Sub,17,2,26,978,1.591183171607554,0,0.8713507484644651,8,Wolverhampton Wanderers,1,0,2,1.591183171607554,2.6735775023698807,0.6461011376231909
7081,Francisco Sierralta,2021,DC,5,0,1,430,0.0323923006653785,0,0.0,0,Watford,0,0,0,0.0323923006653785,0.2968114018440246,0.2968114018440246
7083,Christian Nørgaard,2024,MC,4,0,4,360,0.4513635039329529,0,0.1175899021327495,3,Brentford,1,0,0,0.4513635039329529,0.600270751863718,0.3198289982974529
7083,Christian Nørgaard,2023,MC,31,2,36,2556,3.172293212264776,1,2.970704079605639,24,Brentford,8,0,2,3.172293212264776,9.006961837410927,6.332392172887921
7083,Christian Nørgaard,2022,MC,22,1,19,1794,1.347744394093752,3,3.110040994361043,12,Brentford,6,0,1,1.347744394093752,5.920882418751717,5.308457598090172
7083,Christian Nørgaard,2021,MC,35,3,27,3068,4.969032805413008,4,4.0477693835273385,29,Brentford,8,0,3,4.969032805413008,13.346250873059034,7.89542396273464
7120,Kadeem Harris,2018,Sub,13,1,5,346,0.8885874096304178,0,0.5112703945487738,6,Cardiff,1,0,1,0.8885874096304178,1.5878788903355598,0.216413602232933
7134,Marc Cucurella,2024,DL,5,0,0,446,0.0,0,0.0,0,Chelsea,3,0,0,0.0,2.4313934892416,2.4313934892416
7134,Marc Cucurella,2023,DR,21,0,8,1788,1.4538506548851728,2,1.254556130617857,19,Chelsea,10,0,0,1.4538506548851728,12.102387934923172,10.091670595109465
7134,Marc Cucurella,2022,Sub,24,0,7,1682,0.3548601996153593,2,1.018142694607377,11,Chelsea,4,0,0,0.3548601996153593,7.76440688315779,7.255774774588644
7134,Marc Cucurella,2021,ML,35,1,18,3102,0.7293017916381359,1,2.871598906815052,42,Brighton,6,0,1,0.7293017916381359,11.111791513860226,9.069734355434775
7152,Björn Engels,2019,DC,17,1,8,1447,0.7842207811772823,0,0.1433623023331165,2,Aston Villa,1,0,1,0.7842207811772823,3.801220118068159,3.748133114539087
7153,Matheus Pereira,2020,MR,33,11,65,2594,6.948313331231475,6,6.355541097000241,58,West Bromwich Albion,2,1,7,3.903640011325479,10.85705378651619,3.7579240780323744
7166,Mathias Jensen,2024,MC,3,0,2,245,0.1456295559182763,1,0.5951182339340448,6,Brentford,1,0,0,0.1456295559182763,1.157779352739453,0.5093487054109573
7166,Mathias Jensen,2023,MC,32,3,14,2294,0.689183003269136,3,4.908007476478815,41,Brentford,5,0,3,0.689183003269136,11.096407827921212,9.512499671429396
7166,Mathias Jensen,2022,MC,37,5,23,2898,1.9304941780865192,6,3.59164313133806,48,Brentford,5,0,5,1.9304941780865192,9.59474617615342,6.600326562300324
7166,Mathias Jensen,2021,Sub,31,0,19,1598,2.7016564928926528,1,3.1610329784452915,35,Brentford,0,0,0,2.7016564928926528,7.237036062870175,2.972486024722457
7184,Tim Ream,2023,DC,18,1,1,1513,0.960849940776825,0,0.0,0,Fulham,2,1,1,0.960849940776825,4.037653112784028,4.037653112784028
7184,Tim Ream,2022,DC,33,1,3,2900,0.4944004062563181,0,0.0717986021190881,3,Fulham,2,0,1,0.4944004062563181,6.860465005040169,6.813478998839855
7184,Tim Ream,2020,DC,7,0,0,630,0.0,0,0.0,0,Fulham,0,0,0,0.0,0.8088045045733452,0.8088045045733452
7184,Tim Ream,2018,DC,26,0,1,2057,0.0195435993373394,0,0.2394211962819099,3,Fulham,1,0,0,0.0195435993373394,2.7600171994417906,2.5205960031598806
7187,Sergio Reguilón,2023,Sub,16,0,13,1137,0.9667032230645418,4,2.8239520508795977,20,Brentford,4,1,0,0.9667032230645418,4.303695276379585,1.9703862518072128
7187,Sergio Reguilón,2023,DL,9,0,4,402,0.2107275612652301,0,0.8145383335649967,8,Manchester United,3,0,0,0.2107275612652301,2.156156972050667,1.63808111846447
7187,Sergio Reguilón,2021,DL,25,2,21,1929,2.971682120114565,3,3.5308931674808264,28,Tottenham,4,0,2,2.971682120114565,9.459169758483768,4.919268406927586
7187,Sergio Reguilón,2020,DL,27,0,20,2258,1.1595534086227417,3,2.099100701510906,17,Tottenham,5,0,0,1.1595534086227417,8.52995277568698,6.11448260769248
7198,Oliver Skipp,2024,Sub,3,0,1,175,0.0292144641280174,0,0.1107617691159248,2,Leicester,1,0,0,0.0292144641280174,0.1958462484180927,0.0558700142428278
7198,Oliver Skipp,2023,DMC,21,0,4,660,0.6823929585516453,0,0.541032612323761,7,Tottenham,3,0,0,0.6823929585516453,5.026997778564692,4.433636624366045
7198,Oliver Skipp,2022,Sub,23,1,7,1510,0.2079088976606726,0,0.542324174195528,10,Tottenham,7,0,1,0.2079088976606726,5.209485713392496,4.576617915183306
7198,Oliver Skipp,2021,DMC,18,0,4,1340,0.1463643983006477,0,0.7628861851990223,8,Tottenham,6,0,0,0.1463643983006477,6.278732741251588,5.448809338733554
7198,Oliver Skipp,2019,Sub,7,0,0,70,0.0,0,0.0,0,Tottenham,0,0,0,0.0,0.0,0.0
7198,Oliver Skipp,2018,Sub,8,0,2,207,0.0573194995522499,0,0.0285570006817579,1,Tottenham,0,0,0,0.0573194995522499,0.4829090088605881,0.4829090088605881
7199,Aron Gunnarsson,2018,MC,28,1,20,2296,2.357029394246638,1,1.7363695167005062,16,Cardiff,5,0,1,2.357029394246638,3.348831318318844,1.6990450974553823
7215,Loïc Damour,2018,Sub,2,0,1,17,0.0312483999878168,0,0.0,0,Cardiff,0,0,0,0.0312483999878168,0.4508580006659031,0.419609997421503
7216,Ben Wilmot,2018,Sub,2,0,0,24,0.0,0,0.0,0,Watford,0,0,0,0.0,0.0907370969653129,0.0907370969653129
7218,Cristian Romero,2024,DC,5,1,6,450,0.9811745304614304,0,0.3179603684693575,2,Tottenham,0,0,1,0.9811745304614304,1.5110622197389605,1.444836586713791
7218,Cristian Romero,2023,DC,33,5,24,2796,3.9851038865745063,0,0.3418706227093935,7,Tottenham,7,1,5,3.9851038865745063,17.811701461672783,16.453976824879646
7218,Cristian Romero,2022,DC,27,0,11,2367,0.859663300216198,1,0.888403657823801,8,Tottenham,9,1,0,0.859663300216198,11.60316402465105,11.202729418873789
7218,Cristian Romero,2021,Sub,22,1,6,1850,0.4114758931100368,0,0.3777228910475969,6,Tottenham,8,0,1,0.4114758931100368,9.463019106537104,9.053347896784544
7219,Juninho Bacuna,2018,Sub,21,1,19,1418,0.7949996991083026,0,1.3962501771748066,18,Huddersfield,4,0,1,0.7949996991083026,2.141775196418166,1.103965892456472
7230,Emile Smith-Rowe,2024,AMC,5,2,10,371,1.4231763780117035,1,0.7502474188804626,3,Fulham,0,0,2,1.4231763780117035,3.456529915332794,1.567792534828186
7230,Emile Smith-Rowe,2023,Sub,13,0,15,325,1.5201803892850876,1,0.2403641268610954,4,Arsenal,0,0,0,1.5201803892850876,3.7657799795269966,2.0563183277845383
7230,Emile Smith-Rowe,2022,Sub,12,0,4,132,0.3294837065041065,2,1.042964968830347,6,Arsenal,0,0,0,0.3294837065041065,0.7678957134485245,0.1702418066561222
7230,Emile Smith-Rowe,2021,AMC,33,10,40,1928,5.36384779214859,2,3.033005226403475,30,Arsenal,1,0,10,5.36384779214859,10.874114144593475,4.788454380817711
7230,Emile Smith-Rowe,2020,AMC,20,2,13,1456,1.592160290107131,4,3.622620165348053,27,Arsenal,0,0,2,1.592160290107131,9.538249481469393,5.6345065496861935
7230,Emile Smith-Rowe,2019,Sub,2,0,0,96,0.0,0,0.0,0,Arsenal,0,0,0,0.0,0.0,0.0
7235,Jason Steele,2024,GK,2,0,0,180,0.0,0,0.0,0,Brighton,0,0,0,0.0,0.4078828990459442,0.4078828990459442
7235,Jason Steele,2023,GK,17,0,0,1530,0.0,0,0.0,0,Brighton,0,0,0,0.0,3.745168898254633,3.745168898254633
7235,Jason Steele,2022,GK,15,0,0,1350,0.0,1,0.1888159960508346,1,Brighton,1,0,0,0.0,2.5362304002046585,2.347414404153824
7235,Jason Steele,2021,GK,1,0,0,90,0.0,0,0.0,0,Brighton,0,0,0,0.0,0.0,0.0
7236,Leander Dendoncker,2023,Sub,8,1,2,117,0.8101427890360355,0,0.0,0,Aston Villa,0,0,1,0.8101427890360355,0.636492345482111,0.5911310315132141
7236,Leander Dendoncker,2022,Sub,20,0,2,677,0.0625204015523195,0,0.636324692517519,5,Aston Villa,0,0,0,0.0625204015523195,2.295296370983124,2.178214680403471
7236,Leander Dendoncker,2022,DMC,4,0,3,211,0.5236700177192688,0,0.0287635996937751,2,Wolverhampton Wanderers,0,0,0,0.5236700177192688,1.0831683799624443,0.6189030017703772
7236,Leander Dendoncker,2021,Sub,30,2,23,1941,2.4547893097624183,2,0.9651257283985616,11,Wolverhampton Wanderers,4,0,2,2.4547893097624183,5.346121789887548,3.243610193952918
7236,Leander Dendoncker,2020,MC,33,1,31,2500,3.3815979287028317,0,0.5813325960189104,17,Wolverhampton Wanderers,4,0,1,3.3815979287028317,8.177474899217486,5.363242764025927
7236,Leander Dendoncker,2019,MC,38,4,20,2793,2.638044427614659,0,0.7169406125321984,9,Wolverhampton Wanderers,5,0,4,2.638044427614659,9.559086433146147,8.402886467054486
7236,Leander Dendoncker,2018,Sub,19,2,17,1474,4.165364554151893,0,1.2851574923843143,7,Wolverhampton Wanderers,1,0,2,4.165364554151893,6.670169539749622,3.1572436466813087
7239,Conor Coventry,2022,Sub,1,0,0,1,0.0,0,0.0,0,West Ham,0,0,0,0.0,0.0,0.0
7240,Benoit Badiashile Mukinayi,2023,DC,18,0,6,1338,0.5172926671802998,1,1.5548250479623675,6,Chelsea,2,0,0,0.5172926671802998,8.460209622979164,8.366715781390667
7240,Benoit Badiashile Mukinayi,2022,DC,11,1,6,901,1.2135351449251175,0,0.6913552954792976,3,Chelsea,2,0,1,1.2135351449251175,3.3061133548617363,3.162499390542507
7264,Han-Noah Massengo,2023,Sub,3,0,0,9,0.0,0,0.0,0,Burnley,0,0,0,0.0,0.0,0.0
7277,Ryan John Giles,2023,DML,11,0,2,492,0.1471442878246307,0,0.2260761391371488,5,Luton,0,0,0,0.1471442878246307,0.7447603233158588,0.5261147022247314
7278,Imran Louza,2021,MC,20,0,17,1443,1.1728496914729476,0,0.8327764142304659,15,Watford,6,0,0,1.1728496914729476,3.5507579129189253,2.6552259493619204
7280,Yan Valery,2022,DC,1,0,0,48,0.0,0,0.0,0,Southampton,0,0,0,0.0,0.0,0.0
7280,Yan Valery,2021,DC,5,0,2,368,0.025073199532926,0,0.2550509870052337,1,Southampton,0,0,0,0.025073199532926,1.1389364823698995,1.1138634905219078
7280,Yan Valery,2020,Sub,3,0,2,95,0.2929132953286171,0,0.0916099995374679,1,Southampton,0,0,0,0.2929132953286171,0.4703279882669449,0.1774140000343322
7280,Yan Valery,2019,DMR,11,0,3,796,0.2561568021774292,0,1.1431159973144531,2,Southampton,1,0,0,0.2561568021774292,3.589542504400015,2.7539024017751217
7280,Yan Valery,2018,MR,23,2,6,1714,0.7205072194337845,1,0.2549123987555504,6,Southampton,3,1,2,0.7205072194337845,2.899165909737349,1.940354097634554
7281,Diogo Dalot,2024,DL,5,0,1,450,0.0218639876693487,1,1.3527221977710724,6,Manchester United,0,0,0,0.0218639876693487,3.320595696568489,2.406200990080833
7281,Diogo Dalot,2023,Sub,36,2,30,3171,1.3286937261000276,3,3.0855262465775013,38,Manchester United,4,1,2,1.3286937261000276,10.952797057107093,8.364923918619752
7281,Diogo Dalot,2022,DR,26,1,22,2164,2.207693471573293,2,1.9137129141017797,29,Manchester United,6,0,1,2.207693471573293,11.690932909026742,8.903266048058867
7281,Diogo Dalot,2021,Sub,24,0,13,1790,0.660338506102562,0,0.8457392938435078,16,Manchester United,4,0,0,0.660338506102562,7.871010458096862,6.755061635747552
7281,Diogo Dalot,2019,DR,4,0,1,65,0.3715600073337555,0,0.0,0,Manchester United,0,0,0,0.3715600073337555,0.3903811071068048,0.0188210997730493
7281,Diogo Dalot,2018,Sub,16,0,15,1015,0.7152223102748394,2,2.7341757230460644,17,Manchester United,3,0,0,0.7152223102748394,4.4227335145697,2.3708081021904945
7282,Giulian Biancone,2022,Sub,2,0,0,13,0.0,0,0.0,0,Nottingham Forest,0,0,0,0.0,0.0686174035072326,0.0686174035072326
7295,Joshua Sargent,2021,Sub,26,2,23,1578,2.0713036227971315,1,0.5363337956368923,11,Norwich,1,0,2,2.0713036227971315,2.816050668247044,0.5686431573703885
7298,Ben White,2024,DR,5,0,3,395,0.0948054790496826,0,0.0,0,Arsenal,0,0,0,0.0948054790496826,1.237111922353506,1.1423063836991787
7298,Ben White,2023,DC,37,4,13,3024,2.015913512557745,4,4.758832193911076,38,Arsenal,8,0,4,2.015913512557745,20.14929211512208,17.290449742227793
7298,Ben White,2022,DR,38,2,10,3094,0.9820632422342896,5,4.293553752824664,27,Arsenal,5,0,2,0.9820632422342896,18.13298106752336,15.288546109572051
7298,Ben White,2021,DC,32,0,12,2880,0.6877354960888624,0,1.1921783965080976,13,Arsenal,3,0,0,0.6877354960888624,10.001042181625962,9.3364445772022
7298,Ben White,2020,DC,36,0,10,3208,0.4792186003178358,0,0.9432324860244988,8,Brighton,3,1,0,0.4792186003178358,8.348604042083025,7.907714944332838
7312,Xande Silva,2018,Sub,1,0,2,15,0.0697230994701385,0,0.0139105999842286,1,West Ham,0,0,0,0.0697230994701385,0.0836336016654968,0.0
7314,Tyreke Johnson,2018,Sub,1,0,0,1,0.0,0,0.0,0,Southampton,0,0,0,0.0,0.0,0.0
7322,Bukayo Saka,2024,FWR,5,1,11,405,1.8653656244277956,5,2.7395251467823982,12,Arsenal,1,0,1,1.8653656244277956,3.592959091067314,1.1340686082839966
7322,Bukayo Saka,2023,FWR,35,16,107,2990,16.807056225836277,8,11.325986489653587,89,Arsenal,4,0,10,12.240043208003044,30.35759701579809,13.228619534522297
7322,Bukayo Saka,2022,AMR,38,14,89,3216,11.300049655139446,11,7.042980744503439,75,Arsenal,6,0,12,9.01654163748026,23.58317681774497,11.6032799705863
7322,Bukayo Saka,2021,Sub,38,11,97,3034,9.905906103551388,7,7.6313808765262365,68,Arsenal,6,0,9,8.383569121360779,19.44989830069244,9.058580647222698
7322,Bukayo Saka,2020,DML,32,5,61,2577,7.169173154979944,3,4.511790509335697,38,Arsenal,1,0,5,7.169173154979944,18.292466957122087,9.18044448364526
7322,Bukayo Saka,2019,AML,26,1,13,1769,1.1424380782991648,5,3.680352535098791,21,Arsenal,6,0,1,1.1424380782991648,7.812512021511793,5.022922188043594
7322,Bukayo Saka,2018,Sub,1,0,0,6,0.0,0,0.0,0,Arsenal,0,0,0,0.0,0.0,0.0
7326,Kayne Ramsay,2020,DR,1,0,0,90,0.0,0,0.0,0,Southampton,1,0,0,0.0,0.016576699912548,0.016576699912548
7326,Kayne Ramsay,2018,DR,1,0,0,90,0.0,0,0.0,0,Southampton,0,0,0,0.0,0.0,0.0
7332,Max Kilman,2024,DC,5,0,2,450,0.5781181529164314,1,0.2179109416902065,4,West Ham,2,0,0,0.5781181529164314,1.3247701302170751,1.1550250872969627
7332,Max Kilman,2023,DC,38,2,14,3420,2.598186601884663,0,1.1396792819723487,17,Wolverhampton Wanderers,7,0,2,2.598186601884663,9.353960192762315,8.874694420956075
7332,Max Kilman,2022,DC,37,0,14,3310,1.4871823685243726,0,0.1923391576856374,4,Wolverhampton Wanderers,3,0,0,1.4871823685243726,5.1283416245132685,4.97854402475059
7332,Max Kilman,2021,DC,30,1,13,2693,1.3776236288249493,0,0.1449057012796402,3,Wolverhampton Wanderers,3,0,1,1.3776236288249493,5.232632765546441,5.062295773997903
7332,Max Kilman,2020,DC,18,0,6,1291,0.3080162983387708,1,0.313057804480195,5,Wolverhampton Wanderers,4,0,0,0.3080162983387708,2.029523121193052,1.8352266997098925
7332,Max Kilman,2019,DC,3,0,0,183,0.0,0,0.0,0,Wolverhampton Wanderers,0,0,0,0.0,0.0350346006453037,0.0350346006453037
7332,Max Kilman,2018,Sub,1,0,0,1,0.0,0,0.0,0,Wolverhampton Wanderers,0,0,0,0.0,0.0,0.0
7333,Caleb Okoli,2024,DC,3,0,3,270,0.334328344091773,0,0.0,0,Leicester,1,0,0,0.334328344091773,0.1754467152059078,0.1567468829452991
7335,Callum Slattery,2018,Sub,3,0,1,107,0.1008519977331161,0,0.0,0,Southampton,0,0,0,0.1008519977331161,0.2646859884262085,0.1638340055942535
7338,Bryan Gil Salvatierra,2023,Sub,11,0,4,182,0.7904373183846474,0,0.192443910986185,4,Tottenham,0,0,0,0.7904373183846474,2.1181607861071825,1.3597642369568348
7338,Bryan Gil Salvatierra,2022,Sub,4,0,2,148,0.0724655985832214,1,0.2734795957803726,2,Tottenham,1,0,0,0.0724655985832214,0.9004369974136353,0.5544919967651367
7338,Bryan Gil Salvatierra,2021,Sub,9,0,1,76,0.100671000778675,0,0.1044243015348911,2,Tottenham,0,0,0,0.100671000778675,0.9023013021796942,0.7428102996200323
7340,Rhys Healey,2018,Sub,3,0,1,30,0.0443128012120723,0,0.0321585014462471,1,Cardiff,0,0,0,0.0443128012120723,0.306428998708725,0.2299569994211197
7352,Tyler Adams,2023,Sub,3,0,0,111,0.0,0,0.0976069122552871,1,Bournemouth,0,0,0,0.0,0.5493647493422031,0.4517578370869159
7352,Tyler Adams,2022,DMC,24,0,4,2159,0.0683434996753931,0,1.370405713096261,24,Leeds,4,1,0,0.0683434996753931,6.9535529762506485,5.69552486948669
7365,Lucas Paquetá,2024,MC,5,1,7,374,0.9938137773424388,0,0.1491173692047596,3,West Ham,1,0,0,0.2326449397951364,0.7782844174653292,0.6675607860088348
7365,Lucas Paquetá,2023,DMC,31,4,42,2676,4.605092185549438,6,5.833031775429845,41,West Ham,10,0,2,3.082754510454833,13.320021394640207,7.106406299397349
7365,Lucas Paquetá,2022,Sub,28,4,53,2209,5.04679605551064,3,2.8692219518125057,32,West Ham,5,0,3,4.285627054050565,9.569089142605662,4.352459283545613
7366,Maximilian Wöber,2022,Sub,16,0,9,1263,0.464545956812799,0,0.742159578949213,6,Leeds,3,0,0,0.464545956812799,2.019608302041888,1.427522011101246
7376,Ozan Kabak,2021,DC,11,0,5,926,0.5807484108954668,0,0.0303338011726737,2,Norwich,2,0,0,0.5807484108954668,0.9165707966312766,0.8188285967335105
7376,Ozan Kabak,2020,DC,9,0,1,807,0.0860282033681869,0,0.0293869003653526,1,Liverpool,3,0,0,0.0860282033681869,1.8639124035835264,1.8639124035835264
7382,Dan Burn,2024,DC,5,0,3,450,0.4775572530925274,0,0.0,0,Newcastle United,3,0,0,0.4775572530925274,2.4193809777498245,2.4193809777498245
7382,Dan Burn,2023,DL,33,2,23,2763,4.111052492633462,2,1.8968225196003916,9,Newcastle United,4,0,2,4.111052492633462,15.2240951359272,13.172115057706833
7382,Dan Burn,2022,DC,38,1,21,3130,2.2566577959805727,0,2.0211693542078137,16,Newcastle United,5,0,1,2.2566577959805727,11.169189976528289,10.764644430950284
7382,Dan Burn,2021,DC,16,0,11,1440,0.6534763853996992,1,0.7577458033338189,4,Newcastle United,4,0,0,0.6534763853996992,0.9607160948216916,0.936926294118166
7382,Dan Burn,2021,Sub,13,1,7,1025,0.9580586096271873,0,0.6954154968261719,2,Brighton,4,0,1,0.9580586096271873,2.0091578904539347,2.0091578904539347
7382,Dan Burn,2020,Sub,27,1,17,2059,1.0781692042946815,0,0.977860301733017,10,Brighton,5,0,1,1.0781692042946815,4.978818798437715,4.176192915067077
7382,Dan Burn,2019,DC,34,0,13,2879,1.9053620267659424,0,1.6736764125525951,20,Brighton,5,0,0,1.9053620267659424,7.785164429806173,6.515011277981103
7383,Josh Benson,2020,MC,6,0,2,257,0.2044139951467514,0,0.0,0,Burnley,0,0,0,0.2044139951467514,0.157301802188158,0.1324695982038974
7384,Chris Mepham,2023,Sub,10,0,1,610,0.0895473062992096,1,0.474224217236042,3,Bournemouth,2,0,0,0.0895473062992096,1.973433375358581,1.934802167117596
7384,Chris Mepham,2022,DC,26,0,8,2197,0.5010207425802946,0,0.2000297037884593,4,Bournemouth,7,0,0,0.5010207425802946,1.9172365125268696,1.744029906578362
7384,Chris Mepham,2019,DC,12,1,7,909,1.0533044748008251,0,0.0767363980412483,1,Bournemouth,1,0,1,1.0533044748008251,0.943722490221262,0.7480954900383949
7384,Chris Mepham,2018,Sub,13,0,2,850,0.0504378974437713,1,0.6852380037307739,2,Bournemouth,1,0,0,0.0504378974437713,0.9597990727052093,0.9470226727426052
7390,Karlan Grant,2020,FW,21,1,16,1140,1.6942400857806206,0,0.1491860933601856,2,West Bromwich Albion,1,0,1,1.6942400857806206,1.8100058129057288,0.5052713081240654
7390,Karlan Grant,2018,Sub,13,4,21,868,3.276358377188444,0,0.2673430982977152,8,Huddersfield,0,0,4,3.276358377188444,3.671060811728239,0.2814021948724985
7395,Carlos Vinicius,2023,Sub,13,2,9,286,1.6243880316615105,0,0.5761066563427448,5,Fulham,2,0,2,1.6243880316615105,3.164248041808605,1.0699065858498216
7395,Carlos Vinicius,2022,Sub,28,5,21,1079,3.5915758907794952,2,0.5233518667519093,8,Fulham,3,0,5,3.5915758907794952,5.013299356214702,1.3816988291218877
7395,Carlos Vinicius,2020,Sub,9,1,7,300,1.2549914866685867,0,0.1027939021587371,2,Tottenham,2,0,1,1.2549914866685867,1.4212629944086077,0.0867183990776538
7420,Miguel Almirón,2024,Sub,2,0,0,2,0.0,0,0.0,0,Newcastle United,0,0,0,0.0,0.0,0.0
7420,Miguel Almirón,2023,FWR,33,3,41,1967,5.132560992613435,1,3.0761873684823517,25,Newcastle United,2,0,3,5.132560992613435,12.225016118958592,5.606135703623295
7420,Miguel Almirón,2022,FWR,34,11,69,2550,8.727059464901686,2,2.9551383573561907,26,Newcastle United,2,0,11,8.727059464901686,14.478478658944368,5.557318415492773
7420,Miguel Almirón,2021,MC,30,1,32,1730,1.7120565995573995,0,1.001836535986513,17,Newcastle United,2,0,1,1.7120565995573995,5.636095905676484,3.2259818157181144
7420,Miguel Almirón,2020,Sub,34,4,33,2458,3.509381575509906,1,3.135926203802228,31,Newcastle United,3,0,4,3.509381575509906,9.295027982443573,3.899067178368568
7420,Miguel Almirón,2019,FW,36,4,55,3063,7.755136603489518,2,2.9012297028675675,31,Newcastle United,5,0,4,7.755136603489518,13.875708766281605,3.989844188094139
7420,Miguel Almirón,2018,Sub,10,0,19,774,1.5924233999103308,0,0.6939392052590847,13,Newcastle United,0,0,0,1.5924233999103308,3.5701114013791084,1.5125924311578274
7430,Emerson,2023,DR,22,1,6,1145,0.1771470475941896,0,0.4156769150868058,3,Tottenham,4,0,1,0.1771470475941896,4.4803829826414585,4.325593873858452
7430,Emerson,2022,DMR,26,2,17,1733,1.7453065998852253,1,0.4839589893817901,9,Tottenham,2,1,2,1.7453065998852253,7.7816263027489185,5.672533370554447
7430,Emerson,2021,DR,31,1,15,2296,2.020111955702305,1,2.450624798424542,28,Tottenham,5,0,1,2.020111955702305,12.576655813492836,9.261143207550049
7437,Demeaco Duhaney,2018,DR,1,0,0,49,0.0,0,0.0,0,Huddersfield,0,0,0,0.0,0.0,0.0
7438,James Garner,2024,Sub,2,0,1,155,0.0167871005833148,0,0.0155591880902647,1,Everton,1,0,0,0.0167871005833148,0.1108489632606506,0.0940618589520454
7438,James Garner,2023,MR,37,1,41,3016,2.2248211354017258,2,5.287607742473483,43,Everton,7,0,1,2.2248211354017258,9.332132609561086,5.183267613872886
7438,James Garner,2022,Sub,16,0,9,777,0.8283093441277742,1,0.4450816921889782,7,Everton,3,0,0,0.8283093441277742,1.719324741512537,0.9061288554221392
7438,James Garner,2019,Sub,1,0,0,5,0.0,0,0.0,0,Manchester United,0,0,0,0.0,0.0362557992339134,0.0362557992339134
7438,James Garner,2018,Sub,1,0,0,1,0.0,0,0.0,0,Manchester United,0,0,0,0.0,0.0,0.0
7439,Tahith Chong,2023,MC,33,4,30,1978,3.5191842010244727,0,0.43756147287786,9,Luton,4,0,4,3.5191842010244727,5.8977455431595445,3.575332073494792
7439,Tahith Chong,2019,Sub,3,0,1,29,0.0718816965818405,0,0.0,0,Manchester United,0,0,0,0.0718816965818405,0.085999596863985,0.0141179002821445
7439,Tahith Chong,2018,Sub,2,0,2,35,0.2937690019607544,0,0.0,0,Manchester United,0,0,0,0.2937690019607544,0.4904190003871918,0.1966490000486374
7458,Matty Daly,2018,Sub,2,0,0,71,0.0,0,0.0,0,Huddersfield,0,0,0,0.0,0.0,0.0
7459,Will Norris,2020,GK,2,0,0,180,0.0,0,0.0476219989359378,1,Burnley,0,0,0,0.0,0.093351200222969,0.0457292012870311
7459,Will Norris,2018,Sub,1,0,0,1,0.0,0,0.0,0,Wolverhampton Wanderers,0,0,0,0.0,0.0,0.0
7470,Mathias Normann,2021,MC,23,1,26,1661,0.835538562387228,2,2.2901421673595905,13,Norwich,6,0,1,0.835538562387228,3.4090149104595184,1.4079527165740728
7484,Stephy Mavididi,2024,Sub,5,2,6,211,1.4435222744941711,0,0.340636309236288,3,Leicester,0,0,2,1.4435222744941711,1.572917815297842,0.6799664050340652
7487,Aaron Rowe,2018,Sub,2,0,0,68,0.0,0,0.0,0,Huddersfield,0,0,0,0.0,0.0225143991410732,0.0225143991410732
7490,Mason Greenwood,2021,FW,18,5,48,1305,4.480731018818915,1,1.3290867917239666,17,Manchester United,1,0,5,4.480731018818915,6.188842663541436,1.7466596020385623
7490,Mason Greenwood,2020,Sub,31,7,67,1825,6.975751496851444,2,2.427899083122611,14,Manchester United,2,0,7,6.975751496851444,14.031829975545406,5.954049182124436
7490,Mason Greenwood,2019,Sub,31,10,39,1304,3.3878568075597286,1,1.4115078235045075,14,Manchester United,0,0,10,3.3878568075597286,8.51698026061058,4.284459423273802
7490,Mason Greenwood,2018,Sub,3,0,7,111,0.7973629832267761,0,0.0723448991775512,3,Manchester United,0,0,0,0.7973629832267761,1.0192560255527496,0.6869980096817017
7498,Lyle Foster,2023,ML,24,5,34,1938,5.608147136867046,3,1.4990256652235985,19,Burnley,0,1,5,5.608147136867046,8.676230592653155,2.611631980165839
7546,Harvey Elliott,2024,Sub,1,0,0,5,0.0,0,0.0,0,Liverpool,0,0,0,0.0,0.0,0.0
7546,Harvey Elliott,2023,Sub,34,3,49,1268,2.5765033923089504,6,4.262343382462859,36,Liverpool,2,0,3,2.5765033923089504,14.047137239947917,9.563051972538233
7546,Harvey Elliott,2022,Sub,32,1,36,1602,2.027079835534096,2,3.9797140900045633,26,Liverpool,2,0,1,2.027079835534096,14.912637444213033,10.783384276553988
7546,Harvey Elliott,2021,Sub,6,0,10,348,0.6139416918158531,0,0.5197128988802433,9,Liverpool,0,0,0,0.6139416918158531,3.1572379767894745,2.2090619802474976
7546,Harvey Elliott,2019,Sub,2,0,0,5,0.0,0,0.0,0,Liverpool,0,0,0,0.0,0.0,0.0
7546,Harvey Elliott,2018,Sub,2,0,1,16,0.0564981997013092,0,0.0,0,Fulham,0,0,0,0.0564981997013092,0.096279002726078,0.0397807992994785
7582,Mark Travers,2024,GK,1,0,0,90,0.0,0,0.0,0,Bournemouth,0,0,0,0.0,0.1337498277425766,0.1337498277425766
7582,Mark Travers,2023,GK,4,0,0,360,0.0,0,0.0,0,Bournemouth,0,0,0,0.0,0.0,0.0
7582,Mark Travers,2022,GK,12,0,0,1030,0.0,0,0.0,0,Bournemouth,0,0,0,0.0,0.7557743489742279,0.7557743489742279
7582,Mark Travers,2019,GK,1,0,0,90,0.0,0,0.0,0,Bournemouth,0,0,0,0.0,0.0198047999292612,0.0198047999292612
7582,Mark Travers,2018,GK,2,0,0,180,0.0,0,0.0,0,Bournemouth,0,0,0,0.0,0.9676400125026704,0.9676400125026704
7589,Wesley Fofana,2024,DC,5,0,1,419,0.0528734661638736,0,0.4769220426678657,4,Chelsea,3,0,0,0.0528734661638736,1.5613329857587814,1.1825218293815851
7589,Wesley Fofana,2022,DC,15,1,6,1192,0.4184241937473416,0,0.0366367762908339,2,Chelsea,3,0,1,0.4184241937473416,3.707444317638874,3.6944747176021338
7589,Wesley Fofana,2022,DC,2,0,2,180,0.4368094112724066,0,0.0,0,Leicester,1,0,0,0.4368094112724066,0.7555929720401764,0.3324030041694641
7589,Wesley Fofana,2021,DC,7,0,3,630,0.5680099092423916,0,0.036049198359251,2,Leicester,2,0,0,0.5680099092423916,2.999755318276584,2.980498324148357
7589,Wesley Fofana,2020,DC,28,0,11,2274,1.376329679042101,0,0.2828556019812822,6,Leicester,7,0,0,1.376329679042101,7.294463628903031,7.199465861544013
7602,Kelland Watts,2019,Sub,1,0,0,12,0.0,0,0.0,0,Newcastle United,0,0,0,0.0,0.0,0.0
7603,Marc Guehi,2024,DC,5,0,0,450,0.0,0,0.0154110072180628,1,Crystal Palace,1,0,0,0.0,1.9846340417861936,1.9846340417861936
7603,Marc Guehi,2023,DC,25,0,5,2021,0.4888940155506134,1,0.962568361312151,7,Crystal Palace,2,0,0,0.4888940155506134,6.667929092422128,6.454947093501687
7603,Marc Guehi,2022,DC,37,1,14,3330,1.6622220277786257,0,0.6576718036085367,10,Crystal Palace,8,0,1,1.6622220277786257,4.7370849046856165,4.268240002915263
7603,Marc Guehi,2021,DC,36,2,19,3227,2.491802053526044,1,1.2006488796323538,6,Crystal Palace,4,0,2,2.491802053526044,7.82427760027349,7.775645872578025
7688,Max Aarons,2023,DR,20,0,2,1219,0.0476108696311712,1,0.8764500692486763,7,Bournemouth,1,0,0,0.0476108696311712,3.960431007668376,3.3971939999610186
7688,Max Aarons,2021,DR,34,0,13,2882,0.8394248560070992,2,1.7876457879319787,20,Norwich,8,0,0,0.8394248560070992,4.762461667880416,2.484261809848249
7688,Max Aarons,2019,DR,36,0,14,3240,0.6508807009086013,1,3.895118203014136,23,Norwich,7,0,0,0.6508807009086013,10.055002326145768,7.378265496343374
7689,Ben Godfrey,2023,Sub,15,0,15,1131,2.1673798076808453,0,0.2029681168496608,3,Everton,2,0,0,2.1673798076808453,1.4282750822603705,1.147367212921381
7689,Ben Godfrey,2022,DC,13,0,6,799,0.7159480974078178,1,0.1486973017454147,3,Everton,2,0,0,0.7159480974078178,0.383764199912548,0.1242173947393894
7689,Ben Godfrey,2021,DC,23,0,18,2034,1.3012615218758583,0,0.7069949032738805,12,Everton,6,0,0,1.3012615218758583,2.775720400735736,2.278058306314051
7689,Ben Godfrey,2020,Sub,31,0,14,2682,0.7931147944182158,2,0.9784833025187254,4,Everton,4,0,0,0.7931147944182158,5.550381664186716,4.866148971021175
7689,Ben Godfrey,2019,DC,30,0,15,2649,0.8582229670137167,0,0.0743105020374059,3,Norwich,3,1,0,0.8582229670137167,6.353032384999096,6.246153076179326
7690,Grant Hanley,2021,DC,33,1,20,2899,1.696234492585063,0,0.3979412950575351,6,Norwich,2,0,1,1.696234492585063,3.552236177958548,3.4605953795835376
7690,Grant Hanley,2019,DC,15,0,8,1261,0.4398997966200113,0,0.0,0,Norwich,4,0,0,0.4398997966200113,1.7992960009723902,1.7992960009723902
7691,Jamal Lewis,2022,Sub,2,0,0,4,0.0,0,0.0,0,Newcastle United,0,0,0,0.0,0.0,0.0
7691,Jamal Lewis,2021,Sub,5,0,0,261,0.0,0,0.0268901996314525,1,Newcastle United,1,0,0,0.0,0.2706953976303339,0.2438051979988813
7691,Jamal Lewis,2020,DL,24,0,3,1824,0.1195767000317573,1,0.989783015102148,14,Newcastle United,4,0,0,0.1195767000317573,4.688645210117102,3.7277639638632536
7691,Jamal Lewis,2019,DL,28,1,9,2311,0.348726699128747,0,1.0117014981806278,15,Norwich,4,0,1,0.348726699128747,4.066843907348812,2.890743196941912
7692,Tom Trybull,2019,DMC,16,0,11,1159,0.4442538917064667,0,0.1500191995874047,3,Norwich,2,0,0,0.4442538917064667,3.487556288950145,3.3334144931286573
7693,Kenny McLean,2021,Sub,31,1,33,2710,1.91708598844707,0,1.0888230931013825,10,Norwich,3,0,1,1.91708598844707,5.813929988071322,3.868613997474313
7693,Kenny McLean,2019,DMC,37,1,30,2955,1.2136972770094872,1,2.622597675770521,24,Norwich,5,0,1,1.2136972770094872,8.084727596491575,6.269313354045153
7694,Marco Stiepermann,2019,AMC,24,0,19,1201,1.293781528249383,0,0.9374049045145512,12,Norwich,6,0,0,1.293781528249383,5.158777208998799,3.412889959290624
7695,Todd Cantwell,2021,MR,8,0,5,443,0.1200836393982172,0,0.30902099609375,1,Norwich,2,0,0,0.1200836393982172,0.6448747999966145,0.2841974943876266
7695,Todd Cantwell,2019,AML,37,6,42,2528,5.675050851888955,2,2.318531099706888,36,Norwich,6,0,6,5.675050851888955,11.005107331089675,3.805258991196752
7696,Teemu Pukki,2021,FW,37,11,71,3278,11.44952037371695,3,4.062802174128592,27,Norwich,4,0,8,9.166050033643842,11.974240876734257,1.043409519828856
7696,Teemu Pukki,2019,FW,36,11,80,2908,11.524341631680729,3,3.619014976546168,30,Norwich,3,0,9,10.002006579190493,14.75146913342178,2.368443002924323
7697,Onel Hernández,2019,Sub,26,1,29,1377,1.9121502777561543,2,0.9162323046475648,20,Norwich,0,0,1,1.9121502777561543,3.505058079957962,0.89845878072083
7698,Leandro Trossard,2024,Sub,5,1,6,226,0.3421334102749824,0,0.6256256103515625,3,Arsenal,0,1,1,0.3421334102749824,1.5849828869104383,0.6704940348863602
7698,Leandro Trossard,2023,Sub,34,12,60,1649,9.575767548754811,1,3.252073733136058,24,Arsenal,2,0,12,9.575767548754811,16.976479506120086,5.5028668232262135
7698,Leandro Trossard,2022,DML,16,7,38,1350,5.469185333698988,2,1.8049644231796265,23,Brighton,1,0,7,5.469185333698988,9.89418302476406,3.582977244630456
7698,Leandro Trossard,2022,Sub,20,1,17,913,1.5992688797414305,10,4.55361295491457,24,Arsenal,0,0,1,1.5992688797414305,6.435605175793171,3.1665393002331257
7698,Leandro Trossard,2021,ML,34,8,73,2830,7.961571488529444,3,5.277916149236262,47,Brighton,2,0,7,7.20040250197053,16.139060961082578,5.856930652633309
7698,Leandro Trossard,2020,FW,35,5,58,2647,5.41275604814291,5,5.398416018113494,51,Brighton,2,0,5,5.41275604814291,15.99893388338387,7.631561153568327
7698,Leandro Trossard,2019,FWL,31,5,41,2018,5.354306818917394,3,4.625107796862721,42,Brighton,0,0,5,5.354306818917394,12.011701306328176,4.779168190434575
7699,Adam Webster,2024,Sub,1,0,0,10,0.0,0,0.0,0,Brighton,0,0,0,0.0,0.0974678918719291,0.0974678918719291
7699,Adam Webster,2023,DC,15,0,8,1146,0.4553392454981804,0,0.210617184638977,5,Brighton,1,0,0,0.4553392454981804,6.527007706463337,6.405847318470478
7699,Adam Webster,2022,DC,27,0,18,2000,1.5340027026832104,0,0.5189482178539038,6,Brighton,2,0,0,1.5340027026832104,9.7150968182832,9.189998405054212
7699,Adam Webster,2021,DR,22,2,8,1419,1.486678946763277,0,0.036905899643898,1,Brighton,5,0,2,1.486678946763277,3.169359415769577,3.152342416346073
7699,Adam Webster,2020,DC,29,1,25,2596,1.2729560993611813,0,0.2532154992222786,5,Brighton,4,0,1,1.2729560993611813,7.724679803475738,7.582416407763958
7699,Adam Webster,2019,DC,31,3,16,2668,1.5777925020083785,1,1.0943772848695517,10,Brighton,4,0,3,1.5777925020083785,6.390758313238621,6.152599917724729
7700,Che Adams,2022,FW,28,5,47,2019,7.306276918388903,3,2.7257514875382185,24,Southampton,1,0,5,7.306276918388903,11.955216951668262,4.128748474642634
7700,Che Adams,2021,FW,30,7,49,2039,8.289287440478802,3,2.845940789207816,25,Southampton,0,0,7,8.289287440478802,10.300948925316334,1.4006276857107878
7700,Che Adams,2020,FW,36,9,55,2685,12.118733704090118,5,5.227753119543195,37,Southampton,1,0,9,12.118733704090118,14.486906673759222,2.744625011458993
7700,Che Adams,2019,FW,30,4,36,1096,5.865680541843176,2,1.988808723166585,13,Southampton,0,0,4,5.865680541843176,7.280021192505956,1.2057215981185436
7701,Moussa Djenepo,2022,DL,16,0,3,695,0.2433777973055839,2,0.5622396729886532,9,Southampton,1,0,0,0.2433777973055839,1.891867060214281,1.2555831149220469
7701,Moussa Djenepo,2021,ML,12,0,11,449,1.276968114078045,0,0.2697714008390903,6,Southampton,3,0,0,1.276968114078045,2.4210695922374725,1.098878813907504
7701,Moussa Djenepo,2020,Sub,27,1,14,1236,0.792782393284142,0,0.4018722958862781,6,Southampton,5,0,1,0.792782393284142,2.9883765131235123,1.913124832324684
7701,Moussa Djenepo,2019,Sub,18,2,20,920,2.240284813567996,2,2.0511130169034004,11,Southampton,4,1,2,2.240284813567996,5.601650357246399,2.5700224731117487
7702,Dean Henderson,2024,GK,5,0,0,450,0.0,0,0.0,0,Crystal Palace,1,0,0,0.0,0.4832994639873504,0.4832994639873504
7702,Dean Henderson,2023,GK,18,0,0,1620,0.0,0,0.0,0,Crystal Palace,2,0,0,0.0,1.232629640027881,1.232629640027881
7702,Dean Henderson,2022,GK,18,0,0,1620,0.0,0,0.0,0,Nottingham Forest,2,0,0,0.0,1.2316672131419182,1.2316672131419182
7702,Dean Henderson,2020,Sub,13,0,0,1122,0.0,0,0.0,0,Manchester United,3,0,0,0.0,1.281179204583168,1.281179204583168
7702,Dean Henderson,2019,GK,36,0,1,3240,0.0330407992005348,0,0.0218688007444143,1,Sheffield United,2,0,0,0.0330407992005348,0.2936275973916054,0.2936275973916054
7703,John Egan,2023,DC,6,0,3,491,0.2383595146238804,0,0.0,0,Sheffield United,2,0,0,0.2383595146238804,0.3853593021631241,0.2653413340449333
7703,John Egan,2020,DC,31,0,14,2628,0.4912482975050807,1,0.6186051927506924,3,Sheffield United,7,1,0,0.4912482975050807,4.387039129622281,3.7450276343151927
7703,John Egan,2019,DC,36,2,27,3193,2.6867086198180914,0,0.4515930116176605,1,Sheffield United,3,1,2,2.6867086198180914,3.889268606901169,3.759342309087515
7704,Chris Basham,2023,MC,8,0,2,298,0.4091367721557617,0,0.142877459526062,2,Sheffield United,1,0,0,0.4091367721557617,0.30363729596138,0.30363729596138
7704,Chris Basham,2020,DC,31,0,10,2602,0.6195668987929821,1,1.0665377043187618,12,Sheffield United,5,0,0,0.6195668987929821,7.368293853476644,6.053646124899387
7704,Chris Basham,2019,DC,38,0,6,3275,0.3295384980738163,1,1.3122201254591346,13,Sheffield United,4,0,0,0.3295384980738163,4.45596169307828,4.018944967538118
7705,Jack O'Connell,2020,DC,2,0,0,180,0.0,0,0.0,0,Sheffield United,0,0,0,0.0,0.0,0.0
7705,Jack O'Connell,2019,DC,33,0,14,2913,0.8287769919261336,1,3.557616853155196,16,Sheffield United,4,0,0,0.8287769919261336,7.513772958889604,6.322385754436255
7706,George Baldock,2023,DMR,13,0,1,965,0.024696996435523,1,0.8560367710888386,7,Sheffield United,4,0,0,0.024696996435523,1.778840757906437,1.5442426055669785
7706,George Baldock,2020,DMR,32,0,14,2787,1.331411105580628,2,2.6325889602303505,18,Sheffield United,7,0,0,1.331411105580628,6.618172589689493,4.469507408328354
7706,George Baldock,2019,DMR,38,2,13,3420,0.7630060948431492,3,1.6253086160868406,22,Sheffield United,7,0,2,0.7630060948431492,8.718191336840391,7.147828293964267
7707,Enda Stevens,2020,DML,30,0,16,2700,1.447223442606628,1,1.609739189967513,17,Sheffield United,6,0,0,1.447223442606628,8.22920673713088,6.430097249336541
7707,Enda Stevens,2019,DML,38,2,22,3350,1.5212564039975405,4,5.414861211553216,34,Sheffield United,7,0,2,1.5212564039975405,13.609743199311197,10.10498693305999
7708,John Lundstram,2020,MC,28,0,20,2034,1.8757737139239907,2,1.4599017314612863,20,Sheffield United,8,1,0,1.1146046975627542,7.169210961088538,5.258821907453239
7708,John Lundstram,2019,MC,34,5,44,2448,5.921481820754707,3,3.8296410171315074,21,Sheffield United,5,0,5,5.921481820754707,12.008115600794554,5.026100870221853
7709,John Fleck,2023,Sub,4,0,0,82,0.0,0,0.1050862222909927,1,Sheffield United,1,0,0,0.0,0.1432250030338764,0.0381387835368514
7709,John Fleck,2020,MC,31,0,17,2576,0.5031575029715896,2,2.3917010659351945,33,Sheffield United,4,0,0,0.5031575029715896,6.435383918695152,4.761176783591509
7709,John Fleck,2019,MC,30,5,31,2513,3.248101287521422,2,3.429328804835677,39,Sheffield United,8,0,5,3.248101287521422,10.274550246074796,5.323464645072818
7710,Oliver Norwood,2023,MC,27,1,15,1413,0.9864262714982032,0,0.6933921938762069,16,Sheffield United,8,0,0,0.2252942509949207,2.788633189164102,2.4070543106645346
7710,Oliver Norwood,2020,MC,32,0,11,2239,0.430055795237422,0,1.2662918074056506,32,Sheffield United,6,0,0,0.430055795237422,5.095909474417567,4.403649482876062
7710,Oliver Norwood,2019,MC,38,1,17,3119,1.3383014099672437,1,3.87992282398045,49,Sheffield United,8,0,0,0.5771326068788767,9.954602483659984,9.053659860044718
7711,David McGoldrick,2020,Sub,35,8,71,2409,7.605752557516098,1,1.116619188338518,17,Sheffield United,7,0,8,7.605752557516098,9.950739700347183,3.25369658973068
7711,David McGoldrick,2019,FW,28,2,45,1841,8.715958962216973,2,2.095127190463245,17,Sheffield United,2,0,2,8.715958962216973,12.238809522241354,3.0863607339560986
7712,Billy Sharp,2020,FW,16,3,9,723,2.9830773063004017,0,0.5832782126963139,4,Sheffield United,1,0,1,1.4607392735779283,2.650699596852064,0.6648954264819622
7712,Billy Sharp,2019,Sub,25,3,16,1045,4.138953751884401,2,3.0103288423269987,15,Sheffield United,1,1,3,4.138953751884401,5.812584816478193,1.0371485203504562
7713,Luke Freeman,2019,Sub,11,0,3,358,0.0576798990368843,0,0.1855609994381666,3,Sheffield United,2,0,0,0.0576798990368843,0.681845810264349,0.462127011269331
7714,Ben Osborn,2023,MC,24,0,4,1343,0.1790793510153889,2,1.075881354510784,13,Sheffield United,3,0,0,0.1790793510153889,3.0705280490219597,2.045230019837618
7714,Ben Osborn,2020,Sub,24,1,10,1607,1.090726202353835,0,2.5220146737992764,17,Sheffield United,1,0,1,1.090726202353835,6.371751420199871,4.42230891995132
7714,Ben Osborn,2019,Sub,13,0,3,586,0.1952103972434997,0,0.8878787830471992,7,Sheffield United,0,0,0,0.1952103972434997,2.3332080245018005,1.5885960310697556
7715,Simon Moore,2019,GK,2,0,0,180,0.0,0,0.0,0,Sheffield United,0,0,0,0.0,0.0294324997812509,0.0294324997812509
7721,Conor Hourihane,2020,MC,4,1,5,236,0.5679541006684303,1,0.919187881052494,5,Aston Villa,0,0,1,0.5679541006684303,0.6681756898760796,0.1905576959252357
7721,Conor Hourihane,2019,DMC,27,3,29,1549,1.62833839841187,5,5.731440666131675,38,Aston Villa,4,0,3,1.62833839841187,6.0079372227191925,3.157471826300025
7722,Trézéguet,2021,Sub,1,0,1,8,0.0504834987223148,0,0.0,0,Aston Villa,0,0,0,0.0504834987223148,0.4643720090389251,0.4138889908790588
7722,Trézéguet,2020,FWR,21,2,35,1175,3.979033894836903,1,2.1475658286362886,13,Aston Villa,0,0,2,3.979033894836903,7.027214404195547,1.9039336424320936
7722,Trézéguet,2019,MR,34,6,50,1955,5.345048896037042,1,0.958256809040904,21,Aston Villa,2,1,6,5.345048896037042,6.641214028932154,2.6114307940006256
7723,John McGinn,2024,AML,5,0,5,368,0.4418043307960033,0,0.0,0,Aston Villa,1,0,0,0.4418043307960033,2.236679043620825,1.834592256695032
7723,John McGinn,2023,AML,35,6,40,3053,4.672283694148064,4,5.626847393810749,45,Aston Villa,9,1,6,4.672283694148064,20.780676677823067,13.845141869038343
7723,John McGinn,2022,MC,34,1,42,2692,1.9473767010495069,3,3.408585306257009,18,Aston Villa,7,0,1,1.9473767010495069,10.670297458767893,6.900125402957201
7723,John McGinn,2021,DMC,35,3,43,3099,1.8280723309144375,4,5.359244130551815,53,Aston Villa,8,0,3,1.8280723309144375,12.840360780246556,8.202694385312498
7723,John McGinn,2020,MC,37,3,45,3330,2.166595708578825,5,3.501758733764291,42,Aston Villa,12,0,3,2.166595708578825,14.868273419328034,9.94562083017081
7723,John McGinn,2019,MC,28,3,55,2323,3.9825734980404377,3,2.617758873850107,37,Aston Villa,3,0,3,3.9825734980404377,9.97086264193058,5.289587929844856
7724,Wesley,2021,Sub,1,0,0,1,0.0,0,0.0,0,Aston Villa,0,0,0,0.0,0.0,0.0
7724,Wesley,2020,Sub,3,0,1,14,0.0328821986913681,0,0.0,0,Aston Villa,0,0,0,0.0328821986913681,0.1182354018092155,0.0853532031178474
7724,Wesley,2019,FW,21,5,36,1806,7.270562741905451,1,0.8836157005280256,11,Aston Villa,3,0,5,6.509392712265253,8.007937798276544,2.6747633749619126
7725,Jonathan Kodjia,2019,Sub,6,0,2,96,0.1586540043354034,0,0.082373596727848,1,Aston Villa,1,0,0,0.1586540043354034,0.3279522024095058,0.0869246982038021
7726,Ezri Konsa Ngoyo,2024,DC,5,1,2,450,0.4062995910644531,0,0.0388555265963077,1,Aston Villa,0,0,1,0.4062995910644531,2.3951785787940025,2.015490345656872
7726,Ezri Konsa Ngoyo,2023,DC,35,1,19,3090,2.3284507524222136,0,0.6873185783624649,8,Aston Villa,5,0,1,2.3284507524222136,14.659921541810036,13.562622778117657
7726,Ezri Konsa Ngoyo,2022,DC,38,0,8,3325,0.8061013985425234,0,1.4513042895123365,8,Aston Villa,6,0,0,0.8061013985425234,10.92092332523316,10.34645892959088
7726,Ezri Konsa Ngoyo,2021,DC,29,2,14,2494,1.206902057863772,0,0.270699905231595,4,Aston Villa,4,2,2,1.206902057863772,4.54279619269073,4.291604299098253
7726,Ezri Konsa Ngoyo,2020,DC,36,2,22,3192,3.2915586698800325,0,0.0931767001748085,2,Aston Villa,3,0,2,3.2915586698800325,3.4295510537922382,3.381944954395294
7726,Ezri Konsa Ngoyo,2019,Sub,25,1,11,2054,1.669818784110248,2,0.8850580882281065,11,Aston Villa,3,0,1,1.669818784110248,2.9527189023792744,2.5491498187184334
7727,Henri Lansbury,2019,Sub,10,0,2,186,0.0532290004193782,0,0.0657937973737716,2,Aston Villa,0,0,0,0.0532290004193782,0.4618247896432876,0.3610349893569946
7752,Gabriel Martinelli,2024,FWL,5,0,2,346,0.3359852060675621,1,1.4444464072585106,9,Arsenal,0,0,0,0.3359852060675621,2.2697315141558647,1.235750287771225
7752,Gabriel Martinelli,2023,FWL,35,6,58,2056,7.119670176878572,4,5.322934284806252,46,Arsenal,1,0,6,7.119670176878572,16.80896869674325,6.638341135345399
7752,Gabriel Martinelli,2022,AML,36,15,79,2851,10.538134384900331,5,9.349485490471125,59,Arsenal,3,0,15,10.538134384900331,25.15087455138564,9.32091725245118
7752,Gabriel Martinelli,2021,AML,29,6,51,1877,8.86431922391057,6,4.084666876122356,34,Arsenal,1,1,5,8.103149194270372,10.528596667572856,2.5605143029242754
7752,Gabriel Martinelli,2020,Sub,14,2,20,581,3.252447366714477,1,1.7456525303423405,9,Arsenal,0,0,2,3.252447366714477,6.1597150303423405,1.7565969750285149
7752,Gabriel Martinelli,2019,Sub,14,3,12,643,2.2424831092357635,0,0.1135419011116027,2,Arsenal,1,0,3,2.2424831092357635,2.9959328081458807,0.639907518401742
7753,James Justin,2024,DR,5,0,3,450,0.2262532897293567,0,0.0542508922517299,2,Leicester,0,0,0,0.2262532897293567,0.7684953836724162,0.7055191500112414
7753,James Justin,2022,DML,14,0,5,1257,0.1448470018804073,0,0.3056566026061773,7,Leicester,0,0,0,0.1448470018804073,3.2727428637444973,2.889558166265488
7753,James Justin,2021,Sub,13,0,5,993,0.5318179950118065,0,0.8498176038265228,9,Leicester,0,0,0,0.5318179950118065,5.432251468300819,4.53668899089098
7753,James Justin,2020,DL,23,2,9,2070,1.517482303082943,1,2.0591367334127426,19,Leicester,4,0,2,1.517482303082943,7.665662251412868,5.505036529153585
7753,James Justin,2019,Sub,13,0,7,1005,0.2678807023912668,1,1.0798513926565647,12,Leicester,1,0,0,0.2678807023912668,4.534260958433151,3.3317906484007835
7762,Jean-Ricner Bellegarde,2024,AMC,5,1,4,362,0.2258245050907135,0,0.1882783435285091,3,Wolverhampton Wanderers,1,0,1,0.2258245050907135,1.365978166460991,1.1042251251637936
7762,Jean-Ricner Bellegarde,2023,AMC,22,2,15,938,1.361364832147956,1,0.9551639519631864,12,Wolverhampton Wanderers,0,1,2,1.361364832147956,3.1770667880773544,1.5232742801308632
7768,Mason Mount,2024,AMC,2,0,2,109,0.5107078030705452,0,0.0507326796650886,2,Manchester United,1,0,0,0.5107078030705452,1.0316034629940989,0.4701629877090454
7768,Mason Mount,2023,MC,14,1,5,501,0.6238168478012085,0,0.3742097811773419,6,Manchester United,2,0,1,0.6238168478012085,3.08113169670105,2.231110103428364
7768,Mason Mount,2022,FWR,24,3,33,1682,2.1364672761410475,2,3.0019248109310865,29,Chelsea,4,0,3,2.1364672761410475,7.29792560543865,4.296191993169487
7768,Mason Mount,2021,AMC,32,11,76,2367,8.522430308163166,10,7.21291824337095,58,Chelsea,4,0,10,7.7612572982907295,18.23220883309841,7.473151002079248
7768,Mason Mount,2020,AMC,36,6,82,2891,6.884881563484669,5,9.847691288217902,87,Chelsea,2,0,5,6.123712250962853,21.69607226829976,12.443154769949617
7768,Mason Mount,2019,AMC,37,7,78,2894,7.497828083112836,5,5.258457243442535,52,Chelsea,3,0,7,7.497828083112836,16.875008672475815,8.520661786198616
7814,Taiwo Awoniyi,2024,Sub,3,0,1,21,0.108155757188797,0,0.0,0,Nottingham Forest,0,0,0,0.108155757188797,0.2510276138782501,0.1428718566894531
7814,Taiwo Awoniyi,2023,Sub,20,6,22,1066,5.060870740562677,3,1.6294344998896122,10,Nottingham Forest,2,0,6,5.060870740562677,6.060688458383083,1.5500111253932118
7814,Taiwo Awoniyi,2022,Sub,27,10,35,1426,8.0510318800807,1,1.02802275121212,10,Nottingham Forest,2,0,10,8.0510318800807,7.681166335940361,0.7168999258428812
7817,Zack Steffen,2021,GK,1,0,0,90,0.0,0,0.0,0,Manchester City,0,0,0,0.0,0.3352589905261993,0.3352589905261993
7817,Zack Steffen,2020,GK,1,0,0,90,0.0,0,0.0,0,Manchester City,0,0,0,0.0,0.3497349917888641,0.3497349917888641
7822,Dennis Srbeny,2019,Sub,8,1,2,29,0.4821471013128757,0,0.0,0,Norwich,0,0,1,0.4821471013128757,0.4334110021591186,0.0
7823,Jack Stacey,2022,DML,10,0,1,288,0.0468770004808902,0,0.0,0,Bournemouth,2,0,0,0.0468770004808902,0.1937649995088577,0.1468879990279674
7823,Jack Stacey,2019,DR,19,0,5,1553,0.5616067014634609,2,2.4069034699350595,10,Bournemouth,2,0,0,0.5616067014634609,5.176835509948432,3.1207157438620925
7891,Renan Lodi,2022,DL,28,0,15,2236,0.751506220549345,1,1.318730404600501,13,Nottingham Forest,7,0,0,0.751506220549345,2.764841167256236,1.8108528461307287
7892,João Félix,2024,Sub,4,1,5,93,0.4624244924634695,0,0.0,0,Chelsea,1,0,1,0.4624244924634695,0.6570354346185923,0.1946109253913164
7892,João Félix,2022,FW,16,4,46,953,4.288620352745056,0,0.6466051954776049,6,Chelsea,1,1,4,4.288620352745056,5.620456300675869,2.0359091740101576
7902,Matthijs de Ligt,2024,Sub,5,1,5,272,1.0373350083827972,0,0.0192633774131536,1,Manchester United,1,0,1,1.0373350083827972,0.8551058769226074,0.8551058769226074
7904,Caoimhin Kelleher,2024,GK,1,0,0,90,0.0,0,0.0,0,Liverpool,0,0,0,0.0,0.5834342241287231,0.5834342241287231
7904,Caoimhin Kelleher,2023,GK,10,0,0,900,0.0,0,0.0448078326880931,1,Liverpool,0,0,0,0.0,3.1609220281243324,3.1609220281243324
7904,Caoimhin Kelleher,2022,GK,1,0,0,90,0.0,0,0.0,0,Liverpool,0,0,0,0.0,0.0,0.0
7904,Caoimhin Kelleher,2021,GK,2,0,0,180,0.0,0,0.0,0,Liverpool,0,0,0,0.0,0.3326799944043159,0.3326799944043159
7904,Caoimhin Kelleher,2020,GK,2,0,0,180,0.0,0,0.0,0,Liverpool,0,0,0,0.0,0.4479269981384277,0.4479269981384277
7921,Felipe,2023,Sub,7,0,3,369,0.17141835950315,0,0.0380167607218027,2,Nottingham Forest,3,0,0,0.17141835950315,1.4830044843256474,1.4425167199224234
7921,Felipe,2022,Sub,16,0,13,1427,1.246483264490962,1,1.502428017556667,7,Nottingham Forest,4,0,0,1.246483264490962,2.322425527498126,2.1818392034620047
7927,Sofyan Amrabat,2023,Sub,21,0,3,922,0.0737247169017791,0,0.2675175704061985,6,Manchester United,6,0,0,0.0737247169017791,2.209341010078788,2.053303020074964
7931,Takehiro Tomiyasu,2023,Sub,22,2,17,1106,1.6189159248024223,1,0.5923872366547585,6,Arsenal,0,1,2,1.6189159248024223,3.8184002935886383,3.4134652838110924
7931,Takehiro Tomiyasu,2022,Sub,21,0,3,632,0.1446346025913953,1,0.6008766107261181,4,Arsenal,2,0,0,0.1446346025913953,2.292558498680592,2.1198897063732147
7931,Takehiro Tomiyasu,2021,DR,21,0,11,1688,0.3872380005195737,1,0.9992056842893362,12,Arsenal,2,0,0,0.3872380005195737,8.340697228908539,7.47922095656395
7943,Igor Julio,2023,DC,24,0,5,1640,0.2177427187561988,0,0.623787728138268,7,Brighton,4,0,0,0.2177427187561988,10.448413725942371,10.266164284199476
7958,Sandro Tonali,2024,Sub,3,0,3,74,0.2764241881668567,0,0.0150175029411911,1,Newcastle United,0,0,0,0.2764241881668567,0.5946799516677856,0.445745438337326
7958,Sandro Tonali,2023,MC,8,1,3,436,0.8581285923719406,0,0.5521692577749491,7,Newcastle United,2,0,1,0.8581285923719406,3.416136920452118,2.1788286715745926
7967,Anssumane Fati,2023,Sub,19,2,26,456,3.8195773735642433,0,0.6551500093191862,6,Brighton,2,0,2,3.8195773735642433,5.572026334702969,1.621451124548912
7983,Daniel N'Lundulu,2020,Sub,13,0,1,82,0.0264672990888357,0,0.0303087998181581,1,Southampton,0,0,0,0.0264672990888357,0.0567760989069938,0.0264672990888357
7988,Billy Gilmour,2024,Sub,2,0,1,94,0.0845430567860603,0,0.0,0,Brighton,0,0,0,0.0845430567860603,1.1755258962512016,1.1755258962512016
7988,Billy Gilmour,2023,Sub,30,0,25,2154,0.7286842339672148,1,2.0903379926458,22,Brighton,8,1,0,0.7286842339672148,17.74679738096893,16.257044926285744
7988,Billy Gilmour,2022,Sub,14,0,6,515,0.3644320666790008,1,0.3617988973855972,2,Brighton,1,0,0,0.3644320666790008,4.023554973304272,3.337106022983789
7988,Billy Gilmour,2021,MC,24,0,18,1864,0.8399608237668872,1,1.0502577098086476,25,Norwich,2,0,0,0.8399608237668872,4.431802229955792,3.5529233319684863
7988,Billy Gilmour,2020,Sub,5,0,1,256,0.0511342994868755,0,0.1236583013087511,3,Chelsea,0,0,0,0.0511342994868755,0.5436723902821541,0.4064304009079933
7988,Billy Gilmour,2019,Sub,6,0,1,190,0.0284273996949195,0,0.1880254000425338,4,Chelsea,0,0,0,0.0284273996949195,1.926146686077118,1.738118976354599
7990,Christoph Zimmermann,2021,DC,3,0,2,162,0.0377138992771506,0,0.0,0,Norwich,0,0,0,0.0377138992771506,0.2552001010626554,0.2277145013213157
7990,Christoph Zimmermann,2019,DC,17,0,6,1424,0.2578012077137828,1,0.0752718988806009,2,Norwich,3,0,0,0.2578012077137828,2.7542934771627188,2.708892673254013
7991,Aaron Connolly,2021,Sub,4,0,2,152,0.5994888693094254,0,0.3804109990596771,1,Brighton,0,0,0,0.5994888693094254,1.0079350173473358,0.0280345994979143
7991,Aaron Connolly,2020,Sub,17,2,23,799,4.464138314127922,1,0.1607838999480009,6,Brighton,0,0,2,4.464138314127922,4.7834921311587095,0.1912250071763992
7991,Aaron Connolly,2019,Sub,24,3,36,1279,4.553528117015958,1,0.56201739795506,6,Brighton,0,0,3,4.553528117015958,4.356781048700213,0.3541994988918304
8016,Matthew Longstaff,2020,Sub,5,0,0,376,0.0,0,0.3137080036103725,2,Newcastle United,0,0,0,0.0,0.4224845133721828,0.1087761968374252
8016,Matthew Longstaff,2019,MC,9,2,4,564,0.6965182982385159,0,0.18956118542701,3,Newcastle United,1,0,2,0.6965182982385159,1.1064835712313652,0.2506944965571165
8017,Alex Kral,2021,Sub,1,0,0,1,0.0,0,0.0,0,West Ham,0,0,0,0.0,0.0,0.0
8020,Steven Alzate,2021,DMC,9,0,1,410,0.081243596971035,0,0.1467899978160858,2,Brighton,0,0,0,0.081243596971035,0.919185608625412,0.919185608625412
8020,Steven Alzate,2020,MC,15,1,7,905,0.8340353071689606,0,0.922801772132516,11,Brighton,2,0,1,0.8340353071689606,3.51955481711775,2.386690203100443
8020,Steven Alzate,2019,DML,19,0,13,1175,1.0576836168766022,0,0.8152610920369625,14,Brighton,1,0,0,1.0576836168766022,3.4897162094712257,1.8680191319435837
8021,Adam Idah,2021,Sub,17,1,14,611,1.9293015375733376,1,0.4609228000044822,5,Norwich,0,0,1,1.9293015375733376,2.403534699231386,0.5110170058906078
8021,Adam Idah,2019,Sub,12,0,6,197,0.826487498357892,0,0.0150213995948433,1,Norwich,0,0,0,0.826487498357892,0.8555931970477104,0.014084399677813
8022,Michael McGovern,2019,Sub,2,0,0,159,0.0,0,0.0,0,Norwich,0,0,0,0.0,0.1004979982972145,0.1004979982972145
8026,Raphinha,2021,MR,35,11,87,2940,10.23054376989603,3,6.939143891446292,64,Leeds,7,0,7,7.1858687195926905,17.002546676434577,6.288568283431232
8026,Raphinha,2020,Sub,30,6,67,2369,6.219142932444811,9,9.524861674755812,65,Leeds,3,0,6,6.219142932444811,16.79277704656124,6.679692381992936
8040,Marvelous Nakamba,2023,MC,13,0,5,1140,0.1364169279113412,0,0.3258170820772648,7,Luton,5,0,0,0.1364169279113412,3.025253765285015,2.7535953894257545
8040,Marvelous Nakamba,2021,DMC,16,0,0,905,0.0,0,0.0453882999718189,2,Aston Villa,5,0,0,0.0,1.7517936192452908,1.7517936192452908
8040,Marvelous Nakamba,2020,Sub,13,0,2,757,0.0330834994092583,0,0.0593339018523693,2,Aston Villa,3,0,0,0.0330834994092583,0.8930104114115238,0.8114348081871867
8040,Marvelous Nakamba,2019,MC,29,0,7,1836,0.1315447017550468,0,0.5477455705404282,12,Aston Villa,5,0,0,0.1315447017550468,4.796767007559538,4.29724601842463
8044,Joshua Zirkzee,2024,Sub,5,1,8,312,2.403178509324789,0,0.559780590236187,5,Manchester United,1,0,1,2.403178509324789,3.287148661911488,0.3766416311264038
8045,Eric Garcia,2020,DC,6,0,2,378,0.0746367014944553,0,0.0083229895681142,1,Manchester City,0,0,0,0.0746367014944553,0.8594749793410301,0.7848389744758606
8045,Eric Garcia,2019,Sub,13,0,2,780,0.6039479970932007,0,0.2226091958582401,2,Manchester City,1,0,0,0.6039479970932007,4.964903242886066,4.964903242886066
8046,Kieron Freeman,2019,Sub,2,0,0,5,0.0,0,0.0,0,Sheffield United,0,0,0,0.0,0.0235219001770019,0.0235219001770019
8061,Leon Clarke,2019,Sub,2,0,1,29,0.4281300008296966,0,0.0,0,Sheffield United,0,0,0,0.4281300008296966,0.4880920052528381,0.0599619001150131
8066,Arnaut Danjuma Groeneveld,2023,Sub,14,1,25,572,3.4230369105935097,0,0.8538514971733093,6,Everton,0,0,1,3.4230369105935097,4.255711138248444,0.0953724831342697
8066,Arnaut Danjuma Groeneveld,2022,Sub,9,1,6,151,0.6234146766364574,0,0.0274659004062414,1,Tottenham,0,0,1,0.6234146766364574,1.085426764562726,0.4620120506733656
8066,Arnaut Danjuma Groeneveld,2019,Sub,14,0,13,614,1.048506997525692,0,0.163910299539566,5,Bournemouth,0,0,0,1.048506997525692,1.204533277079463,0.2690832037478685
8067,Reece James,2023,DMR,10,0,7,422,0.3389957156032324,2,2.679515279829502,11,Chelsea,0,2,0,0.3389957156032324,3.0341393500566483,1.8427834287285805
8067,Reece James,2022,DMR,16,1,16,1242,1.0140665946528316,1,3.066504817456007,21,Chelsea,4,0,1,1.0140665946528316,5.8419587938115,4.731684633530676
8067,Reece James,2021,Sub,26,5,37,1866,2.543486515060067,9,7.030302457511425,48,Chelsea,4,1,5,2.543486515060067,15.98188834823668,11.94055711850524
8067,Reece James,2020,DR,32,1,35,2355,1.534597285091877,2,3.64997741766274,42,Chelsea,3,0,1,1.534597285091877,11.71861541364342,9.588870281353593
8067,Reece James,2019,Sub,24,0,18,1512,0.8192672096192837,2,3.1814127191901207,25,Chelsea,1,0,0,0.8192672096192837,7.329811029136181,6.209262028336525
8075,Brandon Williams,2021,DL,26,0,4,2120,0.1553078973665833,1,1.9216502672061324,21,Norwich,8,0,0,0.1553078973665833,4.284037738107145,3.1663006637245417
8075,Brandon Williams,2020,Sub,4,0,1,185,0.2694489955902099,0,0.0312060993164777,1,Manchester United,0,0,0,0.2694489955902099,1.078246084973216,0.8087981026619673
8075,Brandon Williams,2019,Sub,17,1,6,1005,0.9978841207921504,0,0.6670696008950472,13,Manchester United,6,0,1,0.9978841207921504,5.710483204573393,4.348553186282516
8080,Akin Famewo,2019,Sub,1,0,0,1,0.0,0,0.0,0,Norwich,0,0,0,0.0,0.0,0.0
8082,David Martin,2019,GK,5,0,0,436,0.0,0,0.0,0,West Ham,1,0,0,0.0,0.1621192023158073,0.1621192023158073
8089,Kieran Tierney,2022,Sub,27,0,7,733,0.3038469729945063,1,0.2897520996630192,4,Arsenal,0,0,0,0.3038469729945063,3.40417211316526,2.8529709093272686
8089,Kieran Tierney,2021,DL,22,1,15,1926,0.6144815096631646,3,1.246632007881999,20,Arsenal,0,0,1,0.6144815096631646,6.7281964011490345,5.27379622682929
8089,Kieran Tierney,2020,DC,27,1,15,2305,0.3866765992715955,3,3.8238940481096506,31,Arsenal,4,0,1,0.3866765992715955,8.635928499512374,5.60839013569057
8089,Kieran Tierney,2019,DL,15,1,6,996,0.2283623944967985,1,0.7536174207925797,6,Arsenal,2,0,1,0.2283623944967985,2.8807710334658623,2.309806341305375
8090,Lloyd Kelly,2024,Sub,5,0,1,209,0.1306849271059036,1,0.3348408639431,1,Newcastle United,1,0,0,0.1306849271059036,0.6700900942087173,0.3352492302656173
8090,Lloyd Kelly,2023,Sub,23,0,4,1567,0.3132251426577568,1,1.6466527543962002,9,Bournemouth,2,0,0,0.3132251426577568,5.733856109902263,4.144671676680446
8090,Lloyd Kelly,2022,DC,23,0,3,2044,0.1227391017600894,2,0.3940800903365016,7,Bournemouth,3,0,0,0.1227391017600894,2.421963883563876,2.336171578615904
8090,Lloyd Kelly,2019,Sub,8,0,1,634,0.0356754995882511,0,0.1382219940423965,1,Bournemouth,2,0,0,0.0356754995882511,0.6540593802928925,0.5158373862504959
8109,Niels Nkounkou,2020,DL,2,0,1,80,0.0169597994536161,0,0.0,0,Everton,1,0,0,0.0169597994536161,0.0309576001018285,0.0139977997168898
8119,Boubacar Traore,2023,Sub,24,0,11,760,0.2670730333775282,0,0.2813335740938782,5,Wolverhampton Wanderers,4,0,0,0.2670730333775282,3.788605699315667,3.4077476616948843
8119,Boubacar Traore,2022,Sub,10,0,3,399,0.0458009000867605,1,0.3329919874668121,1,Wolverhampton Wanderers,2,0,0,0.0458009000867605,1.037588693201542,0.6710336841642857
8127,Amad Diallo Traore,2024,AMR,5,1,6,334,0.4856480536982417,1,0.9716143067926168,12,Manchester United,1,0,1,0.4856480536982417,2.693861246109009,1.7194551229476929
8127,Amad Diallo Traore,2023,Sub,9,1,10,375,0.5594709701836109,1,1.0110422410070896,10,Manchester United,1,0,1,0.5594709701836109,2.2942124884575605,1.4572133403271437
8127,Amad Diallo Traore,2020,AMR,3,0,1,172,0.0358977988362312,1,0.423180591315031,2,Manchester United,0,0,0,0.0358977988362312,0.8719336204230785,0.4128549993038177
8129,Riccardo Calafiori,2024,Sub,3,1,1,114,0.0183956138789653,0,0.0,0,Arsenal,0,0,1,0.0183956138789653,0.1849800571799278,0.1665844470262527
8145,Troy Parrott,2019,Sub,2,0,0,3,0.0,0,0.0,0,Tottenham,0,0,0,0.0,0.0,0.0
8150,Anthony Gordon,2024,FWL,5,1,6,428,1.155126765370369,0,1.1214625798165798,12,Newcastle United,0,0,1,1.155126765370369,1.615166649222374,0.2696235701441765
8150,Anthony Gordon,2023,FWL,35,11,81,2956,11.293779235333204,10,8.833045985549688,56,Newcastle United,10,1,10,10.53261036798358,26.570194900035855,11.442161984741688
8150,Anthony Gordon,2022,FW,16,3,26,1095,3.303246680647135,0,0.6522062942385674,8,Everton,6,0,3,3.303246680647135,3.917047649621964,0.6851867865771055
8150,Anthony Gordon,2022,Sub,16,1,8,469,2.2461173571646214,0,0.7591859251260757,6,Newcastle United,1,0,1,2.2461173571646214,3.767995767295361,1.0537808313965795
8150,Anthony Gordon,2021,Sub,35,4,44,2288,3.460314721800387,2,3.776887372136116,36,Everton,4,0,4,3.460314721800387,7.969527812674642,3.010282608680427
8150,Anthony Gordon,2020,Sub,3,0,0,87,0.0,0,0.0191399995237588,1,Everton,0,0,0,0.0,0.1885045021772384,0.1885045021772384
8150,Anthony Gordon,2019,Sub,11,0,6,438,0.3270708993077278,1,0.3399500921368599,6,Everton,0,0,0,0.3270708993077278,0.8956371061503887,0.3289345018565655
8158,Scott Carson,2020,GK,1,0,0,90,0.0,0,0.0,0,Manchester City,0,0,0,0.0,0.0,0.0
8179,Luke Cundle,2021,Sub,4,0,0,181,0.0,0,0.534778505563736,2,Wolverhampton Wanderers,0,0,0,0.0,0.7075624763965607,0.2295114994049072
8180,Owen Otasowie,2020,Sub,6,0,4,186,0.7453418513759971,1,0.3887690007686615,2,Wolverhampton Wanderers,1,0,0,0.7453418513759971,1.3827527407556772,0.3015327081084251
8191,Giovanni Reyna,2023,Sub,9,0,5,206,0.2087921611964702,1,0.3924582097679376,6,Nottingham Forest,0,0,0,0.2087921611964702,1.2173451017588377,0.8090423513203859
8204,Neco Williams,2024,DR,5,0,7,317,0.6363241225481033,0,0.2091190963983535,3,Nottingham Forest,2,0,0,0.6363241225481033,0.9629673436284064,0.2388632893562317
8204,Neco Williams,2023,Sub,26,0,15,1622,0.934250148013234,1,1.1115016266703606,11,Nottingham Forest,4,0,0,0.934250148013234,4.656272342428565,3.0113450456410646
8204,Neco Williams,2022,DR,31,1,25,1860,1.469770667143166,0,1.4695117715746164,15,Nottingham Forest,7,0,1,1.469770667143166,4.353955543600023,2.086893640458584
8204,Neco Williams,2021,Sub,1,0,0,6,0.0,1,0.5961819887161255,1,Liverpool,0,0,0,0.0,0.5961819887161255,0.5961819887161255
8204,Neco Williams,2020,Sub,6,0,2,252,0.0862252004444599,0,0.1933984011411667,3,Liverpool,1,0,0,0.0862252004444599,1.074642103165388,0.795018196105957
8204,Neco Williams,2019,Sub,6,0,7,235,0.2335283998399973,0,0.04667229950428,2,Liverpool,1,0,0,0.2335283998399973,0.9303025230765344,0.7279275804758072
8214,Tyrick Mitchell,2024,DML,5,0,3,450,0.1981595419347286,1,1.637225054204464,9,Crystal Palace,0,0,0,0.1981595419347286,3.680661968886852,2.7058831974864006
8214,Tyrick Mitchell,2023,DL,37,2,12,3221,2.2116162590682507,3,3.6366397831588975,24,Crystal Palace,6,0,2,2.2116162590682507,12.8683971920982,8.858033265918493
8214,Tyrick Mitchell,2022,DL,36,0,6,2903,0.8962186202406883,2,1.5452212002128365,15,Crystal Palace,5,1,0,0.8962186202406883,8.260199623182416,6.364653391763568
8214,Tyrick Mitchell,2021,DL,36,0,4,3100,0.2213800959289074,2,1.9149616742506623,21,Crystal Palace,1,0,0,0.2213800959289074,8.975611304864287,7.2545147351920605
8214,Tyrick Mitchell,2020,DL,19,1,2,1710,1.075538009405136,1,0.2308789938688278,3,Crystal Palace,1,0,1,1.075538009405136,4.470527729019523,3.256733508780598
8214,Tyrick Mitchell,2019,Sub,4,0,0,186,0.0,0,0.1898113973438739,4,Crystal Palace,1,0,0,0.0,0.5058536008000374,0.4541870057582855
8216,Brandon Pierrick,2019,Sub,2,0,0,10,0.0,0,0.0955187007784843,2,Crystal Palace,0,0,0,0.0,0.0955187007784843,0.0
8222,Japhet Tanganga,2022,DC,4,0,0,153,0.0,0,0.0,0,Tottenham,0,0,0,0.0,0.0585754998028278,0.0585754998028278
8222,Japhet Tanganga,2021,DR,11,0,7,751,0.4486441053450107,0,0.2455720007419586,2,Tottenham,2,1,0,0.4486441053450107,1.5058241300284865,1.3856447152793407
8222,Japhet Tanganga,2020,DR,6,0,2,496,0.2007768005132675,0,0.5815759897232056,1,Tottenham,2,0,0,0.2007768005132675,1.3993397988379002,0.8177647925913334
8222,Japhet Tanganga,2019,DR,6,0,3,528,0.0534681975841522,0,0.0291178002953529,1,Tottenham,1,0,0,0.0534681975841522,0.7489592954516411,0.7084564007818699
8224,William Smallbone,2024,MC,3,0,4,224,0.2582741677761078,0,0.2060462981462478,3,Southampton,0,0,0,0.2582741677761078,1.28419678658247,1.1761329732835293
8224,William Smallbone,2021,MR,4,0,1,136,0.0667079985141754,0,0.0509523004293441,1,Southampton,0,0,0,0.0667079985141754,0.0667079985141754,0.0
8224,William Smallbone,2020,MR,3,0,1,174,0.0460923984646797,0,0.0,0,Southampton,0,0,0,0.0460923984646797,0.1866139993071556,0.1405220031738281
8224,William Smallbone,2019,MC,9,0,6,401,0.2958714999258518,2,0.1721708998084068,3,Southampton,0,0,0,0.2958714999258518,1.059663400053978,0.6332474043592811
8226,Tariq Lamptey,2023,Sub,19,0,6,923,0.570682673715055,3,1.210934355854988,10,Brighton,3,0,0,0.570682673715055,2.8591504972428083,1.6079945554956794
8226,Tariq Lamptey,2022,Sub,20,0,5,414,0.2084955014288425,0,0.1961832959204912,4,Brighton,1,0,0,0.2084955014288425,2.6817909218370914,2.4700611047446728
8226,Tariq Lamptey,2021,Sub,30,0,19,1543,0.994467694312334,2,2.8592303851619363,21,Brighton,4,0,0,0.994467694312334,5.926399769261479,3.0341785084456205
8226,Tariq Lamptey,2020,DMR,11,1,6,904,0.7030035890638828,1,0.8089802078902721,10,Brighton,2,1,1,0.7030035890638828,4.56888796761632,3.691587999463082
8226,Tariq Lamptey,2019,DR,8,0,2,598,0.0712006986141204,1,1.0798911899328232,6,Brighton,2,0,0,0.0712006986141204,1.1084466129541397,0.5959804151207209
8226,Tariq Lamptey,2019,Sub,1,0,0,26,0.0,0,0.0691557973623275,1,Chelsea,0,0,0,0.0,0.0691557973623275,0.0
8227,Oskar Buur,2020,Sub,1,0,0,20,0.0,0,0.0,0,Wolverhampton Wanderers,0,0,0,0.0,0.0,0.0
8228,Nathaniel Phillips,2022,DC,2,0,1,67,0.0313891991972923,0,0.0,0,Liverpool,0,0,0,0.0313891991972923,0.3856349885463714,0.3856349885463714
8228,Nathaniel Phillips,2020,DC,17,1,15,1451,1.0277080088853836,1,0.916556591168046,7,Liverpool,2,0,1,1.0277080088853836,4.325661094859242,4.1560654025524855
8235,Jeremy Ngakia,2021,Sub,16,0,5,895,0.0931417010724544,0,0.8597987927496433,4,Watford,0,0,0,0.0931417010724544,2.321479097008705,2.199652368202805
8235,Jeremy Ngakia,2019,DR,5,0,1,442,0.0140364998951554,0,0.0,0,West Ham,0,0,0,0.0140364998951554,0.8919648183509707,0.8779278052970767
8239,Takumi Minamino,2021,Sub,11,3,7,162,1.763352945446968,0,0.5603136941790581,2,Liverpool,1,0,3,1.763352945446968,2.6374892964959145,0.3138282969594002
8239,Takumi Minamino,2020,ML,10,2,13,728,1.6592615246772766,0,0.810821782797575,5,Southampton,1,0,2,1.6592615246772766,4.672861024737358,2.313303977251053
8239,Takumi Minamino,2020,Sub,9,1,7,276,1.265478752553463,0,0.0,0,Liverpool,0,0,1,1.265478752553463,1.869202110916376,0.6259782910346985
8239,Takumi Minamino,2019,Sub,10,0,8,233,0.8382361009716988,0,0.0161428991705179,1,Liverpool,0,0,0,0.8382361009716988,1.212131518870592,0.4311888106167316
8252,Nicolás Domínguez,2024,Sub,3,0,1,96,0.0618153028190135,0,0.0178083386272192,1,Nottingham Forest,1,0,0,0.0618153028190135,0.2613383308053016,0.181714691221714
8252,Nicolás Domínguez,2023,ML,26,2,22,1543,1.7021510526537895,2,0.9089695196598768,10,Nottingham Forest,4,0,2,1.7021510526537895,6.102301966398954,3.8425266593694687
8254,Indiana Vassilev,2019,Sub,4,0,1,35,0.032814398407936,0,0.0,0,Aston Villa,0,0,0,0.032814398407936,0.032814398407936,0.0
8257,Gedson Fernandes,2019,Sub,7,0,1,51,0.0199506003409624,0,0.0919101983308792,2,Tottenham,0,0,0,0.0199506003409624,0.2679600957781076,0.156099297106266
8260,Erling Haaland,2024,FW,5,10,26,450,5.369465231895447,0,0.4139332473278045,1,Manchester City,1,0,9,4.6082963943481445,4.529758334159851,0.5094472579658031
8260,Erling Haaland,2023,FW,31,27,122,2581,31.65399668365717,5,4.7517555598169565,29,Manchester City,1,0,20,25.56464628130197,30.19725350290537,3.128645434975624
8260,Erling Haaland,2022,FW,35,36,123,2803,32.761399537324905,8,5.8491098545491695,29,Manchester City,5,0,29,27.433209866285324,31.963398084044456,3.285816218703985
8267,Guido Rodríguez,2024,DMC,5,0,4,376,0.0714577576145529,0,0.0,0,West Ham,2,0,0,0.0714577576145529,0.1766841821372509,0.148963738232851
8272,João Pedro,2024,AMC,4,2,6,281,0.957430237904191,0,0.5293770525604486,3,Brighton,1,0,2,0.957430237904191,2.186549093574285,1.1789872646331787
8272,João Pedro,2023,AMC,31,9,75,2026,11.918903339654207,3,5.4223863165825605,37,Brighton,2,0,5,8.113133335486054,17.548418318852782,7.590120053850114
8272,João Pedro,2021,Sub,28,3,47,1619,4.448947859928012,1,2.097435991279781,18,Watford,1,0,3,4.448947859928012,9.26345830410719,4.319704428315163
8272,João Pedro,2019,Sub,3,0,1,14,0.0429235994815826,0,0.0,0,Watford,0,0,0,0.0429235994815826,0.0429235994815826,0.0
8285,Sander Berge,2024,Sub,3,0,0,82,0.0,0,0.1880103945732116,4,Fulham,0,0,0,0.0,0.2788030952215194,0.0907927080988884
8285,Sander Berge,2023,MC,37,1,25,3020,2.122107489034533,2,3.1849441323429346,29,Burnley,8,1,1,2.122107489034533,12.192523565143349,8.591317790560424
8285,Sander Berge,2020,Sub,15,1,10,1116,1.216417072340846,1,1.7773302253335714,14,Sheffield United,4,0,0,0.4552479963749647,3.906758504919708,3.0664289398118854
8285,Sander Berge,2019,MC,14,1,5,957,0.6007534898817539,1,0.714387908577919,2,Sheffield United,0,0,1,0.6007534898817539,2.35891617462039,1.2101591117680073
8286,Jack Robinson,2023,DC,34,1,14,2885,1.5116838621906936,1,1.087454216554761,12,Sheffield United,10,0,1,1.5116838621906936,3.866813466884196,2.7258199555799365
8286,Jack Robinson,2020,DC,11,0,6,879,0.6963966861367226,1,0.6712549924850464,1,Sheffield United,3,0,0,0.6963966861367226,1.971000811085105,1.9456610102206469
8286,Jack Robinson,2019,DC,6,0,0,507,0.0,0,0.14816639944911,2,Sheffield United,0,0,0,0.0,1.0926758833229542,0.944510381668806
8287,Mbwana Samatta,2019,FW,14,1,17,962,2.5278822369873524,0,0.3115765042603016,9,Aston Villa,1,0,1,2.5278822369873524,3.418448619544506,1.3475396949797869
8288,Tomas Soucek,2024,MC,5,1,12,279,2.221392061561346,0,0.2232528999447822,4,West Ham,2,0,1,2.221392061561346,2.457769975066185,0.1096083167940378
8288,Tomas Soucek,2023,DMC,37,7,42,2885,7.466816443949938,2,2.1494441609829664,20,West Ham,7,0,7,7.466816443949938,12.123065176419914,6.039048316888511
8288,Tomas Soucek,2022,DMC,36,2,34,2839,3.82576912175864,3,1.9310189355164769,15,West Ham,3,0,2,3.82576912175864,8.626211040653288,5.910706527531147
8288,Tomas Soucek,2021,DMC,35,5,44,3062,5.503859954886138,1,2.1671802196651697,21,West Ham,3,0,5,5.503859954886138,9.545725675299764,5.433625217527151
8288,Tomas Soucek,2020,DMC,38,10,64,3420,8.98297917842865,1,2.444754745811224,18,West Ham,7,1,10,8.98297917842865,16.998424904420972,8.716955738142133
8288,Tomas Soucek,2019,MC,13,3,20,1042,2.418373892083764,0,0.3432556027546525,5,West Ham,0,0,3,2.418373892083764,3.8731955541297793,2.1858298731967807
8291,Daniel Podence,2024,Sub,2,0,1,36,0.0448911525309085,0,0.0,0,Wolverhampton Wanderers,0,0,0,0.0448911525309085,0.0448911525309085,0.0
8291,Daniel Podence,2022,AMR,32,6,43,1769,3.7195267919451,0,2.4171172585338354,37,Wolverhampton Wanderers,5,0,6,3.7195267919451,7.612551175057888,2.908089326694608
8291,Daniel Podence,2021,Sub,26,2,35,1491,1.9968185909092424,3,4.245880654081702,36,Wolverhampton Wanderers,2,0,2,1.9968185909092424,6.1779282465577126,1.5524315927177668
8291,Daniel Podence,2020,FW,24,3,32,1718,2.744376480579376,2,1.839432805776596,21,Wolverhampton Wanderers,3,0,3,2.744376480579376,6.7250947672873735,2.910880086943507
8291,Daniel Podence,2019,Sub,9,1,10,284,1.3593142926692965,0,0.7727445084601641,5,Wolverhampton Wanderers,0,0,1,1.3593142926692965,2.383344490081072,0.597808601334691
8300,Steven Bergwijn,2021,AML,25,3,19,518,3.335190050303936,1,0.8927956204861403,8,Tottenham,1,0,3,3.335190050303936,4.809273947030306,0.8813280984759331
8300,Steven Bergwijn,2020,Sub,21,1,15,1218,2.093382678925991,3,0.8125872928649187,13,Tottenham,3,0,1,2.093382678925991,4.814340934157372,2.446276418864727
8300,Steven Bergwijn,2019,AML,14,3,9,698,1.178315468132496,1,1.128514390438795,13,Tottenham,2,0,3,1.178315468132496,2.955224677920341,1.4037166964262724
8323,Josh Brownhill,2023,Sub,33,4,28,2229,1.8306225752457976,2,1.8270882591605184,34,Burnley,4,1,4,1.8306225752457976,6.495785586535931,4.306291623972356
8323,Josh Brownhill,2021,Sub,35,2,29,2953,1.2014812054112554,3,2.353918094187975,40,Burnley,10,0,2,1.2014812054112554,5.99081162083894,4.411198206245899
8323,Josh Brownhill,2020,MC,33,0,34,2818,1.5182226011529565,1,0.8824938023462892,19,Burnley,2,0,0,1.5182226011529565,5.996075024828315,4.790277905762196
8323,Josh Brownhill,2019,Sub,10,0,6,808,0.318044301122427,0,0.1222566030919551,3,Burnley,2,0,0,0.318044301122427,2.098622285760939,1.8908498296514156
8327,Bruno Guimarães,2024,MC,5,0,4,449,0.1793780121952295,1,0.1608147155493497,3,Newcastle United,1,0,0,0.1793780121952295,1.1345874220132828,1.0313467681407928
8327,Bruno Guimarães,2023,MC,37,7,48,3292,4.978310074657202,8,7.888791332021356,62,Newcastle United,8,0,7,4.978310074657202,23.880530774593357,18.56961396895349
8327,Bruno Guimarães,2022,MC,32,4,28,2762,2.726729958318174,5,3.806102696806192,42,Newcastle United,7,0,4,2.726729958318174,16.498836187645793,13.379123143851755
8327,Bruno Guimarães,2021,Sub,17,5,23,1031,4.093199659138918,1,1.7428607121109962,12,Newcastle United,4,0,5,4.093199659138918,5.316410129889846,2.585114572197199
8351,Ki-Jana Hoever,2021,DMR,8,0,1,304,0.0338299013674259,0,0.0863142982125282,1,Wolverhampton Wanderers,1,0,0,0.0338299013674259,0.5698080062866211,0.4834930002689361
8351,Ki-Jana Hoever,2020,Sub,12,0,1,568,0.0574560016393661,0,0.1842530034482479,3,Wolverhampton Wanderers,1,0,0,0.0574560016393661,1.222544588148594,1.0209383219480517
8366,João Virgínia,2020,Sub,1,0,0,48,0.0,0,0.0,0,Everton,0,0,0,0.0,0.0,0.0
8379,Alexis Mac Allister,2024,DMC,5,0,4,424,0.2005214467644691,0,0.9740342162549496,6,Liverpool,0,0,0,0.2005214467644691,5.875247716903687,5.016644060611725
8379,Alexis Mac Allister,2023,MC,33,5,44,2661,3.998983211815357,5,3.578091200441122,47,Liverpool,7,1,4,3.237814389169216,22.71393956243992,18.186699956655502
8379,Alexis Mac Allister,2022,MC,35,10,86,2882,11.532242968678474,2,3.928120201453567,47,Brighton,8,0,4,6.965230006724596,19.9106729477644,12.656914940103889
8379,Alexis Mac Allister,2021,Sub,33,5,60,2102,6.832574421539903,2,2.1256866911426187,31,Brighton,4,0,3,4.549069428816438,10.862735169008374,6.358379386365414
8379,Alexis Mac Allister,2020,Sub,21,1,24,1110,1.3531396118924022,1,1.8708692993968723,15,Brighton,1,0,1,1.3531396118924022,5.655094686895609,3.2666636938229203
8379,Alexis Mac Allister,2019,Sub,9,0,7,357,0.5874680867418647,0,0.2033508047461509,5,Brighton,0,0,0,0.5874680867418647,1.1725874012336135,0.5007041096687317
8380,Pablo Marí,2021,DC,2,0,1,180,0.0315680988132953,0,0.4264909923076629,1,Arsenal,1,0,0,0.0315680988132953,0.3758751973509788,0.3758751973509788
8380,Pablo Marí,2020,DC,10,0,2,900,0.0405226992443203,0,0.0542438998818397,1,Arsenal,2,0,0,0.0405226992443203,3.6049748361110687,3.590737834572792
8380,Pablo Marí,2019,DC,2,0,0,113,0.0,0,0.0,0,Arsenal,0,0,0,0.0,0.5135990083217621,0.5135990083217621
8383,Faustino Anjorin,2019,Sub,1,0,1,19,0.0166826006025075,0,0.0,0,Chelsea,0,0,0,0.0166826006025075,0.0166826006025075,0.0
8384,Armando Broja,2023,Sub,13,1,13,448,2.489345548674464,0,0.1379258520901203,3,Chelsea,0,0,1,2.489345548674464,3.597324600443244,1.0137090012431145
8384,Armando Broja,2023,Sub,8,0,0,52,0.0,1,0.6014708280563354,1,Fulham,0,0,0,0.0,0.6361501812934875,0.6361501812934875
8384,Armando Broja,2022,Sub,12,1,6,266,0.8572464846074581,0,0.0866743996739387,1,Chelsea,0,0,1,0.8572464846074581,0.8978355824947357,0.0
8384,Armando Broja,2021,Sub,32,6,45,1986,5.893730046227574,0,1.4606569707393646,10,Southampton,2,0,6,5.893730046227574,8.278900971636176,2.013873884454369
8384,Armando Broja,2019,Sub,1,0,0,4,0.0,0,0.0,0,Chelsea,0,0,0,0.0,0.0208727996796369,0.0208727996796369
8430,Chris Richards,2024,DC,4,0,1,349,0.1370308995246887,0,0.0,0,Crystal Palace,1,0,0,0.1370308995246887,0.8461181744933128,0.8461181744933128
8430,Chris Richards,2023,DC,26,1,11,2085,0.6396042630076408,1,0.6775753749534488,6,Crystal Palace,3,0,1,0.6396042630076408,5.3978734547272325,4.986880736425519
8430,Chris Richards,2022,Sub,9,0,4,432,0.6922851279377937,0,0.4522219896316528,1,Crystal Palace,0,0,0,0.6922851279377937,0.3347281888127327,0.3347281888127327
8455,Josh Martin,2019,Sub,5,0,1,25,0.1064599975943565,0,0.0,0,Norwich,0,0,0,0.1064599975943565,0.1064599975943565,0.0
8456,Nathan Tella,2021,Sub,14,0,12,831,0.6766912061721087,1,0.6299310103058815,8,Southampton,2,0,0,0.6766912061721087,1.3331405092030764,0.2192915938794613
8456,Nathan Tella,2020,Sub,18,1,17,734,1.9882364720106125,1,1.090901680290699,6,Southampton,2,0,1,1.9882364720106125,2.907419417053461,0.4839693028479814
8456,Nathan Tella,2019,Sub,1,0,1,1,0.0757860988378524,0,0.0,0,Southampton,0,0,0,0.0757860988378524,0.0757860988378524,0.0
8458,Harvey White,2022,Sub,1,0,0,3,0.0,0,0.0,0,Tottenham,0,0,0,0.0,0.0,0.0
8472,Richairo Zivkovic,2019,Sub,5,0,1,95,0.064038798213005,0,0.1380251944065094,2,Sheffield United,0,0,0,0.064038798213005,0.2056465968489647,0.2056465968489647
8476,Jarrad Branthwaite,2023,DC,35,3,14,3122,1.9108920088037848,0,0.9319860828109086,4,Everton,8,0,3,1.9108920088037848,6.321832184214145,6.261263381689787
8476,Jarrad Branthwaite,2021,DC,6,1,3,384,0.6022208128124475,0,0.0,0,Everton,0,1,1,0.6022208128124475,0.0646106991916894,0.0646106991916894
8476,Jarrad Branthwaite,2019,Sub,4,0,0,296,0.0,0,0.0,0,Everton,0,0,0,0.0,1.4716931469738483,1.4716931469738483
8480,Max Thompson,2019,Sub,1,0,0,1,0.0,0,0.0,0,Burnley,0,0,0,0.0,0.0,0.0
8481,Jimmy Dunne,2020,DC,3,1,7,270,0.4191067963838577,0,0.1020002998411655,2,Burnley,1,0,1,0.4191067963838577,0.1044391002506017,0.0430356003344059
8482,Bailey Peacock-Farrell,2020,GK,4,0,0,360,0.0,0,0.0,0,Burnley,0,0,0,0.0,0.0077309198677539,0.0077309198677539
8493,Jake Vokins,2020,DL,1,0,0,69,0.0,0,0.037041001021862,1,Southampton,0,0,0,0.0,0.1725440025329589,0.1355029940605163
8493,Jake Vokins,2019,DL,1,0,1,90,0.0132841998711228,0,0.0965956971049308,1,Southampton,0,0,0,0.0132841998711228,0.5018609762191772,0.4885770082473755
8495,Taylor Harwood-Bellis,2024,DC,5,0,1,321,0.0939757972955703,0,0.2083772681653499,3,Southampton,2,0,0,0.0939757972955703,0.8547182232141495,0.8547182232141495
8496,Tommy Doyle,2024,Sub,4,0,2,42,0.0321596264839172,0,0.0546521702781319,2,Wolverhampton Wanderers,0,0,0,0.0321596264839172,0.0463777603581547,0.0
8496,Tommy Doyle,2023,Sub,26,0,14,1175,0.4136425852775574,0,0.6756884949281812,8,Wolverhampton Wanderers,2,0,0,0.4136425852775574,4.574842236936092,4.24587644636631
8496,Tommy Doyle,2019,Sub,1,0,1,13,0.0776005014777183,0,0.0,0,Manchester City,0,0,0,0.0776005014777183,0.0776005014777183,0.0
8497,Cole Palmer,2024,AMR,5,2,11,426,0.9165348149836064,4,2.874715553596616,13,Chelsea,2,0,2,0.9165348149836064,3.89390161074698,0.8765866942703724
8497,Cole Palmer,2023,Sub,33,22,108,2635,17.83224501274526,11,11.869294486939909,72,Chelsea,7,0,13,10.981725485995412,31.036520244553685,15.302413104102015
8497,Cole Palmer,2023,Sub,1,0,0,5,0.0,0,0.0,0,Manchester City,0,0,0,0.0,0.0,0.0
8497,Cole Palmer,2022,Sub,14,0,11,336,0.913382014259696,1,0.6336369244381785,5,Manchester City,1,0,0,0.913382014259696,2.081893088296056,0.8175896219909191
8497,Cole Palmer,2021,Sub,4,0,4,123,0.2807210087776184,0,0.4464449882507324,2,Manchester City,0,0,0,0.2807210087776184,2.009626030921936,1.3054470047354698
8511,Alexandre Jankewitz,2020,Sub,2,0,0,2,0.0,0,0.0,0,Southampton,0,1,0,0.0,0.0920087993144989,0.0920087993144989
8518,Jordan Thomas,2019,Sub,1,0,0,1,0.0,0,0.0,0,Norwich,0,0,0,0.0,0.0,0.0
8544,Lewis Bate,2021,Sub,3,0,1,152,0.0168890003114938,0,0.0,0,Leeds,0,0,0,0.0168890003114938,0.3578290045261383,0.3578290045261383
8562,Luke Thomas,2023,Sub,12,0,6,940,0.6857008039951324,0,0.06999615393579,2,Sheffield United,3,0,0,0.6857008039951324,1.4491792991757393,0.7634785007685423
8562,Luke Thomas,2022,DL,17,0,3,1064,0.0825991313904523,0,0.5999135356396437,4,Leicester,3,0,0,0.0825991313904523,3.165864273905754,2.783756129443645
8562,Luke Thomas,2021,DL,22,0,4,1915,0.1825287975370884,1,1.415246207267046,12,Leicester,2,0,0,0.1825287975370884,5.838355425745249,4.690966442227364
8562,Luke Thomas,2020,DML,14,1,7,982,0.2702021040022373,0,0.947651319205761,7,Leicester,2,0,1,0.2702021040022373,2.1523557733744383,1.729158366099
8562,Luke Thomas,2019,DML,3,0,0,270,0.0,1,0.6299819946289062,9,Leicester,0,0,0,0.0,1.3788530230522156,1.26773601770401
8563,George Hirst,2024,Sub,2,0,2,43,0.5240950584411621,0,0.0231480505317449,1,Ipswich,0,0,0,0.5240950584411621,0.5472431089729071,0.0411874279379844
8563,George Hirst,2019,Sub,2,0,3,5,0.1006027986295521,0,0.0,0,Leicester,0,0,0,0.1006027986295521,0.0212230999022722,0.0
8566,Joel Mumbongo,2020,Sub,4,0,0,33,0.0,0,0.0,0,Burnley,1,0,0,0.0,0.0,0.0
8582,Ellis Simms,2022,Sub,11,1,8,200,1.0451708808541298,0,0.0746167004108429,2,Everton,0,0,1,1.0451708808541298,1.2177620641887188,0.1475772000849247
8582,Ellis Simms,2021,FW,1,0,0,63,0.0,0,0.0,0,Everton,0,0,0,0.0,0.0,0.0
8635,Sven Botman,2023,DC,17,2,10,1383,0.9827942438423634,2,1.1396078020334244,5,Newcastle United,2,0,2,0.9827942438423634,5.531088795512915,5.531088795512915
8635,Sven Botman,2022,Sub,36,0,22,3141,2.445929459296167,0,0.9378497563302516,9,Newcastle United,2,0,0,2.445929459296167,6.934289989992976,6.85584563575685
8646,Wout Faes,2024,DC,5,1,4,450,0.6745065115392208,0,0.0,0,Leicester,1,0,1,0.6745065115392208,0.4621415017172694,0.4159384509548545
8646,Wout Faes,2022,DC,31,1,13,2790,1.100052266381681,2,0.5714022628962994,9,Leicester,4,1,1,1.100052266381681,7.8726406786590815,7.729764981195331
8666,Cheick Oumar Doucoure,2024,Sub,3,0,2,89,0.0797729864716529,0,0.0,0,Crystal Palace,0,0,0,0.0797729864716529,1.078822132200003,1.0524602197110653
8666,Cheick Oumar Doucoure,2023,DMC,11,0,6,926,0.1988849276676774,0,0.7361565185710788,10,Crystal Palace,2,0,0,0.1988849276676774,3.296035975217819,2.666292503476143
8666,Cheick Oumar Doucoure,2022,DMC,34,0,36,2825,0.9975933516398072,3,2.030144080519676,26,Crystal Palace,8,1,0,0.9975933516398072,8.899869498796761,7.775504394434392
8704,Marek Rodák,2022,GK,2,0,0,180,0.0,0,0.0,0,Fulham,0,0,0,0.0,0.0,0.0
8704,Marek Rodák,2020,GK,2,0,0,180,0.0,0,0.0,0,Fulham,0,0,0,0.0,0.0205275006592273,0.0205275006592273
8706,Eberechi Eze,2024,AMC,5,1,20,450,2.331134334206581,0,0.797900840640068,10,Crystal Palace,0,0,1,2.331134334206581,3.503162868320942,1.2117840684950352
8706,Eberechi Eze,2023,AMC,27,11,83,2097,9.37310928851366,4,6.844833366572857,54,Crystal Palace,3,0,10,8.611940443515778,16.38165108114481,6.3479389026761055
8706,Eberechi Eze,2022,AMC,38,10,70,2657,6.831764040514827,4,4.619440779089928,57,Crystal Palace,3,0,9,6.070595199242234,11.0957055054605,4.369746007025242
8706,Eberechi Eze,2021,Sub,13,1,10,597,0.4566667973995209,1,0.9693568199872972,11,Crystal Palace,1,0,1,0.4566667973995209,1.738577522337437,1.2302385084331036
8706,Eberechi Eze,2020,Sub,34,4,37,2570,2.494570924434811,6,3.741961975581944,42,Crystal Palace,3,0,4,2.494570924434811,7.996476820204407,3.959955094382167
8715,Illan Meslier,2022,GK,34,0,1,3060,0.0571881011128425,0,0.0,0,Leeds,3,0,0,0.0571881011128425,1.4994192942976952,1.4994192942976952
8715,Illan Meslier,2021,GK,38,0,0,3396,0.0,0,0.0,0,Leeds,2,0,0,0.0,4.664672617800534,4.664672617800534
8715,Illan Meslier,2020,GK,35,0,0,3150,0.0,0,0.042197298258543,1,Leeds,0,0,0,0.0,5.929297365248203,5.887099362909794
8716,Luke Ayling,2022,Sub,29,2,24,2030,2.712577499449253,1,1.8191682416945696,12,Leeds,3,0,2,2.712577499449253,7.104759126901627,4.520665276795626
8716,Luke Ayling,2021,DR,26,2,19,2276,1.0372716058045626,2,2.3595473375171423,10,Leeds,4,1,2,1.0372716058045626,5.340352229773998,4.753910128027201
8716,Luke Ayling,2020,DR,38,0,24,3400,1.4397514276206491,0,2.9888545349240303,26,Leeds,7,0,0,1.4397514276206491,14.196262124925852,11.884363940916955
8717,Pascal Struijk,2022,DL,29,2,16,2217,1.3350814320147038,1,2.1753706987947226,13,Leeds,5,0,2,1.3350814320147038,5.012533586472273,3.33086527697742
8717,Pascal Struijk,2021,DC,29,1,11,2052,2.2996558295562863,0,0.4314972944557667,11,Leeds,6,1,1,2.2996558295562863,5.535419112071395,5.0301025332883
8717,Pascal Struijk,2020,DC,27,1,13,2073,2.0286722974851727,0,0.1080475812777876,4,Leeds,3,0,1,2.0286722974851727,6.597728695720434,6.550255294889212
8718,Stuart Dallas,2021,DL,34,1,30,2929,1.8355175238102677,1,3.379575688391924,31,Leeds,5,0,1,1.8355175238102677,9.495666805654764,6.707575690001249
8718,Stuart Dallas,2020,DL,38,8,48,3412,4.457073759287596,2,2.084682686254382,26,Leeds,7,0,8,4.457073759287596,18.53434094041586,13.809801509603858
8719,Kalvin Phillips,2024,DMC,2,0,0,162,0.0,0,0.0180300530046224,1,Ipswich,1,0,0,0.0,0.0231480505317449,0.0231480505317449
8719,Kalvin Phillips,2023,MC,8,0,3,287,0.1043798578903079,0,0.0,0,West Ham,1,1,0,0.1043798578903079,0.5237005557864904,0.4193206969648599
8719,Kalvin Phillips,2023,Sub,4,0,2,71,0.0898281708359718,0,0.0,0,Manchester City,0,0,0,0.0898281708359718,0.5933903157711029,0.5212663719430566
8719,Kalvin Phillips,2022,Sub,12,0,6,275,0.2444907762110233,0,0.136385791003704,3,Manchester City,1,0,0,0.2444907762110233,1.3482624273747206,1.1162777580320835
8719,Kalvin Phillips,2021,MC,20,0,15,1598,0.7691682074218988,1,1.1643210090696812,9,Leeds,4,0,0,0.7691682074218988,3.862932711839676,3.543631635606289
8719,Kalvin Phillips,2020,DMC,29,1,15,2435,0.388622798025608,2,3.233059170655906,35,Leeds,10,0,1,0.388622798025608,8.95923120714724,7.5506361443549395
8720,Jack Harrison,2024,AMR,5,0,7,335,0.4388829693198204,0,0.8032882325351238,7,Everton,0,0,0,0.4388829693198204,1.240117084234953,0.236273318529129
8720,Jack Harrison,2023,Sub,29,3,34,2229,4.149862082675099,3,4.3471535332500935,27,Everton,1,0,3,4.149862082675099,8.462419219315052,2.3600274678319693
8720,Jack Harrison,2022,AML,36,5,39,2793,5.013850751332939,7,5.010656230151653,53,Leeds,2,0,5,5.013850751332939,11.75817795842886,4.768079791218042
8720,Jack Harrison,2021,ML,35,8,43,2660,5.154695501551032,1,3.4489700738340616,42,Leeds,3,0,8,5.154695501551032,9.2159404437989,4.422536087222397
8720,Jack Harrison,2020,ML,36,8,46,2871,6.254035193473101,8,7.523063641041517,59,Leeds,2,0,8,6.254035193473101,19.397482879459854,8.035575471818447
8721,Jamie Shackleton,2021,Sub,14,0,4,692,0.1673048976808786,0,0.0133306002244353,1,Leeds,4,0,0,0.1673048976808786,1.521284120157361,1.340648977085948
8721,Jamie Shackleton,2020,Sub,13,0,0,446,0.0,0,0.1208777017891407,2,Leeds,0,0,0,0.0,2.193703718483448,2.193703718483448
8722,Ezgjan Alioski,2020,Sub,36,2,25,2475,1.7466123420745134,3,3.3327511874958877,28,Leeds,7,0,2,1.7466123420745134,13.478348550386729,9.6862708395347
8723,Ian Poveda-Ocampo,2020,Sub,14,0,5,322,0.6604134887456894,0,1.2583118923939764,5,Leeds,0,0,0,0.6604134887456894,2.0228541851975024,0.1041295984759926
8756,Dara O'Shea,2024,DC,2,0,3,180,0.1041758358478546,0,0.0,0,Ipswich,1,0,0,0.1041758358478546,0.5098406076431274,0.5098406076431274
8756,Dara O'Shea,2023,DC,33,3,19,2899,0.9073518002405764,4,1.6444027656689286,13,Burnley,5,1,3,0.9073518002405764,4.856452916748822,4.503178563900292
8756,Dara O'Shea,2020,DC,28,0,3,2098,0.0642527993768453,0,0.1192917004227638,5,West Bromwich Albion,3,0,0,0.0642527993768453,1.8983060996979475,1.8384417966008184
8757,Romaine Sawyers,2020,MC,19,0,4,1495,0.1499063037335872,0,0.6822901964187622,6,West Bromwich Albion,3,0,0,0.1499063037335872,1.8432445358484983,1.1865136194974184
8758,Kyle Edwards,2020,Sub,5,0,2,110,0.1188158020377159,0,0.0213788002729415,1,West Bromwich Albion,0,0,0,0.1188158020377159,0.1922821998596191,0.0520875006914138
8776,Wes Foderingham,2023,GK,30,0,0,2644,0.0,0,0.0650442615151405,1,Sheffield United,2,0,0,0.0,0.9430307522416116,0.877986490726471
8777,Vitinha,2020,Sub,19,0,8,500,0.6649116026237607,1,0.7201342023909092,12,Wolverhampton Wanderers,0,0,0,0.6649116026237607,1.9456945769488807,1.4773436626419425
8778,Fabio Silva,2023,Sub,8,0,7,257,0.913575079292059,0,0.2420392744243145,4,Wolverhampton Wanderers,2,0,0,0.913575079292059,1.1997973173856735,0.1696585118770599
8778,Fabio Silva,2021,Sub,22,0,19,558,2.74075729586184,0,0.4091929914429784,3,Wolverhampton Wanderers,0,0,0,2.74075729586184,3.1683833450078964,0.3688476029783487
8778,Fabio Silva,2020,Sub,32,4,48,1341,6.136157924309373,3,1.1684247087687254,11,Wolverhampton Wanderers,2,0,3,5.374989124014974,5.087810844182968,1.0827531218528748
8780,Joël Veltman,2024,DR,5,0,1,436,0.0827767774462699,0,0.0906816944479942,2,Brighton,1,0,0,0.0827767774462699,1.9139365181326864,1.7917551025748253
8780,Joël Veltman,2023,Sub,27,1,6,1549,0.7444530799984932,1,0.5223252037540078,4,Brighton,4,0,1,0.7444530799984932,3.686465038917959,3.087540141306817
8780,Joël Veltman,2022,DC,31,1,14,2215,1.341551687568426,1,1.0200357679277658,10,Brighton,6,0,1,1.341551687568426,10.263392875902356,9.933882373385131
8780,Joël Veltman,2021,Sub,34,1,12,2895,0.7149845939129591,1,1.5885620079934597,17,Brighton,6,0,1,0.7149845939129591,7.89517766982317,6.9201454389840364
8780,Joël Veltman,2020,Sub,28,1,14,2281,1.275618426501751,1,1.8462191317230463,22,Brighton,3,0,1,1.275618426501751,9.022528225556016,6.800672544166446
8786,Stefan Ortega Moreno,2023,GK,9,0,0,626,0.0,0,0.0,0,Manchester City,0,0,0,0.0,1.7157262079417706,1.7157262079417706
8786,Stefan Ortega Moreno,2022,GK,3,0,0,270,0.0,0,0.0,0,Manchester City,0,0,0,0.0,0.4219337403774261,0.4219337403774261
8808,Wataru Endo,2024,Sub,1,0,0,1,0.0,0,0.0,0,Liverpool,0,0,0,0.0,0.0,0.0
8808,Wataru Endo,2023,Sub,29,1,10,1718,0.4377728682011366,0,1.4933863505721092,16,Liverpool,10,0,1,0.4377728682011366,12.217629071325064,11.228149242699146
8812,Sasa Kalajdzic,2023,Sub,11,2,4,132,1.3522434905171394,0,1.0801250115036964,4,Wolverhampton Wanderers,0,0,2,1.3522434905171394,2.5644532591104507,0.1592405214905738
8812,Sasa Kalajdzic,2022,FW,1,0,1,48,0.5194780230522156,0,0.0,0,Wolverhampton Wanderers,0,0,0,0.5194780230522156,0.0,0.0
8816,Liam Cooper,2022,DC,18,1,10,1421,0.9520196840167046,0,0.4224689118564129,5,Leeds,5,0,1,0.9520196840167046,3.1956543028354645,3.0356351882219315
8816,Liam Cooper,2021,DC,21,0,6,1814,0.2801405992358923,1,0.132166001945734,4,Leeds,5,0,0,0.2801405992358923,3.401978757232428,3.3240342624485493
8816,Liam Cooper,2020,DC,25,1,15,2189,2.0945085920393467,0,0.0,0,Leeds,4,1,1,2.0945085920393467,7.379914786666632,7.379914786666632
8821,Donny van de Beek,2023,Sub,1,0,1,1,0.0322848819196224,0,0.0656888633966445,1,Manchester United,0,0,0,0.0322848819196224,0.0979737415909767,0.0
8821,Donny van de Beek,2022,Sub,7,0,2,157,0.08036869764328,0,0.1288376990705728,3,Manchester United,0,0,0,0.08036869764328,1.023649286478758,0.8748480901122093
8821,Donny van de Beek,2021,Sub,7,1,5,486,0.7697277897968888,0,0.0441439989954233,2,Everton,1,0,1,0.7697277897968888,1.28042268473655,0.4859293028712272
8821,Donny van de Beek,2021,Sub,8,1,2,59,0.7412804961204529,0,0.3933869898319244,3,Manchester United,0,0,1,0.7412804961204529,1.6354594826698303,0.555413007736206
8821,Donny van de Beek,2020,Sub,19,1,2,486,0.2947288025170564,1,1.0433878228068352,3,Manchester United,1,0,1,0.2947288025170564,3.546600326895714,2.208483774214983
8831,Iyenoma Destiny Udogie,2024,DL,5,0,1,436,0.0679945573210716,0,0.0728606693446636,2,Tottenham,1,0,0,0.0679945573210716,2.21271001547575,2.1120748296380043
8831,Iyenoma Destiny Udogie,2023,DL,28,2,9,2437,2.81389419734478,3,2.5504489485174417,24,Tottenham,5,1,2,2.81389419734478,14.848989471793177,10.906614396721125
8845,Hee-Chan Hwang,2024,AMR,4,0,0,203,0.0,0,0.2709880284965038,2,Wolverhampton Wanderers,0,0,0,0.0,0.9287885837256908,0.657800555229187
8845,Hee-Chan Hwang,2023,Sub,29,12,45,2154,8.681871520355344,3,3.1403315979987383,17,Wolverhampton Wanderers,6,0,11,7.920702653005719,12.023936153389512,2.623934909701348
8845,Hee-Chan Hwang,2022,FW,27,3,18,1117,2.164069874212146,1,0.8787439614534378,10,Wolverhampton Wanderers,1,0,3,2.164069874212146,3.73332903161645,0.9231963371858
8845,Hee-Chan Hwang,2021,Sub,30,5,27,1804,4.1964055839926,1,1.6057070260867476,15,Wolverhampton Wanderers,2,0,5,4.1964055839926,8.480338854715228,3.6125980131328106
8852,Konstantinos Tsimikas,2024,Sub,3,0,0,24,0.0,0,0.0,0,Liverpool,0,0,0,0.0,0.5580173041671515,0.5580173041671515
8852,Konstantinos Tsimikas,2023,Sub,13,0,3,667,0.0927343983203172,3,1.1678164629265666,16,Liverpool,0,0,0,0.0927343983203172,2.015436552464962,1.7746542319655418
8852,Konstantinos Tsimikas,2022,Sub,20,0,7,754,0.6083908993750811,4,1.3976509422063828,18,Liverpool,3,0,0,0.6083908993750811,3.379533653147518,2.681559449993074
8852,Konstantinos Tsimikas,2021,DL,13,0,8,866,0.6705739852041006,2,2.1310061253607278,25,Liverpool,3,0,0,0.6705739852041006,6.504660248756409,5.575182115659118
8852,Konstantinos Tsimikas,2020,Sub,2,0,0,4,0.0,0,0.0,0,Liverpool,0,0,0,0.0,0.0,0.0
8853,Maxence Lacroix,2024,DC,2,0,1,180,0.0177513975650072,0,0.0238399654626846,1,Crystal Palace,1,0,0,0.0177513975650072,0.6239582598209381,0.6239582598209381
8858,Guglielmo Vicario,2024,GK,5,0,0,450,0.0,0,0.0,0,Tottenham,1,0,0,0.0,1.3314188495278358,1.3314188495278358
8858,Guglielmo Vicario,2023,GK,38,0,0,3420,0.0,0,0.0,0,Tottenham,2,0,0,0.0,6.606127485632896,6.606127485632896
8859,Mikkel Damsgaard,2024,Sub,5,0,3,292,0.6022613607347012,0,0.3840818488970399,5,Brentford,0,0,0,0.6022613607347012,1.956869900226593,1.1283532679080963
8859,Mikkel Damsgaard,2023,Sub,23,0,9,797,0.8753717057406902,2,2.291341120377183,10,Brentford,2,0,0,0.8753717057406902,4.728561159223318,2.396734122186899
8859,Mikkel Damsgaard,2022,Sub,26,0,12,963,2.660358265042305,0,1.7436131360009313,11,Brentford,4,0,0,2.660358265042305,5.63767113443464,2.2835514806210995
8864,Matthew Cash,2024,DR,2,0,0,100,0.0,0,0.436320036649704,1,Aston Villa,0,0,0,0.0,0.4702388346195221,0.4702388346195221
8864,Matthew Cash,2023,DR,29,2,33,2142,4.486114578321576,2,2.969944916665554,13,Aston Villa,8,0,2,4.486114578321576,14.261767610907556,8.849687004461884
8864,Matthew Cash,2022,DR,26,0,7,1822,0.1666707005351781,1,0.4675993956625461,8,Aston Villa,4,0,0,0.1666707005351781,5.986693885177374,5.530507996678352
8864,Matthew Cash,2021,DR,38,4,37,3386,2.4832568001002078,3,2.902315404266119,28,Aston Villa,8,0,4,2.4832568001002078,11.00867085158825,7.563903264701366
8864,Matthew Cash,2020,DR,28,0,9,2389,0.2478914987295866,2,1.9056626800447705,21,Aston Villa,6,1,0,0.2478914987295866,6.591604145243764,5.033458574675024
8865,Ollie Watkins,2024,FW,5,3,13,379,4.742047071456909,1,1.0529738888144493,5,Aston Villa,0,0,3,4.742047071456909,4.788047552108765,0.5065373033285141
8865,Ollie Watkins,2023,FW,37,19,106,3250,19.26459836959839,13,7.745744535699487,45,Aston Villa,4,0,19,19.26459836959839,29.22941774129868,5.899641819298267
8865,Ollie Watkins,2022,Sub,37,15,85,3150,17.486295863986015,6,3.674034003168345,30,Aston Villa,4,0,14,15.963956996798515,22.16256415843964,5.435315723530948
8865,Ollie Watkins,2021,Sub,35,11,77,2970,11.498160604387522,2,2.997610133141279,35,Aston Villa,7,0,10,10.736988637596369,17.148511039093137,5.538892895914614
8865,Ollie Watkins,2020,FW,37,14,98,3330,16.280176680535078,5,5.314029790461063,45,Aston Villa,2,1,13,14.75783659145236,22.01402278989553,5.334985261783004
8868,Liam Delap,2024,FW,5,1,6,383,0.96059088408947,0,0.1778501011431217,3,Ipswich,1,0,1,0.96059088408947,1.3252505362033844,0.4744936227798462
8868,Liam Delap,2021,Sub,1,0,0,7,0.0,0,0.0,0,Manchester City,0,0,0,0.0,0.0,0.0
8868,Liam Delap,2020,Sub,1,0,1,39,0.0640852004289627,0,0.0,0,Manchester City,0,0,0,0.0640852004289627,0.0640852004289627,0.0
8905,Conor Townsend,2020,DL,25,0,11,2237,0.82282321061939,2,2.648506220430136,23,West Bromwich Albion,0,0,0,0.82282321061939,6.119824014604092,3.785737205296755
8918,Max Lowe,2023,DML,10,0,2,499,0.9397587776184082,0,0.012994728051126,1,Sheffield United,1,0,0,0.9397587776184082,1.840770854614675,0.8880173694342375
8918,Max Lowe,2020,DML,8,0,2,554,0.0867580976337194,0,0.1874980032444,2,Sheffield United,1,0,0,0.0867580976337194,1.3047473207116127,1.0304902158677578
8919,Leif Davis,2024,DL,5,0,3,450,0.1667226180434227,1,0.4953442141413688,7,Ipswich,0,0,0,0.1667226180434227,0.1893281005322933,0.085615798830986
8919,Leif Davis,2020,Sub,2,0,0,28,0.0,0,0.0,0,Leeds,0,0,0,0.0,0.2329989969730377,0.2329989969730377
8923,Ivo Grbic,2023,GK,9,0,0,776,0.0,0,0.0,0,Sheffield United,1,0,0,0.0,0.5941517408937216,0.5941517408937216
8934,Trincão,2021,FWR,28,2,32,1359,3.603013260290026,1,1.4855602774769068,14,Wolverhampton Wanderers,0,0,2,3.603013260290026,6.441428432241082,2.2612266913056374
8940,Antonee Robinson,2024,DL,5,0,1,450,0.0662773624062538,2,0.8424561470746994,5,Fulham,1,0,0,0.0662773624062538,3.100205611437559,2.9376314096152782
8940,Antonee Robinson,2023,DL,37,0,16,3290,0.8533244347199798,6,3.767484251409769,31,Fulham,6,0,0,0.8533244347199798,13.781186819076538,11.46092726662755
8940,Antonee Robinson,2022,DL,35,0,3,3088,0.0579266995191574,1,1.0235916152596474,21,Fulham,8,0,0,0.0579266995191574,8.392814400605857,7.63532301876694
8940,Antonee Robinson,2020,DL,28,0,10,2158,0.4677492957562208,0,2.032745169475674,29,Fulham,4,1,0,0.4677492957562208,7.802952338010073,6.396044296212494
8941,Jacob Ramsey,2024,Sub,5,0,5,254,0.3303797654807567,1,0.8830296518281102,3,Aston Villa,0,0,0,0.3303797654807567,2.981066532433033,2.256102614104748
8941,Jacob Ramsey,2023,Sub,16,1,19,824,2.316869243979454,1,0.9168627075850964,9,Aston Villa,2,0,1,2.316869243979454,5.194736570119858,2.25878119841218
8941,Jacob Ramsey,2022,MC,35,6,33,2675,5.228078290820122,7,5.728406075388193,42,Aston Villa,5,0,6,5.228078290820122,14.287118025124071,6.712041646242142
8941,Jacob Ramsey,2021,Sub,34,6,34,2493,3.822881987318397,1,2.036960480734706,21,Aston Villa,6,0,6,3.822881987318397,11.246643111109734,6.333872018381953
8941,Jacob Ramsey,2020,Sub,22,0,11,593,0.5745481103658676,0,0.2119081988930702,6,Aston Villa,0,0,0,0.5745481103658676,2.227643927559257,1.694883331656456
8942,Aaron Hickey,2023,DR,9,0,7,749,0.1934873256832361,0,0.0474643521010875,1,Brentford,5,0,0,0.1934873256832361,1.1258890461176634,0.9994768127799034
8942,Aaron Hickey,2022,DR,26,0,11,1958,0.3167129307985306,1,0.6221226900815964,6,Brentford,7,0,0,0.3167129307985306,2.5498968306928878,2.0008020736277103
8961,Rúben Dias,2024,DC,5,0,7,361,0.6780832558870316,0,0.1371267884969711,3,Manchester City,2,0,0,0.6780832558870316,3.855449676513672,3.801644265651703
8961,Rúben Dias,2023,DC,30,0,20,2552,1.828122090548277,0,0.600502266548574,7,Manchester City,0,0,0,1.828122090548277,16.81101167947054,16.458546616137028
8961,Rúben Dias,2022,DC,26,0,10,2006,1.9355910001322627,0,0.3942475691437721,3,Manchester City,3,0,0,1.9355910001322627,12.852464072406292,12.49297409504652
8961,Rúben Dias,2021,DC,29,2,18,2403,2.535038208588958,4,3.157990090548992,16,Manchester City,5,0,2,2.535038208588958,16.94047772884369,16.11795637756586
8961,Rúben Dias,2020,DC,32,1,14,2848,1.953021291643381,0,0.1055962033569812,3,Manchester City,4,0,1,1.953021291643381,16.681801982223988,16.56010902673006
8965,Vladimir Coufal,2024,DR,4,0,1,200,0.0298329088836908,0,0.1218288242816925,1,West Ham,0,0,0,0.0298329088836908,0.7636226117610931,0.6417937874794006
8965,Vladimir Coufal,2023,DR,36,0,8,3153,0.2854840941727161,7,4.300948256626725,33,West Ham,5,1,0,0.2854840941727161,10.106693800538778,6.967354290187359
8965,Vladimir Coufal,2022,DR,27,0,6,2148,0.1806397484615445,1,2.275553598999977,25,West Ham,5,0,0,0.1806397484615445,4.774060698226094,3.4378814958035946
8965,Vladimir Coufal,2021,DR,28,0,11,2211,0.5571807976812124,4,2.711205866187811,21,West Ham,3,1,0,0.5571807976812124,10.270922681316732,8.42933842074126
8965,Vladimir Coufal,2020,DR,34,0,15,3056,1.3991486877202988,7,6.389940650202334,45,West Ham,3,0,0,1.3991486877202988,14.980891424231231,8.577498153783381
8966,Filip Krovinovic,2020,Sub,11,0,8,537,0.2156820213422179,0,0.1718748025596141,5,West Bromwich Albion,0,0,0,0.2156820213422179,0.6958096958696842,0.477454699575901
8970,Sékou Mara,2022,Sub,22,1,16,510,1.0406398912891746,2,1.068390192463994,6,Southampton,1,0,1,1.0406398912891746,1.9898097170516849,0.3792372150346637
8973,Lorenz Assignon,2023,DR,15,1,9,1249,0.4085904136300087,2,2.075187735259533,13,Burnley,3,1,1,0.4085904136300087,3.949996647424996,3.191625501960516
8981,Jéremy Doku,2024,AMR,4,0,5,315,0.2477546148002147,0,0.9194974433630704,6,Manchester City,0,0,0,0.2477546148002147,2.491586536169052,1.475970394909382
8981,Jéremy Doku,2023,AMR,29,3,56,1616,3.76985201984644,8,5.476052410900593,45,Manchester City,3,0,3,3.76985201984644,14.622362297028303,7.702265929430723
8992,Hakim Ziyech,2022,Sub,18,0,16,630,0.5913859363645315,3,2.5491114612668757,14,Chelsea,1,0,0,0.5913859363645315,3.101729600690305,1.5464539704844356
8992,Hakim Ziyech,2021,Sub,23,4,52,1304,3.0387300960719585,3,3.926885128952563,30,Chelsea,3,0,4,3.0387300960719585,10.714838811196389,5.662911152467132
8992,Hakim Ziyech,2020,Sub,23,2,35,1182,1.9873142782598732,3,4.478449231013656,34,Chelsea,3,0,2,1.9873142782598732,7.660669863224029,3.6919246558099994
9017,Malo Gusto,2024,DR,3,0,1,257,0.0220333486795425,0,0.074480228126049,1,Chelsea,1,0,0,0.0220333486795425,0.8204450309276581,0.7239314466714859
9017,Malo Gusto,2023,Sub,27,0,15,1754,1.700457390397787,6,5.507309950888157,32,Chelsea,7,1,0,1.700457390397787,14.041902555152774,10.585735710337758
9021,Pape Sarr,2024,MC,5,0,5,185,0.0994222220033407,0,0.1450585257261991,2,Tottenham,1,0,0,0.0994222220033407,0.5726664587855339,0.4465670846402645
9021,Pape Sarr,2023,Sub,34,3,36,2141,3.842421315610409,3,2.0322468373924494,20,Tottenham,9,0,3,3.842421315610409,16.10821724496782,11.238362627103925
9021,Pape Sarr,2022,Sub,11,0,2,200,0.0562562998384237,1,0.5660416968166828,2,Tottenham,1,0,0,0.0562562998384237,1.8612066991627216,1.2539500053972006
9040,Conor Gallagher,2023,MC,37,5,48,3171,4.717563968151808,7,5.792711144313216,52,Chelsea,7,1,5,4.717563968151808,25.90884201787412,18.712417108938094
9040,Conor Gallagher,2022,Sub,35,3,28,1590,2.5371697302907705,1,2.6282018795609474,21,Chelsea,9,1,3,2.5371697302907705,8.282571202144027,3.598362954333425
9040,Conor Gallagher,2021,MC,34,8,52,2863,7.672960817813873,3,4.143168058246374,39,Crystal Palace,10,0,8,7.672960817813873,14.211974430829288,5.389095585793257
9040,Conor Gallagher,2020,MC,30,2,29,2529,1.542326182126999,2,1.4182883203029633,21,West Bromwich Albion,11,0,2,1.542326182126999,5.059539873152971,3.1247856905683875
9077,James Trafford,2023,GK,28,0,0,2520,0.0,0,0.0,0,Burnley,2,0,0,0.0,2.3824947578832507,2.3824947578832507
9082,Lewis Richardson,2020,Sub,2,0,0,2,0.0,0,0.0,0,Burnley,0,0,0,0.0,0.0,0.0
9086,Rhys Williams,2020,DC,9,0,7,661,0.5532402992248535,0,0.2222049981355667,2,Liverpool,0,0,0,0.5532402992248535,2.3060159385204315,2.1871699392795563
9098,Robert Sánchez,2024,GK,5,0,0,450,0.0,0,0.0,0,Chelsea,1,0,0,0.0,0.8166427370160818,0.8166427370160818
9098,Robert Sánchez,2023,GK,16,0,0,1438,0.0,0,0.0,0,Chelsea,2,0,0,0.0,4.148339273408055,4.148339273408055
9098,Robert Sánchez,2022,GK,23,0,0,2070,0.0,0,0.0,0,Brighton,2,0,0,0.0,2.587134573608637,2.587134573608637
9098,Robert Sánchez,2021,GK,37,0,0,3330,0.0,0,0.6362469159066677,3,Brighton,3,1,0,0.0,5.044877408072352,4.756718395277858
9098,Robert Sánchez,2020,GK,27,0,0,2430,0.0,0,0.0256149005144834,1,Brighton,2,0,0,0.0,3.148129854351282,3.122514847666025
9099,Andi Zeqiri,2020,Sub,9,0,7,138,1.0259477235376837,0,0.1124930009245872,1,Brighton,0,0,0,1.0259477235376837,0.8297761119902134,0.4852749928832054
9105,Radu Dragusin,2024,DC,1,0,1,90,0.0363029092550277,0,0.0,0,Tottenham,0,0,0,0.0363029092550277,0.0,0.0
9105,Radu Dragusin,2023,Sub,9,0,1,417,0.0733767077326774,0,0.0,0,Tottenham,1,0,0,0.0733767077326774,2.9626500830054283,2.889273375272751
9154,Elliot Anderson,2024,Sub,5,0,3,299,0.1322516724467277,1,0.1502839289605617,4,Nottingham Forest,1,0,0,0.1322516724467277,1.2096235156059263,0.9961540400981904
9154,Elliot Anderson,2023,Sub,21,0,19,997,1.341955564916134,2,1.5226023513823748,15,Newcastle United,3,0,0,1.341955564916134,6.666737984865904,4.969087693840265
9154,Elliot Anderson,2022,Sub,22,0,11,353,1.1292364411056042,1,1.5604944918304682,9,Newcastle United,0,0,0,1.1292364411056042,3.589391114190221,1.5997926257550716
9154,Elliot Anderson,2020,Sub,1,0,0,3,0.0,0,0.0,0,Newcastle United,0,0,0,0.0,0.0,0.0
9156,Kevin Schade,2024,FWL,5,0,4,238,0.5050734505057335,0,0.1289115361869335,2,Brentford,0,0,0,0.5050734505057335,2.0373656563460827,1.4797416888177397
9156,Kevin Schade,2023,Sub,11,2,8,299,1.4017144106328487,1,0.9465273916721344,4,Brentford,0,0,2,1.4017144106328487,2.113900894299149,0.1965943891555071
9156,Kevin Schade,2022,Sub,18,0,12,720,1.3834919892251492,1,1.5542514063417912,8,Brentford,2,0,0,1.3834919892251492,3.833646835759282,1.1757235415279863
9163,Kean Bryan,2020,DC,13,1,3,1012,0.5354915875941515,0,0.8194746151566505,4,Sheffield United,1,0,1,0.5354915875941515,1.4283711146563292,1.3857593219727278
9205,Jayden Bogle,2023,Sub,34,3,32,2817,2.602401724085212,0,0.7326478343456984,10,Sheffield United,8,0,3,2.602401724085212,5.202804431319237,2.6289064050652087
9205,Jayden Bogle,2020,Sub,16,2,17,1109,1.915019929409027,0,0.2085536010563373,4,Sheffield United,2,0,2,1.915019929409027,2.668701633810997,1.3656456880271437
9209,Theo Corbeanu,2020,Sub,1,0,0,7,0.0,0,0.0234698001295328,1,Wolverhampton Wanderers,0,0,0,0.0,0.0234698001295328,0.0
9219,Niall Huggins,2020,Sub,1,0,0,35,0.0,0,0.0,0,Leeds,0,0,0,0.0,0.4292359948158264,0.4292359948158264
9220,Charlie Cresswell,2021,DC,5,0,1,130,0.0630348995327949,0,0.0,0,Leeds,1,0,0,0.0630348995327949,0.2912192065268755,0.2912192065268755
9222,Antwoine Hackford,2023,Sub,2,0,0,8,0.0,0,0.0,0,Sheffield United,0,0,0,0.0,0.0,0.0
9222,Antwoine Hackford,2020,Sub,1,0,1,4,0.1034450009465217,0,0.0,0,Sheffield United,0,0,0,0.1034450009465217,0.1118310019373893,0.0083863204345107
9249,Percy Tau,2020,AMC,3,0,0,100,0.0,1,0.3673652000725269,3,Brighton,0,0,0,0.0,0.4425190016627311,0.085826801136136
9250,Reda Khadra,2020,Sub,1,0,0,3,0.0,0,0.0,0,Brighton,0,0,0,0.0,0.0,0.0
9251,Christian Walton,2024,GK,1,0,0,90,0.0,0,0.0,0,Ipswich,0,0,0,0.0,0.0,0.0
9256,Caleb Watts,2020,Sub,3,0,0,30,0.0,0,0.0,0,Southampton,1,0,0,0.0,0.0,0.0
9257,Allan Tchaptchet,2020,Sub,1,0,0,10,0.0,0,0.0,0,Southampton,0,0,0,0.0,0.0,0.0
9274,Naouirou Ahamada,2023,Sub,20,0,9,282,0.5298433359712362,0,0.0564648136496543,1,Crystal Palace,2,1,0,0.5298433359712362,2.506193021312356,1.9648387469351287
9274,Naouirou Ahamada,2022,Sub,8,0,3,73,0.182050397619605,0,0.0916864015161991,2,Crystal Palace,1,0,0,0.182050397619605,0.2159352004528045,0.0250358004122972
9284,Jakub Moder,2023,Sub,17,0,11,586,0.8932432122528553,0,0.7571170665323734,5,Brighton,2,0,0,0.8932432122528553,2.4987766928970814,1.1246388629078865
9284,Jakub Moder,2021,Sub,28,0,28,1709,3.103548286482692,3,2.5826615393161774,16,Brighton,1,0,0,3.103548286482692,7.955996491014957,3.4272286519408226
9284,Jakub Moder,2020,Sub,12,0,13,643,0.9168103076517582,0,0.2051242031157016,3,Brighton,0,0,0,0.9168103076517582,1.8570118844509125,1.186261996626854
9287,Tyler Onyango,2023,Sub,1,0,0,1,0.0,0,0.0,0,Everton,0,0,0,0.0,0.0,0.0
9287,Tyler Onyango,2021,Sub,3,0,1,23,0.031716201454401,0,0.0,0,Everton,0,0,0,0.031716201454401,0.031716201454401,0.0
9290,Mbaye Diagne,2020,Sub,16,3,25,1205,6.247825607657433,2,0.986100921407342,10,West Bromwich Albion,2,0,3,6.247825607657433,8.729952983558178,1.7730097901076078
9301,Emmanuel Dennis,2022,Sub,19,2,21,705,1.5486181434243915,2,0.5363962892442942,7,Nottingham Forest,3,0,2,1.5486181434243915,2.086062991991639,0.9663639571517706
9301,Emmanuel Dennis,2021,FW,33,10,60,2612,7.006806670688093,6,3.959161562845111,33,Watford,7,1,10,7.006806670688093,12.345256780274212,4.416254226118326
9307,Iliman Ndiaye,2024,Sub,5,1,6,309,0.8240225240588188,0,0.4928369522094726,4,Everton,1,0,1,0.8240225240588188,2.391102336347103,1.4792121648788452
9307,Iliman Ndiaye,2020,Sub,1,0,0,10,0.0,0,0.0,0,Sheffield United,0,0,0,0.0,0.0,0.0
9311,Thakgalo Leshabela,2020,Sub,1,0,0,8,0.0,0,0.0,0,Leicester,0,0,0,0.0,1.0024700164794922,1.0024700164794922
9324,Facundo Pellistri,2023,Sub,9,0,4,144,0.3742355145514011,1,0.0707708746194839,1,Manchester United,0,0,0,0.3742355145514011,1.411473162472248,0.9664667788892984
9324,Facundo Pellistri,2022,Sub,4,0,0,48,0.0,0,0.0,0,Manchester United,0,0,0,0.0,0.5577363073825836,0.5577363073825836
9332,Dane Scarlett,2023,Sub,4,0,0,16,0.0,0,0.0,0,Tottenham,0,0,0,0.0,0.0,0.0
9332,Dane Scarlett,2021,Sub,1,0,0,2,0.0,0,0.0,0,Tottenham,0,0,0,0.0,0.0,0.0
9332,Dane Scarlett,2020,Sub,1,0,0,1,0.0,0,0.0,0,Tottenham,0,0,0,0.0,0.0,0.0
9339,Joe Gelhardt,2022,Sub,15,0,10,177,0.9828338120132684,2,0.731904000043869,2,Leeds,1,0,0,0.9828338120132684,1.7896137908101082,0.8910369034856558
9339,Joe Gelhardt,2021,Sub,20,2,23,700,3.80464480817318,2,1.8083356712013483,9,Leeds,4,0,2,3.80464480817318,5.506509491242468,0.7224636012688279
9356,Carney Chukwuemeka,2023,AMC,9,1,3,219,0.1176121979951858,1,0.2483895514160394,5,Chelsea,2,0,1,0.1176121979951858,0.4714575037360191,0.1054557431489229
9356,Carney Chukwuemeka,2022,Sub,14,0,5,323,0.2807844597846269,0,0.5179743207991123,8,Chelsea,0,0,0,0.2807844597846269,2.4493823647499084,1.887391667813063
9356,Carney Chukwuemeka,2021,MC,12,0,4,266,0.6268898099660873,1,0.9877786859869956,2,Aston Villa,0,0,0,0.6268898099660873,2.198258690536022,0.676293196156621
9356,Carney Chukwuemeka,2020,Sub,2,0,1,16,0.0560439005494117,0,0.0,0,Aston Villa,0,0,0,0.0560439005494117,0.0560439005494117,0.0
9359,Shola Shoretire,2021,Sub,1,0,0,14,0.0,0,0.0,0,Manchester United,0,0,0,0.0,0.0,0.0
9359,Shola Shoretire,2020,Sub,2,0,0,4,0.0,0,0.0,0,Manchester United,0,0,0,0.0,0.0,0.0
9395,Sidnei Tavares,2020,Sub,2,0,1,84,0.0207985006272792,0,0.0,0,Leicester,0,0,0,0.0207985006272792,0.0207985006272792,0.0
9406,Nathan Broadhead,2020,Sub,1,0,0,1,0.0,0,0.0,0,Everton,0,0,0,0.0,0.0,0.0
9409,Kaine Hayden,2023,Sub,3,0,0,3,0.0,0,0.0,0,Aston Villa,0,0,0,0.0,0.0,0.0
9415,Jaden Philogene-Bidace,2024,Sub,2,0,1,14,0.1170651763677597,0,0.0,0,Aston Villa,1,0,0,0.1170651763677597,0.5128955841064453,0.3958303928375244
9415,Jaden Philogene-Bidace,2023,Sub,1,0,0,1,0.0,0,0.0,0,Aston Villa,0,0,0,0.0,0.1071313694119453,0.1071313694119453
9415,Jaden Philogene-Bidace,2021,Sub,1,0,0,1,0.0,0,0.0,0,Aston Villa,0,0,0,0.0,0.0,0.0
9415,Jaden Philogene-Bidace,2020,Sub,1,0,0,1,0.0,0,0.0,0,Aston Villa,0,0,0,0.0,0.0560439005494117,0.0560439005494117
9423,Gaetano Berardi,2020,Sub,2,0,1,113,0.0747606009244918,0,0.0,0,Leeds,0,0,0,0.0747606009244918,0.2312780022621154,0.2312780022621154
9451,Chimuanya Ugochukwu,2024,DMC,2,0,1,97,0.4391141235828399,0,0.0327639877796173,1,Southampton,0,0,0,0.4391141235828399,0.0327639877796173,0.0
9451,Chimuanya Ugochukwu,2023,Sub,12,0,0,289,0.0,0,0.1854443699121475,3,Chelsea,2,0,0,0.0,2.2840482108294964,2.163483928889036
9453,Moisés Caicedo,2024,DMC,5,0,3,445,0.1569531075656414,1,0.3786019682884216,2,Chelsea,1,0,0,0.1569531075656414,3.6538780331611633,3.485108256340027
9453,Moisés Caicedo,2023,Sub,35,1,13,2897,0.2973291608504951,3,2.49897606484592,22,Chelsea,11,0,1,0.2973291608504951,25.048321802169085,23.26216376759112
9453,Moisés Caicedo,2022,MC,37,1,27,3135,1.2356434240937233,1,2.643754145130515,43,Brighton,10,0,1,1.2356434240937233,19.323802459985014,16.51605893112719
9453,Moisés Caicedo,2021,MC,8,1,10,673,0.6393528822809458,1,0.2321203015744686,4,Brighton,2,0,1,0.6393528822809458,3.086230354383588,2.363927122205496
9461,Jesurun Rak-Sakyi,2023,Sub,6,0,5,124,0.3558422047644853,0,0.0768487639725208,2,Crystal Palace,0,0,0,0.3558422047644853,1.1574715673923492,0.7433868646621704
9461,Jesurun Rak-Sakyi,2021,Sub,2,0,0,80,0.0,0,0.0,0,Crystal Palace,0,0,0,0.0,0.0364288017153739,0.0364288017153739
9470,Isaac Price,2022,Sub,1,0,0,30,0.0,0,0.0322885997593402,1,Everton,1,0,0,0.0,0.0322885997593402,0.0
9470,Isaac Price,2021,Sub,1,0,1,10,0.2667869925498962,0,0.0,0,Everton,0,0,0,0.2667869925498962,0.2667869925498962,0.0
9487,Maxime Estève,2023,Sub,16,0,7,1314,0.2405825015157461,0,0.0125734973698854,1,Burnley,6,0,0,0.2405825015157461,1.9057064168155196,1.8650701008737087
9492,Crysencio Summerville,2024,Sub,4,0,1,115,0.0408522970974445,0,0.4146003723144531,2,West Ham,0,0,0,0.0408522970974445,1.0512214358896017,0.6100363302975893
9492,Crysencio Summerville,2022,Sub,28,4,29,1391,3.559207702055573,2,1.4241413976997137,16,Leeds,4,0,4,3.559207702055573,6.061167903244495,1.573473684489727
9492,Crysencio Summerville,2021,Sub,6,0,2,124,0.3223911002278328,0,0.0485542006790638,2,Leeds,0,0,0,0.3223911002278328,0.4145205095410347,0.0797296985983848
9493,Sam Greenwood,2022,Sub,18,1,12,373,0.6907202005386353,2,0.9013200886547564,12,Leeds,1,0,1,0.6907202005386353,1.065209049731493,0.6448863409459591
9493,Sam Greenwood,2021,Sub,7,0,4,222,0.2259839996695518,2,0.4314804896712303,4,Leeds,0,0,0,0.2259839996695518,1.2256466001272202,0.6733732083812356
9499,Cody Drameh,2022,DR,1,0,0,74,0.0,0,0.0,0,Leeds,0,0,0,0.0,0.1345990002155304,0.1345990002155304
9499,Cody Drameh,2021,Sub,3,0,0,122,0.0,0,0.023293599486351,1,Leeds,1,0,0,0.0,0.3427668996155262,0.3194733001291752
9501,Fabio Carvalho,2024,Sub,5,0,1,133,0.1343702971935272,0,0.4970719516277313,2,Brentford,0,0,0,0.1343702971935272,1.0941691398620603,0.4627269059419632
9501,Fabio Carvalho,2022,Sub,13,2,11,330,1.1579107120633123,0,0.1046279966831207,1,Liverpool,0,0,2,1.1579107120633123,1.4301361963152883,0.7474121823906898
9501,Fabio Carvalho,2020,Sub,4,1,9,255,0.9974309951066972,0,0.5002102106809616,2,Fulham,0,0,1,0.9974309951066972,1.4961069524288175,0.2862690091133117
9509,Daniel Jebbison,2024,Sub,2,0,0,12,0.0,0,0.0211734101176261,1,Bournemouth,0,0,0,0.0,0.0211734101176261,0.0
9509,Daniel Jebbison,2023,Sub,1,0,0,15,0.0,0,0.0,0,Sheffield United,0,0,0,0.0,0.0,0.0
9509,Daniel Jebbison,2020,Sub,4,1,4,286,1.4839950501918793,0,0.0235629994422197,1,Sheffield United,0,0,1,1.4839950501918793,1.9016577787697315,0.3941028006374836
9512,Valentino Livramento,2024,DR,5,0,0,322,0.0,0,0.1008209735155105,1,Newcastle United,0,0,0,0.0,0.935383014380932,0.8345619961619377
9512,Valentino Livramento,2023,Sub,26,1,4,1275,0.961045878008008,0,1.0808788742870092,12,Newcastle United,1,0,1,0.961045878008008,6.641679579392076,5.265429927036166
9512,Valentino Livramento,2022,Sub,2,0,0,19,0.0,0,0.0,0,Southampton,0,0,0,0.0,0.0,0.0
9512,Valentino Livramento,2021,DR,28,1,12,2202,1.1455561704933643,1,2.9600232373923063,20,Southampton,2,0,1,1.1455561704933643,7.637431217357516,4.881157960742712
9524,Anthony Elanga,2024,AMR,5,0,6,321,0.4590833876281976,1,0.628308892250061,8,Nottingham Forest,1,0,0,0.4590833876281976,1.5121473371982574,0.8756558671593666
9524,Anthony Elanga,2023,Sub,36,5,54,2430,6.7731207851320505,9,7.090984374284744,33,Nottingham Forest,1,0,5,6.7731207851320505,17.626320507377386,5.61586544662714
9524,Anthony Elanga,2022,Sub,16,0,10,408,1.2088623978197577,1,1.1436329931020737,6,Manchester United,0,0,0,1.2088623978197577,3.724183831363917,1.8017782215029
9524,Anthony Elanga,2021,Sub,21,2,21,1218,2.981153290718794,2,1.9335426688194275,9,Manchester United,0,0,2,2.981153290718794,5.969549503177404,2.20174378529191
9524,Anthony Elanga,2020,AML,2,1,2,157,0.5518710017204285,0,0.0207256004214286,1,Manchester United,0,0,1,0.5518710017204285,0.8420460224151611,0.8213210105895996
9540,Femi Seriki,2020,Sub,1,0,0,1,0.0,0,0.0,0,Sheffield United,0,0,0,0.0,0.0,0.0
9552,Tyrese Francois,2022,Sub,1,0,0,1,0.0,0,0.0,0,Fulham,0,0,0,0.0,0.0,0.0
9552,Tyrese Francois,2020,Sub,1,0,0,13,0.0,0,0.0,0,Fulham,0,0,0,0.0,0.0,0.0
9554,Tim Iroegbunam,2024,DMC,5,0,4,364,0.1938968524336815,0,0.0972806364297866,2,Everton,2,0,0,0.1938968524336815,1.481141358613968,1.1899639517068863
9554,Tim Iroegbunam,2023,Sub,9,0,0,136,0.0,0,0.0,0,Aston Villa,0,0,0,0.0,0.0866769701242446,0.0866769701242446
9554,Tim Iroegbunam,2021,Sub,3,0,1,91,0.100661002099514,0,0.0,0,Aston Villa,1,0,0,0.100661002099514,0.1023683995008468,0.1023683995008468
9556,William Osula,2024,Sub,1,0,0,6,0.0,0,0.0,0,Newcastle United,0,0,0,0.0,0.0,0.0
9556,William Osula,2023,FW,21,0,21,769,2.0722835399210453,0,0.098784826695919,1,Sheffield United,4,0,0,2.0722835399210453,2.056103426963091,0.1622651368379593
9557,William Fish,2020,Sub,1,0,0,1,0.0,0,0.0,0,Manchester United,0,0,0,0.0,0.0,0.0
9558,Hannibal Mejbri,2023,Sub,5,1,1,124,0.0166018810123205,0,0.2175336331129074,2,Manchester United,1,0,1,0.0166018810123205,0.6164471115916967,0.3823116421699524
9558,Hannibal Mejbri,2021,Sub,2,0,1,68,0.0454156994819641,0,0.0,0,Manchester United,2,0,0,0.0454156994819641,0.0454156994819641,0.0
9558,Hannibal Mejbri,2020,Sub,1,0,0,3,0.0,0,0.0,0,Manchester United,0,0,0,0.0,0.0,0.0
9619,Issa Kabore,2023,DMR,24,0,6,1748,0.3038460947573185,2,3.148332368582487,16,Luton,7,0,0,0.3038460947573185,6.17993501201272,3.283387303352356
9630,Kamaldeen Sulemana,2022,Sub,18,2,25,950,1.679018633440137,1,1.4270181329920888,14,Southampton,1,0,2,1.679018633440137,3.4539370611310005,0.6344611132517457
9662,Dango Ouattara,2024,AMR,4,0,2,159,0.5793806612491608,1,1.2039121389389038,3,Bournemouth,0,0,0,0.5793806612491608,1.8624092638492584,0.6584971249103546
9662,Dango Ouattara,2023,AML,30,1,30,1200,2.8214692445471883,2,1.69136568531394,17,Bournemouth,3,0,1,2.8214692445471883,5.184925131499767,3.1382908783853054
9662,Dango Ouattara,2022,MR,19,1,26,1254,3.2873998740687966,3,2.4152716528624296,18,Bournemouth,1,0,1,3.2873998740687966,6.022867782972753,2.485164679586888
9667,Amadou Onana,2024,DMC,5,2,6,357,1.3526869267225266,0,0.0470345839858055,1,Aston Villa,2,0,2,1.3526869267225266,1.8540986701846125,1.628233939409256
9667,Amadou Onana,2023,MC,30,2,29,2093,2.553437914699316,0,2.4138805400580168,18,Everton,5,0,2,2.553437914699316,10.676468232646585,8.992594484239817
9667,Amadou Onana,2022,Sub,33,1,34,2529,3.0847347732633352,2,2.063957966864109,22,Everton,9,0,1,3.0847347732633352,8.601867258548737,5.032614782452583
9676,David Raya,2024,GK,5,0,0,450,0.0,0,0.0,0,Arsenal,1,0,0,0.0,0.5466457903385162,0.5466457903385162
9676,David Raya,2023,GK,32,0,0,2880,0.0,0,0.0,0,Arsenal,2,0,0,0.0,7.517592098563909,7.517592098563909
9676,David Raya,2022,GK,38,0,1,3420,0.1039170026779174,0,0.1581754013895988,2,Brentford,1,0,0,0.1039170026779174,2.429192343726754,2.2710169572383165
9676,David Raya,2021,GK,24,0,0,2160,0.0,0,0.0409960001707077,1,Brentford,1,0,0,0.0,4.120813246816397,4.120813246816397
9677,Kristoffer Ajer,2024,DL,5,0,1,378,0.373125821352005,0,0.2627436332404613,2,Brentford,1,0,0,0.373125821352005,1.3564950339496136,0.7559570632874966
9677,Kristoffer Ajer,2023,DC,28,2,12,1845,1.4675675723701715,1,2.600812576711178,12,Brentford,5,0,2,1.4675675723701715,5.710211778059602,3.668103391304612
9677,Kristoffer Ajer,2022,DC,9,0,1,781,0.023081500083208,0,0.0165113992989063,1,Brentford,0,0,0,0.023081500083208,1.5337861999869349,1.5337861999869349
9677,Kristoffer Ajer,2021,DC,24,1,7,2012,1.0655757747590542,3,2.2111876308918,8,Brentford,5,0,1,1.0655757747590542,5.553348563611507,3.8359059505164623
9678,Ethan Pinnock,2024,DC,5,0,4,450,0.1716453088447451,0,0.0,0,Brentford,1,0,0,0.1716453088447451,0.5088886758312583,0.4952228413894772
9678,Ethan Pinnock,2023,DC,29,2,19,2521,3.382065122947097,0,0.5834191367030144,4,Brentford,1,0,2,3.382065122947097,5.525476990267634,4.471973324194551
9678,Ethan Pinnock,2022,DC,30,3,15,2700,3.5859055295586586,0,0.6192105077207088,8,Brentford,0,0,3,3.5859055295586586,5.026158023625612,4.340199567377567
9678,Ethan Pinnock,2021,DC,32,1,16,2701,1.7465080497786405,1,1.7245045565068722,12,Brentford,1,0,1,1.7465080497786405,6.184837121516466,4.275091532617807
9679,Rico Henry,2023,DL,5,0,2,401,0.0453700954094529,1,0.7904934585094452,4,Brentford,1,0,0,0.0453700954094529,2.13233545422554,1.4655016660690308
9679,Rico Henry,2022,DL,37,0,22,3260,1.945255502127111,2,3.062078721821308,23,Brentford,4,0,0,1.945255502127111,9.57805674150586,5.399344060570002
9679,Rico Henry,2021,DML,34,3,14,2796,1.899935700930655,0,1.872443387284875,18,Brentford,2,0,3,1.899935700930655,9.128159390762448,6.301865139976144
9680,Vitaly Janelt,2024,MC,5,0,2,397,0.0615095645189285,0,0.04755041282624,2,Brentford,0,0,0,0.0615095645189285,0.8593467185273767,0.8007181668654084
9680,Vitaly Janelt,2023,MC,38,1,21,3137,2.0162796927616,3,4.314206030219793,37,Brentford,8,0,1,2.0162796927616,12.40513951331377,9.032909959554672
9680,Vitaly Janelt,2022,MC,35,3,14,2206,2.191264372318983,1,1.4620734620839355,16,Brentford,3,0,3,2.191264372318983,7.5696020424366,5.46771614253521
9680,Vitaly Janelt,2021,MC,31,4,30,2328,2.989832724444568,0,1.8168051782995465,23,Brentford,3,0,4,2.989832724444568,7.372113709338009,3.241404203698039
9681,Frank Onyeka,2024,Sub,2,0,0,18,0.0,0,0.0,0,Brentford,0,0,0,0.0,0.0,0.0
9681,Frank Onyeka,2023,Sub,26,1,22,1124,2.0069142188876867,2,1.8476180955767632,12,Brentford,8,0,1,2.0069142188876867,6.113463159650564,2.3846182618290186
9681,Frank Onyeka,2022,Sub,21,0,9,823,1.3004195326939223,2,0.9003641102463007,7,Brentford,0,0,0,1.3004195326939223,3.751063988544047,1.778751190751791
9681,Frank Onyeka,2021,MC,20,0,16,1056,0.7653771908953786,0,0.1635156022384762,4,Brentford,4,0,0,0.7653771908953786,1.591990285553038,0.9403915964066982
9682,Mads Bidstrup,2021,Sub,4,0,0,26,0.0,0,0.0,0,Brentford,0,0,0,0.0,0.0,0.0
9683,Mads Bech Sørensen,2022,Sub,4,0,0,13,0.0,0,0.0,0,Brentford,0,0,0,0.0,0.0145397996529936,0.0145397996529936
9683,Mads Bech Sørensen,2021,Sub,11,0,2,841,0.0718619003891944,0,0.3418336026370525,7,Brentford,3,0,0,0.0718619003891944,1.5663126846775413,1.2244802778586743
9684,Marcus Forss,2021,Sub,7,0,5,183,0.2957523949444294,1,0.4205659925937652,1,Brentford,0,0,0,0.2957523949444294,0.158866997808218,0.0
9685,Mads Roerslev,2024,DR,5,0,1,252,0.0150069436058402,0,0.1452792733907699,1,Brentford,0,0,0,0.0150069436058402,0.7275437489151955,0.7275437489151955
9685,Mads Roerslev,2023,Sub,34,1,7,2009,1.1281067915260792,2,2.064798539504409,15,Brentford,1,0,1,1.1281067915260792,6.286723421886563,4.37823604606092
9685,Mads Roerslev,2022,DC,20,0,3,1089,0.3934907913208008,0,1.8459260575473309,8,Brentford,0,0,0,0.3934907913208008,2.639313882216811,1.452640237286687
9685,Mads Roerslev,2021,Sub,21,1,5,1240,0.2831443063914776,1,0.9667048780247568,7,Brentford,1,0,1,0.2831443063914776,1.3581679975613952,0.4798683002591133
9686,Halil Dervisoglu,2022,Sub,1,0,2,5,0.0668924003839492,0,0.0,0,Brentford,0,0,0,0.0668924003839492,0.0668924003839492,0.0
9687,Charlie Goode,2021,Sub,6,0,2,446,0.0859932973980903,0,1.0358272045850754,7,Brentford,3,0,0,0.0859932973980903,1.197367712855339,0.8813184946775436
9689,Albert Sambi Lokonga,2023,MC,17,1,8,1331,0.7531502321362495,3,1.4872490242123604,9,Luton,4,0,1,0.7531502321362495,4.319001622498035,3.1800113022327423
9689,Albert Sambi Lokonga,2022,Sub,9,0,2,538,0.1307045519351959,0,0.0283858999609947,1,Crystal Palace,2,0,0,0.1307045519351959,0.3882503509521484,0.2575457990169525
9689,Albert Sambi Lokonga,2022,Sub,6,0,0,194,0.0,0,0.0172926001250743,1,Arsenal,0,0,0,0.0,0.3597789984196424,0.3424863945692777
9689,Albert Sambi Lokonga,2021,DMC,19,0,20,1125,0.585317600518465,0,0.8354285042732954,18,Arsenal,5,0,0,0.585317600518465,5.447862323373556,4.692085664719343
9690,Folarin Balogun,2021,FW,2,0,3,69,0.1574549973011016,0,0.0,0,Arsenal,0,0,0,0.1574549973011016,0.1574549973011016,0.0
9691,Nuno Tavares,2023,Sub,8,0,7,447,0.1731664137914776,0,0.2493439316749572,2,Nottingham Forest,2,0,0,0.1731664137914776,0.6703841388225555,0.3541552796959877
9691,Nuno Tavares,2021,Sub,22,1,23,1162,1.7562966123223305,1,1.064530422911048,10,Arsenal,2,0,1,1.7562966123223305,6.060938712209463,3.757681142538786
9700,Kristoffer Klaesson,2021,Sub,1,0,0,24,0.0,0,0.0,0,Leeds,0,0,0,0.0,0.8658530116081238,0.8658530116081238
9710,Armel Bella Kotchap,2022,DC,24,0,14,1890,1.270264146849513,2,1.4630886502563951,6,Southampton,4,0,0,1.270264146849513,4.837567955255508,3.89722553268075
9733,Nathan Collins,2024,DC,5,0,5,450,0.3302012905478477,0,0.0,0,Brentford,1,0,0,0.3302012905478477,1.5780789563432336,1.4870310435071588
9733,Nathan Collins,2023,DC,32,1,10,2647,1.9630648605525491,1,2.0567236468195915,11,Brentford,3,0,1,1.9630648605525491,7.091836112551391,4.629758290015161
9733,Nathan Collins,2022,DC,26,0,3,1788,0.1207122802734375,0,0.0746328979730606,2,Wolverhampton Wanderers,2,1,0,0.1207122802734375,3.1115625351667404,3.036929935216904
9733,Nathan Collins,2021,DC,19,2,15,1671,1.6455229744315147,0,1.4840760342776775,5,Burnley,2,1,2,1.6455229744315147,1.5359926857054234,1.127784792333841
9734,Enock Mwepu,2022,Sub,6,0,2,205,0.0766704007983207,1,0.4522641953080892,3,Brighton,0,0,0,0.0766704007983207,1.0331942196935415,0.653810178861022
9734,Enock Mwepu,2021,MC,18,2,19,1009,1.999322835355997,4,1.5841594748198986,9,Brighton,2,0,2,1.999322835355997,3.612422186881304,2.079986520111561
9735,Taylor Richards,2021,Sub,2,0,1,17,0.0214245002716779,0,0.0073145302012562,1,Brighton,0,0,0,0.0214245002716779,0.1937687061727047,0.1650297008454799
9738,Patson Daka,2022,Sub,30,4,30,1164,4.064196912571788,4,2.733729289844632,17,Leicester,2,0,4,4.064196912571788,8.224425293505192,1.5247648544609549
9738,Patson Daka,2021,Sub,23,5,26,1164,5.1097992323338985,3,1.8195277228951452,13,Leicester,2,0,5,5.1097992323338985,7.503917820751667,2.1623850176110864
9739,Kiernan Dewsbury-Hall,2024,Sub,3,0,0,26,0.0,0,0.1097568497061729,1,Chelsea,0,0,0,0.0,0.2226743251085281,0.1129174754023552
9739,Kiernan Dewsbury-Hall,2022,MC,31,2,26,2334,1.8549880683422089,2,3.0710923951119184,39,Leicester,3,1,2,1.8549880683422089,9.722595304250715,5.314303573220968
9739,Kiernan Dewsbury-Hall,2021,Sub,28,1,20,2101,1.2946152910590172,2,3.0290627162903547,34,Leicester,4,0,1,1.2946152910590172,9.695718803443016,6.9314601151272655
9740,José Sá,2024,GK,2,0,0,180,0.0,0,0.0241384115070104,1,Wolverhampton Wanderers,0,0,0,0.0,0.069029564037919,0.0448911525309085
9740,José Sá,2023,GK,35,0,0,3041,0.0,0,0.0,0,Wolverhampton Wanderers,1,0,0,0.0,2.765407490544021,2.765407490544021
9740,José Sá,2022,GK,36,0,0,3240,0.0,0,0.0,0,Wolverhampton Wanderers,2,0,0,0.0,1.553518857806921,1.553518857806921
9740,José Sá,2021,GK,37,0,0,3291,0.0,1,0.3950190022587776,2,Wolverhampton Wanderers,3,0,0,0.0,2.492334073409438,2.0973150711506605
9741,Chem Campbell,2022,Sub,5,0,2,55,0.0622584000229835,0,0.0,0,Wolverhampton Wanderers,0,0,0,0.0622584000229835,0.0722723975777626,0.0300198998302221
9741,Chem Campbell,2021,Sub,1,0,0,9,0.0,0,0.0,0,Wolverhampton Wanderers,0,0,0,0.0,0.0567274987697601,0.0567274987697601
9745,Dimitris Giannoulis,2021,DL,18,0,2,1170,0.1042813025414943,1,0.5381213938817382,9,Norwich,2,0,0,0.1042813025414943,2.320780213922262,1.895545769482851
9746,Christos Tzolis,2021,FWL,14,0,6,321,0.3333491999655962,0,0.7744663059711456,8,Norwich,0,0,0,0.3333491999655962,1.6014234013855455,0.6376846889033914
9747,Bali Mumba,2021,Sub,1,0,0,43,0.0,0,0.0,0,Norwich,0,0,0,0.0,0.0,0.0
9748,Jacob Sørensen,2021,Sub,10,0,5,595,0.1915943929925561,0,0.0,0,Norwich,0,0,0,0.1915943929925561,0.5175428995862603,0.5074065998196602
9752,Jesper Lindstrom,2024,Sub,3,0,5,97,0.5509167201817036,0,0.0976677238941192,1,Everton,0,0,0,0.5509167201817036,0.7133987098932266,0.1016334667801857
9788,Dominik Szoboszlai,2024,AMC,5,0,9,424,0.5151180792599916,1,1.3529241010546684,11,Liverpool,2,0,0,0.5151180792599916,6.001570135354996,4.467844102531672
9788,Dominik Szoboszlai,2023,MC,33,3,60,2135,3.519060474820435,2,5.657645266503096,55,Liverpool,1,0,3,3.519060474820435,21.230980657041076,15.891304083168508
9790,Josko Gvardiol,2024,DC,5,0,6,399,0.2253716439008712,0,0.4282933417707681,2,Manchester City,0,0,0,0.2253716439008712,4.160209476947784,3.628763198852539
9790,Josko Gvardiol,2023,Sub,28,4,32,2335,3.0817854246124625,1,2.115578116849065,19,Manchester City,3,0,4,3.0817854246124625,18.244669392704964,14.99465874582529
9833,Andrew Omobamidele,2023,DC,11,0,1,771,0.0812814310193061,0,0.0772956404834985,2,Nottingham Forest,2,0,0,0.0812814310193061,1.927911488339305,1.8260405641049149
9833,Andrew Omobamidele,2021,DC,5,1,2,380,0.1711219027638435,0,0.0,0,Norwich,1,0,1,0.1711219027638435,0.4068540930747986,0.4068540930747986
9834,Remi Matthews,2023,Sub,1,0,0,1,0.0,0,0.0,0,Crystal Palace,0,0,0,0.0,0.0,0.0
9892,Matias Viña,2022,Sub,12,2,9,453,0.7529756985604763,0,0.1579136550426483,2,Bournemouth,1,0,2,0.7529756985604763,1.6716434881091118,0.97148409858346
9897,Gonzalo Montiel,2023,Sub,14,0,3,809,0.1195196099579334,2,1.7303651086986065,9,Nottingham Forest,5,0,0,0.1195196099579334,4.5273467022925615,3.0314525980502367
9912,Cameron Archer,2024,Sub,5,0,8,200,3.0257065445184708,0,0.0,0,Southampton,0,0,0,2.264537677168846,2.5086706783622503,0.5014290641993284
9912,Cameron Archer,2023,FW,29,4,41,1869,5.785084556788206,1,2.983854740858078,24,Sheffield United,1,0,4,5.785084556788206,9.17532782163471,1.594775709323585
9912,Cameron Archer,2023,Sub,1,0,0,1,0.0,0,0.0,0,Aston Villa,1,0,0,0.0,0.0,0.0
9912,Cameron Archer,2022,Sub,6,0,0,31,0.0,0,0.0,0,Aston Villa,0,0,0,0.0,0.0,0.0
9912,Cameron Archer,2021,Sub,3,0,1,20,0.0282422993332147,0,0.0,0,Aston Villa,0,0,0,0.0282422993332147,0.0597288012504577,0.0314865000545978
9913,Aaron Ramsey,2023,Sub,14,0,6,516,0.4020077884197235,0,0.3915222883224487,1,Burnley,1,0,0,0.4020077884197235,1.2944342708215115,0.5336329033598304
9914,Shandon Baptiste,2023,Sub,10,1,2,203,0.8607992753386497,1,0.4303002767264843,4,Brentford,1,0,1,0.8607992753386497,1.3308127243071797,0.2652147859334945
9914,Shandon Baptiste,2022,Sub,23,0,4,568,0.184569239616394,1,1.0790189672261477,10,Brentford,1,1,0,0.184569239616394,1.5274408347904682,0.8893836699426174
9914,Shandon Baptiste,2021,Sub,22,1,12,909,0.5783805977553129,0,0.5454354956746101,9,Brentford,0,1,1,0.5783805977553129,2.3360376888886094,1.4911788003519175
9915,Dominic Thompson,2021,DML,2,0,1,154,0.0252266004681587,0,0.0,0,Brentford,0,0,0,0.0252266004681587,0.0520683005452156,0.0268415994942188
9916,Finley Stevens,2021,Sub,1,0,0,11,0.0,0,0.0288881994783878,1,Brentford,0,0,0,0.0,0.0,0.0
9933,Liam McCarron,2021,Sub,1,0,0,6,0.0,0,0.0,0,Leeds,0,0,0,0.0,0.0,0.0
9948,Michael Olise,2023,Sub,19,10,56,1281,5.68741318397224,6,5.196664724498987,35,Crystal Palace,0,0,9,4.926244312897325,12.075153382495046,5.04660432972014
9948,Michael Olise,2022,Sub,37,2,51,2774,2.659285433590412,11,7.174625148996711,72,Crystal Palace,2,0,2,2.659285433590412,8.7775584384799,3.4045963063836098
9948,Michael Olise,2021,Sub,26,2,19,1125,1.4879501201212406,5,4.962619297206402,24,Crystal Palace,4,0,2,1.4879501201212406,7.787075158208609,5.307142198085785
9957,Ozan Tufan,2021,Sub,7,0,3,341,0.3498202944174409,0,0.2649289965629577,4,Watford,0,0,0,0.3498202944174409,1.2360550966113806,0.621306287124753
9958,Yerson Mosquera,2024,DC,5,0,2,448,0.4660062603652477,0,0.094501007348299,2,Wolverhampton Wanderers,2,0,0,0.4660062603652477,1.0699441889300942,0.9818695159628988
9959,Joe White,2023,Sub,4,0,0,8,0.0,0,0.0,0,Newcastle United,1,0,0,0.0,0.0,0.0
9983,Beto,2024,Sub,4,0,0,28,0.0,0,0.0,0,Everton,0,0,0,0.0,0.0,0.0
9983,Beto,2023,FW,30,3,43,898,7.16694748448208,0,1.1942407237365842,11,Everton,2,0,3,6.405778587330133,7.352622885257006,1.000561224296689
10001,Stuart McKinstry,2021,Sub,1,0,0,1,0.0,0,0.0,0,Leeds,0,0,0,0.0,0.0,0.0
10004,Romeo Lavia,2024,DMC,1,0,0,73,0.0,0,0.5455207824707031,1,Chelsea,0,0,0,0.0,0.6766745448112488,0.1311538070440292
10004,Romeo Lavia,2023,Sub,1,0,0,29,0.0,0,0.0,0,Chelsea,0,0,0,0.0,0.0,0.0
10004,Romeo Lavia,2022,MC,29,1,12,2261,0.2631778074428439,0,0.5177656905725598,16,Southampton,9,0,1,0.2631778074428439,5.658787712454796,5.163240816444159
10012,Jakub Kiwior,2024,Sub,1,0,0,7,0.0,0,0.0,0,Arsenal,0,0,0,0.0,0.0,0.0
10012,Jakub Kiwior,2023,Sub,20,1,6,953,1.1961752735078337,3,0.9080287516117096,6,Arsenal,1,0,1,1.1961752735078337,5.180064149200916,3.990576475858688
10012,Jakub Kiwior,2022,Sub,7,1,1,426,0.0984370782971382,0,0.0273778699338436,1,Arsenal,0,0,1,0.0984370782971382,2.2725219037383795,2.245144000276923
10025,Lamare Bogarde,2024,DR,2,0,0,171,0.0,0,0.1534022986888885,1,Aston Villa,1,0,0,0.0,1.7147477380931375,1.5613454096019268
10027,Lewis Dobbin,2023,Sub,12,1,5,198,0.502917317673564,0,0.4989037085324526,4,Everton,1,0,1,0.502917317673564,0.6766481157392263,0.1355219595134258
10027,Lewis Dobbin,2021,Sub,3,0,0,29,0.0,0,0.0,0,Everton,1,0,0,0.0,0.0,0.0
10028,Leo Fuhr Hjelde,2021,Sub,2,0,0,150,0.0,0,0.0237415991723537,1,Leeds,0,0,0,0.0,0.1035763956606388,0.079834796488285
10036,Jeremy Sarmiento,2024,Sub,1,0,0,4,0.0,0,0.0,0,Brighton,0,0,0,0.0,0.0974678918719291,0.0974678918719291
10036,Jeremy Sarmiento,2022,Sub,9,0,5,156,0.2745006997138262,1,0.2008139938116073,2,Brighton,1,0,0,0.2745006997138262,1.288041802123189,0.812727190554142
10036,Jeremy Sarmiento,2021,Sub,5,0,0,35,0.0,0,0.0,0,Brighton,0,0,0,0.0,0.0569687001407146,0.0569687001407146
10041,Yasser Larouci,2023,Sub,11,0,6,531,0.2587892366573214,0,0.3102901801466942,2,Sheffield United,1,0,0,0.2587892366573214,1.0104657374322414,0.4532643482089042
10048,Nicolas Jackson,2024,FW,5,4,13,386,3.3676691949367523,2,0.738006666302681,6,Chelsea,2,0,4,3.3676691949367523,4.402682065963745,0.8931747358292341
10048,Nicolas Jackson,2023,FW,35,14,80,2818,19.860593939200044,5,5.2836981769651175,36,Chelsea,10,0,14,19.860593939200044,27.91725537180901,7.270463835448027
10050,Micky van de Ven,2024,DC,4,0,1,360,0.0167124234139919,1,0.2883103489875793,1,Tottenham,2,0,0,0.0167124234139919,1.8426574766635893,1.554347187280655
10050,Micky van de Ven,2023,DC,27,3,8,2345,0.9709036685526372,0,0.0354084856808185,1,Tottenham,5,0,3,0.9709036685526372,10.605861792340876,10.423011044040322
10061,Harrison Ashby,2021,Sub,1,0,0,6,0.0,0,0.0,0,West Ham,0,0,0,0.0,0.0,0.0
10072,Samuel Edozie,2024,Sub,2,0,0,57,0.0,0,0.0817131176590919,1,Southampton,1,0,0,0.0,0.6017810702323914,0.5200679302215576
10072,Samuel Edozie,2022,Sub,17,0,8,540,1.0850969199091196,0,0.3165547512471676,8,Southampton,0,0,0,1.0850969199091196,2.7462167609483004,1.4620534982532265
10091,Tyler Morton,2021,Sub,2,0,0,68,0.0,0,0.0,0,Liverpool,1,0,0,0.0,0.0286305006593465,0.0286305006593465
10092,Tariqe Fosu-Henry,2021,Sub,1,0,1,15,0.0535814985632896,0,0.0,0,Brentford,0,0,0,0.0535814985632896,0.0535814985632896,0.0
10097,Przemyslaw Placheta,2021,Sub,12,0,8,513,0.3959100972861051,0,0.588469609618187,4,Norwich,1,0,0,0.3959100972861051,0.9923206083476545,0.1289863958954811
10118,Kaide Gordon,2023,Sub,1,0,0,1,0.0,0,0.0,0,Liverpool,0,0,0,0.0,0.0,0.0
10118,Kaide Gordon,2021,Sub,1,0,1,7,0.4911209940910339,0,0.0,0,Liverpool,0,0,0,0.4911209940910339,0.4911209940910339,0.0
10119,Owen Beck,2023,Sub,1,0,0,5,0.0,0,0.0,0,Liverpool,0,0,0,0.0,0.5044733881950378,0.5044733881950378
10120,Conor Bradley,2024,Sub,4,0,2,63,0.6405927538871765,0,0.0,0,Liverpool,0,0,0,0.6405927538871765,1.5034684296697378,0.8628756459802389
10120,Conor Bradley,2023,DR,11,1,12,776,0.9028667435050012,3,1.9515707418322563,15,Liverpool,2,0,1,0.9028667435050012,6.451037675142288,4.833862990140915
10126,James McAtee,2024,Sub,1,0,0,1,0.0,0,0.0,0,Manchester City,0,0,0,0.0,0.0,0.0
10126,James McAtee,2023,MC,30,3,26,1847,3.202349577099085,3,3.065165574662388,28,Sheffield United,2,0,2,2.4411807619035244,7.374102478846908,2.796986948233098
10126,James McAtee,2023,Sub,1,0,0,1,0.0,0,0.0,0,Manchester City,0,0,0,0.0,0.0,0.0
10126,James McAtee,2021,Sub,2,0,1,15,0.0886486992239952,0,0.0,0,Manchester City,0,0,0,0.0886486992239952,0.0886486992239952,0.0
10140,Hugo Bueno,2023,Sub,22,0,5,706,0.2772597037255764,0,0.8462303951382637,5,Wolverhampton Wanderers,1,0,0,0.2772597037255764,2.2125213155522943,1.421666874550283
10140,Hugo Bueno,2022,Sub,21,0,4,1320,0.1124543994665145,1,1.070818241685629,15,Wolverhampton Wanderers,1,0,0,0.1124543994665145,2.2600185442715883,1.5996279511600733
10141,Sonny Perkins,2021,Sub,1,0,0,1,0.0,0,0.0,0,West Ham,0,0,0,0.0,0.0,0.0
10150,Nathan Young-Coombes,2021,Sub,1,0,0,1,0.0,0,0.0,0,Brentford,0,0,0,0.0,0.0,0.0
10166,Kasey McAteer,2024,Sub,3,0,1,5,0.0130844917148351,0,0.0,0,Leicester,0,0,0,0.0130844917148351,0.0462030470371246,0.0462030470371246
10166,Kasey McAteer,2021,Sub,1,0,0,1,0.0,0,0.0,0,Leicester,0,0,0,0.0,0.0,0.0
10168,Lewis Brunt,2022,Sub,1,0,0,21,0.0,0,0.0,0,Leicester,0,0,0,0.0,0.0,0.0
10168,Lewis Brunt,2021,Sub,1,0,0,22,0.0,0,0.0,0,Leicester,0,0,0,0.0,0.0172419995069503,0.0172419995069503
10172,Jonathan Rowe,2021,Sub,13,0,3,179,0.1985375955700874,1,0.4054669924080372,5,Norwich,0,0,0,0.1985375955700874,0.5169213898479939,0.2255803979933262
10174,CJ Egan-Riley,2021,Sub,1,0,0,1,0.0,0,0.0,0,Manchester City,0,0,0,0.0,0.0,0.0
10177,Evan Ferguson,2024,Sub,2,0,2,6,0.0570116080343723,0,0.0,0,Brighton,0,0,0,0.0570116080343723,0.0327070243656635,0.0
10177,Evan Ferguson,2023,Sub,27,6,33,1364,3.9660524409264326,0,0.6511713527143002,6,Brighton,1,0,6,3.9660524409264326,6.868808541446924,2.484281620942056
10177,Evan Ferguson,2022,Sub,19,6,36,950,5.667327303439379,2,0.6870213840156794,11,Brighton,1,0,6,5.667327303439379,8.419608421623707,2.7216656310483813
10177,Evan Ferguson,2021,Sub,1,0,0,20,0.0,0,0.0,0,Brighton,0,0,0,0.0,0.0216189008206129,0.0216189008206129
10184,Archie Gray,2024,Sub,3,0,0,26,0.0,0,0.0,0,Tottenham,0,0,0,0.0,0.0846512243151664,0.0846512243151664
10187,Jarell Quansah,2024,DC,1,0,0,47,0.0,0,0.0,0,Liverpool,0,0,0,0.0,0.0,0.0
10187,Jarell Quansah,2023,Sub,17,2,6,1182,1.426688393577933,0,0.0755226109176874,3,Liverpool,1,0,2,1.426688393577933,7.204154305160046,7.149779371917248
10203,Kayky,2021,Sub,1,0,0,5,0.0,0,0.0,0,Manchester City,0,0,0,0.0,0.0,0.0
10205,Myles Peart-Harris,2023,Sub,3,0,0,3,0.0,0,0.0114118093624711,1,Brentford,0,0,0,0.0,0.1600197935476899,0.1486079841852188
10216,Lewis Hall,2024,DL,5,0,0,242,0.0,0,0.4707518108189106,4,Newcastle United,1,0,0,0.0,2.552658498287201,2.1182246953248978
10216,Lewis Hall,2023,Sub,18,1,11,748,0.4160314388573169,0,0.301099419593811,3,Newcastle United,2,0,1,0.4160314388573169,6.00943548977375,5.44678489677608
10216,Lewis Hall,2022,DML,9,0,11,669,0.9621372651308776,0,2.483380403369665,15,Chelsea,1,0,0,0.9621372651308776,4.236596934497356,2.1478421427309518
10290,Edo Kayembe,2021,MC,13,0,6,793,0.1361862020567059,0,0.4214938841760158,6,Watford,0,0,0,0.1361862020567059,1.8325098045170307,1.4051875956356523
10291,Vitalii Mykolenko,2024,DL,4,0,0,295,0.0,0,0.0253789965063333,1,Everton,0,0,0,0.0,0.6533539518713951,0.6533539518713951
10291,Vitalii Mykolenko,2023,DL,28,2,26,2482,1.9085629284381864,0,1.246465403586626,13,Everton,0,0,2,1.9085629284381864,7.135594544932246,5.507095940411091
10291,Vitalii Mykolenko,2022,DL,34,0,10,2651,0.6954699149355292,0,1.0392506159842014,18,Everton,4,0,0,0.6954699149355292,5.121129205450416,3.666464917361736
10291,Vitalii Mykolenko,2021,DL,13,1,8,1059,0.545275991782546,0,0.4969943072646856,8,Everton,0,0,1,0.545275991782546,1.9282748885452747,1.1917393822222948
10292,Nathan Patterson,2023,DR,20,0,4,979,0.4520776625722646,2,1.616803351789713,8,Everton,4,0,0,0.4520776625722646,5.134298218414187,3.8557239081710577
10292,Nathan Patterson,2022,DR,19,0,8,1272,0.8275385983288288,0,0.7127293702214956,6,Everton,3,0,0,0.8275385983288288,3.072567291557789,2.221582919359207
10293,Toti,2024,DC,3,0,0,270,0.0,1,0.5481940507888794,1,Wolverhampton Wanderers,2,0,0,0.0,0.1324039548635482,0.1324039548635482
10293,Toti,2023,Sub,35,1,10,2789,1.6792987622320652,3,1.210701234638691,6,Wolverhampton Wanderers,7,0,1,1.6792987622320652,5.863689404912293,5.540323508903384
10293,Toti,2022,DC,17,1,5,973,0.2356519745662808,0,0.184598222374916,4,Wolverhampton Wanderers,6,0,1,0.2356519745662808,0.9124105321243404,0.8092133747413754
10293,Toti,2021,DC,4,0,1,360,0.036618199199438,0,0.0,0,Wolverhampton Wanderers,1,0,0,0.036618199199438,0.292554996907711,0.292554996907711
10301,Jens Cajuste,2024,Sub,2,0,1,81,0.0195678547024726,0,0.0638226680457592,2,Ipswich,0,0,0,0.0195678547024726,0.5954564064741135,0.5316337533295155
10327,Chiquinho,2024,Sub,1,0,0,5,0.0,0,0.0162079948931932,1,Wolverhampton Wanderers,0,0,0,0.0,0.0610991492867469,0.0610991492867469
10327,Chiquinho,2021,Sub,8,0,5,191,0.5611130073666573,3,1.0862637870013714,5,Wolverhampton Wanderers,0,0,0,0.5611130073666573,1.7611470185220242,0.1935874968767166
10348,Omari Hutchinson,2024,AML,5,0,7,448,0.3714389521628618,0,0.1682973206043243,3,Ipswich,3,0,0,0.3714389521628618,1.2473979741334915,0.8527161292731762
10348,Omari Hutchinson,2022,Sub,1,0,0,20,0.0,0,0.0,0,Chelsea,0,0,0,0.0,0.0599266998469829,0.0599266998469829
10386,Anel Ahmedhodzic,2023,DC,31,2,19,2646,3.4643044117838144,0,0.9506413880735636,7,Sheffield United,9,1,2,3.4643044117838144,5.8164455853402615,2.930068898946047
10405,Josh Dasilva,2023,Sub,3,0,0,16,0.0,0,0.1269184350967407,2,Brentford,0,0,0,0.0,0.1093902215361595,0.0
10405,Josh Dasilva,2022,Sub,36,4,18,1374,1.5916067343205214,2,2.0804033745080237,12,Brentford,1,0,4,1.5916067343205214,6.89354763738811,3.861876625567674
10405,Josh Dasilva,2021,Sub,9,0,1,242,0.1019859984517097,0,0.1823378056287765,3,Brentford,0,1,0,0.1019859984517097,0.4496143078431487,0.1652902020141482
10408,Luis Díaz,2024,AML,5,5,13,374,3.3050144873559475,1,1.314405757933855,8,Liverpool,0,0,5,3.3050144873559475,7.383035361766815,2.918743222951889
10408,Luis Díaz,2023,FWL,37,8,94,2706,12.864595355466008,5,6.482230054214597,64,Liverpool,3,0,8,12.864595355466008,24.42669267952442,10.309036564081907
10408,Luis Díaz,2022,FWL,17,4,27,997,3.568711277097464,2,1.9563428275287151,13,Liverpool,2,0,4,3.568711277097464,9.511094518005848,4.636049032211304
10408,Luis Díaz,2021,FWL,13,4,38,962,4.276757774874568,3,2.175987700931728,20,Liverpool,0,0,4,4.276757774874568,8.961288705468178,3.449203735217452
10424,Daniel Chesters,2021,Sub,1,0,0,1,0.0,0,0.0,0,West Ham,0,0,0,0.0,0.0,0.0
10433,Cesare Casadei,2023,Sub,11,0,0,48,0.0,0,0.1186848040670156,2,Chelsea,0,0,0,0.0,0.1853423323482275,0.0880566667765379
10453,Odeluga Offiah,2023,Sub,4,0,0,122,0.0,0,0.0,0,Brighton,0,0,0,0.0,0.4959608763456344,0.4959608763456344
10453,Odeluga Offiah,2022,Sub,2,0,0,17,0.0,0,0.0,0,Brighton,0,0,0,0.0,0.0801775380969047,0.0801775380969047
10525,Tony Springett,2021,Sub,3,0,1,138,0.5181649923324585,0,0.5140159726142883,2,Norwich,1,0,0,0.5181649923324585,1.0925300121307373,0.0603456012904644
10527,Carlos Baleba,2024,Sub,4,0,9,262,0.3437665048986673,0,0.0802891757339239,2,Brighton,1,0,0,0.3437665048986673,1.1183658428490162,0.809028435498476
10527,Carlos Baleba,2023,Sub,27,0,21,1303,0.7727098371833563,0,0.446680839639157,8,Brighton,7,0,0,0.7727098371833563,5.224796708673239,4.549104126170278
10536,Tetê,2022,AMR,13,1,15,756,1.8560382332652807,0,0.3867563046514988,6,Leicester,0,0,1,1.8560382332652807,3.751141978427768,1.7394799161702394
10552,Alejandro Garnacho,2024,Sub,5,1,8,229,2.1933111548423767,1,0.3133830185979604,5,Manchester United,1,0,1,2.1933111548423767,2.824548587203026,0.3584997337311506
10552,Alejandro Garnacho,2023,ML,36,7,100,2601,9.865097627043724,4,5.915270071476698,46,Manchester United,4,0,7,9.865097627043724,18.36983707919717,5.970016654580832
10552,Alejandro Garnacho,2022,Sub,19,3,24,555,3.8779171984642735,2,1.1436776779592035,3,Manchester United,3,0,3,3.8779171984642735,6.564013659954071,1.711940459907055
10552,Alejandro Garnacho,2021,Sub,2,0,0,11,0.0,0,0.0,0,Manchester United,0,0,0,0.0,0.0,0.0
10579,Matthew Craig,2022,Sub,1,0,0,11,0.0,0,0.0,0,Tottenham,0,0,0,0.0,0.0,0.0
10586,Tyler Dibling,2024,Sub,5,1,4,203,0.5549688301980495,0,0.8923984952270985,5,Southampton,0,0,1,0.5549688301980495,2.4817362055182457,1.1574885174632072
10620,Luca Koleosho,2023,MR,15,1,23,1015,2.3243730422109365,1,1.4566490054130554,11,Burnley,0,0,1,2.3243730422109365,3.73182287439704,0.2789538074284792
10696,Noussair Mazraoui,2024,DR,5,0,4,430,0.2286202386021614,1,0.103731338866055,3,Manchester United,0,0,0,0.2286202386021614,1.921596720814705,1.69098798930645
10697,Ryan Gravenberch,2024,DMC,5,0,2,450,0.0433159992098808,0,0.1226754300296306,2,Liverpool,2,0,0,0.0433159992098808,4.6527139544487,4.53162083029747
10697,Ryan Gravenberch,2023,Sub,26,1,23,1116,1.7132481131702662,0,1.092048980295658,15,Liverpool,0,0,1,1.7132481131702662,7.440316876396537,5.028185680508614
10698,Malcolm Ebiowei,2022,Sub,3,0,0,26,0.0,0,0.0,0,Crystal Palace,0,0,0,0.0,0.0385116003453731,0.0385116003453731
10700,Matt Turner,2023,GK,17,0,0,1530,0.0,0,0.0,0,Nottingham Forest,1,0,0,0.0,1.997135661542416,1.997135661542416
10715,João Palhinha,2023,Sub,33,4,44,2742,3.245512000285089,1,0.8451391234993935,12,Fulham,13,0,4,3.245512000285089,11.165684594772756,9.492066229693592
10715,João Palhinha,2022,DMC,35,3,38,3124,2.6951698008924723,0,0.275451373308897,7,Fulham,14,0,3,2.6951698008924723,5.985029879026115,5.4245135728269815
10716,Manor Solomon,2023,Sub,5,0,7,194,0.3894983045756817,2,0.9335471913218498,12,Tottenham,1,0,0,0.3894983045756817,2.026449657976628,1.147088959813118
10716,Manor Solomon,2022,Sub,19,4,11,536,1.042859235778451,0,0.3249989273026585,6,Fulham,0,0,4,1.042859235778451,1.434320348314941,0.7428273241966963
10717,Rodrigo Muniz,2024,FW,5,0,13,275,1.1166372448205948,1,0.620203010737896,5,Fulham,0,0,0,1.1166372448205948,2.0003335662186146,0.4845654629170894
10717,Rodrigo Muniz,2023,Sub,26,9,72,1602,8.481916300952435,1,1.3883774541318417,16,Fulham,1,0,9,8.481916300952435,9.755544383078814,2.1016076635569334
10718,Jay Stansfield,2024,Sub,1,0,0,1,0.0,0,0.0,0,Fulham,0,0,0,0.0,0.0,0.0
10718,Jay Stansfield,2022,Sub,3,0,2,85,0.1730169951915741,0,0.0589650012552738,1,Fulham,0,0,0,0.1730169951915741,0.2319819927215576,0.0
10719,Luke Harris,2023,Sub,1,0,1,75,0.3384603559970855,0,0.0,0,Fulham,0,0,0,0.3384603559970855,0.3384603559970855,0.0
10719,Luke Harris,2022,Sub,3,0,0,6,0.0,0,0.0,0,Fulham,0,0,0,0.0,0.0878236964344978,0.0878236964344978
10720,Darwin Núñez,2024,Sub,4,1,4,127,0.3857312425971031,0,0.015777239575982,1,Liverpool,0,0,1,0.3857312425971031,0.7997655663639307,0.3982570767402649
10720,Darwin Núñez,2023,Sub,36,11,108,2037,19.187851031310856,8,5.950456521473825,33,Liverpool,9,0,11,18.42668213415891,25.07862750068307,5.313199203461409
10720,Darwin Núñez,2022,Sub,29,9,84,1702,14.374805428087711,3,5.6468874625861645,28,Liverpool,1,1,9,14.374805428087711,20.277393620461226,3.4813443943858147
10721,Sepp van den Berg,2024,Sub,3,0,0,192,0.0,0,0.0468297973275184,1,Brentford,0,0,0,0.0,0.278137587942183,0.278137587942183
10723,Stefan Bajcetic,2023,Sub,1,0,0,23,0.0,0,0.0,0,Liverpool,0,0,0,0.0,0.0,0.0
10723,Stefan Bajcetic,2022,Sub,11,1,6,534,0.9587988276034594,0,0.7506909966468811,4,Liverpool,2,0,1,0.9587988276034594,3.478168949484825,2.3341952990740538
10740,Jordan Zemura,2022,DL,19,0,4,1465,0.3462909907102585,1,2.14239261392504,18,Bournemouth,1,0,0,0.3462909907102585,3.5135136218741536,1.2088170098140836
10741,Marcus Tavernier,2024,AMC,5,1,15,442,2.5498546827584505,0,0.963795743882656,14,Bournemouth,0,0,1,2.5498546827584505,5.352271035313606,2.2414112091064453
10741,Marcus Tavernier,2023,Sub,30,3,53,2163,4.385046798735857,4,6.264871651306748,44,Bournemouth,3,0,3,4.385046798735857,14.908875443041325,7.105101251974702
10741,Marcus Tavernier,2022,MC,23,5,37,1770,3.9280984150245786,4,2.7044622469693422,17,Bournemouth,1,0,5,3.9280984150245786,7.433676986023784,2.7403341960161924
10742,Ben Pearson,2022,MC,7,0,2,285,0.0565079990774393,0,0.0,0,Bournemouth,1,0,0,0.0565079990774393,0.1892691031098365,0.132760901004076
10743,Kieffer Moore,2023,Sub,8,1,6,76,1.253773618489504,0,0.4799897577613592,2,Bournemouth,0,0,1,1.253773618489504,1.9978741817176344,0.7897170707583427
10743,Kieffer Moore,2022,FW,27,4,23,1273,4.823006581515074,0,0.5260727815330029,5,Bournemouth,1,0,4,4.823006581515074,5.668356010690332,1.6416367096826434
10744,Ryan Christie,2024,Sub,5,0,1,291,0.0658461973071098,0,0.3289727494120598,7,Bournemouth,3,0,0,0.0658461973071098,1.1415156722068789,0.8101914711296558
10744,Ryan Christie,2023,AMC,37,0,43,2974,2.0325705148279667,5,6.359501954168081,53,Bournemouth,6,0,0,2.0325705148279667,14.907791091129184,9.681732330471275
10744,Ryan Christie,2022,Sub,32,1,33,1857,2.728575311601162,1,2.0688769351691008,29,Bournemouth,2,0,1,2.728575311601162,7.37087413854897,4.095148157328367
10745,Emiliano Marcondes,2022,Sub,1,0,0,6,0.0,0,0.0,0,Bournemouth,0,0,0,0.0,0.0,0.0
10746,Jaidon Anthony,2023,AML,3,0,2,153,0.0768714845180511,0,0.0,0,Bournemouth,1,0,0,0.0768714845180511,0.1533443480730056,0.0764728710055351
10746,Jaidon Anthony,2022,Sub,30,3,21,1204,1.7566156624816358,1,0.9099286124110222,12,Bournemouth,2,0,3,1.7566156624816358,3.687783553730696,2.180652843788266
10747,James Hill,2023,Sub,5,0,0,74,0.0,0,0.0,0,Bournemouth,0,0,0,0.0,0.1440847814083099,0.1440847814083099
10749,Siriki Dembélé,2022,Sub,6,0,2,93,0.1077635008841753,0,0.2604870051145553,4,Bournemouth,0,0,0,0.1077635008841753,0.4032813981175422,0.1637520976364612
10750,Rasmus Kristensen,2022,DR,26,3,13,1964,0.789253355935216,1,1.2889635181054473,8,Leeds,4,0,3,0.789253355935216,4.219320389442146,3.0240348298102617
10751,Brenden Aaronson,2022,AMR,36,1,41,2415,3.9435534365475178,3,3.362793898209929,45,Leeds,2,0,1,3.9435534365475178,11.295078083872797,5.162106515839696
10752,Darko Gyabi,2022,Sub,1,0,1,5,0.0653707012534141,0,0.0,0,Leeds,0,0,0,0.0653707012534141,0.0653707012534141,0.0
10753,Connor Ronan,2022,Sub,1,0,0,1,0.0,0,0.0,0,Wolverhampton Wanderers,0,0,0,0.0,0.0,0.0
10755,Joseph Hodge,2022,Sub,6,0,2,162,0.2323972880840301,0,0.0711171999573707,1,Wolverhampton Wanderers,1,0,0,0.2323972880840301,0.4096744880080223,0.2439708858728408
10756,Joe Worrall,2023,DC,7,0,2,440,0.0814925581216812,0,0.1285788267850875,2,Nottingham Forest,0,1,0,0.0814925581216812,0.3787533640861511,0.3787533640861511
10756,Joe Worrall,2022,DC,30,1,7,2210,0.9123191181570292,0,0.567169152200222,4,Nottingham Forest,6,0,1,0.9123191181570292,4.254378523677588,3.960568632930517
10757,Scott McKenna,2023,DC,5,0,2,420,0.1700837537646293,0,0.1904423832893371,3,Nottingham Forest,0,0,0,0.1700837537646293,0.285503588616848,0.1808048486709594
10757,Scott McKenna,2022,DC,20,0,2,1568,0.072630500420928,0,0.8567974828183651,8,Nottingham Forest,4,0,0,0.072630500420928,3.309428296983242,2.500349510461092
10758,Harry Toffolo,2024,Sub,1,0,1,25,0.0225998293608427,0,0.0,0,Nottingham Forest,0,0,0,0.0225998293608427,0.0225998293608427,0.0
10758,Harry Toffolo,2023,Sub,23,1,8,1439,1.4097881969064474,3,1.481477415189147,18,Nottingham Forest,3,0,1,1.4097881969064474,4.174264665693045,2.7104875817894936
10758,Harry Toffolo,2022,DL,19,0,6,922,0.2182767949998378,0,0.4909842014312744,5,Nottingham Forest,2,0,0,0.2182767949998378,2.412663601338864,1.946195995435119
10759,Lewis O'Brien,2022,MC,13,1,7,572,0.4231923129409551,0,0.1791051030158996,4,Nottingham Forest,2,0,1,0.4231923129409551,2.5435210168361664,2.019651636481285
10760,Brennan Johnson,2024,FWR,5,1,15,353,1.785141795873642,0,0.3085669502615928,3,Tottenham,0,0,1,1.785141795873642,2.593056485056877,0.863591805100441
10760,Brennan Johnson,2023,Sub,32,5,50,2101,11.899647151120009,10,7.540350168943405,45,Tottenham,3,0,5,11.899647151120009,20.260952189564705,1.999500785022974
10760,Brennan Johnson,2023,FW,3,0,3,249,0.2706311196088791,0,0.0979689136147499,1,Nottingham Forest,0,0,0,0.2706311196088791,1.3559074401855469,1.085276335477829
10760,Brennan Johnson,2022,FW,38,8,55,2952,8.266518421471119,3,3.7432961594313374,28,Nottingham Forest,6,0,7,5.983012191951275,12.170722473412752,2.8007613457739358
10761,Alex Mighten,2022,Sub,1,0,0,5,0.0,0,0.0,0,Nottingham Forest,0,0,0,0.0,0.0,0.0
10764,Djed Spence,2024,Sub,2,0,0,15,0.0,0,0.0,0,Tottenham,0,0,0,0.0,0.0,0.0
10764,Djed Spence,2022,Sub,4,0,1,4,0.1141080036759376,0,0.0,0,Tottenham,0,0,0,0.1141080036759376,0.1141080036759376,0.0
10765,Gavin Bazunu,2022,GK,32,0,0,2880,0.0,0,0.0428376011550426,1,Southampton,0,0,0,0.0,3.4182891845703125,3.375451184809208
10766,Joe Ayodele-Aribo,2024,MC,4,0,2,237,0.6461153067648411,0,0.6153282951563597,3,Southampton,0,0,0,0.6461153067648411,1.1976980939507484,0.6671071276068687
10766,Joe Ayodele-Aribo,2022,FW,21,2,14,1224,2.054455615580082,0,0.9876715950667858,9,Southampton,2,0,2,2.054455615580082,3.790229113772512,0.947960801422596
10775,Lewis Warrington,2023,Sub,1,0,0,1,0.0,0,0.0,0,Everton,0,0,0,0.0,0.0,0.0
10802,Lisandro Martínez,2024,DC,5,0,2,441,0.9395642578601836,0,0.0500783920288085,1,Manchester United,2,0,0,0.9395642578601836,3.291931122541428,2.695702239871025
10802,Lisandro Martínez,2023,DC,11,0,0,656,0.0,1,0.0476659638807177,3,Manchester United,3,0,0,0.0,2.1589127592742443,2.1222109608352184
10802,Lisandro Martínez,2022,DC,27,1,10,2123,0.5251706019043922,0,0.2293218709528446,6,Manchester United,6,0,1,0.5251706019043922,8.252100160345435,8.186085043475032
10803,Tyrell Malacia,2022,Sub,22,0,5,1376,0.1680589988827705,0,0.7472324855625629,9,Manchester United,6,0,0,0.1680589988827705,6.350732691586018,5.691335782408714
10804,Deniz Undav,2022,Sub,22,5,27,594,5.5473707262426615,0,1.1680052187293768,8,Brighton,2,0,5,5.5473707262426615,7.276752598583698,1.4865605253726244
10805,Levi Colwill,2024,DC,5,0,2,450,0.5072240829467773,0,0.603882965631783,2,Chelsea,1,0,0,0.5072240829467773,3.6543939858675,3.0650798827409744
10805,Levi Colwill,2023,DC,23,1,11,1813,0.7760256305336952,1,1.2379922457039356,7,Chelsea,2,0,1,0.7760256305336952,8.106331346556544,7.155624521896243
10805,Levi Colwill,2022,Sub,17,0,8,1213,1.5830463785678148,2,0.6098756808787584,7,Brighton,1,0,0,1.5830463785678148,5.231132447719574,4.788313198834658
10806,Kaoru Mitoma,2024,AML,5,1,8,449,2.368685856461525,1,1.2927846610546112,5,Brighton,0,0,1,2.368685856461525,4.207971751689911,1.4336471557617188
10806,Kaoru Mitoma,2023,AML,19,3,34,1482,4.680040899664164,4,3.3876203782856464,25,Brighton,4,0,3,4.680040899664164,14.050323814153671,8.15176310762763
10806,Kaoru Mitoma,2022,Sub,33,7,52,2306,9.245785741135478,5,7.035773795098066,40,Brighton,0,0,7,9.245785741135478,21.043237909674644,9.100571872666478
10807,Jan Paul van Hecke,2024,DC,5,0,2,450,0.0628033429384231,1,0.2966775298118591,1,Brighton,1,0,0,0.0628033429384231,1.9584348648786545,1.9412052631378172
10807,Jan Paul van Hecke,2023,DC,28,0,15,2365,1.5838892180472612,0,0.4882163163274526,10,Brighton,4,0,0,1.5838892180472612,11.12253069318831,10.831943391822278
10807,Jan Paul van Hecke,2022,Sub,8,0,2,288,0.5538489818572998,0,0.0,0,Brighton,2,0,0,0.5538489818572998,0.2988718040287494,0.2795934043824672
10808,Daniel Iversen,2022,GK,12,0,0,1080,0.0,0,0.0,0,Leicester,0,0,0,0.0,1.5647124908864498,1.5647124908864498
10809,Keane Lewis-Potter,2024,Sub,5,0,4,273,0.0914399893954396,1,0.1414173357188701,2,Brentford,0,0,0,0.0914399893954396,0.2033260762691497,0.0
10809,Keane Lewis-Potter,2023,Sub,30,3,43,1432,8.581757307052612,1,1.6146608591079712,13,Brentford,0,0,3,8.581757307052612,9.344955435022712,1.25881989300251
10809,Keane Lewis-Potter,2022,Sub,10,0,7,307,0.6775096822530031,1,1.429301805794239,5,Brentford,0,0,0,0.6775096822530031,1.1727796997874975,0.0487009994685649
10822,Wilson Odobert,2024,FWL,3,0,6,167,0.7416317705065012,0,0.050035580061376,3,Tottenham,0,0,0,0.7416317705065012,1.5612449571490288,0.8033932447433472
10822,Wilson Odobert,2023,Sub,29,3,49,2150,2.5438556540757418,2,4.427815416827798,31,Burnley,3,0,3,2.5438556540757418,10.004786113277078,4.203309727832675
10845,Flynn Downes,2024,MC,5,0,3,450,0.1172841247171163,0,1.0910911485552788,8,Southampton,2,0,0,0.1172841247171163,2.524680308997631,1.9283323772251608
10845,Flynn Downes,2022,Sub,21,0,4,738,0.3241226226091385,0,0.0507442839443683,2,West Ham,2,0,0,0.3241226226091385,1.104828191921115,0.8530487809330225
10846,Julián Álvarez,2023,AMC,36,11,98,2682,14.373571239411833,8,5.823111834935844,66,Manchester City,2,0,9,12.851233504712582,27.162230297923088,13.089299127459526
10846,Julián Álvarez,2022,Sub,31,9,47,1416,7.753276175819337,0,2.0468210969120264,18,Manchester City,0,0,8,6.992107159458101,13.768698140978811,5.820535558275878
10847,Rico Lewis,2024,DMC,4,0,2,321,0.95953306555748,1,0.1008446514606475,2,Manchester City,0,0,0,0.95953306555748,2.4750933162868023,1.5155601613223553
10847,Rico Lewis,2023,DL,16,2,5,802,0.8562885001301765,0,1.764199182391167,13,Manchester City,1,0,2,0.8562885001301765,6.614272229373455,4.863891489803791
10847,Rico Lewis,2022,Sub,14,0,5,904,0.2003175821155309,0,1.379109164699912,11,Manchester City,1,0,0,0.2003175821155309,6.51468688249588,5.571969419717789
10864,Marcos Senesi,2024,DC,3,0,0,258,0.0,0,0.1343669444322586,2,Bournemouth,2,0,0,0.0,1.2529033794999125,1.1185364499688148
10864,Marcos Senesi,2023,DC,31,4,13,2253,2.3658602572977543,5,1.8848512191325424,22,Bournemouth,13,0,4,2.3658602572977543,8.664394936524332,7.699831395410001
10864,Marcos Senesi,2022,Sub,31,2,8,2508,2.0692426282912493,0,0.5055976919829845,5,Bournemouth,7,0,2,2.0692426282912493,4.307535422034562,3.9094908265396953
10865,Jamal Lowe,2022,Sub,2,0,0,9,0.0,0,0.0,0,Bournemouth,0,0,0,0.0,0.0,0.0
10866,Luis Sinisterra,2024,AML,5,1,10,152,1.526138849556446,1,0.5924442876130342,5,Bournemouth,0,0,1,1.526138849556446,1.5731235817074776,0.0114253750070929
10866,Luis Sinisterra,2023,Sub,20,2,27,670,2.296443399041891,2,2.3218660429120064,19,Bournemouth,0,0,2,2.296443399041891,4.859211741015315,2.420190142467618
10866,Luis Sinisterra,2022,Sub,19,5,28,891,3.361706962808966,0,0.3890431001782417,9,Leeds,1,1,5,3.361706962808966,5.349757798016071,2.453906362876296
10872,Vinicius Souza,2023,Sub,36,1,14,2676,0.5002630027011037,0,0.7816855013370514,5,Sheffield United,3,0,1,0.5002630027011037,4.085046709049493,2.9888922558166087
10913,André Onana,2024,GK,5,0,0,450,0.0,0,0.0,0,Manchester United,0,0,0,0.0,1.4883167296648026,1.4883167296648026
10913,André Onana,2023,GK,38,0,0,3420,0.0,0,0.1317380405962467,3,Manchester United,5,0,0,0.0,4.992942536249757,4.861204484477639
10945,Santiago Bueno,2024,Sub,1,0,0,2,0.0,0,0.0,0,Wolverhampton Wanderers,0,0,0,0.0,0.0,0.0
10945,Santiago Bueno,2023,DC,12,0,0,817,0.0,0,0.190905986353755,2,Wolverhampton Wanderers,1,0,0,0.0,2.1081051090732217,1.93471594247967
10997,Bobby Clark,2023,Sub,5,0,2,79,0.0737958550453186,0,0.0,0,Liverpool,0,0,0,0.0737958550453186,0.2553020417690277,0.2216729074716568
10997,Bobby Clark,2022,Sub,1,0,0,5,0.0,0,0.0,0,Liverpool,0,0,0,0.0,0.0,0.0
11000,Matheus Nunes,2024,Sub,3,0,0,18,0.0,1,0.3301194310188293,1,Manchester City,0,0,0,0.0,0.3301194310188293,0.0
11000,Matheus Nunes,2023,Sub,17,0,9,637,0.8191385120153427,2,1.4443662241101265,9,Manchester City,0,0,0,0.8191385120153427,5.797309570014477,4.028275441378355
11000,Matheus Nunes,2023,ML,2,0,1,180,0.1058933138847351,0,0.113480532541871,3,Wolverhampton Wanderers,0,1,0,0.1058933138847351,0.6091113686561584,0.5032180547714233
11000,Matheus Nunes,2022,MC,34,1,28,2507,2.3803958501666784,1,2.0282051162794232,27,Wolverhampton Wanderers,2,0,1,2.3803958501666784,6.00101482309401,2.8060512747615576
11003,Ryan Yates,2024,Sub,5,0,4,259,0.2251161858439445,0,0.1919209603220224,3,Nottingham Forest,1,0,0,0.2251161858439445,1.2638304978609085,0.8467933535575867
11003,Ryan Yates,2023,MC,35,1,32,1967,2.6223334167152643,1,1.0064595751464367,7,Nottingham Forest,6,0,1,2.6223334167152643,7.967897219583392,5.582980010658503
11003,Ryan Yates,2022,Sub,26,0,26,1842,1.7420261716470122,2,1.0617644041776657,7,Nottingham Forest,5,0,0,1.7420261716470122,3.5049553960561752,1.5388160664588213
11005,Joseph Whitworth,2022,GK,2,0,0,180,0.0,0,0.0,0,Crystal Palace,0,0,0,0.0,0.0,0.0
11007,Fábio Vieira,2023,Sub,11,1,7,277,1.164049606770277,2,1.3098269253969193,5,Arsenal,0,1,0,0.4028807692229748,1.5897186901420357,0.2925933841615915
11007,Fábio Vieira,2022,Sub,22,1,15,468,0.7378775309771299,2,2.2388318199664354,12,Arsenal,0,0,1,0.7378775309771299,5.435086041688919,3.240540122613311
11034,Owen Bevan,2022,Sub,1,0,0,6,0.0,0,0.0,0,Bournemouth,0,0,0,0.0,0.0,0.0
11035,Marquinhos,2022,Sub,1,0,0,1,0.0,0,0.0,0,Arsenal,0,0,0,0.0,0.0,0.0
11055,Rasmus Højlund,2024,Sub,1,0,0,14,0.0,0,0.0,0,Manchester United,0,0,0,0.0,0.0,0.0
11055,Rasmus Højlund,2023,Sub,30,10,38,2210,9.338883213698864,2,1.779460173100233,28,Manchester United,2,0,10,9.338883213698864,11.463255237787962,2.9498381465673447
11058,Julio Enciso,2024,Sub,3,0,2,31,0.078952495008707,0,0.2429548185318708,3,Brighton,0,0,0,0.078952495008707,0.2956785298883915,0.0626212507486343
11058,Julio Enciso,2023,Sub,12,0,28,476,1.770764671266079,2,2.373305637389421,9,Brighton,2,0,0,1.770764671266079,4.64084342494607,1.593938222154975
11058,Julio Enciso,2022,Sub,20,4,38,798,4.214253352954984,2,1.779839888215065,13,Brighton,1,0,4,4.214253352954984,8.684670090675354,2.9589081732556224
11070,Jørgen Strand Larsen,2024,FW,5,1,7,422,1.2379436120390892,1,1.1669492181390524,3,Wolverhampton Wanderers,0,0,1,1.2379436120390892,2.407771728932857,0.5776419155299664
11078,Juan Larios,2022,Sub,5,0,0,144,0.0,0,0.0,0,Southampton,0,0,0,0.0,0.0783459991216659,0.0783459991216659
11094,Antony,2024,Sub,1,0,0,1,0.0,0,0.1260273307561874,1,Manchester United,0,0,0,0.0,0.1260273307561874,0.0
11094,Antony,2023,MR,29,1,43,1329,3.493122511543333,1,3.495804164558649,22,Manchester United,5,0,1,3.493122511543333,11.48103859461844,6.454792508855462
11094,Antony,2022,AMR,25,4,72,1841,5.857848301529884,2,2.37078566942364,28,Manchester United,5,0,4,5.857848301529884,13.837641645222902,7.11214586161077
11132,Ethan Nwaneri,2024,Sub,1,0,0,1,0.0,0,0.0,0,Arsenal,0,0,0,0.0,0.0,0.0
11132,Ethan Nwaneri,2023,Sub,1,0,0,6,0.0,0,0.0245362166315317,1,Arsenal,0,0,0,0.0,0.0245362166315317,0.0245362166315317
11132,Ethan Nwaneri,2022,Sub,1,0,0,1,0.0,0,0.0,0,Arsenal,0,0,0,0.0,0.0,0.0
11146,Ryan Trevitt,2024,Sub,1,0,0,1,0.0,0,0.0,0,Brentford,0,0,0,0.0,0.0,0.0
11155,Wilfried Gnonto,2022,Sub,24,2,22,1344,1.833498403429985,4,2.921407464891672,22,Leeds,7,0,2,1.833498403429985,5.230319026857615,1.9364304393529888
11167,Chadi Riad,2024,DC,1,0,0,90,0.0,0,0.0,0,Crystal Palace,0,0,0,0.0,0.3966957628726959,0.3966957628726959
11174,Kobbie Mainoo,2024,DMC,5,0,3,445,0.1030125487595796,0,0.5470001697540283,1,Manchester United,3,0,0,0.1030125487595796,1.6932217814028263,1.043209094554186
11174,Kobbie Mainoo,2023,DMC,24,3,11,1980,0.7737709768116474,1,0.8450042605400085,15,Manchester United,3,0,3,0.7737709768116474,5.0805817022919655,3.867461297661066
11174,Kobbie Mainoo,2022,Sub,1,0,0,7,0.0,0,0.0,0,Manchester United,0,0,0,0.0,0.1666270047426223,0.1666270047426223
11193,Andrew Moran,2022,Sub,1,0,0,9,0.0,0,0.0,0,Brighton,0,0,0,0.0,0.0754638016223907,0.0754638016223907
11208,Mateo Joseph,2022,Sub,3,0,1,23,0.0736948028206825,0,0.0,0,Leeds,0,0,0,0.0736948028206825,0.0,0.0
11210,Nathan Fraser,2023,Sub,7,0,3,175,0.4309285432100296,0,0.0660940874367952,2,Wolverhampton Wanderers,1,0,0,0.4309285432100296,0.6629210263490677,0.1658984124660492
11231,Ben Doak,2023,Sub,1,0,0,6,0.0,0,0.0,0,Liverpool,0,0,0,0.0,0.0,0.0
11231,Ben Doak,2022,Sub,2,0,0,20,0.0,0,0.0,0,Liverpool,0,0,0,0.0,0.0,0.0
11232,Thomas Cannon,2023,Sub,1,0,0,1,0.0,0,0.0,0,Everton,0,0,0,0.0,0.0,0.0
11232,Thomas Cannon,2022,Sub,2,0,1,15,0.0505074001848697,0,0.0708136036992073,1,Everton,0,0,0,0.0505074001848697,0.0505074001848697,0.0
11233,Dexter Lembikisa,2022,Sub,1,0,0,20,0.0,0,0.0,0,Wolverhampton Wanderers,0,0,0,0.0,0.0149248000234365,0.0149248000234365
11242,Divin Mubama,2023,Sub,5,0,1,67,0.0542812757194042,0,0.0,0,West Ham,0,0,0,0.0542812757194042,0.0542812757194042,0.0
11242,Divin Mubama,2022,Sub,3,0,0,30,0.0,0,0.0591654740273952,1,West Ham,0,0,0,0.0,0.3962714932858944,0.3371060192584991
11268,David Ozoh,2023,Sub,9,0,0,133,0.0,0,0.0,0,Crystal Palace,1,0,0,0.0,0.742124617099762,0.742124617099762
11268,David Ozoh,2022,Sub,1,0,0,1,0.0,0,0.0,0,Crystal Palace,0,0,0,0.0,0.0,0.0
11269,Jack Hinshelwood,2024,DL,5,1,4,431,0.4396009892225265,0,0.1466855015605688,5,Brighton,1,0,1,0.4396009892225265,1.6326761916279793,1.2615474462509155
11269,Jack Hinshelwood,2023,DMC,12,3,14,890,2.163621000945568,0,0.8382504060864449,8,Brighton,1,0,3,2.163621000945568,4.8760778196156025,2.707413336262107
11269,Jack Hinshelwood,2022,Sub,1,0,0,1,0.0,0,0.0,0,Brighton,0,0,0,0.0,0.0,0.0
11284,Gustavo Scarpa,2022,Sub,6,0,7,173,0.2078698715195059,0,0.0278489999473094,1,Nottingham Forest,1,0,0,0.2078698715195059,0.4971910044550895,0.2983762994408607
11295,David Datro Fofana,2023,Sub,15,4,19,876,4.029318623244762,1,1.4943999461829662,8,Burnley,1,0,4,4.029318623244762,4.770294601097703,0.415885504335165
11295,David Datro Fofana,2022,Sub,3,0,3,65,0.326112687587738,0,0.0874276300892233,3,Chelsea,0,0,0,0.326112687587738,0.3853735169395804,0.0
11296,Cody Gakpo,2024,Sub,5,0,4,86,0.6190860159695148,0,0.6690146923065186,4,Liverpool,1,0,0,0.6190860159695148,1.3084399458020926,0.5566108021885157
11296,Cody Gakpo,2023,MC,35,8,66,1640,8.769219513982534,5,4.2288118079304695,25,Liverpool,1,0,8,8.769219513982534,17.55027423426509,6.47403072565794
11296,Cody Gakpo,2022,FW,21,7,39,1483,6.554539561271668,2,2.981710772961378,23,Liverpool,0,0,7,6.554539561271668,12.117870450019836,4.4253273122012615
11297,Carlos Alcaraz,2024,Sub,1,0,1,5,0.0393431074917316,0,0.0502568297088146,1,Southampton,0,0,0,0.0393431074917316,0.0720905885100364,0.0327474772930145
11297,Carlos Alcaraz,2022,Sub,18,4,24,1050,1.9036163073033092,2,0.8085567876696587,5,Southampton,3,0,4,1.9036163073033092,3.896246693097055,1.4693974861875176
11298,Mislav Orsic,2022,Sub,1,0,0,3,0.0,0,0.0,0,Southampton,0,0,0,0.0,0.0,0.0
11300,Dominic Sadi,2023,Sub,1,0,0,1,0.0,0,0.0,0,Bournemouth,0,0,0,0.0,0.0,0.0
11305,Mykhailo Mudryk,2024,AML,2,0,0,68,0.0,0,0.4049436748027801,1,Chelsea,0,0,0,0.0,0.4049436748027801,0.0
11305,Mykhailo Mudryk,2023,Sub,31,5,35,1563,5.111277528107166,2,3.8853818774223328,32,Chelsea,5,0,5,5.111277528107166,10.99068268481642,4.357236756011844
11305,Mykhailo Mudryk,2022,Sub,15,0,14,654,1.9044867679476736,2,0.7282041758298874,10,Chelsea,1,0,0,1.9044867679476736,3.8914809599518776,1.9701451398432253
11317,Danilo,2024,DMC,1,0,0,14,0.0,0,0.0,0,Nottingham Forest,0,0,0,0.0,0.0,0.0
11317,Danilo,2023,FWR,29,2,23,1799,1.6652069194242358,2,1.5294003784656525,20,Nottingham Forest,4,0,2,1.6652069194242358,10.227419295348229,7.997594775632024
11317,Danilo,2022,Sub,13,3,15,999,1.6606165627017615,2,0.8088494967669249,9,Nottingham Forest,1,0,3,1.6606165627017615,2.98664789646864,0.7929538227617741
11356,Enzo Fernández,2024,AMC,4,0,3,356,0.2010864019393921,0,0.3576481323689222,5,Chelsea,0,0,0,0.2010864019393921,2.210274806246161,1.755069987848401
11356,Enzo Fernández,2023,MC,28,3,47,2237,6.147583088837564,2,3.558830797672272,32,Chelsea,7,0,2,4.62524542491883,18.34273999929428,12.553447233512998
11356,Enzo Fernández,2022,MC,18,0,20,1559,0.6178922252729535,2,2.1305470690131187,20,Chelsea,3,0,0,0.6178922252729535,8.81558745726943,7.622973386198282
11357,Noni Madueke,2024,AMR,4,3,14,332,2.4229327142238617,0,0.2672404572367668,3,Chelsea,0,0,3,2.4229327142238617,3.247963011264801,1.1451356634497645
11357,Noni Madueke,2023,Sub,23,5,32,1066,3.003602419048548,2,2.160680465400219,20,Chelsea,2,0,4,2.242433581501245,7.7808678727597,4.740718839690089
11357,Noni Madueke,2022,Sub,12,1,12,662,0.9803801961243152,0,0.513928035274148,12,Chelsea,0,0,1,0.9803801961243152,3.67895220965147,2.43224985152483
11359,James Bree,2022,DR,5,0,1,373,0.014379559084773,0,0.1782319955527782,4,Southampton,1,0,0,0.014379559084773,0.3973508812487125,0.230254914611578
11360,Paul Onuachu,2022,Sub,11,0,11,390,0.9351124968379736,0,0.3200107105076313,4,Southampton,0,0,0,0.9351124968379736,1.3479153849184513,0.1009839959442615
11361,Daniel Bentley,2023,Sub,5,0,0,379,0.0,0,0.0,0,Wolverhampton Wanderers,0,0,0,0.0,0.4679479077458381,0.4679479077458381
11361,Daniel Bentley,2022,GK,2,0,0,180,0.0,0,0.0,0,Wolverhampton Wanderers,0,0,0,0.0,0.0584822446107864,0.0584822446107864
11362,Facundo Buonanotte,2024,AMC,4,1,3,206,0.6020815148949623,1,0.8470748364925385,4,Leicester,1,0,1,0.6020815148949623,1.03830923512578,0.4167591035366058
11362,Facundo Buonanotte,2023,AMR,27,3,21,1408,2.974676702171564,1,2.304281622171402,19,Brighton,7,0,3,2.974676702171564,6.951848786324263,3.328327503055334
11362,Facundo Buonanotte,2022,Sub,13,1,11,553,1.0888761393725872,1,0.5841287039220333,6,Brighton,2,0,1,1.0888761393725872,2.5363862570375204,1.5511467922478914
11363,Antoine Semenyo,2024,FW,5,2,24,433,2.5617551058530807,1,1.8022228181362152,4,Bournemouth,2,0,2,2.5617551058530807,4.718773037195206,0.4011937491595745
11363,Antoine Semenyo,2023,Sub,33,8,70,2141,6.423830641433597,2,3.799709178507328,29,Bournemouth,7,0,8,6.423830641433597,15.41077795997262,5.712709335610271
11363,Antoine Semenyo,2022,FW,11,1,3,237,0.3684318736195564,0,0.0759903937578201,2,Bournemouth,0,0,1,0.3684318736195564,1.224020279943943,0.7795986160635948
11366,Jhon Durán,2024,Sub,5,4,10,107,2.5164694413542747,0,0.0,0,Aston Villa,1,0,4,2.5164694413542747,2.836157359182834,1.2476151287555697
11366,Jhon Durán,2023,Sub,23,5,20,394,1.9487376604229207,0,0.2149669798091054,4,Aston Villa,5,0,5,1.9487376604229207,3.182466324418783,1.1166265159845352
11366,Jhon Durán,2022,Sub,12,0,7,103,0.7512960135936737,0,0.0525350011885166,1,Aston Villa,1,0,0,0.7512960135936737,0.2932615997269749,0.0882194004952907
11367,Victor Kristiansen,2024,DL,5,0,0,449,0.0,0,0.1680196076631546,4,Leicester,1,0,0,0.0,1.5969896875321865,1.5782898627221584
11367,Victor Kristiansen,2022,DL,12,0,3,902,0.1182039007544517,1,0.6666268110275269,7,Leicester,2,0,0,0.1182039007544517,2.8209515437483788,2.4717506989836693
11378,Máximo Perrone,2022,Sub,1,0,0,17,0.0,0,0.0,0,Manchester City,0,0,0,0.0,0.0,0.0
11383,Renato Veiga,2024,Sub,3,0,2,95,0.0682138204574585,0,0.0,0,Chelsea,1,0,0,0.0682138204574585,0.5577713847160339,0.543850839138031
11384,João Gomes,2024,DMC,5,0,3,415,0.0758984871208667,0,0.0,0,Wolverhampton Wanderers,3,0,0,0.0758984871208667,1.9794151559472084,1.955377133563161
11384,João Gomes,2023,MC,34,2,26,2690,1.8554088305681944,1,1.327573673799634,19,Wolverhampton Wanderers,11,0,2,1.8554088305681944,6.302764528430998,4.639164644293487
11384,João Gomes,2022,Sub,11,1,4,650,0.2052773246541619,0,0.1225481405854225,5,Wolverhampton Wanderers,5,0,1,0.2052773246541619,1.6348600052297115,1.3494900930672884
11385,Yasin Ayari,2024,Sub,4,0,5,166,0.4796696491539478,0,0.1009634621441364,2,Brighton,0,0,0,0.4796696491539478,1.0033018253743649,0.5872392915189266
11385,Yasin Ayari,2022,Sub,3,0,1,59,0.0128233004361391,0,0.2380980178713798,2,Brighton,0,0,0,0.0128233004361391,0.3362570181488991,0.2269130051136016
11386,Lewis Miley,2023,MC,17,1,13,1223,1.1169020980596542,3,1.546121459454298,12,Newcastle United,1,0,1,1.1169020980596542,6.223425015807152,4.03523076325655
11386,Lewis Miley,2022,Sub,1,0,1,10,0.0640049427747726,0,0.0,0,Newcastle United,0,0,0,0.0640049427747726,0.0640049427747726,0.0
11409,Kaelan Casey,2023,Sub,1,0,0,1,0.0,0,0.0,0,West Ham,0,0,0,0.0,0.0,0.0
11486,Illia Zabarnyi,2024,DC,5,0,1,450,0.1287432610988617,0,0.061547540128231,1,Bournemouth,0,0,0,0.1287432610988617,0.7180136293172836,0.6564660891890526
11486,Illia Zabarnyi,2023,DC,37,1,8,3330,1.736923448741436,0,0.3827739413827657,7,Bournemouth,5,0,1,1.736923448741436,9.300164757296445,9.114820940420032
11486,Illia Zabarnyi,2022,Sub,5,0,0,290,0.0,0,0.0,0,Bournemouth,0,0,0,0.0,0.631728045642376,0.631728045642376
11487,Michael Olakigbe,2023,Sub,8,0,3,35,0.0837424425408244,0,0.0,0,Brentford,0,0,0,0.0837424425408244,0.2045577513054013,0.1208153069019317
11509,George Abbott,2022,Sub,1,0,0,1,0.0,0,0.0,0,Tottenham,0,0,0,0.0,0.0,0.0
11544,Cameron Peupion,2022,Sub,1,0,1,1,0.0536134205758571,0,0.0,0,Brighton,0,0,0,0.0536134205758571,0.0,0.0
11582,Kamari Doyle,2022,Sub,1,0,0,1,0.0,0,0.0,0,Southampton,0,0,0,0.0,0.0,0.0
11583,Dominic Ballard,2022,Sub,2,0,0,17,0.0,0,0.0,0,Southampton,0,0,0,0.0,0.0,0.0
11594,Shea Charles,2022,Sub,1,0,0,26,0.0,0,0.0,0,Manchester City,0,0,0,0.0,0.129426509141922,0.129426509141922
11595,Alfie Gilchrist,2023,Sub,11,1,5,192,0.6408083289861679,0,0.0,0,Chelsea,1,0,1,0.6408083289861679,0.9851318392902612,0.509981470182538
11618,Samuel Amo-Ameyaw,2024,Sub,1,0,1,5,0.0327474772930145,0,0.0393431074917316,1,Southampton,0,0,0,0.0327474772930145,0.0720905885100364,0.0
11618,Samuel Amo-Ameyaw,2022,Sub,1,0,0,1,0.0,0,0.0250539388507604,1,Southampton,0,0,0,0.0,0.0250539388507604,0.0250539388507604
11633,Marc Guiu,2024,Sub,1,0,0,17,0.0,0,0.0,0,Chelsea,0,0,0,0.0,0.0,0.0
11699,Ameen Al Dakhil,2023,DC,13,1,8,1055,1.2219129763543606,0,0.0983457993716001,2,Burnley,1,0,1,1.2219129763543606,2.8363101556897163,1.7573904246091845
11700,Vitinho,2023,DL,32,0,25,2324,1.7635137159377337,2,1.0349685866385698,11,Burnley,1,0,0,1.7635137159377337,6.745405659079552,4.7740294598042965
11701,Zeki Amdouni,2023,FW,34,5,49,2025,6.100483123213053,1,1.494755046442151,16,Burnley,2,0,4,5.339314285665751,7.888359908014536,2.6891510486602783
11702,Benson Manuel,2023,Sub,8,0,4,91,0.098589944653213,0,0.0892248228192329,1,Burnley,0,0,0,0.098589944653213,0.1630203500390052,0.1271920781582594
11703,Anass Zaroury,2023,Sub,6,0,3,141,0.1752443592995405,0,0.0479699922725558,2,Burnley,0,1,0,0.1752443592995405,0.2102061901241541,0.0
11704,Hjalmar Ekdal,2023,Sub,8,0,2,440,0.0767697896808385,0,0.0297618024051189,1,Burnley,2,0,0,0.0767697896808385,0.5405235048383474,0.5107617024332285
11707,Jurriën Timber,2024,Sub,5,0,2,370,0.0922363772988319,0,0.0432917177677154,1,Arsenal,2,0,0,0.0922363772988319,0.780084166675806,0.7114373408257961
11707,Jurriën Timber,2023,DL,2,0,0,70,0.0,0,0.0,0,Arsenal,2,0,0,0.0,0.2789519429206848,0.2789519429206848
11709,Milos Kerkez,2024,DL,5,0,4,427,0.068364143371582,0,0.1854571886360645,4,Bournemouth,1,0,0,0.068364143371582,0.6923571228981018,0.6278732679784298
11709,Milos Kerkez,2023,DL,28,0,16,1982,1.6971189985051751,1,1.3916718121618032,13,Bournemouth,4,1,0,1.6971189985051751,7.389515491202474,5.424490239471197
11710,Simon Adingra,2024,Sub,5,1,5,131,0.4186023883521557,1,0.4666984025388956,2,Brighton,0,0,1,0.4186023883521557,0.525597894564271,0.2218693625181913
11710,Simon Adingra,2023,Sub,31,6,52,2256,5.096701676025987,1,3.30205356515944,33,Brighton,3,0,6,5.096701676025987,13.104233894497156,6.308099476620555
11711,Bart Verbruggen,2024,GK,3,0,0,270,0.0,0,0.0,0,Brighton,1,0,0,0.0,0.3518340121954679,0.3518340121954679
11711,Bart Verbruggen,2023,GK,21,0,0,1890,0.0,0,0.0,0,Brighton,3,0,0,0.0,3.662125539034605,3.662125539034605
11712,Thomas Kaminski,2023,GK,38,0,0,3410,0.0,0,0.0386374369263649,1,Luton,3,0,0,0.0,2.81331679597497,2.7746793553233147
11713,Amari'i Bell,2023,DC,21,0,2,1724,0.4993779337964952,0,0.3448488349094987,8,Luton,0,0,0,0.4993779337964952,5.261379264295101,4.456334888935089
11714,Tom Lockyer,2023,DC,14,1,7,1185,1.6194254234433174,1,0.3757978826761246,3,Luton,4,0,1,1.6194254234433174,1.8655977360904217,0.990986067801714
11715,Mads Andersen,2023,DC,8,1,3,390,0.6939341500401497,0,0.0,0,Luton,1,0,1,0.6939341500401497,0.6146718375384808,0.0423168651759624
11716,Pelly Ruddock Mpanzu,2023,MC,27,0,11,1068,1.2606520606204867,0,0.5314477952197194,6,Luton,1,0,0,1.2606520606204867,2.659800674766302,1.222071398049593
11717,Carlton Morris,2023,FW,38,11,72,2879,12.306741118431091,4,3.691950936801732,22,Luton,4,0,6,8.500896904617548,12.545526312664151,5.202579701319337
11718,Elijah Adebayo,2023,FW,27,10,31,1422,6.630781220272183,0,0.8136616554111242,14,Luton,1,0,10,6.630781220272183,8.281278105452657,1.9411640595644712
11719,Chiedozie Ogbene,2024,AMR,2,0,0,118,0.0,0,0.0454472042620182,1,Ipswich,0,0,0,0.0,0.0454472042620182,0.0
11719,Chiedozie Ogbene,2023,Sub,30,4,35,1984,4.80650751106441,1,3.4691168274730444,27,Luton,1,0,4,4.80650751106441,10.154046710580587,3.82931049913168
11720,Jacob Brown,2023,Sub,19,2,25,1031,3.0787864811718464,0,0.8424425385892391,8,Luton,4,0,2,3.0787864811718464,3.890200674533844,0.4202767349779606
11721,Cauley Woodrow,2023,Sub,24,1,16,344,0.9773385636508464,1,1.1986291874200106,10,Luton,2,0,1,0.9773385636508464,2.1638130135834217,0.3437035791575908
11722,Luke Berry,2023,Sub,17,2,8,272,1.1334221102297306,1,0.0616301111876964,1,Luton,1,0,2,1.1334221102297306,0.8148019686341286,0.2390769198536873
11723,Alfie Doughty,2023,Sub,37,2,26,2980,1.831780318170786,8,6.612265331670642,70,Luton,5,0,2,1.831780318170786,11.054738521575928,7.9952765721827745
11724,James Shea,2023,Sub,1,0,0,10,0.0,0,0.0,0,Luton,0,0,0,0.0,0.0,0.0
11728,Calvin Bassey,2024,DC,5,0,3,450,0.1949665024876594,0,0.0,0,Fulham,1,0,0,0.1949665024876594,1.767039529979229,1.767039529979229
11728,Calvin Bassey,2023,Sub,29,1,5,2278,0.3684718329459429,0,0.105975404381752,2,Fulham,4,1,1,0.3684718329459429,8.236559823155403,8.236559823155403
11729,Bénie Traoré,2023,FW,8,0,1,360,0.3212226927280426,0,0.3953269124031067,4,Sheffield United,0,0,0,0.3212226927280426,1.2498194947838783,0.6901140883564949
11730,Anis Ben Slimane,2023,Sub,15,0,8,394,0.8026072084903717,0,0.4848009049892425,3,Sheffield United,2,0,0,0.8026072084903717,1.5446888133883476,0.4106670431792736
11731,Andre Brooks,2023,Sub,20,0,9,948,0.4944612309336662,0,0.0924307461827993,3,Sheffield United,1,0,0,0.4944612309336662,1.294992309063673,0.9438477288931608
11732,Auston Trusty,2023,Sub,32,0,8,2576,0.6636047475039959,0,1.102281242609024,8,Sheffield United,4,0,0,0.6636047475039959,2.35319939814508,1.6658160258084536
11735,Sávio,2024,AML,4,0,7,305,0.635842852294445,2,0.908287500962615,7,Manchester City,1,0,0,0.635842852294445,1.9362083822488785,0.617584764957428
11739,Omari Kellyman,2023,Sub,2,0,1,25,0.0492617450654506,0,0.0,0,Aston Villa,0,0,0,0.0492617450654506,0.0492617450654506,0.0
11745,Julián Araujo,2024,Sub,5,0,0,270,0.0,0,0.0,0,Bournemouth,0,0,0,0.0,1.0303332135081291,1.0303332135081291
11766,Manuel Ugarte,2024,Sub,2,0,0,27,0.0,0,0.0,0,Manchester United,0,0,0,0.0,0.5764598250389099,0.5764598250389099
11772,Yehor Yarmolyuk,2024,Sub,2,0,1,68,0.0420255623757839,0,0.0,0,Brentford,0,0,0,0.0420255623757839,0.1489248536527156,0.1068992912769317
11772,Yehor Yarmolyuk,2023,Sub,27,0,11,619,1.0328057277947664,0,0.0831548906862735,3,Brentford,2,0,0,1.0328057277947664,3.1682952363044024,2.1086901389062405
11807,Ian Maatsen,2024,Sub,5,0,1,82,0.0100483559072017,0,0.5572076812386513,5,Aston Villa,0,0,0,0.0100483559072017,1.795871052891016,1.490102362819016
11807,Ian Maatsen,2023,Sub,12,0,5,169,0.6834889836609364,0,0.0573244532570242,2,Chelsea,1,0,0,0.6834889836609364,1.3501509558409452,0.6530423145741224
11808,Andrey Santos,2023,Sub,1,0,2,3,0.0721131637692451,0,0.0,0,Nottingham Forest,0,0,0,0.0721131637692451,0.0278007220476865,0.0278007220476865
11810,Mason Burstow,2023,Sub,2,0,0,2,0.0,0,0.0,0,Chelsea,0,0,0,0.0,0.0,0.0
11811,James McConnell,2023,Sub,3,0,0,3,0.0,0,0.0,0,Liverpool,0,0,0,0.0,0.0,0.0
11815,Ben Brereton Díaz,2024,FW,5,0,9,352,1.2199348360300064,0,0.1556207612156868,3,Southampton,1,0,0,1.2199348360300064,1.8549029156565664,0.5095670931041241
11815,Ben Brereton Díaz,2023,ML,14,6,35,1134,6.060540288686752,1,1.6426486261188984,8,Sheffield United,3,0,5,5.29937145113945,7.229928359389305,1.5459889732301235
11839,Gustavo Hamer,2023,AMC,36,4,49,2986,2.414116295985877,6,6.986010514199734,68,Sheffield United,9,0,4,2.414116295985877,9.918377881404012,4.241241263225675
11903,Oscar Bobb,2023,Sub,14,1,4,269,1.49422175437212,1,1.187767542898655,8,Manchester City,0,0,1,1.49422175437212,5.021226137876511,2.8755914717912674
11926,Edson Álvarez,2024,Sub,4,0,2,230,0.045813288539648,0,0.1411776943132281,3,West Ham,2,0,0,0.045813288539648,0.5260035172104836,0.3390125203877687
11926,Edson Álvarez,2023,Sub,31,1,17,2405,1.2118008164688945,1,0.5929595055058599,12,West Ham,11,0,1,1.2118008164688945,6.416552271693945,5.055172272026539
11943,Dean Huijsen,2024,DC,3,0,1,192,0.0731285884976387,0,0.078848946839571,3,Bournemouth,1,0,0,0.0731285884976387,0.7582274060696363,0.6793785113841295
11980,Joseph Johnson,2023,Sub,2,0,0,75,0.0,0,0.0,0,Luton,1,0,0,0.0,0.0351049415767192,0.0351049415767192
11984,Youssef Chermiti,2023,Sub,18,0,6,159,0.6035170843824744,0,0.4252763092517853,3,Everton,3,0,0,0.6035170843824744,1.2006155140697956,0.2379013262689113
11987,Daniel Gore,2023,Sub,1,0,0,1,0.0,0,0.0,0,Manchester United,0,0,0,0.0,0.0,0.0
11998,Hannes Delcroix,2023,DL,12,0,4,575,0.2327943220734596,0,0.2035211659967899,4,Burnley,2,0,0,0.2327943220734596,1.6811544448137283,1.477633286267519
12014,Jake O'Brien,2024,Sub,1,0,0,19,0.0,0,0.0,0,Everton,1,0,0,0.0,0.1042647957801818,0.1042647957801818
12027,Mohammed Kudus,2024,ML,5,0,12,448,0.6264050081372261,0,1.020407497882843,4,West Ham,0,0,0,0.6264050081372261,1.9193824380636213,0.7163946367800236
12027,Mohammed Kudus,2023,Sub,33,8,66,2490,5.177267018705607,6,3.5089522134512663,28,West Ham,6,0,8,5.177267018705607,11.516938520595431,4.337017804384232
12032,Djordje Petrovic,2023,Sub,23,0,0,1982,0.0,0,0.0,0,Chelsea,2,0,0,0.0,3.312307056039572,3.312307056039572
12033,Deivid Washington,2023,Sub,2,0,1,7,0.1251875013113021,0,0.0,0,Chelsea,0,0,0,0.1251875013113021,0.191845029592514,0.0666575282812118
12034,Brandon Aguilera,2023,Sub,1,0,0,1,0.0,0,0.0,0,Nottingham Forest,0,0,0,0.0,0.0,0.0
12047,Enso González,2023,Sub,1,0,0,1,0.0,0,0.0,0,Wolverhampton Wanderers,0,0,0,0.0,0.0,0.0
12073,Teden Mengi,2023,Sub,30,1,11,2465,0.6793681988492608,0,0.3480907082557678,6,Luton,3,0,1,0.6793681988492608,3.329129146412015,2.983856063336134
12086,Alex Matos,2023,Sub,1,0,0,1,0.0,0,0.0,0,Chelsea,0,0,0,0.0,0.0,0.0
12094,Mike Trésor,2023,Sub,16,0,5,384,0.6615988579578698,0,0.6491026850417256,7,Burnley,0,0,0,0.6615988579578698,0.9828745895065368,0.3400473915971815
12105,Alejo Véliz,2023,Sub,8,1,2,27,0.2056590020656585,0,0.0,0,Tottenham,1,0,1,0.2056590020656585,0.2056590020656585,0.0
12118,Jamie Donley,2023,Sub,3,0,0,3,0.0,0,0.0,0,Tottenham,1,0,0,0.0,0.0,0.0
12123,Murillo,2024,DC,5,0,0,450,0.0,0,0.1122408136725425,2,Nottingham Forest,0,0,0,0.0,1.4917301833629608,1.42260679602623
12123,Murillo,2023,DC,32,0,17,2813,1.6653295904397964,2,1.2170642092823982,8,Nottingham Forest,5,0,0,1.6653295904397964,8.485122511163354,7.43321305885911
12149,Alex Scott,2024,DMC,5,0,3,159,0.0798612916842103,0,0.056976992636919,1,Bournemouth,0,0,0,0.0798612916842103,0.6778129795566201,0.5409746989607811
12149,Alex Scott,2023,DMC,23,1,15,997,0.6420764941722155,1,2.070768877863884,22,Bournemouth,3,0,1,0.6420764941722155,4.81823368743062,2.62489465624094
12151,Gabriel Osho,2023,DC,21,2,10,1853,1.2455969844013453,0,0.0953587368130683,2,Luton,3,0,2,1.2455969844013453,2.9620273392647505,2.873757319524884
12152,Matheus França,2023,Sub,10,0,8,197,0.2915826556272805,1,0.8639639485627413,6,Crystal Palace,1,0,0,0.2915826556272805,1.1256566774100063,0.5917453020811081
12158,Ryan Oné,2023,Sub,1,0,0,4,0.0,0,0.0,0,Sheffield United,0,0,0,0.0,0.0,0.0
12187,Jordan Clark,2023,Sub,23,1,17,1326,0.9263012297451496,1,1.848531438037753,12,Luton,4,0,1,0.9263012297451496,4.373950673267245,2.606989283114672
12188,Zack Nelson,2023,Sub,2,0,0,2,0.0,0,0.0,0,Luton,0,0,0,0.0,0.0675242245197296,0.0675242245197296
12198,Ben Parkinson,2023,Sub,1,0,0,18,0.0,0,0.0,0,Newcastle United,0,0,0,0.0,0.0,0.0
12199,Alex Murphy,2023,Sub,2,0,0,5,0.0,0,0.0,0,Newcastle United,0,0,0,0.0,0.0,0.0
12200,Amadou Diallo,2023,Sub,1,0,0,1,0.0,0,0.0,0,Newcastle United,0,0,0,0.0,0.0,0.0
12204,Benicio Baker-Boaitey,2023,Sub,5,0,1,22,0.020216230303049,0,0.0963166654109954,1,Brighton,1,0,0,0.020216230303049,0.2696841582655906,0.1531512588262558
12205,Mark O’Mahony,2023,Sub,3,0,1,64,0.0705048590898513,0,0.0,0,Brighton,1,0,0,0.0705048590898513,0.0,0.0
12215,Michael Ndiweni,2023,Sub,1,0,0,1,0.0,0,0.0,0,Newcastle United,0,0,0,0.0,0.0,0.0
12234,Tawanda Chirewa,2023,Sub,8,0,3,129,0.1088726669549942,0,0.0158984512090683,1,Wolverhampton Wanderers,1,0,0,0.1088726669549942,0.1717495657503605,0.0712861530482769
12251,Sydie Peck,2023,Sub,1,0,0,6,0.0,0,0.0,0,Sheffield United,0,0,0,0.0,0.0,0.0
12272,Myles Lewis-Skelly,2024,Sub,1,0,0,1,0.0,0,0.0,0,Arsenal,1,0,0,0.0,0.0,0.0
12275,Willy Kambwala,2023,DC,8,0,0,318,0.0,0,0.0,0,Manchester United,1,0,0,0.0,0.3869060948491096,0.3869060948491096
12291,Rhys Norrington-Davies,2023,Sub,5,0,0,107,0.0,0,0.0261976327747106,1,Sheffield United,1,0,0,0.0,0.0828541945666074,0.0566565617918968
12340,Omari Forson,2023,Sub,4,0,1,62,0.0488010458648204,1,0.1278283558785915,2,Manchester United,0,0,0,0.0488010458648204,0.0683912262320518,0.0342192091047763
12408,Daniel Muñoz,2024,DMR,5,0,2,444,0.345882385969162,0,0.2015302218496799,5,Crystal Palace,1,0,0,0.345882385969162,2.422776833176613,1.9196708798408508
12408,Daniel Muñoz,2023,DR,16,0,8,1440,1.7550712414085865,4,3.085336983203888,21,Crystal Palace,4,0,0,1.7550712414085865,6.9232857301831245,3.610450681298971
12409,Adam Wharton,2024,MC,5,0,5,393,0.1126542966812849,0,0.5102371834218502,5,Crystal Palace,0,0,0,0.1126542966812849,2.030118154361844,1.5742540778592229
12409,Adam Wharton,2023,Sub,16,0,10,1333,0.3555116150528192,3,2.5562784411013126,20,Crystal Palace,2,0,0,0.3555116150528192,6.304625790566206,4.828129124827683
12412,Morgan Rogers,2024,AMC,5,0,9,450,0.8876968175172806,2,2.205581545829773,9,Aston Villa,1,0,0,0.8876968175172806,4.7005868554115295,2.343342714011669
12412,Morgan Rogers,2023,Sub,11,3,11,652,1.086574248969555,1,0.90475139208138,9,Aston Villa,3,0,3,1.086574248969555,3.6785017512738714,2.2780009116977453
12418,Rodrigo Ribeiro,2023,Sub,4,0,0,11,0.0,0,0.0,0,Nottingham Forest,0,0,0,0.0,0.0,0.0
12449,Oliver Arblaster,2023,Sub,12,0,1,954,0.0217242818325757,0,1.0297467429190874,12,Sheffield United,2,0,0,0.0217242818325757,2.881228821817785,2.644879447761923
12455,Jayden Danns,2023,Sub,2,0,0,6,0.0,0,0.0,0,Liverpool,1,0,0,0.0,0.0,0.0
12461,Toby Collyer,2024,Sub,1,0,0,39,0.0,0,0.0173933897167444,1,Manchester United,0,0,0,0.0,0.5418434739112854,0.5244500637054443
12465,Sam Curtis,2023,Sub,1,0,0,24,0.0,0,0.0,0,Sheffield United,0,0,0,0.0,0.0764820128679275,0.0764820128679275
12474,George Earthy,2023,Sub,3,1,1,21,0.6298984289169312,0,0.0,0,West Ham,0,0,1,0.6298984289169312,0.6298984289169312,0.0
12497,Jimi Tauriainen,2023,Sub,1,0,0,1,0.0,0,0.0,0,Chelsea,0,0,0,0.0,0.0,0.0
12498,Valentín Barco,2023,Sub,6,0,4,299,0.3076824657618999,0,0.3052761070430279,4,Brighton,1,0,0,0.3076824657618999,2.3139365799725056,1.9353922195732596
12509,Daiki Hashioka,2023,Sub,10,0,2,583,0.1002131290733814,0,0.5188488382846117,3,Luton,0,0,0,0.1002131290733814,2.0648620426654816,1.5119032934308052
12532,Leon Chiwome,2023,FW,3,0,2,178,0.1448510400950908,0,0.0,0,Wolverhampton Wanderers,0,0,0,0.1448510400950908,0.0585044063627719,0.0131325274705886
12535,Josh Acheampong,2023,Sub,1,0,0,1,0.0,0,0.0,0,Chelsea,0,0,0,0.0,0.0,0.0
12549,Fred Onyedinma,2023,Sub,8,0,5,419,0.1841092407703399,0,0.1307402979582548,2,Luton,1,0,0,0.1841092407703399,0.5668405517935753,0.2519910037517547
12568,Ethan Wheatley,2023,Sub,3,0,0,9,0.0,0,0.0,0,Manchester United,0,0,0,0.0,0.0,0.0
12581,Finley Munroe,2023,Sub,1,0,0,1,0.0,0,0.0,0,Aston Villa,0,0,0,0.0,0.0,0.0
12603,Mikey Moore,2024,Sub,1,0,0,1,0.0,0,0.0,0,Tottenham,0,0,0,0.0,0.0,0.0
12603,Mikey Moore,2023,Sub,2,0,0,2,0.0,0,0.0,0,Tottenham,0,0,0,0.0,0.0,0.0
12633,Yunus Konak,2024,Sub,1,0,0,7,0.0,0,0.0,0,Brentford,0,0,0,0.0,0.0,0.0
12745,Jacob Greaves,2024,DC,5,0,4,450,0.1875386778265237,0,0.0,0,Ipswich,0,0,0,0.1875386778265237,0.4744936227798462,0.4744936227798462
12746,Luke Woolfenden,2024,DC,3,0,1,270,0.0580514557659626,0,0.0,0,Ipswich,1,0,0,0.0580514557659626,0.0,0.0
12747,Massimo Luongo,2024,DMC,3,0,0,145,0.0,0,0.0,0,Ipswich,0,0,0,0.0,0.0,0.0
12748,Sam Morsy,2024,DMC,5,1,2,448,0.0792686939239502,0,0.1826429851353168,3,Ipswich,3,0,1,0.0792686939239502,1.1733671724796295,1.1733671724796295
12749,Wes Burns,2024,AMR,3,0,0,196,0.0,0,0.7085802555084229,2,Ipswich,1,0,0,0.0,0.7700085639953613,0.5359219312667847
12750,Conor Chaplin,2024,AMC,5,0,0,84,0.0,0,0.0,0,Ipswich,0,0,0,0.0,0.169387400150299,0.169387400150299
12751,Ali Al-Hamadi,2024,Sub,3,0,0,24,0.0,0,0.0571401305496692,1,Ipswich,2,0,0,0.0,0.0571401305496692,0.0571401305496692
12752,Sammie Szmodics,2024,Sub,5,1,4,301,1.2542603015899658,0,0.0537302680313587,1,Ipswich,1,0,1,1.2542603015899658,1.2542603015899658,0.0
12753,Marcus Harness,2024,Sub,2,0,0,37,0.0,0,0.0,0,Ipswich,0,0,0,0.0,0.0,0.0
12754,Jack Taylor,2024,Sub,3,0,1,64,0.0156412236392498,0,0.0,0,Ipswich,1,0,0,0.0156412236392498,0.4829076528549194,0.4829076528549194
12756,Rodrigo Gomes,2024,AML,3,0,2,102,0.048447580076754,0,0.0,0,Wolverhampton Wanderers,0,0,0,0.048447580076754,0.048447580076754,0.0
12757,Harrison Armstrong,2024,Sub,1,0,0,1,0.0,0,0.0,0,Everton,0,0,0,0.0,0.0,0.0
12758,Mats Wieffer,2024,DMC,2,0,0,114,0.0,1,0.1357834301888942,2,Brighton,0,0,0,0.0,1.1223384998738766,0.98655503988266
12759,Yankuba Minteh,2024,AMR,5,0,4,307,0.4700851142406463,1,1.358094573020935,8,Brighton,2,0,0,0.4700851142406463,2.729911103844642,1.1973208263516426
12761,Yukinari Sugawara,2024,DMR,5,1,5,393,0.1616166681051254,0,1.6338769048452375,6,Southampton,0,0,1,0.1616166681051254,1.1517899706959724,0.5071814879775047
12766,Jota Silva,2024,Sub,4,0,0,48,0.0,1,0.5399394556879997,2,Nottingham Forest,1,0,0,0.0,0.5399394556879997,0.0
12774,Andy Irving,2024,Sub,1,0,1,16,0.0210413821041584,0,0.0,0,West Ham,0,0,0,0.0210413821041584,0.0841361433267593,0.0630947649478912
12775,Kosta Nedeljkovic,2024,Sub,3,0,0,89,0.0,0,0.0,0,Aston Villa,0,0,0,0.0,0.1670051552355289,0.1670051552355289
12910,Mads Hermansen,2024,GK,5,0,0,450,0.0,0,0.0,0,Leicester,0,0,0,0.0,0.418216310441494,0.418216310441494
12911,Abdul Fatawu,2024,AMR,5,0,6,266,0.1045111492276191,1,0.5787639617919922,2,Leicester,0,0,0,0.1045111492276191,1.0576966246590018,0.4084704667329788
12912,Lucas Bergvall,2024,Sub,4,0,1,23,0.0846512243151664,0,0.3241162896156311,1,Tottenham,0,0,0,0.0846512243151664,0.0846512243151664,0.0
12946,Roman Dixon,2024,DR,1,0,0,90,0.0,0,0.0,0,Everton,0,0,0,0.0,0.0885984823107719,0.0885984823107719
12947,George Edmundson,2024,Sub,1,0,0,1,0.0,0,0.0,0,Ipswich,0,0,0,0.0,0.0,0.0
12948,Mateus Fernandes,2024,Sub,4,0,3,229,0.4964627176523208,0,0.885139524936676,3,Southampton,0,0,0,0.4964627176523208,1.9511405527591703,0.5695382803678513
12963,Evanilson,2024,FW,4,0,9,289,2.028267025947571,0,0.5803622975945473,3,Bournemouth,0,0,0,1.2670981660485268,1.8563367575407028,0.0216928515583276
13019,Jack Clarke,2024,Sub,3,0,3,61,0.1087638493627309,0,0.4829076528549194,1,Ipswich,0,0,0,0.1087638493627309,0.5916715022176504,0.0
13020,Bilal El Khannouss,2024,Sub,2,0,1,79,0.0474098362028598,0,0.0785733461380004,2,Leicester,0,0,0,0.0474098362028598,0.2163962014019489,0.0904130116105079
13021,Ramón Sosa,2024,Sub,2,1,2,35,0.4939419440925121,0,0.1807842254638672,2,Nottingham Forest,0,0,1,0.4939419440925121,0.6747261732816696,0.0
13022,André,2024,Sub,3,0,1,171,0.0424236468970775,0,0.0933895632624626,1,Wolverhampton Wanderers,1,0,0,0.0424236468970775,0.4729816056787967,0.3795920349657535
13060,Ross Stewart,2024,Sub,2,0,1,53,0.0746481269598007,0,0.0,0,Southampton,1,0,0,0.0746481269598007,0.1378177404403686,0.1378177404403686
13066,Ferdi Kadioglu,2024,Sub,1,0,1,19,0.0390981808304786,0,0.1142688319087028,2,Brighton,0,0,0,0.0390981808304786,0.1142688319087028,0.0
13068,Morato,2024,Sub,2,0,0,20,0.0,0,0.0,0,Nottingham Forest,0,0,0,0.0,0.0,0.0
13092,Carlos Forbs,2024,Sub,1,0,0,2,0.0,0,0.0,0,Wolverhampton Wanderers,0,0,0,0.0,0.0,0.0
